# l = 0
# n = 1
# E = -0.49999918
# r	u(r)	R(r)	V(r)
0.00010000	0.00019946	1.99459916	-10000.00000000
0.00259999	0.00518595	1.99459916	-384.61612426
0.00509999	0.01014754	1.98971779	-196.07881584
0.00759998	0.01508433	1.98478365	-131.57920706
0.01009998	0.01999640	1.97984507	-99.01009705
0.01259997	0.02488384	1.97491204	-79.36523684
0.01509997	0.02974676	1.96998790	-66.22529714
0.01759996	0.03458524	1.96507409	-56.81829481
0.02009996	0.03939936	1.96017131	-49.75134279
0.02259995	0.04418924	1.95527995	-44.24787571
0.02509995	0.04895495	1.95040023	-39.84071681
0.02759994	0.05369658	1.94553226	-36.23195626
0.03009994	0.05841424	1.94067614	-33.22265759
0.03259993	0.06310799	1.93583189	-30.67490779
0.03509993	0.06777795	1.93099955	-28.49008531
0.03759992	0.07242419	1.92617911	-26.59579773
0.04009992	0.07704681	1.92137059	-24.93770561
0.04259991	0.08164589	1.91657397	-23.47422524
0.04509991	0.08622152	1.91178924	-22.17299325
0.04759990	0.09077380	1.90701638	-21.00844529
0.05009990	0.09530280	1.90225538	-19.96011968
0.05259989	0.09980863	1.89750621	-19.01144479
0.05509989	0.10429136	1.89276886	-18.14885656
0.05759988	0.10875108	1.88804329	-17.36114577
0.06009988	0.11318788	1.88332949	-16.63896833
0.06259987	0.11760184	1.87862742	-15.97447279
0.06509987	0.12199306	1.87393707	-15.36101378
0.06759986	0.12636162	1.86925841	-14.79292895
0.07009986	0.13070760	1.86459140	-14.26536373
0.07259985	0.13503109	1.85993603	-13.77413219
0.07509985	0.13933217	1.85529227	-13.31560582
0.07759984	0.14361094	1.85066008	-12.88662368
0.08009984	0.14786746	1.84603944	-12.48441944
0.08259983	0.15210184	1.84143033	-12.10656171
0.08509983	0.15631415	1.83683272	-11.75090479
0.08759982	0.16050448	1.83224657	-11.41554792
0.09009982	0.16467291	1.82767187	-11.09880131
0.09259981	0.16881952	1.82310857	-10.79915764
0.09509981	0.17294439	1.81855667	-10.51526812
0.09759980	0.17704762	1.81401612	-10.24592211
0.10009980	0.18112928	1.80948690	-9.99002995
0.10259979	0.18518945	1.80496898	-9.74660817
0.10509979	0.18922821	1.80046234	-9.51476687
0.10759978	0.19324566	1.79596694	-9.29369887
0.11009978	0.19724186	1.79148276	-9.08267028
0.11259977	0.20121690	1.78700977	-8.88101242
0.11509977	0.20517086	1.78254795	-8.68811467
0.11759976	0.20910382	1.77809726	-8.50341835
0.12009976	0.21301586	1.77365769	-8.32641131
0.12259975	0.21690707	1.76922919	-8.15662315
0.12509975	0.22077751	1.76481174	-7.99362109
0.12759974	0.22462727	1.76040533	-7.83700626
0.13009974	0.22845643	1.75600991	-7.68641044
0.13259973	0.23226507	1.75162546	-7.54149320
0.13509973	0.23605327	1.74725196	-7.40193929
0.13759972	0.23982110	1.74288937	-7.26745638
0.14009972	0.24356864	1.73853768	-7.13777301
0.14259971	0.24729598	1.73419685	-7.01263674
0.14509971	0.25100318	1.72986685	-6.89181253
0.14759970	0.25469033	1.72554766	-6.77508129
0.15009970	0.25835750	1.72123926	-6.66223850
0.15259969	0.26200477	1.71694161	-6.55309305
0.15509969	0.26563221	1.71265469	-6.44746614
0.15759968	0.26923991	1.70837847	-6.34519035
0.16009968	0.27282793	1.70411293	-6.24610867
0.16259967	0.27639636	1.69985803	-6.15007379
0.16509967	0.27994527	1.69561376	-6.05694730
0.16759966	0.28347474	1.69138009	-5.96659904
0.17009966	0.28698483	1.68715698	-5.87890652
0.17259965	0.29047563	1.68294441	-5.79375434
0.17509965	0.29394720	1.67874237	-5.71103369
0.17759964	0.29739963	1.67455081	-5.63064189
0.18009964	0.30083299	1.67036972	-5.55248195
0.18259963	0.30424734	1.66619907	-5.47646221
0.18509963	0.30764277	1.66203883	-5.40249594
0.18759962	0.31101935	1.65788897	-5.33050106
0.19009962	0.31437715	1.65374948	-5.26039978
0.19259961	0.31771624	1.64962032	-5.19211837
0.19509961	0.32103669	1.64550147	-5.12558687
0.19759960	0.32433859	1.64139290	-5.06073886
0.20009960	0.32762199	1.63729459	-4.99751124
0.20259959	0.33088698	1.63320652	-4.93584402
0.20509959	0.33413362	1.62912865	-4.87568015
0.20759958	0.33736198	1.62506096	-4.81696531
0.21009958	0.34057214	1.62100342	-4.75964778
0.21259957	0.34376416	1.61695602	-4.70367826
0.21509957	0.34693812	1.61291872	-4.64900976
0.21759956	0.35009409	1.60889150	-4.59559742
0.22009956	0.35323214	1.60487434	-4.54339845
0.22259955	0.35635233	1.60086720	-4.49237196
0.22509955	0.35945474	1.59687007	-4.44247889
0.22759954	0.36253943	1.59288293	-4.39368189
0.23009954	0.36560648	1.58890573	-4.34594524
0.23259953	0.36865595	1.58493847	-4.29923473
0.23509953	0.37168791	1.58098111	-4.25351765
0.23759952	0.37470244	1.57703363	-4.20876262
0.24009952	0.37769960	1.57309600	-4.16493961
0.24259951	0.38067945	1.56916821	-4.12201978
0.24509951	0.38364206	1.56525022	-4.07997552
0.24759950	0.38658751	1.56134202	-4.03878029
0.25009950	0.38951586	1.55744358	-3.99840863
0.25259949	0.39242717	1.55355486	-3.95883610
0.25509949	0.39532152	1.54967586	-3.92003920
0.25759948	0.39819897	1.54580654	-3.88199534
0.26009948	0.40105958	1.54194688	-3.84468281
0.26259947	0.40390343	1.53809686	-3.80808073
0.26509947	0.40673057	1.53425646	-3.77216899
0.26759946	0.40954108	1.53042564	-3.73692825
0.27009946	0.41233502	1.52660438	-3.70233987
0.27259945	0.41511245	1.52279267	-3.66838591
0.27509945	0.41787344	1.51899047	-3.63504907
0.27759944	0.42061806	1.51519777	-3.60231268
0.28009944	0.42334636	1.51141453	-3.57016065
0.28259943	0.42605842	1.50764074	-3.53857749
0.28509943	0.42875430	1.50387638	-3.50754823
0.28759942	0.43143406	1.50012141	-3.47705841
0.29009942	0.43409776	1.49637582	-3.44709410
0.29259941	0.43674547	1.49263958	-3.41764183
0.29509941	0.43937725	1.48891267	-3.38868858
0.29759940	0.44199317	1.48519506	-3.36022177
0.30009940	0.44459328	1.48148674	-3.33222925
0.30259939	0.44717766	1.47778767	-3.30469927
0.30509939	0.44974635	1.47409784	-3.27762045
0.30759938	0.45229943	1.47041723	-3.25098179
0.31009938	0.45483696	1.46674580	-3.22477265
0.31259937	0.45735900	1.46308354	-3.19898272
0.31509937	0.45986561	1.45943043	-3.17360203
0.31759936	0.46235685	1.45578643	-3.14862090
0.32009936	0.46483278	1.45215153	-3.12402999
0.32259935	0.46729346	1.44852571	-3.09982021
0.32509935	0.46973896	1.44490895	-3.07598277
0.32759934	0.47216933	1.44130121	-3.05250916
0.33009934	0.47458464	1.43770248	-3.02939109
0.33259933	0.47698494	1.43411273	-3.00662056
0.33509933	0.47937030	1.43053195	-2.98418979
0.33759932	0.48174077	1.42696011	-2.96209123
0.34009932	0.48409642	1.42339719	-2.94031755
0.34259931	0.48643730	1.41984316	-2.91886164
0.34509931	0.48876347	1.41629801	-2.89771660
0.34759930	0.49107499	1.41276171	-2.87687572
0.35009930	0.49337192	1.40923424	-2.85633247
0.35259929	0.49565432	1.40571557	-2.83608054
0.35509929	0.49792225	1.40220570	-2.81611377
0.35759928	0.50017576	1.39870458	-2.79642617
0.36009928	0.50241491	1.39521221	-2.77701194
0.36259927	0.50463976	1.39172855	-2.75786541
0.36509927	0.50685038	1.38825360	-2.73898110
0.36759926	0.50904680	1.38478732	-2.72035364
0.37009926	0.51122910	1.38132969	-2.70197784
0.37259925	0.51339732	1.37788070	-2.68384863
0.37509925	0.51555153	1.37444032	-2.66596108
0.37759924	0.51769179	1.37100853	-2.64831038
0.38009924	0.51981814	1.36758531	-2.63089187
0.38259923	0.52193064	1.36417064	-2.61370099
0.38509923	0.52402936	1.36076449	-2.59673331
0.38759922	0.52611434	1.35736685	-2.57998452
0.39009922	0.52818564	1.35397769	-2.56345040
0.39259921	0.53024332	1.35059699	-2.54712685
0.39509921	0.53228743	1.34722473	-2.53100987
0.39759920	0.53431802	1.34386089	-2.51509557
0.40009920	0.53633516	1.34050546	-2.49938015
0.40259919	0.53833889	1.33715840	-2.48385991
0.40509919	0.54032928	1.33381969	-2.46853123
0.40759918	0.54230636	1.33048933	-2.45339058
0.41009918	0.54427021	1.32716727	-2.43843453
0.41259917	0.54622087	1.32385352	-2.42365972
0.41509917	0.54815839	1.32054803	-2.40906288
0.41759916	0.55008284	1.31725080	-2.39464080
0.42009916	0.55199425	1.31396181	-2.38039038
0.42259915	0.55389269	1.31068102	-2.36630856
0.42509915	0.55577821	1.30740843	-2.35239238
0.42759914	0.55765086	1.30414401	-2.33863891
0.43009914	0.55951070	1.30088774	-2.32504534
0.43259913	0.56135777	1.29763959	-2.31160888
0.43509913	0.56319212	1.29439956	-2.29832682
0.43759912	0.56501382	1.29116762	-2.28519653
0.44009912	0.56682291	1.28794375	-2.27221540
0.44259911	0.56861944	1.28472793	-2.25938093
0.44509911	0.57040347	1.28152014	-2.24669063
0.44759910	0.57217505	1.27832035	-2.23414209
0.45009910	0.57393422	1.27512856	-2.22173295
0.45259909	0.57568104	1.27194473	-2.20946089
0.45509909	0.57741555	1.26876886	-2.19732366
0.45759908	0.57913782	1.26560091	-2.18531905
0.46009908	0.58084789	1.26244088	-2.17344490
0.46259907	0.58254580	1.25928873	-2.16169909
0.46509907	0.58423162	1.25614446	-2.15007955
0.46759906	0.58590539	1.25300803	-2.13858426
0.47009906	0.58756715	1.24987944	-2.12721123
0.47259905	0.58921696	1.24675866	-2.11595853
0.47509905	0.59085488	1.24364567	-2.10482425
0.47759904	0.59248094	1.24054045	-2.09380653
0.48009904	0.59409519	1.23744299	-2.08290356
0.48259903	0.59569769	1.23435326	-2.07211355
0.48509903	0.59728849	1.23127125	-2.06143475
0.48759902	0.59886762	1.22819693	-2.05086546
0.49009902	0.60043515	1.22513028	-2.04040400
0.49259901	0.60199112	1.22207130	-2.03004872
0.49509901	0.60353557	1.21901995	-2.01979802
0.49759900	0.60506856	1.21597622	-2.00965032
0.50009900	0.60659013	1.21294009	-1.99960408
0.50259899	0.60810032	1.20991154	-1.98965778
0.50509899	0.60959920	1.20689055	-1.97980994
0.50759898	0.61108680	1.20387711	-1.97005910
0.51009898	0.61256317	1.20087119	-1.96040384
0.51259897	0.61402835	1.19787277	-1.95084276
0.51509897	0.61548241	1.19488184	-1.94137449
0.51759896	0.61692537	1.19189838	-1.93199768
0.52009896	0.61835729	1.18892237	-1.92271102
0.52259895	0.61977821	1.18595379	-1.91351320
0.52509895	0.62118818	1.18299262	-1.90440297
0.52759894	0.62258725	1.18003885	-1.89537907
0.53009894	0.62397546	1.17709245	-1.88644029
0.53259893	0.62535285	1.17415340	-1.87758543
0.53509893	0.62671948	1.17122170	-1.86881331
0.53759892	0.62807538	1.16829731	-1.86012277
0.54009892	0.62942060	1.16538023	-1.85151268
0.54259891	0.63075519	1.16247043	-1.84298194
0.54509891	0.63207920	1.15956790	-1.83452944
0.54759890	0.63339265	1.15667261	-1.82615413
0.55009890	0.63469561	1.15378455	-1.81785493
0.55259889	0.63598812	1.15090371	-1.80963084
0.55509889	0.63727021	1.14803005	-1.80148081
0.55759888	0.63854193	1.14516357	-1.79340387
0.56009888	0.63980333	1.14230425	-1.78539904
0.56259887	0.64105445	1.13945207	-1.77746534
0.56509887	0.64229534	1.13660701	-1.76960184
0.56759886	0.64352603	1.13376905	-1.76180761
0.57009886	0.64474657	1.13093818	-1.75408174
0.57259885	0.64595700	1.12811438	-1.74642333
0.57509885	0.64715737	1.12529763	-1.73883151
0.57759884	0.64834772	1.12248791	-1.73130540
0.58009884	0.64952809	1.11968520	-1.72384416
0.58259883	0.65069852	1.11688950	-1.71644696
0.58509883	0.65185906	1.11410077	-1.70911297
0.58759882	0.65300975	1.11131901	-1.70184139
0.59009882	0.65415062	1.10854419	-1.69463142
0.59259881	0.65528173	1.10577631	-1.68748228
0.59509881	0.65640311	1.10301533	-1.68039321
0.59759880	0.65751481	1.10026125	-1.67336345
0.60009880	0.65861686	1.09751404	-1.66639227
0.60259879	0.65970931	1.09477369	-1.65947892
0.60509879	0.66079220	1.09204019	-1.65262271
0.60759878	0.66186556	1.08931351	-1.64582291
0.61009878	0.66292945	1.08659364	-1.63907884
0.61259877	0.66398390	1.08388055	-1.63238981
0.61509877	0.66502895	1.08117425	-1.62575516
0.61759876	0.66606464	1.07847470	-1.61917422
0.62009876	0.66709102	1.07578189	-1.61264635
0.62259875	0.66810811	1.07309580	-1.60617090
0.62509875	0.66911597	1.07041643	-1.59974724
0.62759874	0.67011463	1.06774374	-1.59337476
0.63009874	0.67110413	1.06507772	-1.58705285
0.63259873	0.67208451	1.06241836	-1.58078090
0.63509873	0.67305582	1.05976565	-1.57455834
0.63759872	0.67401808	1.05711955	-1.56838457
0.64009872	0.67497134	1.05448006	-1.56225902
0.64259871	0.67591564	1.05184716	-1.55618114
0.64509871	0.67685101	1.04922084	-1.55015036
0.64759870	0.67777750	1.04660107	-1.54416615
0.65009870	0.67869514	1.04398785	-1.53822796
0.65259869	0.67960398	1.04138115	-1.53233527
0.65509869	0.68050404	1.03878096	-1.52648756
0.65759868	0.68139538	1.03618726	-1.52068431
0.66009868	0.68227802	1.03360004	-1.51492501
0.66259867	0.68315200	1.03101927	-1.50920918
0.66509867	0.68401737	1.02844495	-1.50353631
0.66759866	0.68487416	1.02587706	-1.49790593
0.67009866	0.68572240	1.02331558	-1.49231756
0.67259865	0.68656214	1.02076050	-1.48677074
0.67509865	0.68739341	1.01821179	-1.48126500
0.67759864	0.68821624	1.01566945	-1.47579988
0.68009864	0.68903069	1.01313346	-1.47037494
0.68259863	0.68983677	1.01060380	-1.46498974
0.68509863	0.69063454	1.00808045	-1.45964385
0.68759862	0.69142402	1.00556341	-1.45433682
0.69009862	0.69220525	1.00305265	-1.44906825
0.69259861	0.69297827	1.00054816	-1.44383771
0.69509861	0.69374311	0.99804992	-1.43864480
0.69759860	0.69449982	0.99555792	-1.43348911
0.70009860	0.69524842	0.99307214	-1.42837023
0.70259859	0.69598895	0.99059257	-1.42328779
0.70509859	0.69672145	0.98811919	-1.41824138
0.70759858	0.69744595	0.98565199	-1.41323064
0.71009858	0.69816249	0.98319095	-1.40825517
0.71259857	0.69887111	0.98073605	-1.40331462
0.71509857	0.69957183	0.97828728	-1.39840861
0.71759856	0.70026470	0.97584462	-1.39353679
0.72009856	0.70094975	0.97340807	-1.38869879
0.72259855	0.70162701	0.97097760	-1.38389427
0.72509855	0.70229652	0.96855319	-1.37912288
0.72759854	0.70295831	0.96613484	-1.37438428
0.73009854	0.70361241	0.96372253	-1.36967813
0.73259853	0.70425887	0.96131624	-1.36500409
0.73509853	0.70489771	0.95891596	-1.36036186
0.73759852	0.70552898	0.95652167	-1.35575108
0.74009852	0.70615269	0.95413336	-1.35117146
0.74259851	0.70676889	0.95175102	-1.34662268
0.74509851	0.70737762	0.94937462	-1.34210442
0.74759850	0.70797889	0.94700416	-1.33761637
0.75009850	0.70857276	0.94463961	-1.33315825
0.75259849	0.70915924	0.94228097	-1.32872974
0.75509849	0.70973838	0.93992822	-1.32433055
0.75759848	0.71031020	0.93758134	-1.31996040
0.76009848	0.71087475	0.93524032	-1.31561900
0.76259847	0.71143204	0.93290515	-1.31130606
0.76509847	0.71198213	0.93057581	-1.30702130
0.76759846	0.71252503	0.92825228	-1.30276446
0.77009846	0.71306078	0.92593456	-1.29853525
0.77259845	0.71358941	0.92362262	-1.29433342
0.77509845	0.71411096	0.92131645	-1.29015869
0.77759844	0.71462545	0.91901605	-1.28601080
0.78009844	0.71513292	0.91672139	-1.28188950
0.78259843	0.71563341	0.91443245	-1.27779453
0.78509843	0.71612693	0.91214923	-1.27372564
0.78759842	0.71661353	0.90987172	-1.26968258
0.79009842	0.71709324	0.90759989	-1.26566511
0.79259841	0.71756608	0.90533373	-1.26167297
0.79509841	0.71803209	0.90307323	-1.25770595
0.79759840	0.71849130	0.90081837	-1.25376379
0.80009840	0.71894374	0.89856915	-1.24984627
0.80259839	0.71938944	0.89632554	-1.24595315
0.80509839	0.71982843	0.89408753	-1.24208421
0.80759838	0.72026075	0.89185511	-1.23823923
0.81009838	0.72068642	0.88962826	-1.23441797
0.81259837	0.72110547	0.88740698	-1.23062023
0.81509837	0.72151794	0.88519124	-1.22684579
0.81759836	0.72192385	0.88298103	-1.22309442
0.82009836	0.72232323	0.88077634	-1.21936593
0.82259835	0.72271613	0.87857716	-1.21566010
0.82509835	0.72310255	0.87638347	-1.21197673
0.82759834	0.72348254	0.87419525	-1.20831561
0.83009834	0.72385613	0.87201250	-1.20467654
0.83259833	0.72422334	0.86983520	-1.20105933
0.83509833	0.72458420	0.86766333	-1.19746378
0.83759832	0.72493875	0.86549689	-1.19388968
0.84009832	0.72528701	0.86333586	-1.19033686
0.84259831	0.72562900	0.86118022	-1.18680513
0.84509831	0.72596477	0.85902997	-1.18329428
0.84759830	0.72629434	0.85688508	-1.17980415
0.85009830	0.72661774	0.85474555	-1.17633455
0.85259829	0.72693500	0.85261136	-1.17288529
0.85509829	0.72724614	0.85048250	-1.16945620
0.85759828	0.72755119	0.84835896	-1.16604711
0.86009828	0.72785019	0.84624072	-1.16265783
0.86259827	0.72814316	0.84412777	-1.15928820
0.86509827	0.72843012	0.84202009	-1.15593804
0.86759826	0.72871112	0.83991768	-1.15260719
0.87009826	0.72898617	0.83782051	-1.14929548
0.87259825	0.72925530	0.83572858	-1.14600275
0.87509825	0.72951855	0.83364188	-1.14272883
0.87759824	0.72977593	0.83156038	-1.13947356
0.88009824	0.73002748	0.82948408	-1.13623679
0.88259823	0.73027323	0.82741297	-1.13301835
0.88509823	0.73051319	0.82534703	-1.12981810
0.88759822	0.73074741	0.82328624	-1.12663587
0.89009822	0.73097590	0.82123060	-1.12347152
0.89259821	0.73119869	0.81918010	-1.12032489
0.89509821	0.73141582	0.81713471	-1.11719584
0.89759820	0.73162730	0.81509443	-1.11408422
0.90009820	0.73183317	0.81305925	-1.11098989
0.90259819	0.73203344	0.81102915	-1.10791270
0.90509819	0.73222816	0.80900411	-1.10485250
0.90759818	0.73241734	0.80698413	-1.10180917
0.91009818	0.73260100	0.80496920	-1.09878255
0.91259817	0.73277919	0.80295930	-1.09577252
0.91509817	0.73295192	0.80095441	-1.09277893
0.91759816	0.73311921	0.79895453	-1.08980166
0.92009816	0.73328110	0.79695965	-1.08684056
0.92259815	0.73343762	0.79496974	-1.08389551
0.92509815	0.73358878	0.79298481	-1.08096638
0.92759814	0.73373461	0.79100483	-1.07805304
0.93009814	0.73387514	0.78902979	-1.07515536
0.93259813	0.73401040	0.78705969	-1.07227321
0.93509813	0.73414040	0.78509450	-1.06940648
0.93759812	0.73426518	0.78313422	-1.06655503
0.94009812	0.73438476	0.78117884	-1.06371875
0.94259811	0.73449916	0.77922833	-1.06089752
0.94509811	0.73460841	0.77728270	-1.05809121
0.94759810	0.73471254	0.77534193	-1.05529970
0.95009810	0.73481157	0.77340600	-1.05252289
0.95259809	0.73490553	0.77147491	-1.04976065
0.95509809	0.73499443	0.76954863	-1.04701288
0.95759808	0.73507831	0.76762717	-1.04427945
0.96009808	0.73515719	0.76571051	-1.04156025
0.96259807	0.73523109	0.76379863	-1.03885518
0.96509807	0.73530004	0.76189152	-1.03616413
0.96759806	0.73536406	0.75998918	-1.03348698
0.97009806	0.73542317	0.75809158	-1.03082363
0.97259805	0.73547741	0.75619873	-1.02817397
0.97509805	0.73552679	0.75431060	-1.02553789
0.97759804	0.73557134	0.75242718	-1.02291530
0.98009804	0.73561108	0.75054847	-1.02030609
0.98259803	0.73564604	0.74867445	-1.01771016
0.98509803	0.73567624	0.74680510	-1.01512740
0.98759802	0.73570169	0.74494043	-1.01255772
0.99009802	0.73572244	0.74308041	-1.01000101
0.99259801	0.73573850	0.74122503	-1.00745718
0.99509801	0.73574988	0.73937429	-1.00492614
0.99759800	0.73575663	0.73752817	-1.00240778
1.00009800	0.73575875	0.73568666	-0.99990201
1.00259799	0.73575628	0.73384974	-0.99740874
1.00509799	0.73574923	0.73201741	-0.99492787
1.00759798	0.73573763	0.73018966	-0.99245931
1.01009798	0.73572150	0.72836647	-0.99000297
1.01259797	0.73570087	0.72654784	-0.98755876
1.01509797	0.73567575	0.72473374	-0.98512659
1.01759796	0.73564617	0.72292417	-0.98270637
1.02009796	0.73561215	0.72111913	-0.98029801
1.02259795	0.73557371	0.71931859	-0.97790143
1.02509795	0.73553089	0.71752254	-0.97551653
1.02759794	0.73548368	0.71573098	-0.97314325
1.03009794	0.73543213	0.71394389	-0.97078148
1.03259793	0.73537625	0.71216127	-0.96843114
1.03509793	0.73531607	0.71038309	-0.96609216
1.03759792	0.73525160	0.70860936	-0.96376446
1.04009792	0.73518287	0.70684005	-0.96144794
1.04259791	0.73510990	0.70507516	-0.95914253
1.04509791	0.73503271	0.70331468	-0.95684815
1.04759790	0.73495132	0.70155860	-0.95456472
1.05009790	0.73486575	0.69980690	-0.95229216
1.05259789	0.73477603	0.69805957	-0.95003040
1.05509789	0.73468218	0.69631660	-0.94777936
1.05759788	0.73458422	0.69457799	-0.94553896
1.06009788	0.73448216	0.69284372	-0.94330912
1.06259787	0.73437603	0.69111378	-0.94108978
1.06509787	0.73426586	0.68938816	-0.93888086
1.06759786	0.73415166	0.68766685	-0.93668228
1.07009786	0.73403345	0.68594983	-0.93449397
1.07259785	0.73391125	0.68423710	-0.93231587
1.07509785	0.73378509	0.68252865	-0.93014789
1.07759784	0.73365498	0.68082447	-0.92798998
1.08009784	0.73352094	0.67912454	-0.92584205
1.08259783	0.73338301	0.67742885	-0.92370405
1.08509783	0.73324118	0.67573740	-0.92157589
1.08759782	0.73309550	0.67405017	-0.91945752
1.09009782	0.73294597	0.67236715	-0.91734887
1.09259781	0.73279261	0.67068834	-0.91524986
1.09509781	0.73263546	0.66901372	-0.91316044
1.09759780	0.73247451	0.66734328	-0.91108054
1.10009780	0.73230981	0.66567701	-0.90901009
1.10259779	0.73214136	0.66401490	-0.90694903
1.10509779	0.73196919	0.66235694	-0.90489729
1.10759778	0.73179331	0.66070312	-0.90285482
1.11009778	0.73161375	0.65905343	-0.90082155
1.11259777	0.73143052	0.65740786	-0.89879741
1.11509777	0.73124364	0.65576639	-0.89678235
1.11759776	0.73105314	0.65412903	-0.89477631
1.12009776	0.73085903	0.65249575	-0.89277922
1.12259775	0.73066134	0.65086656	-0.89079102
1.12509775	0.73046007	0.64924143	-0.88881166
1.12759774	0.73025525	0.64762036	-0.88684108
1.13009774	0.73004690	0.64600333	-0.88487921
1.13259773	0.72983504	0.64439034	-0.88292601
1.13509773	0.72961969	0.64278138	-0.88098141
1.13759772	0.72940086	0.64117644	-0.87904536
1.14009772	0.72917858	0.63957551	-0.87711780
1.14259771	0.72895286	0.63797857	-0.87519867
1.14509771	0.72872372	0.63638562	-0.87328792
1.14759770	0.72849118	0.63479665	-0.87138550
1.15009770	0.72825525	0.63321164	-0.86949135
1.15259769	0.72801597	0.63163060	-0.86760541
1.15509769	0.72777334	0.63005350	-0.86572764
1.15759768	0.72752738	0.62848033	-0.86385798
1.16009768	0.72727811	0.62691110	-0.86199638
1.16259767	0.72702555	0.62534578	-0.86014278
1.16509767	0.72676972	0.62378437	-0.85829714
1.16759766	0.72651064	0.62222687	-0.85645940
1.17009766	0.72624831	0.62067325	-0.85462952
1.17259765	0.72598277	0.61912350	-0.85280744
1.17509765	0.72571403	0.61757763	-0.85099311
1.17759764	0.72544210	0.61603562	-0.84918648
1.18009764	0.72516700	0.61449746	-0.84738751
1.18259763	0.72488876	0.61296314	-0.84559614
1.18509763	0.72460738	0.61143265	-0.84381234
1.18759762	0.72432289	0.60990598	-0.84203604
1.19009762	0.72403531	0.60838312	-0.84026720
1.19259761	0.72374464	0.60686407	-0.83850579
1.19509761	0.72345092	0.60534881	-0.83675174
1.19759760	0.72315414	0.60383733	-0.83500501
1.20009760	0.72285434	0.60232963	-0.83326556
1.20259759	0.72255153	0.60082569	-0.83153334
1.20509759	0.72224572	0.59932550	-0.82980831
1.20759758	0.72193694	0.59782907	-0.82809043
1.21009758	0.72162519	0.59633636	-0.82637964
1.21259757	0.72131050	0.59484739	-0.82467590
1.21509757	0.72099288	0.59336213	-0.82297918
1.21759756	0.72067236	0.59188058	-0.82128942
1.22009756	0.72034893	0.59040273	-0.81960659
1.22259755	0.72002263	0.58892857	-0.81793064
1.22509755	0.71969347	0.58745809	-0.81626153
1.22759754	0.71936147	0.58599129	-0.81459922
1.23009754	0.71902663	0.58452814	-0.81294366
1.23259753	0.71868898	0.58306865	-0.81129482
1.23509753	0.71834854	0.58161280	-0.80965266
1.23759752	0.71800531	0.58016059	-0.80801713
1.24009752	0.71765932	0.57871201	-0.80638819
1.24259751	0.71731059	0.57726704	-0.80476581
1.24509751	0.71695911	0.57582568	-0.80314995
1.24759750	0.71660493	0.57438791	-0.80154056
1.25009750	0.71624804	0.57295374	-0.79993760
1.25259749	0.71588846	0.57152315	-0.79834105
1.25509749	0.71552622	0.57009613	-0.79675086
1.25759748	0.71516132	0.56867267	-0.79516698
1.26009748	0.71479379	0.56725277	-0.79358940
1.26259747	0.71442363	0.56583641	-0.79201806
1.26509747	0.71405086	0.56442359	-0.79045293
1.26759746	0.71367550	0.56301430	-0.78889397
1.27009746	0.71329756	0.56160852	-0.78734115
1.27259745	0.71291706	0.56020626	-0.78579444
1.27509745	0.71253402	0.55880750	-0.78425378
1.27759744	0.71214844	0.55741223	-0.78271916
1.28009744	0.71176034	0.55602044	-0.78119053
1.28259743	0.71136975	0.55463213	-0.77966786
1.28509743	0.71097666	0.55324728	-0.77815112
1.28759742	0.71058111	0.55186590	-0.77664026
1.29009742	0.71018310	0.55048796	-0.77513526
1.29259741	0.70978264	0.54911346	-0.77363608
1.29509741	0.70937976	0.54774240	-0.77214269
1.29759740	0.70897446	0.54637475	-0.77065506
1.30009740	0.70856677	0.54501053	-0.76917314
1.30259739	0.70815669	0.54364971	-0.76769691
1.30509739	0.70774424	0.54229228	-0.76622634
1.30759738	0.70732944	0.54093825	-0.76476139
1.31009738	0.70691229	0.53958759	-0.76330204
1.31259737	0.70649282	0.53824031	-0.76184824
1.31509737	0.70607104	0.53689640	-0.76039997
1.31759736	0.70564696	0.53555584	-0.75895719
1.32009736	0.70522059	0.53421862	-0.75751988
1.32259735	0.70479196	0.53288475	-0.75608801
1.32509735	0.70436106	0.53155420	-0.75466153
1.32759734	0.70392793	0.53022698	-0.75324043
1.33009734	0.70349257	0.52890307	-0.75182467
1.33259733	0.70305499	0.52758247	-0.75041423
1.33509733	0.70261521	0.52626516	-0.74900906
1.33759732	0.70217325	0.52495115	-0.74760915
1.34009732	0.70172911	0.52364041	-0.74621446
1.34259731	0.70128281	0.52233295	-0.74482497
1.34509731	0.70083437	0.52102875	-0.74344064
1.34759730	0.70038379	0.51972781	-0.74206144
1.35009730	0.69993110	0.51843011	-0.74068736
1.35259729	0.69947630	0.51713566	-0.73931835
1.35509729	0.69901940	0.51584444	-0.73795439
1.35759728	0.69856043	0.51455644	-0.73659546
1.36009728	0.69809939	0.51327166	-0.73524153
1.36259727	0.69763630	0.51199009	-0.73389256
1.36509727	0.69717117	0.51071171	-0.73254853
1.36759726	0.69670401	0.50943653	-0.73120942
1.37009726	0.69623484	0.50816453	-0.72987519
1.37259725	0.69576366	0.50689571	-0.72854583
1.37509725	0.69529050	0.50563006	-0.72722129
1.37759724	0.69481537	0.50436757	-0.72590157
1.38009724	0.69433827	0.50310822	-0.72458662
1.38259723	0.69385923	0.50185203	-0.72327644
1.38509723	0.69337824	0.50059897	-0.72197098
1.38759722	0.69289534	0.49934904	-0.72067022
1.39009722	0.69241052	0.49810223	-0.71937415
1.39259721	0.69192380	0.49685853	-0.71808272
1.39509721	0.69143520	0.49561794	-0.71679593
1.39759720	0.69094472	0.49438044	-0.71551374
1.40009720	0.69045239	0.49314604	-0.71423613
1.40259719	0.68995820	0.49191472	-0.71296307
1.40509719	0.68946218	0.49068647	-0.71169454
1.40759718	0.68896433	0.48946129	-0.71043052
1.41009718	0.68846467	0.48823916	-0.70917098
1.41259717	0.68796321	0.48702009	-0.70791590
1.41509717	0.68745996	0.48580407	-0.70666525
1.41759716	0.68695494	0.48459108	-0.70541902
1.42009716	0.68644815	0.48338112	-0.70417717
1.42259715	0.68593961	0.48217417	-0.70293969
1.42509715	0.68542933	0.48097025	-0.70170655
1.42759714	0.68491732	0.47976933	-0.70047772
1.43009714	0.68440360	0.47857140	-0.69925320
1.43259713	0.68388817	0.47737647	-0.69803295
1.43509713	0.68337104	0.47618452	-0.69681695
1.43759712	0.68285224	0.47499555	-0.69560518
1.44009712	0.68233177	0.47380955	-0.69439761
1.44259711	0.68180964	0.47262651	-0.69319423
1.44509711	0.68128586	0.47144642	-0.69199502
1.44759710	0.68076045	0.47026928	-0.69079994
1.45009710	0.68023341	0.46909508	-0.68960899
1.45259709	0.67970476	0.46792381	-0.68842214
1.45509709	0.67917451	0.46675546	-0.68723936
1.45759708	0.67864267	0.46559003	-0.68606065
1.46009708	0.67810926	0.46442751	-0.68488597
1.46259707	0.67757427	0.46326790	-0.68371530
1.46509707	0.67703773	0.46211118	-0.68254863
1.46759706	0.67649965	0.46095734	-0.68138594
1.47009706	0.67596003	0.45980639	-0.68022720
1.47259705	0.67541888	0.45865832	-0.67907239
1.47509705	0.67487623	0.45751310	-0.67792150
1.47759704	0.67433208	0.45637075	-0.67677450
1.48009704	0.67378643	0.45523125	-0.67563138
1.48259703	0.67323931	0.45409460	-0.67449211
1.48509703	0.67269071	0.45296078	-0.67335668
1.48759702	0.67214066	0.45182980	-0.67222506
1.49009702	0.67158917	0.45070164	-0.67109724
1.49259701	0.67103623	0.44957629	-0.66997320
1.49509701	0.67048187	0.44845376	-0.66885292
1.49759700	0.66992610	0.44733403	-0.66773638
1.50009700	0.66936892	0.44621709	-0.66662356
1.50259699	0.66881035	0.44510294	-0.66551444
1.50509699	0.66825039	0.44399158	-0.66440901
1.50759698	0.66768906	0.44288299	-0.66330724
1.51009698	0.66712636	0.44177717	-0.66220913
1.51259697	0.66656232	0.44067411	-0.66111464
1.51509697	0.66599693	0.43957380	-0.66002376
1.51759696	0.66543021	0.43847624	-0.65893648
1.52009696	0.66486217	0.43738142	-0.65785277
1.52259695	0.66429281	0.43628933	-0.65677263
1.52509695	0.66372216	0.43519998	-0.65569602
1.52759694	0.66315021	0.43411334	-0.65462294
1.53009694	0.66257698	0.43302941	-0.65355336
1.53259693	0.66200248	0.43194819	-0.65248728
1.53509693	0.66142671	0.43086967	-0.65142466
1.53759692	0.66084970	0.42979385	-0.65036550
1.54009692	0.66027144	0.42872071	-0.64930978
1.54259691	0.65969195	0.42765025	-0.64825749
1.54509691	0.65911124	0.42658246	-0.64720859
1.54759690	0.65852931	0.42551734	-0.64616309
1.55009690	0.65794618	0.42445487	-0.64512096
1.55259689	0.65736186	0.42339506	-0.64408218
1.55509689	0.65677636	0.42233790	-0.64304675
1.55759688	0.65618967	0.42128338	-0.64201464
1.56009688	0.65560183	0.42023149	-0.64098583
1.56259687	0.65501283	0.41918222	-0.63996032
1.56509687	0.65442268	0.41813558	-0.63893809
1.56759686	0.65383140	0.41709155	-0.63791911
1.57009686	0.65323899	0.41605012	-0.63690338
1.57259685	0.65264546	0.41501130	-0.63589088
1.57509685	0.65205082	0.41397507	-0.63488159
1.57759684	0.65145509	0.41294142	-0.63387551
1.58009684	0.65085826	0.41191036	-0.63287260
1.58259683	0.65026035	0.41088187	-0.63187287
1.58509683	0.64966138	0.40985596	-0.63087629
1.58759682	0.64906133	0.40883260	-0.62988284
1.59009682	0.64846024	0.40781179	-0.62889252
1.59259681	0.64785810	0.40679354	-0.62790531
1.59509681	0.64725492	0.40577783	-0.62692120
1.59759680	0.64665072	0.40476465	-0.62594016
1.60009680	0.64604550	0.40375401	-0.62496219
1.60259679	0.64543926	0.40274589	-0.62398727
1.60509679	0.64483203	0.40174028	-0.62301539
1.60759678	0.64422381	0.40073719	-0.62204653
1.61009678	0.64361461	0.39973660	-0.62108068
1.61259677	0.64300443	0.39873850	-0.62011782
1.61509677	0.64239328	0.39774291	-0.61915795
1.61759676	0.64178118	0.39674979	-0.61820104
1.62009676	0.64116813	0.39575916	-0.61724708
1.62259675	0.64055414	0.39477100	-0.61629607
1.62509675	0.63993922	0.39378531	-0.61534798
1.62759674	0.63932338	0.39280207	-0.61440280
1.63009674	0.63870662	0.39182130	-0.61346052
1.63259673	0.63808896	0.39084297	-0.61252113
1.63509673	0.63747040	0.38986708	-0.61158461
1.63759672	0.63685094	0.38889364	-0.61065095
1.64009672	0.63623061	0.38792262	-0.60972014
1.64259671	0.63560941	0.38695402	-0.60879216
1.64509671	0.63498734	0.38598785	-0.60786700
1.64759670	0.63436442	0.38502409	-0.60694465
1.65009670	0.63374065	0.38406273	-0.60602509
1.65259669	0.63311603	0.38310378	-0.60510831
1.65509669	0.63249059	0.38214721	-0.60419431
1.65759668	0.63186432	0.38119304	-0.60328306
1.66009668	0.63123724	0.38024125	-0.60237456
1.66259667	0.63060935	0.37929184	-0.60146878
1.66509667	0.62998066	0.37834479	-0.60056573
1.66759666	0.62935117	0.37740011	-0.59966539
1.67009666	0.62872091	0.37645779	-0.59876774
1.67259665	0.62808986	0.37551783	-0.59787277
1.67509665	0.62745805	0.37458021	-0.59698048
1.67759664	0.62682548	0.37364493	-0.59609084
1.68009664	0.62619215	0.37271198	-0.59520386
1.68259663	0.62555808	0.37178137	-0.59431951
1.68509663	0.62492327	0.37085308	-0.59343778
1.68759662	0.62428774	0.36992711	-0.59255866
1.69009662	0.62365148	0.36900345	-0.59168215
1.69259661	0.62301450	0.36808209	-0.59080822
1.69509661	0.62237682	0.36716304	-0.58993688
1.69759660	0.62173844	0.36624628	-0.58906810
1.70009660	0.62109936	0.36533181	-0.58820187
1.70259659	0.62045960	0.36441962	-0.58733819
1.70509659	0.61981917	0.36350971	-0.58647704
1.70759658	0.61917806	0.36260207	-0.58561841
1.71009658	0.61853629	0.36169670	-0.58476229
1.71259657	0.61789387	0.36079359	-0.58390868
1.71509657	0.61725080	0.35989274	-0.58305755
1.71759656	0.61660708	0.35899413	-0.58220890
1.72009656	0.61596274	0.35809777	-0.58136271
1.72259655	0.61531776	0.35720364	-0.58051898
1.72509655	0.61467217	0.35631175	-0.57967770
1.72759654	0.61402596	0.35542208	-0.57883885
1.73009654	0.61337915	0.35453464	-0.57800243
1.73259653	0.61273175	0.35364941	-0.57716842
1.73509653	0.61208375	0.35276639	-0.57633681
1.73759652	0.61143516	0.35188558	-0.57550760
1.74009652	0.61078600	0.35100697	-0.57468077
1.74259651	0.61013627	0.35013055	-0.57385631
1.74509651	0.60948598	0.34925632	-0.57303421
1.74759650	0.60883513	0.34838427	-0.57221447
1.75009650	0.60818373	0.34751440	-0.57139706
1.75259649	0.60753179	0.34664670	-0.57058199
1.75509649	0.60687931	0.34578116	-0.56976924
1.75759648	0.60622630	0.34491779	-0.56895881
1.76009648	0.60557277	0.34405658	-0.56815067
1.76259647	0.60491872	0.34319751	-0.56734483
1.76509647	0.60426417	0.34234059	-0.56654127
1.76759646	0.60360911	0.34148581	-0.56573999
1.77009646	0.60295356	0.34063316	-0.56494096
1.77259645	0.60229751	0.33978265	-0.56414419
1.77509645	0.60164099	0.33893425	-0.56334967
1.77759644	0.60098398	0.33808798	-0.56255738
1.78009644	0.60032651	0.33724381	-0.56176732
1.78259643	0.59966857	0.33640176	-0.56097947
1.78509643	0.59901018	0.33556181	-0.56019383
1.78759642	0.59835134	0.33472395	-0.55941038
1.79009642	0.59769205	0.33388819	-0.55862913
1.79259641	0.59703232	0.33305451	-0.55785005
1.79509641	0.59637216	0.33222292	-0.55707314
1.79759640	0.59571158	0.33139340	-0.55629840
1.80009640	0.59505058	0.33056595	-0.55552580
1.80259639	0.59438916	0.32974057	-0.55475535
1.80509639	0.59372734	0.32891725	-0.55398704
1.80759638	0.59306511	0.32809598	-0.55322085
1.81009638	0.59240249	0.32727677	-0.55245677
1.81259637	0.59173949	0.32645960	-0.55169480
1.81509637	0.59107610	0.32564447	-0.55093493
1.81759636	0.59041233	0.32483138	-0.55017716
1.82009636	0.58974820	0.32402032	-0.54942146
1.82259635	0.58908370	0.32321128	-0.54866784
1.82509635	0.58841884	0.32240426	-0.54791628
1.82759634	0.58775363	0.32159926	-0.54716678
1.83009634	0.58708807	0.32079627	-0.54641932
1.83259633	0.58642217	0.31999528	-0.54567391
1.83509633	0.58575594	0.31919629	-0.54493052
1.83759632	0.58508938	0.31839930	-0.54418916
1.84009632	0.58442249	0.31760429	-0.54344981
1.84259631	0.58375529	0.31681128	-0.54271247
1.84509631	0.58308778	0.31602024	-0.54197713
1.84759630	0.58241996	0.31523118	-0.54124378
1.85009630	0.58175184	0.31444408	-0.54051240
1.85259629	0.58108342	0.31365896	-0.53978301
1.85509629	0.58041472	0.31287579	-0.53905558
1.85759628	0.57974573	0.31209458	-0.53833010
1.86009628	0.57907647	0.31131532	-0.53760658
1.86259627	0.57840693	0.31053800	-0.53688500
1.86509627	0.57773712	0.30976263	-0.53616535
1.86759626	0.57706706	0.30898919	-0.53544763
1.87009626	0.57639674	0.30821768	-0.53473183
1.87259625	0.57572617	0.30744810	-0.53401794
1.87509625	0.57505535	0.30668044	-0.53330596
1.87759624	0.57438430	0.30591470	-0.53259587
1.88009624	0.57371301	0.30515087	-0.53188767
1.88259623	0.57304149	0.30438895	-0.53118134
1.88509623	0.57236975	0.30362893	-0.53047690
1.88759622	0.57169779	0.30287081	-0.52977432
1.89009622	0.57102562	0.30211457	-0.52907359
1.89259621	0.57035324	0.30136023	-0.52837472
1.89509621	0.56968065	0.30060777	-0.52767770
1.89759620	0.56900788	0.29985719	-0.52698250
1.90009620	0.56833490	0.29910849	-0.52628914
1.90259619	0.56766175	0.29836165	-0.52559760
1.90509619	0.56698841	0.29761668	-0.52490788
1.90759618	0.56631489	0.29687357	-0.52421996
1.91009618	0.56564120	0.29613231	-0.52353385
1.91259617	0.56496735	0.29539291	-0.52284952
1.91509617	0.56429333	0.29465535	-0.52216699
1.91759616	0.56361916	0.29391963	-0.52148623
1.92009616	0.56294484	0.29318575	-0.52080725
1.92259615	0.56227037	0.29245371	-0.52013003
1.92509615	0.56159576	0.29172349	-0.51945457
1.92759614	0.56092101	0.29099509	-0.51878087
1.93009614	0.56024613	0.29026851	-0.51810891
1.93259613	0.55957113	0.28954375	-0.51743868
1.93509613	0.55889600	0.28882079	-0.51677019
1.93759612	0.55822075	0.28809964	-0.51610343
1.94009612	0.55754540	0.28738029	-0.51543838
1.94259611	0.55686993	0.28666274	-0.51477504
1.94509611	0.55619436	0.28594698	-0.51411341
1.94759610	0.55551870	0.28523301	-0.51345348
1.95009610	0.55484294	0.28452082	-0.51279524
1.95259609	0.55416709	0.28381040	-0.51213869
1.95509609	0.55349116	0.28310177	-0.51148381
1.95759608	0.55281514	0.28239490	-0.51083061
1.96009608	0.55213906	0.28168979	-0.51017907
1.96259607	0.55146290	0.28098645	-0.50952920
1.96509607	0.55078668	0.28028486	-0.50888097
1.96759606	0.55011039	0.27958502	-0.50823440
1.97009606	0.54943405	0.27888694	-0.50758946
1.97259605	0.54875766	0.27819059	-0.50694616
1.97509605	0.54808122	0.27749598	-0.50630449
1.97759604	0.54740474	0.27680311	-0.50566444
1.98009604	0.54672821	0.27611197	-0.50502601
1.98259603	0.54605166	0.27542255	-0.50438919
1.98509603	0.54537507	0.27473486	-0.50375397
1.98759602	0.54469846	0.27404888	-0.50312035
1.99009602	0.54402183	0.27336461	-0.50248832
1.99259601	0.54334518	0.27268205	-0.50185787
1.99509601	0.54266851	0.27200120	-0.50122901
1.99759600	0.54199184	0.27132205	-0.50060172
2.00009600	0.54131517	0.27064459	-0.49997600
2.00259600	0.54063850	0.26996883	-0.49935184
2.00509599	0.53996183	0.26929475	-0.49872924
2.00759599	0.53928517	0.26862236	-0.49810819
2.01009598	0.53860852	0.26795164	-0.49748868
2.01259597	0.53793189	0.26728260	-0.49687071
2.01509597	0.53725528	0.26661523	-0.49625428
2.01759596	0.53657870	0.26594953	-0.49563937
2.02009596	0.53590214	0.26528549	-0.49502599
2.02259595	0.53522562	0.26462311	-0.49441412
2.02509595	0.53454914	0.26396238	-0.49380376
2.02759594	0.53387270	0.26330330	-0.49319491
2.03009594	0.53319630	0.26264586	-0.49258756
2.03259593	0.53251995	0.26199007	-0.49198170
2.03509593	0.53184366	0.26133592	-0.49137733
2.03759592	0.53116742	0.26068339	-0.49077444
2.04009592	0.53049125	0.26003250	-0.49017303
2.04259591	0.52981514	0.25938323	-0.48957309
2.04509591	0.52913909	0.25873559	-0.48897462
2.04759591	0.52846313	0.25808956	-0.48837761
2.05009590	0.52778723	0.25744514	-0.48778206
2.05259590	0.52711142	0.25680234	-0.48718796
2.05509589	0.52643570	0.25616113	-0.48659530
2.05759589	0.52576006	0.25552153	-0.48600408
2.06009588	0.52508451	0.25488353	-0.48541430
2.06259587	0.52440906	0.25424712	-0.48482595
2.06509587	0.52373371	0.25361230	-0.48423902
2.06759586	0.52305846	0.25297906	-0.48365351
2.07009586	0.52238332	0.25234740	-0.48306942
2.07259585	0.52170829	0.25171733	-0.48248673
2.07509585	0.52103337	0.25108882	-0.48190545
2.07759584	0.52035857	0.25046189	-0.48132557
2.08009584	0.51968389	0.24983651	-0.48074708
2.08259583	0.51900934	0.24921271	-0.48016998
2.08509583	0.51833492	0.24859045	-0.47959426
2.08759582	0.51766063	0.24796976	-0.47901993
2.09009582	0.51698647	0.24735061	-0.47844696
2.09259582	0.51631246	0.24673301	-0.47787537
2.09509581	0.51563858	0.24611695	-0.47730514
2.09759581	0.51496485	0.24550242	-0.47673627
2.10009580	0.51429128	0.24488944	-0.47616875
2.10259580	0.51361785	0.24427798	-0.47560259
2.10509579	0.51294458	0.24366805	-0.47503777
2.10759578	0.51227148	0.24305964	-0.47447428
2.11009578	0.51159853	0.24245275	-0.47391214
2.11259577	0.51092575	0.24184738	-0.47335132
2.11509577	0.51025315	0.24124352	-0.47279183
2.11759576	0.50958071	0.24064117	-0.47223366
2.12009576	0.50890846	0.24004032	-0.47167681
2.12259575	0.50823638	0.23944097	-0.47112127
2.12509575	0.50756449	0.23884311	-0.47056703
2.12759574	0.50689278	0.23824675	-0.47001410
2.13009574	0.50622126	0.23765188	-0.46946247
2.13259573	0.50554994	0.23705850	-0.46891213
2.13509573	0.50487881	0.23646659	-0.46836307
2.13759572	0.50420789	0.23587617	-0.46781531
2.14009572	0.50353716	0.23528722	-0.46726882
2.14259572	0.50286664	0.23469973	-0.46672361
2.14509571	0.50219633	0.23411372	-0.46617967
2.14759571	0.50152624	0.23352917	-0.46563699
2.15009570	0.50085636	0.23294608	-0.46509558
2.15259570	0.50018669	0.23236444	-0.46455542
2.15509569	0.49951725	0.23178426	-0.46401652
2.15759568	0.49884803	0.23120552	-0.46347887
2.16009568	0.49817905	0.23062823	-0.46294246
2.16259567	0.49751029	0.23005238	-0.46240729
2.16509567	0.49684176	0.22947797	-0.46187335
2.16759566	0.49617348	0.22890500	-0.46134065
2.17009566	0.49550543	0.22833345	-0.46080918
2.17259565	0.49483762	0.22776333	-0.46027893
2.17509565	0.49417006	0.22719464	-0.45974990
2.17759564	0.49350275	0.22662736	-0.45922208
2.18009564	0.49283569	0.22606150	-0.45869547
2.18259563	0.49216889	0.22549706	-0.45817007
2.18509563	0.49150234	0.22493402	-0.45764587
2.18759562	0.49083605	0.22437239	-0.45712287
2.19009562	0.49017003	0.22381216	-0.45660107
2.19259562	0.48950427	0.22325333	-0.45608045
2.19509561	0.48883878	0.22269589	-0.45556102
2.19759561	0.48817356	0.22213985	-0.45504277
2.20009560	0.48750862	0.22158520	-0.45452570
2.20259560	0.48684395	0.22103193	-0.45400981
2.20509559	0.48617957	0.22048004	-0.45349508
2.20759558	0.48551546	0.21992953	-0.45298152
2.21009558	0.48485164	0.21938040	-0.45246912
2.21259557	0.48418811	0.21883263	-0.45195788
2.21509557	0.48352487	0.21828623	-0.45144779
2.21759556	0.48286193	0.21774120	-0.45093885
2.22009556	0.48219927	0.21719753	-0.45043106
2.22259555	0.48153692	0.21665522	-0.44992441
2.22509555	0.48087487	0.21611426	-0.44941890
2.22759554	0.48021313	0.21557465	-0.44891453
2.23009554	0.47955169	0.21503639	-0.44841128
2.23259553	0.47889056	0.21449947	-0.44790916
2.23509553	0.47822974	0.21396389	-0.44740817
2.23759552	0.47756923	0.21342965	-0.44690829
2.24009552	0.47690905	0.21289675	-0.44640954
2.24259552	0.47624918	0.21236517	-0.44591189
2.24509551	0.47558963	0.21183492	-0.44541535
2.24759551	0.47493041	0.21130600	-0.44491991
2.25009550	0.47427152	0.21077839	-0.44442558
2.25259550	0.47361295	0.21025211	-0.44393234
2.25509549	0.47295472	0.20972714	-0.44344020
2.25759548	0.47229682	0.20920348	-0.44294915
2.26009548	0.47163926	0.20868112	-0.44245918
2.26259547	0.47098204	0.20816007	-0.44197030
2.26509547	0.47032516	0.20764032	-0.44148250
2.26759546	0.46966862	0.20712187	-0.44099577
2.27009546	0.46901243	0.20660472	-0.44051011
2.27259545	0.46835659	0.20608885	-0.44002552
2.27509545	0.46770110	0.20557427	-0.43954200
2.27759544	0.46704596	0.20506098	-0.43905954
2.28009544	0.46639118	0.20454897	-0.43857813
2.28259543	0.46573675	0.20403824	-0.43809778
2.28509543	0.46508269	0.20352878	-0.43761848
2.28759542	0.46442899	0.20302060	-0.43714023
2.29009542	0.46377566	0.20251368	-0.43666303
2.29259542	0.46312269	0.20200803	-0.43618686
2.29509541	0.46247009	0.20150364	-0.43571173
2.29759541	0.46181786	0.20100052	-0.43523764
2.30009540	0.46116601	0.20049864	-0.43476458
2.30259539	0.46051453	0.19999802	-0.43429254
2.30509539	0.45986343	0.19949866	-0.43382153
2.30759538	0.45921271	0.19900053	-0.43335153
2.31009538	0.45856238	0.19850366	-0.43288256
2.31259537	0.45791243	0.19800802	-0.43241460
2.31509537	0.45726286	0.19751362	-0.43194765
2.31759536	0.45661369	0.19702045	-0.43148171
2.32009536	0.45596490	0.19652852	-0.43101677
2.32259535	0.45531651	0.19603781	-0.43055283
2.32509535	0.45466851	0.19554833	-0.43008989
2.32759534	0.45402092	0.19506007	-0.42962794
2.33009534	0.45337372	0.19457303	-0.42916699
2.33259533	0.45272692	0.19408721	-0.42870702
2.33509533	0.45208052	0.19360260	-0.42824804
2.33759532	0.45143453	0.19311920	-0.42779004
2.34009532	0.45078895	0.19263700	-0.42733302
2.34259532	0.45014378	0.19215602	-0.42687697
2.34509531	0.44949902	0.19167623	-0.42642190
2.34759531	0.44885467	0.19119764	-0.42596780
2.35009530	0.44821074	0.19072024	-0.42551466
2.35259529	0.44756723	0.19024404	-0.42506248
2.35509529	0.44692413	0.18976902	-0.42461127
2.35759528	0.44628146	0.18929519	-0.42416101
2.36009528	0.44563921	0.18882255	-0.42371171
2.36259527	0.44499738	0.18835108	-0.42326335
2.36509527	0.44435598	0.18788080	-0.42281595
2.36759526	0.44371501	0.18741168	-0.42236949
2.37009526	0.44307447	0.18694374	-0.42192397
2.37259525	0.44243436	0.18647696	-0.42147939
2.37509525	0.44179469	0.18601136	-0.42103575
2.37759524	0.44115545	0.18554691	-0.42059303
2.38009524	0.44051665	0.18508362	-0.42015125
2.38259523	0.43987829	0.18462149	-0.41971040
2.38509523	0.43924037	0.18416052	-0.41927047
2.38759522	0.43860290	0.18370069	-0.41883146
2.39009522	0.43796587	0.18324202	-0.41839337
2.39259522	0.43732928	0.18278449	-0.41795620
2.39509521	0.43669315	0.18232810	-0.41751994
2.39759521	0.43605747	0.18187285	-0.41708458
2.40009520	0.43542223	0.18141873	-0.41665014
2.40259519	0.43478745	0.18096575	-0.41621660
2.40509519	0.43415313	0.18051391	-0.41578396
2.40759518	0.43351926	0.18006319	-0.41535222
2.41009518	0.43288586	0.17961359	-0.41492137
2.41259517	0.43225291	0.17916512	-0.41449142
2.41509517	0.43162042	0.17871777	-0.41406236
2.41759516	0.43098840	0.17827153	-0.41363418
2.42009516	0.43035684	0.17782641	-0.41320689
2.42259515	0.42972575	0.17738240	-0.41278048
2.42509515	0.42909513	0.17693950	-0.41235495
2.42759514	0.42846498	0.17649771	-0.41193030
2.43009514	0.42783530	0.17605702	-0.41150652
2.43259513	0.42720610	0.17561743	-0.41108361
2.43509513	0.42657736	0.17517893	-0.41066157
2.43759513	0.42594911	0.17474153	-0.41024040
2.44009512	0.42532133	0.17430523	-0.40982009
2.44259512	0.42469403	0.17387001	-0.40940064
2.44509511	0.42406722	0.17343588	-0.40898205
2.44759510	0.42344088	0.17300283	-0.40856431
2.45009510	0.42281503	0.17257087	-0.40814742
2.45259509	0.42218967	0.17213998	-0.40773139
2.45509509	0.42156479	0.17171017	-0.40731620
2.45759508	0.42094040	0.17128143	-0.40690186
2.46009508	0.42031650	0.17085376	-0.40648835
2.46259507	0.41969309	0.17042716	-0.40607569
2.46509507	0.41907018	0.17000163	-0.40566387
2.46759506	0.41844775	0.16957716	-0.40525288
2.47009506	0.41782583	0.16915374	-0.40484272
2.47259505	0.41720440	0.16873139	-0.40443339
2.47509505	0.41658347	0.16831009	-0.40402489
2.47759504	0.41596304	0.16788984	-0.40361721
2.48009504	0.41534311	0.16747064	-0.40321035
2.48259503	0.41472368	0.16705249	-0.40280432
2.48509503	0.41410476	0.16663538	-0.40239910
2.48759503	0.41348634	0.16621931	-0.40199469
2.49009502	0.41286843	0.16580429	-0.40159110
2.49259502	0.41225102	0.16539029	-0.40118832
2.49509501	0.41163413	0.16497734	-0.40078634
2.49759500	0.41101775	0.16456541	-0.40038517
2.50009500	0.41040187	0.16415451	-0.39998480
2.50259499	0.40978651	0.16374464	-0.39958523
2.50509499	0.40917167	0.16333579	-0.39918646
2.50759498	0.40855734	0.16292796	-0.39878848
2.51009498	0.40794353	0.16252115	-0.39839130
2.51259497	0.40733023	0.16211536	-0.39799491
2.51509497	0.40671746	0.16171058	-0.39759930
2.51759496	0.40610520	0.16130681	-0.39720448
2.52009496	0.40549347	0.16090404	-0.39681044
2.52259495	0.40488226	0.16050229	-0.39641719
2.52509495	0.40427158	0.16010154	-0.39602471
2.52759494	0.40366142	0.15970178	-0.39563301
2.53009494	0.40305178	0.15930303	-0.39524209
2.53259493	0.40244268	0.15890527	-0.39485193
2.53509493	0.40183410	0.15850850	-0.39446255
2.53759493	0.40122606	0.15811273	-0.39407393
2.54009492	0.40061854	0.15771794	-0.39368608
2.54259492	0.40001156	0.15732414	-0.39329899
2.54509491	0.39940511	0.15693132	-0.39291266
2.54759490	0.39879920	0.15653949	-0.39252708
2.55009490	0.39819382	0.15614863	-0.39214227
2.55259489	0.39758897	0.15575874	-0.39175821
2.55509489	0.39698467	0.15536983	-0.39137490
2.55759488	0.39638091	0.15498190	-0.39099234
2.56009488	0.39577768	0.15459493	-0.39061052
2.56259487	0.39517500	0.15420892	-0.39022945
2.56509487	0.39457286	0.15382388	-0.38984913
2.56759486	0.39397126	0.15343981	-0.38946954
2.57009486	0.39337020	0.15305669	-0.38909070
2.57259485	0.39276969	0.15267452	-0.38871259
2.57509485	0.39216973	0.15229332	-0.38833521
2.57759484	0.39157032	0.15191306	-0.38795857
2.58009484	0.39097145	0.15153375	-0.38758265
2.58259483	0.39037313	0.15115539	-0.38720747
2.58509483	0.38977537	0.15077798	-0.38683300
2.58759483	0.38917815	0.15040150	-0.38645927
2.59009482	0.38858149	0.15002597	-0.38608625
2.59259481	0.38798538	0.14965138	-0.38571396
2.59509481	0.38738982	0.14927772	-0.38534238
2.59759480	0.38679482	0.14890499	-0.38497151
2.60009480	0.38620038	0.14853319	-0.38460136
2.60259479	0.38560649	0.14816232	-0.38423192
2.60509479	0.38501316	0.14779238	-0.38386319
2.60759478	0.38442039	0.14742336	-0.38349517
2.61009478	0.38382818	0.14705527	-0.38312785
2.61259477	0.38323653	0.14668809	-0.38276123
2.61509477	0.38264545	0.14632183	-0.38239532
2.61759476	0.38205492	0.14595648	-0.38203010
2.62009476	0.38146496	0.14559205	-0.38166559
2.62259475	0.38087556	0.14522852	-0.38130176
2.62509475	0.38028673	0.14486591	-0.38093863
2.62759474	0.37969846	0.14450419	-0.38057619
2.63009474	0.37911076	0.14414339	-0.38021444
2.63259473	0.37852363	0.14378348	-0.37985338
2.63509473	0.37793707	0.14342447	-0.37949300
2.63759473	0.37735107	0.14306636	-0.37913330
2.64009472	0.37676565	0.14270914	-0.37877429
2.64259471	0.37618079	0.14235281	-0.37841595
2.64509471	0.37559651	0.14199738	-0.37805830
2.64759470	0.37501280	0.14164283	-0.37770131
2.65009470	0.37442967	0.14128917	-0.37734501
2.65259469	0.37384711	0.14093638	-0.37698937
2.65509469	0.37326512	0.14058448	-0.37663440
2.65759468	0.37268371	0.14023346	-0.37628010
2.66009468	0.37210287	0.13988332	-0.37592647
2.66259467	0.37152261	0.13953405	-0.37557350
2.66509467	0.37094293	0.13918565	-0.37522119
2.66759466	0.37036383	0.13883812	-0.37486955
2.67009466	0.36978531	0.13849146	-0.37451856
2.67259465	0.36920737	0.13814567	-0.37416823
2.67509465	0.36863001	0.13780073	-0.37381855
2.67759464	0.36805323	0.13745666	-0.37346952
2.68009464	0.36747703	0.13711345	-0.37312115
2.68259463	0.36690141	0.13677110	-0.37277343
2.68509463	0.36632638	0.13642960	-0.37242635
2.68759463	0.36575193	0.13608895	-0.37207992
2.69009462	0.36517807	0.13574916	-0.37173414
2.69259461	0.36460479	0.13541021	-0.37138899
2.69509461	0.36403210	0.13507211	-0.37104449
2.69759460	0.36346000	0.13473485	-0.37070062
2.70009460	0.36288848	0.13439843	-0.37035739
2.70259459	0.36231755	0.13406286	-0.37001480
2.70509459	0.36174721	0.13372812	-0.36967284
2.70759458	0.36117746	0.13339422	-0.36933151
2.71009458	0.36060830	0.13306115	-0.36899081
2.71259457	0.36003973	0.13272891	-0.36865074
2.71509457	0.35947175	0.13239751	-0.36831130
2.71759456	0.35890436	0.13206693	-0.36797248
2.72009456	0.35833757	0.13173717	-0.36763428
2.72259455	0.35777137	0.13140824	-0.36729670
2.72509455	0.35720576	0.13108013	-0.36695974
2.72759454	0.35664074	0.13075284	-0.36662341
2.73009454	0.35607632	0.13042637	-0.36628768
2.73259454	0.35551250	0.13010071	-0.36595257
2.73509453	0.35494927	0.12977587	-0.36561808
2.73759453	0.35438664	0.12945184	-0.36528419
2.74009452	0.35382460	0.12912861	-0.36495091
2.74259451	0.35326316	0.12880619	-0.36461825
2.74509451	0.35270232	0.12848458	-0.36428618
2.74759450	0.35214208	0.12816377	-0.36395472
2.75009450	0.35158243	0.12784376	-0.36362387
2.75259449	0.35102339	0.12752455	-0.36329361
2.75509449	0.35046494	0.12720614	-0.36296396
2.75759448	0.34990710	0.12688853	-0.36263490
2.76009448	0.34934985	0.12657170	-0.36230644
2.76259447	0.34879321	0.12625567	-0.36197857
2.76509447	0.34823717	0.12594042	-0.36165130
2.76759446	0.34768173	0.12562597	-0.36132461
2.77009446	0.34712690	0.12531230	-0.36099852
2.77259445	0.34657266	0.12499941	-0.36067301
2.77509445	0.34601903	0.12468730	-0.36034810
2.77759444	0.34546601	0.12437597	-0.36002376
2.78009444	0.34491359	0.12406542	-0.35970001
2.78259444	0.34436177	0.12375565	-0.35937684
2.78509443	0.34381056	0.12344664	-0.35905425
2.78759442	0.34325996	0.12313841	-0.35873224
2.79009442	0.34270996	0.12283095	-0.35841081
2.79259441	0.34216057	0.12252426	-0.35808995
2.79509441	0.34161178	0.12221833	-0.35776967
2.79759440	0.34106360	0.12191317	-0.35744996
2.80009440	0.34051603	0.12160877	-0.35713082
2.80259439	0.33996907	0.12130513	-0.35681225
2.80509439	0.33942272	0.12100224	-0.35649424
2.80759438	0.33887697	0.12070012	-0.35617681
2.81009438	0.33833184	0.12039875	-0.35585993
2.81259437	0.33778731	0.12009813	-0.35554363
2.81509437	0.33724340	0.11979826	-0.35522788
2.81759436	0.33670009	0.11949914	-0.35491269
2.82009436	0.33615740	0.11920076	-0.35459806
2.82259435	0.33561531	0.11890313	-0.35428399
2.82509435	0.33507384	0.11860625	-0.35397048
2.82759434	0.33453298	0.11831010	-0.35365752
2.83009434	0.33399273	0.11801470	-0.35334511
2.83259434	0.33345309	0.11772003	-0.35303326
2.83509433	0.33291407	0.11742610	-0.35272195
2.83759432	0.33237566	0.11713290	-0.35241119
2.84009432	0.33183786	0.11684044	-0.35210098
2.84259431	0.33130067	0.11654870	-0.35179132
2.84509431	0.33076410	0.11625769	-0.35148220
2.84759430	0.33022815	0.11596741	-0.35117362
2.85009430	0.32969280	0.11567786	-0.35086558
2.85259429	0.32915808	0.11538903	-0.35055809
2.85509429	0.32862396	0.11510091	-0.35025113
2.85759428	0.32809046	0.11481352	-0.34994471
2.86009428	0.32755758	0.11452685	-0.34963882
2.86259427	0.32702531	0.11424089	-0.34933347
2.86509427	0.32649366	0.11395564	-0.34902866
2.86759426	0.32596263	0.11367111	-0.34872437
2.87009426	0.32543221	0.11338729	-0.34842061
2.87259425	0.32490241	0.11310418	-0.34811738
2.87509425	0.32437322	0.11282177	-0.34781468
2.87759424	0.32384466	0.11254007	-0.34751251
2.88009424	0.32331670	0.11225907	-0.34721086
2.88259424	0.32278937	0.11197877	-0.34690973
2.88509423	0.32226266	0.11169918	-0.34660913
2.88759422	0.32173656	0.11142028	-0.34630905
2.89009422	0.32121108	0.11114208	-0.34600948
2.89259421	0.32068622	0.11086457	-0.34571043
2.89509421	0.32016197	0.11058776	-0.34541190
2.89759420	0.31963835	0.11031163	-0.34511389
2.90009420	0.31911534	0.11003620	-0.34481639
2.90259419	0.31859296	0.10976145	-0.34451940
2.90509419	0.31807119	0.10948739	-0.34422292
2.90759418	0.31755004	0.10921402	-0.34392695
2.91009418	0.31702951	0.10894132	-0.34363149
2.91259417	0.31650961	0.10866931	-0.34333654
2.91509417	0.31599032	0.10839798	-0.34304209
2.91759416	0.31547165	0.10812732	-0.34274815
2.92009416	0.31495360	0.10785734	-0.34245471
2.92259415	0.31443617	0.10758804	-0.34216177
2.92509415	0.31391936	0.10731940	-0.34186934
2.92759414	0.31340317	0.10705144	-0.34157740
2.93009414	0.31288761	0.10678415	-0.34128596
2.93259413	0.31237266	0.10651752	-0.34099502
2.93509413	0.31185834	0.10625156	-0.34070458
2.93759412	0.31134463	0.10598627	-0.34041462
2.94009412	0.31083155	0.10572163	-0.34012517
2.94259411	0.31031909	0.10545766	-0.33983620
2.94509411	0.30980724	0.10519434	-0.33954772
2.94759410	0.30929602	0.10493169	-0.33925974
2.95009410	0.30878543	0.10466969	-0.33897224
2.95259409	0.30827545	0.10440834	-0.33868523
2.95509409	0.30776609	0.10414765	-0.33839870
2.95759408	0.30725736	0.10388760	-0.33811266
2.96009408	0.30674925	0.10362821	-0.33782710
2.96259407	0.30624176	0.10336946	-0.33754202
2.96509407	0.30573489	0.10311136	-0.33725743
2.96759406	0.30522865	0.10285391	-0.33697331
2.97009406	0.30472302	0.10259709	-0.33668967
2.97259405	0.30421802	0.10234092	-0.33640651
2.97509405	0.30371364	0.10208539	-0.33612383
2.97759404	0.30320988	0.10183050	-0.33584162
2.98009404	0.30270675	0.10157624	-0.33555988
2.98259403	0.30220423	0.10132262	-0.33527862
2.98509403	0.30170234	0.10106963	-0.33499782
2.98759402	0.30120107	0.10081727	-0.33471750
2.99009402	0.30070043	0.10056554	-0.33443764
2.99259401	0.30020040	0.10031444	-0.33415826
2.99509401	0.29970100	0.10006397	-0.33387934
2.99759400	0.29920222	0.09981412	-0.33360088
3.00009400	0.29870406	0.09956490	-0.33332289
3.00259399	0.29820653	0.09931630	-0.33304536
3.00509399	0.29770962	0.09906832	-0.33276829
3.00759398	0.29721333	0.09882096	-0.33249169
3.01009398	0.29671766	0.09857422	-0.33221554
3.01259397	0.29622261	0.09832809	-0.33193985
3.01509397	0.29572819	0.09808258	-0.33166462
3.01759396	0.29523439	0.09783768	-0.33138985
3.02009396	0.29474121	0.09759339	-0.33111553
3.02259395	0.29424865	0.09734971	-0.33084166
3.02509395	0.29375672	0.09710664	-0.33056825
3.02759394	0.29326541	0.09686418	-0.33029528
3.03009394	0.29277472	0.09662232	-0.33002277
3.03259393	0.29228465	0.09638107	-0.32975071
3.03509393	0.29179520	0.09614042	-0.32947909
3.03759392	0.29130638	0.09590037	-0.32920793
3.04009392	0.29081818	0.09566092	-0.32893721
3.04259391	0.29033060	0.09542207	-0.32866693
3.04509391	0.28984364	0.09518381	-0.32839710
3.04759390	0.28935730	0.09494615	-0.32812771
3.05009390	0.28887158	0.09470908	-0.32785876
3.05259389	0.28838649	0.09447260	-0.32759025
3.05509389	0.28790202	0.09423672	-0.32732218
3.05759388	0.28741817	0.09400142	-0.32705455
3.06009388	0.28693494	0.09376671	-0.32678736
3.06259387	0.28645233	0.09353259	-0.32652060
3.06509387	0.28597034	0.09329905	-0.32625428
3.06759386	0.28548898	0.09306609	-0.32598839
3.07009386	0.28500823	0.09283372	-0.32572294
3.07259385	0.28452811	0.09260193	-0.32545792
3.07509385	0.28404861	0.09237071	-0.32519333
3.07759384	0.28356972	0.09214007	-0.32492917
3.08009384	0.28309146	0.09191001	-0.32466543
3.08259383	0.28261382	0.09168052	-0.32440213
3.08509383	0.28213680	0.09145161	-0.32413925
3.08759382	0.28166040	0.09122327	-0.32387680
3.09009382	0.28118462	0.09099549	-0.32361477
3.09259381	0.28070945	0.09076829	-0.32335317
3.09509381	0.28023491	0.09054165	-0.32309198
3.09759380	0.27976099	0.09031558	-0.32283122
3.10009380	0.27928769	0.09009008	-0.32257088
3.10259379	0.27881501	0.08986513	-0.32231096
3.10509379	0.27834294	0.08964075	-0.32205146
3.10759378	0.27787150	0.08941693	-0.32179238
3.11009378	0.27740067	0.08919367	-0.32153371
3.11259377	0.27693047	0.08897096	-0.32127546
3.11509377	0.27646088	0.08874881	-0.32101762
3.11759376	0.27599191	0.08852722	-0.32076020
3.12009376	0.27552356	0.08830618	-0.32050319
3.12259375	0.27505583	0.08808569	-0.32024659
3.12509375	0.27458871	0.08786575	-0.31999040
3.12759374	0.27412222	0.08764636	-0.31973462
3.13009374	0.27365634	0.08742752	-0.31947925
3.13259373	0.27319107	0.08720923	-0.31922429
3.13509373	0.27272643	0.08699148	-0.31896973
3.13759372	0.27226240	0.08677427	-0.31871558
3.14009372	0.27179899	0.08655761	-0.31846183
3.14259371	0.27133620	0.08634148	-0.31820849
3.14509371	0.27087402	0.08612590	-0.31795555
3.14759370	0.27041246	0.08591085	-0.31770301
3.15009370	0.26995152	0.08569635	-0.31745087
3.15259369	0.26949119	0.08548237	-0.31719914
3.15509369	0.26903148	0.08526893	-0.31694780
3.15759368	0.26857238	0.08505603	-0.31669686
3.16009368	0.26811390	0.08484366	-0.31644631
3.16259367	0.26765603	0.08463181	-0.31619617
3.16509367	0.26719878	0.08442050	-0.31594642
3.16759366	0.26674214	0.08420971	-0.31569706
3.17009366	0.26628612	0.08399945	-0.31544809
3.17259365	0.26583071	0.08378971	-0.31519952
3.17509365	0.26537592	0.08358050	-0.31495134
3.17759364	0.26492174	0.08337181	-0.31470355
3.18009364	0.26446817	0.08316364	-0.31445615
3.18259363	0.26401522	0.08295599	-0.31420914
3.18509363	0.26356288	0.08274886	-0.31396251
3.18759362	0.26311115	0.08254225	-0.31371628
3.19009362	0.26266004	0.08233615	-0.31347042
3.19259361	0.26220954	0.08213057	-0.31322496
3.19509361	0.26175965	0.08192550	-0.31297988
3.19759360	0.26131037	0.08172094	-0.31273518
3.20009360	0.26086170	0.08151690	-0.31249086
3.20259359	0.26041365	0.08131336	-0.31224692
3.20509359	0.25996621	0.08111033	-0.31200337
3.20759358	0.25951937	0.08090781	-0.31176019
3.21009358	0.25907315	0.08070579	-0.31151740
3.21259357	0.25862754	0.08050428	-0.31127498
3.21509357	0.25818254	0.08030327	-0.31103294
3.21759356	0.25773815	0.08010277	-0.31079127
3.22009356	0.25729436	0.07990276	-0.31054998
3.22259355	0.25685119	0.07970325	-0.31030907
3.22509355	0.25640863	0.07950424	-0.31006852
3.22759354	0.25596667	0.07930573	-0.30982836
3.23009354	0.25552533	0.07910772	-0.30958856
3.23259353	0.25508459	0.07891020	-0.30934913
3.23509353	0.25464446	0.07871317	-0.30911007
3.23759352	0.25420493	0.07851663	-0.30887139
3.24009352	0.25376602	0.07832058	-0.30863307
3.24259351	0.25332771	0.07812503	-0.30839512
3.24509351	0.25289001	0.07792996	-0.30815753
3.24759350	0.25245291	0.07773538	-0.30792031
3.25009350	0.25201642	0.07754128	-0.30768346
3.25259349	0.25158054	0.07734767	-0.30744697
3.25509349	0.25114526	0.07715455	-0.30721084
3.25759348	0.25071059	0.07696190	-0.30697507
3.26009348	0.25027652	0.07676974	-0.30673967
3.26259347	0.24984306	0.07657805	-0.30650463
3.26509347	0.24941020	0.07638685	-0.30626995
3.26759346	0.24897794	0.07619612	-0.30603562
3.27009346	0.24854629	0.07600587	-0.30580166
3.27259345	0.24811525	0.07581609	-0.30556805
3.27509345	0.24768480	0.07562679	-0.30533480
3.27759344	0.24725496	0.07543796	-0.30510190
3.28009344	0.24682572	0.07524960	-0.30486936
3.28259343	0.24639708	0.07506171	-0.30463718
3.28509343	0.24596904	0.07487429	-0.30440535
3.28759342	0.24554161	0.07468734	-0.30417387
3.29009342	0.24511478	0.07450086	-0.30394274
3.29259341	0.24468854	0.07431484	-0.30371196
3.29509341	0.24426291	0.07412928	-0.30348153
3.29759340	0.24383788	0.07394419	-0.30325146
3.30009340	0.24341345	0.07375956	-0.30302173
3.30259339	0.24298961	0.07357539	-0.30279235
3.30509339	0.24256638	0.07339169	-0.30256331
3.30759338	0.24214374	0.07320844	-0.30233462
3.31009338	0.24172170	0.07302564	-0.30210628
3.31259337	0.24130026	0.07284331	-0.30187828
3.31509337	0.24087942	0.07266143	-0.30165063
3.31759336	0.24045918	0.07248000	-0.30142332
3.32009336	0.24003953	0.07229903	-0.30119635
3.32259335	0.23962048	0.07211851	-0.30096972
3.32509335	0.23920202	0.07193844	-0.30074344
3.32759334	0.23878416	0.07175882	-0.30051749
3.33009334	0.23836690	0.07157964	-0.30029188
3.33259333	0.23795023	0.07140092	-0.30006661
3.33509333	0.23753415	0.07122264	-0.29984168
3.33759332	0.23711867	0.07104481	-0.29961709
3.34009332	0.23670379	0.07086742	-0.29939283
3.34259331	0.23628949	0.07069047	-0.29916891
3.34509331	0.23587580	0.07051397	-0.29894532
3.34759330	0.23546269	0.07033790	-0.29872207
3.35009330	0.23505017	0.07016228	-0.29849915
3.35259329	0.23463825	0.06998709	-0.29827656
3.35509329	0.23422692	0.06981234	-0.29805431
3.35759328	0.23381618	0.06963803	-0.29783238
3.36009328	0.23340603	0.06946415	-0.29761079
3.36259327	0.23299648	0.06929071	-0.29738952
3.36509327	0.23258751	0.06911770	-0.29716858
3.36759326	0.23217913	0.06894512	-0.29694797
3.37009326	0.23177134	0.06877298	-0.29672769
3.37259325	0.23136414	0.06860126	-0.29650774
3.37509325	0.23095753	0.06842997	-0.29628811
3.37759324	0.23055150	0.06825911	-0.29606881
3.38009324	0.23014607	0.06808867	-0.29584983
3.38259323	0.22974122	0.06791867	-0.29563117
3.38509323	0.22933696	0.06774908	-0.29541284
3.38759322	0.22893328	0.06757992	-0.29519483
3.39009322	0.22853019	0.06741118	-0.29497714
3.39259321	0.22812769	0.06724287	-0.29475977
3.39509321	0.22772577	0.06707497	-0.29454272
3.39759320	0.22732444	0.06690749	-0.29432599
3.40009320	0.22692369	0.06674043	-0.29410958
3.40259319	0.22652353	0.06657379	-0.29389349
3.40509319	0.22612395	0.06640756	-0.29367772
3.40759318	0.22572495	0.06624175	-0.29346226
3.41009318	0.22532653	0.06607636	-0.29324712
3.41259317	0.22492870	0.06591137	-0.29303229
3.41509317	0.22453145	0.06574680	-0.29281778
3.41759316	0.22413478	0.06558264	-0.29260358
3.42009316	0.22373869	0.06541889	-0.29238970
3.42259315	0.22334318	0.06525555	-0.29217612
3.42509315	0.22294825	0.06509261	-0.29196286
3.42759314	0.22255391	0.06493008	-0.29174991
3.43009314	0.22216014	0.06476796	-0.29153727
3.43259313	0.22176695	0.06460624	-0.29132494
3.43509313	0.22137434	0.06444493	-0.29111292
3.43759312	0.22098230	0.06428402	-0.29090121
3.44009312	0.22059085	0.06412351	-0.29068981
3.44259311	0.22019997	0.06396340	-0.29047871
3.44509311	0.21980967	0.06380369	-0.29026792
3.44759310	0.21941994	0.06364438	-0.29005743
3.45009310	0.21903079	0.06348547	-0.28984725
3.45259309	0.21864222	0.06332696	-0.28963737
3.45509309	0.21825422	0.06316884	-0.28942780
3.45759308	0.21786679	0.06301111	-0.28921853
3.46009308	0.21747994	0.06285378	-0.28900957
3.46259307	0.21709367	0.06269685	-0.28880090
3.46509307	0.21670796	0.06254030	-0.28859254
3.46759306	0.21632283	0.06238415	-0.28838447
3.47009306	0.21593827	0.06222838	-0.28817671
3.47259305	0.21555428	0.06207300	-0.28796924
3.47509305	0.21517087	0.06191802	-0.28776208
3.47759304	0.21478802	0.06176341	-0.28755521
3.48009304	0.21440575	0.06160920	-0.28734864
3.48259303	0.21402404	0.06145537	-0.28714236
3.48509303	0.21364291	0.06130192	-0.28693639
3.48759302	0.21326234	0.06114886	-0.28673070
3.49009302	0.21288234	0.06099618	-0.28652531
3.49259301	0.21250291	0.06084388	-0.28632022
3.49509301	0.21212405	0.06069196	-0.28611542
3.49759300	0.21174575	0.06054042	-0.28591091
3.50009300	0.21136802	0.06038926	-0.28570669
3.50259299	0.21099086	0.06023848	-0.28550277
3.50509299	0.21061426	0.06008807	-0.28529914
3.50759298	0.21023823	0.05993804	-0.28509579
3.51009298	0.20986277	0.05978838	-0.28489274
3.51259297	0.20948786	0.05963909	-0.28468997
3.51509297	0.20911353	0.05949018	-0.28448750
3.51759296	0.20873975	0.05934164	-0.28428531
3.52009296	0.20836654	0.05919348	-0.28408341
3.52259295	0.20799389	0.05904568	-0.28388179
3.52509295	0.20762180	0.05889825	-0.28368046
3.52759294	0.20725027	0.05875119	-0.28347942
3.53009294	0.20687931	0.05860449	-0.28327866
3.53259293	0.20650890	0.05845816	-0.28307819
3.53509293	0.20613905	0.05831220	-0.28287799
3.53759292	0.20576977	0.05816660	-0.28267809
3.54009292	0.20540104	0.05802137	-0.28247846
3.54259291	0.20503287	0.05787650	-0.28227912
3.54509291	0.20466526	0.05773199	-0.28208005
3.54759290	0.20429821	0.05758784	-0.28188127
3.55009290	0.20393171	0.05744405	-0.28168277
3.55259289	0.20356577	0.05730062	-0.28148455
3.55509289	0.20320039	0.05715755	-0.28128660
3.55759288	0.20283556	0.05701483	-0.28108894
3.56009288	0.20247129	0.05687247	-0.28089155
3.56259287	0.20210757	0.05673047	-0.28069444
3.56509287	0.20174440	0.05658882	-0.28049760
3.56759286	0.20138179	0.05644753	-0.28030104
3.57009286	0.20101974	0.05630658	-0.28010476
3.57259285	0.20065823	0.05616599	-0.27990875
3.57509285	0.20029728	0.05602576	-0.27971302
3.57759284	0.19993687	0.05588587	-0.27951755
3.58009284	0.19957702	0.05574633	-0.27932237
3.58259283	0.19921772	0.05560713	-0.27912745
3.58509283	0.19885897	0.05546829	-0.27893281
3.58759282	0.19850077	0.05532979	-0.27873843
3.59009282	0.19814312	0.05519164	-0.27854433
3.59259281	0.19778602	0.05505384	-0.27835050
3.59509281	0.19742946	0.05491637	-0.27815694
3.59759280	0.19707345	0.05477926	-0.27796364
3.60009280	0.19671799	0.05464248	-0.27777062
3.60259279	0.19636308	0.05450604	-0.27757786
3.60509279	0.19600871	0.05436995	-0.27738537
3.60759278	0.19565489	0.05423419	-0.27719315
3.61009278	0.19530161	0.05409878	-0.27700119
3.61259277	0.19494888	0.05396370	-0.27680950
3.61509277	0.19459669	0.05382896	-0.27661807
3.61759276	0.19424504	0.05369456	-0.27642691
3.62009276	0.19389394	0.05356049	-0.27623602
3.62259275	0.19354337	0.05342675	-0.27604538
3.62509275	0.19319335	0.05329335	-0.27585501
3.62759274	0.19284388	0.05316029	-0.27566490
3.63009274	0.19249494	0.05302755	-0.27547506
3.63259273	0.19214654	0.05289515	-0.27528547
3.63509273	0.19179868	0.05276308	-0.27509615
3.63759272	0.19145137	0.05263134	-0.27490708
3.64009272	0.19110459	0.05249992	-0.27471828
3.64259271	0.19075834	0.05236884	-0.27452973
3.64509271	0.19041264	0.05223808	-0.27434144
3.64759270	0.19006747	0.05210765	-0.27415342
3.65009270	0.18972284	0.05197754	-0.27396564
3.65259269	0.18937875	0.05184776	-0.27377813
3.65509269	0.18903519	0.05171830	-0.27359087
3.65759268	0.18869217	0.05158917	-0.27340387
3.66009268	0.18834968	0.05146036	-0.27321713
3.66259267	0.18800772	0.05133187	-0.27303063
3.66509267	0.18766630	0.05120370	-0.27284440
3.66759266	0.18732541	0.05107585	-0.27265841
3.67009266	0.18698506	0.05094832	-0.27247268
3.67259265	0.18664523	0.05082111	-0.27228721
3.67509265	0.18630594	0.05069422	-0.27210198
3.67759264	0.18596717	0.05056764	-0.27191701
3.68009264	0.18562894	0.05044138	-0.27173229
3.68259263	0.18529124	0.05031543	-0.27154782
3.68509263	0.18495407	0.05018980	-0.27136360
3.68759262	0.18461742	0.05006448	-0.27117963
3.69009262	0.18428130	0.04993948	-0.27099591
3.69259261	0.18394571	0.04981479	-0.27081244
3.69509261	0.18361065	0.04969041	-0.27062921
3.69759260	0.18327611	0.04956633	-0.27044624
3.70009260	0.18294210	0.04944257	-0.27026351
3.70259259	0.18260862	0.04931912	-0.27008102
3.70509259	0.18227566	0.04919598	-0.26989879
3.70759258	0.18194322	0.04907314	-0.26971680
3.71009258	0.18161131	0.04895061	-0.26953505
3.71259257	0.18127992	0.04882839	-0.26935355
3.71509257	0.18094905	0.04870647	-0.26917230
3.71759256	0.18061871	0.04858486	-0.26899128
3.72009256	0.18028889	0.04846355	-0.26881052
3.72259255	0.17995959	0.04834254	-0.26862999
3.72509255	0.17963080	0.04822184	-0.26844971
3.72759254	0.17930254	0.04810143	-0.26826966
3.73009254	0.17897480	0.04798133	-0.26808986
3.73259253	0.17864758	0.04786153	-0.26791030
3.73509253	0.17832087	0.04774202	-0.26773098
3.73759252	0.17799468	0.04762282	-0.26755190
3.74009252	0.17766901	0.04750391	-0.26737306
3.74259251	0.17734386	0.04738530	-0.26719446
3.74509251	0.17701922	0.04726698	-0.26701610
3.74759250	0.17669510	0.04714896	-0.26683798
3.75009250	0.17637150	0.04703124	-0.26666009
3.75259249	0.17604840	0.04691381	-0.26648244
3.75509249	0.17572582	0.04679667	-0.26630503
3.75759248	0.17540376	0.04667982	-0.26612785
3.76009248	0.17508221	0.04656327	-0.26595091
3.76259247	0.17476117	0.04644701	-0.26577420
3.76509247	0.17444064	0.04633104	-0.26559773
3.76759246	0.17412062	0.04621535	-0.26542149
3.77009246	0.17380111	0.04609996	-0.26524548
3.77259245	0.17348212	0.04598485	-0.26506971
3.77509245	0.17316363	0.04587004	-0.26489417
3.77759244	0.17284565	0.04575551	-0.26471887
3.78009244	0.17252818	0.04564126	-0.26454380
3.78259243	0.17221122	0.04552730	-0.26436895
3.78509243	0.17189476	0.04541362	-0.26419434
3.78759242	0.17157881	0.04530023	-0.26401996
3.79009242	0.17126337	0.04518712	-0.26384581
3.79259241	0.17094844	0.04507430	-0.26367189
3.79509241	0.17063400	0.04496175	-0.26349820
3.79759240	0.17032008	0.04484949	-0.26332473
3.80009240	0.17000665	0.04473750	-0.26315150
3.80259239	0.16969373	0.04462580	-0.26297849
3.80509239	0.16938131	0.04451438	-0.26280571
3.80759238	0.16906940	0.04440323	-0.26263315
3.81009238	0.16875799	0.04429236	-0.26246083
3.81259237	0.16844707	0.04418177	-0.26228873
3.81509237	0.16813666	0.04407145	-0.26211685
3.81759236	0.16782675	0.04396141	-0.26194520
3.82009236	0.16751734	0.04385165	-0.26177378
3.82259235	0.16720842	0.04374215	-0.26160257
3.82509235	0.16690001	0.04363294	-0.26143160
3.82759234	0.16659209	0.04352399	-0.26126084
3.83009234	0.16628467	0.04341532	-0.26109031
3.83259233	0.16597774	0.04330691	-0.26092000
3.83509233	0.16567132	0.04319878	-0.26074992
3.83759232	0.16536538	0.04309092	-0.26058005
3.84009232	0.16505995	0.04298333	-0.26041041
3.84259231	0.16475500	0.04287600	-0.26024098
3.84509231	0.16445055	0.04276895	-0.26007178
3.84759230	0.16414660	0.04266216	-0.25990280
3.85009230	0.16384313	0.04255564	-0.25973403
3.85259229	0.16354016	0.04244938	-0.25956549
3.85509229	0.16323768	0.04234339	-0.25939716
3.85759228	0.16293569	0.04223767	-0.25922905
3.86009228	0.16263419	0.04213220	-0.25906116
3.86259227	0.16233318	0.04202700	-0.25889349
3.86509227	0.16203266	0.04192207	-0.25872604
3.86759226	0.16173263	0.04181739	-0.25855880
3.87009226	0.16143309	0.04171298	-0.25839177
3.87259225	0.16113403	0.04160883	-0.25822497
3.87509225	0.16083546	0.04150494	-0.25805837
3.87759224	0.16053738	0.04140131	-0.25789200
3.88009224	0.16023979	0.04129793	-0.25772583
3.88259223	0.15994268	0.04119482	-0.25755988
3.88509223	0.15964605	0.04109196	-0.25739415
3.88759222	0.15934991	0.04098936	-0.25722862
3.89009222	0.15905425	0.04088701	-0.25706331
3.89259221	0.15875907	0.04078492	-0.25689822
3.89509221	0.15846438	0.04068309	-0.25673333
3.89759220	0.15817017	0.04058151	-0.25656866
3.90009220	0.15787644	0.04048018	-0.25640419
3.90259219	0.15758319	0.04037911	-0.25623994
3.90509219	0.15729042	0.04027829	-0.25607590
3.90759218	0.15699813	0.04017772	-0.25591207
3.91009218	0.15670632	0.04007740	-0.25574845
3.91259217	0.15641499	0.03997733	-0.25558503
3.91509217	0.15612413	0.03987751	-0.25542183
3.91759216	0.15583376	0.03977794	-0.25525883
3.92009216	0.15554385	0.03967862	-0.25509604
3.92259215	0.15525443	0.03957955	-0.25493346
3.92509215	0.15496548	0.03948072	-0.25477109
3.92759214	0.15467701	0.03938215	-0.25460892
3.93009214	0.15438901	0.03928381	-0.25444696
3.93259213	0.15410148	0.03918573	-0.25428521
3.93509213	0.15381443	0.03908789	-0.25412366
3.93759212	0.15352785	0.03899029	-0.25396231
3.94009212	0.15324175	0.03889294	-0.25380117
3.94259211	0.15295611	0.03879582	-0.25364024
3.94509211	0.15267095	0.03869896	-0.25347951
3.94759210	0.15238625	0.03860233	-0.25331898
3.95009210	0.15210203	0.03850595	-0.25315865
3.95259209	0.15181827	0.03840980	-0.25299853
3.95509209	0.15153499	0.03831390	-0.25283861
3.95759208	0.15125217	0.03821823	-0.25267890
3.96009208	0.15096982	0.03812281	-0.25251938
3.96259207	0.15068794	0.03802762	-0.25236007
3.96509207	0.15040652	0.03793267	-0.25220095
3.96759206	0.15012557	0.03783795	-0.25204204
3.97009206	0.14984508	0.03774348	-0.25188333
3.97259205	0.14956506	0.03764924	-0.25172481
3.97509205	0.14928551	0.03755523	-0.25156650
3.97759204	0.14900641	0.03746146	-0.25140839
3.98009204	0.14872778	0.03736793	-0.25125047
3.98259203	0.14844962	0.03727462	-0.25109275
3.98509203	0.14817191	0.03718155	-0.25093523
3.98759202	0.14789467	0.03708872	-0.25077791
3.99009202	0.14761788	0.03699611	-0.25062079
3.99259201	0.14734156	0.03690374	-0.25046386
3.99509201	0.14706570	0.03681159	-0.25030713
3.99759200	0.14679029	0.03671968	-0.25015059
4.00009200	0.14651534	0.03662799	-0.24999425
4.00259199	0.14624086	0.03653654	-0.24983811
4.00509199	0.14596682	0.03644531	-0.24968216
4.00759198	0.14569325	0.03635431	-0.24952640
4.01009198	0.14542013	0.03626354	-0.24937084
4.01259197	0.14514747	0.03617299	-0.24921547
4.01509197	0.14487526	0.03608268	-0.24906030
4.01759196	0.14460351	0.03599258	-0.24890532
4.02009196	0.14433221	0.03590271	-0.24875053
4.02259195	0.14406136	0.03581307	-0.24859593
4.02509195	0.14379097	0.03572365	-0.24844153
4.02759194	0.14352103	0.03563445	-0.24828732
4.03009194	0.14325154	0.03554548	-0.24813330
4.03259193	0.14298250	0.03545672	-0.24797947
4.03509193	0.14271391	0.03536819	-0.24782583
4.03759192	0.14244577	0.03527988	-0.24767238
4.04009192	0.14217808	0.03519179	-0.24751912
4.04259191	0.14191084	0.03510392	-0.24736605
4.04509191	0.14164405	0.03501627	-0.24721317
4.04759190	0.14137770	0.03492884	-0.24706048
4.05009190	0.14111181	0.03484163	-0.24690798
4.05259189	0.14084635	0.03475464	-0.24675566
4.05509189	0.14058135	0.03466786	-0.24660354
4.05759188	0.14031679	0.03458130	-0.24645160
4.06009188	0.14005267	0.03449495	-0.24629984
4.06259187	0.13978900	0.03440882	-0.24614828
4.06509187	0.13952577	0.03432291	-0.24599690
4.06759186	0.13926299	0.03423721	-0.24584571
4.07009186	0.13900065	0.03415172	-0.24569470
4.07259185	0.13873875	0.03406645	-0.24554388
4.07509185	0.13847729	0.03398139	-0.24539324
4.07759184	0.13821627	0.03389654	-0.24524279
4.08009184	0.13795569	0.03381191	-0.24509252
4.08259183	0.13769555	0.03372748	-0.24494244
4.08509183	0.13743585	0.03364327	-0.24479254
4.08759182	0.13717659	0.03355927	-0.24464282
4.09009182	0.13691777	0.03347547	-0.24449329
4.09259181	0.13665938	0.03339189	-0.24434394
4.09509181	0.13640143	0.03330852	-0.24419477
4.09759180	0.13614392	0.03322535	-0.24404578
4.10009180	0.13588684	0.03314239	-0.24389698
4.10259179	0.13563020	0.03305964	-0.24374835
4.10509179	0.13537399	0.03297709	-0.24359991
4.10759178	0.13511821	0.03289475	-0.24345165
4.11009178	0.13486287	0.03281262	-0.24330357
4.11259177	0.13460796	0.03273069	-0.24315567
4.11509177	0.13435349	0.03264896	-0.24300795
4.11759176	0.13409944	0.03256744	-0.24286040
4.12009176	0.13384583	0.03248613	-0.24271304
4.12259175	0.13359264	0.03240501	-0.24256586
4.12509175	0.13333989	0.03232410	-0.24241885
4.12759174	0.13308757	0.03224339	-0.24227202
4.13009174	0.13283567	0.03216289	-0.24212537
4.13259173	0.13258420	0.03208258	-0.24197890
4.13509173	0.13233317	0.03200247	-0.24183260
4.13759172	0.13208255	0.03192257	-0.24168648
4.14009172	0.13183237	0.03184286	-0.24154054
4.14259171	0.13158261	0.03176335	-0.24139478
4.14509171	0.13133327	0.03168404	-0.24124919
4.14759170	0.13108436	0.03160493	-0.24110377
4.15009170	0.13083588	0.03152602	-0.24095853
4.15259169	0.13058781	0.03144730	-0.24081347
4.15509169	0.13034018	0.03136878	-0.24066858
4.15759168	0.13009296	0.03129046	-0.24052386
4.16009168	0.12984616	0.03121233	-0.24037932
4.16259167	0.12959979	0.03113440	-0.24023495
4.16509167	0.12935384	0.03105666	-0.24009075
4.16759166	0.12910831	0.03097912	-0.23994673
4.17009166	0.12886319	0.03090177	-0.23980288
4.17259165	0.12861850	0.03082461	-0.23965921
4.17509165	0.12837423	0.03074764	-0.23951570
4.17759164	0.12813037	0.03067087	-0.23937237
4.18009164	0.12788693	0.03059429	-0.23922921
4.18259163	0.12764391	0.03051790	-0.23908621
4.18509163	0.12740130	0.03044170	-0.23894339
4.18759162	0.12715911	0.03036569	-0.23880075
4.19009162	0.12691734	0.03028987	-0.23865827
4.19259161	0.12667598	0.03021424	-0.23851596
4.19509161	0.12643503	0.03013880	-0.23837382
4.19759160	0.12619450	0.03006355	-0.23823185
4.20009160	0.12595438	0.02998848	-0.23809005
4.20259159	0.12571467	0.02991361	-0.23794841
4.20509159	0.12547537	0.02983892	-0.23780695
4.20759158	0.12523649	0.02976441	-0.23766565
4.21009158	0.12499801	0.02969009	-0.23752452
4.21259157	0.12475995	0.02961596	-0.23738356
4.21509157	0.12452229	0.02954201	-0.23724277
4.21759156	0.12428505	0.02946825	-0.23710214
4.22009156	0.12404821	0.02939467	-0.23696168
4.22259155	0.12381178	0.02932128	-0.23682139
4.22509155	0.12357576	0.02924807	-0.23668126
4.22759154	0.12334014	0.02917504	-0.23654130
4.23009154	0.12310494	0.02910219	-0.23640150
4.23259153	0.12287013	0.02902953	-0.23626187
4.23509153	0.12263573	0.02895704	-0.23612241
4.23759152	0.12240174	0.02888474	-0.23598310
4.24009152	0.12216815	0.02881262	-0.23584397
4.24259151	0.12193496	0.02874068	-0.23570499
4.24509151	0.12170218	0.02866892	-0.23556618
4.24759150	0.12146980	0.02859734	-0.23542754
4.25009150	0.12123782	0.02852593	-0.23528905
4.25259149	0.12100624	0.02845471	-0.23515073
4.25509149	0.12077506	0.02838366	-0.23501257
4.25759148	0.12054429	0.02831279	-0.23487458
4.26009148	0.12031391	0.02824209	-0.23473674
4.26259147	0.12008393	0.02817158	-0.23459907
4.26509147	0.11985435	0.02810124	-0.23446156
4.26759146	0.11962516	0.02803107	-0.23432421
4.27009146	0.11939638	0.02796108	-0.23418702
4.27259145	0.11916799	0.02789127	-0.23404999
4.27509145	0.11894000	0.02782163	-0.23391312
4.27759144	0.11871240	0.02775216	-0.23377642
4.28009144	0.11848520	0.02768287	-0.23363987
4.28259143	0.11825839	0.02761374	-0.23350348
4.28509143	0.11803197	0.02754480	-0.23336725
4.28759142	0.11780595	0.02747602	-0.23323118
4.29009142	0.11758033	0.02740742	-0.23309527
4.29259141	0.11735509	0.02733898	-0.23295951
4.29509141	0.11713025	0.02727072	-0.23282392
4.29759140	0.11690579	0.02720263	-0.23268848
4.30009140	0.11668173	0.02713471	-0.23255320
4.30259139	0.11645806	0.02706696	-0.23241807
4.30509139	0.11623478	0.02699938	-0.23228311
4.30759138	0.11601188	0.02693196	-0.23214830
4.31009138	0.11578938	0.02686472	-0.23201364
4.31259137	0.11556726	0.02679764	-0.23187914
4.31509137	0.11534553	0.02673073	-0.23174480
4.31759136	0.11512419	0.02666398	-0.23161062
4.32009136	0.11490323	0.02659741	-0.23147659
4.32259135	0.11468266	0.02653100	-0.23134271
4.32509135	0.11446248	0.02646475	-0.23120899
4.32759134	0.11424267	0.02639867	-0.23107542
4.33009134	0.11402326	0.02633276	-0.23094201
4.33259133	0.11380422	0.02626701	-0.23080875
4.33509133	0.11358557	0.02620143	-0.23067565
4.33759132	0.11336730	0.02613600	-0.23054270
4.34009132	0.11314942	0.02607075	-0.23040990
4.34259131	0.11293191	0.02600565	-0.23027725
4.34509131	0.11271479	0.02594072	-0.23014476
4.34759130	0.11249804	0.02587595	-0.23001242
4.35009130	0.11228168	0.02581134	-0.22988023
4.35259129	0.11206569	0.02574689	-0.22974820
4.35509129	0.11185008	0.02568260	-0.22961631
4.35759128	0.11163486	0.02561848	-0.22948458
4.36009128	0.11142000	0.02555451	-0.22935300
4.36259127	0.11120553	0.02549071	-0.22922157
4.36509127	0.11099143	0.02542706	-0.22909028
4.36759126	0.11077771	0.02536357	-0.22895915
4.37009126	0.11056436	0.02530024	-0.22882817
4.37259125	0.11035139	0.02523707	-0.22869734
4.37509125	0.11013879	0.02517406	-0.22856666
4.37759124	0.10992657	0.02511120	-0.22843613
4.38009124	0.10971472	0.02504850	-0.22830575
4.38259123	0.10950324	0.02498596	-0.22817551
4.38509123	0.10929213	0.02492357	-0.22804543
4.38759122	0.10908140	0.02486134	-0.22791549
4.39009122	0.10887103	0.02479926	-0.22778570
4.39259121	0.10866104	0.02473734	-0.22765606
4.39509121	0.10845141	0.02467558	-0.22752656
4.39759120	0.10824216	0.02461397	-0.22739722
4.40009120	0.10803327	0.02455251	-0.22726802
4.40259119	0.10782476	0.02449120	-0.22713896
4.40509119	0.10761661	0.02443005	-0.22701006
4.40759118	0.10740883	0.02436905	-0.22688130
4.41009118	0.10720141	0.02430821	-0.22675268
4.41259117	0.10699436	0.02424751	-0.22662421
4.41509117	0.10678768	0.02418697	-0.22649589
4.41759116	0.10658136	0.02412658	-0.22636771
4.42009116	0.10637540	0.02406634	-0.22623968
4.42259115	0.10616981	0.02400625	-0.22611179
4.42509115	0.10596459	0.02394631	-0.22598405
4.42759114	0.10575972	0.02388652	-0.22585645
4.43009114	0.10555522	0.02382687	-0.22572899
4.43259113	0.10535108	0.02376738	-0.22560168
4.43509113	0.10514731	0.02370804	-0.22547451
4.43759112	0.10494389	0.02364884	-0.22534749
4.44009112	0.10474083	0.02358979	-0.22522060
4.44259111	0.10453813	0.02353089	-0.22509386
4.44509111	0.10433580	0.02347214	-0.22496727
4.44759110	0.10413382	0.02341353	-0.22484081
4.45009110	0.10393220	0.02335507	-0.22471450
4.45259109	0.10373093	0.02329676	-0.22458833
4.45509109	0.10353003	0.02323859	-0.22446230
4.45759108	0.10332948	0.02318056	-0.22433641
4.46009108	0.10312928	0.02312269	-0.22421067
4.46259107	0.10292945	0.02306495	-0.22408506
4.46509107	0.10272996	0.02300736	-0.22395960
4.46759106	0.10253083	0.02294991	-0.22383427
4.47009106	0.10233206	0.02289261	-0.22370909
4.47259105	0.10213364	0.02283545	-0.22358405
4.47509105	0.10193557	0.02277843	-0.22345914
4.47759104	0.10173785	0.02272156	-0.22333438
4.48009104	0.10154049	0.02266483	-0.22320975
4.48259103	0.10134348	0.02260824	-0.22308526
4.48509103	0.10114681	0.02255179	-0.22296092
4.48759102	0.10095050	0.02249548	-0.22283671
4.49009102	0.10075454	0.02243931	-0.22271263
4.49259101	0.10055893	0.02238328	-0.22258870
4.49509101	0.10036366	0.02232739	-0.22246491
4.49759100	0.10016875	0.02227164	-0.22234125
4.50009100	0.09997418	0.02221603	-0.22221773
4.50259099	0.09977996	0.02216056	-0.22209435
4.50509099	0.09958608	0.02210523	-0.22197110
4.50759098	0.09939255	0.02205004	-0.22184799
4.51009098	0.09919937	0.02199498	-0.22172502
4.51259097	0.09900653	0.02194006	-0.22160218
4.51509097	0.09881404	0.02188528	-0.22147948
4.51759096	0.09862189	0.02183064	-0.22135692
4.52009096	0.09843008	0.02177613	-0.22123449
4.52259095	0.09823862	0.02172176	-0.22111219
4.52509095	0.09804750	0.02166752	-0.22099003
4.52759094	0.09785672	0.02161342	-0.22086801
4.53009094	0.09766629	0.02155945	-0.22074612
4.53259093	0.09747619	0.02150562	-0.22062437
4.53509093	0.09728643	0.02145193	-0.22050275
4.53759092	0.09709702	0.02139836	-0.22038126
4.54009092	0.09690794	0.02134493	-0.22025991
4.54259091	0.09671920	0.02129164	-0.22013869
4.54509091	0.09653080	0.02123848	-0.22001760
4.54759090	0.09634274	0.02118545	-0.21989665
4.55009090	0.09615502	0.02113255	-0.21977583
4.55259089	0.09596763	0.02107978	-0.21965514
4.55509089	0.09578058	0.02102715	-0.21953459
4.55759088	0.09559387	0.02097465	-0.21941417
4.56009088	0.09540749	0.02092228	-0.21929388
4.56259087	0.09522144	0.02087004	-0.21917372
4.56509087	0.09503573	0.02081793	-0.21905369
4.56759086	0.09485035	0.02076595	-0.21893379
4.57009086	0.09466531	0.02071410	-0.21881403
4.57259085	0.09448060	0.02066238	-0.21869440
4.57509085	0.09429622	0.02061079	-0.21857489
4.57759084	0.09411217	0.02055932	-0.21845552
4.58009084	0.09392846	0.02050799	-0.21833628
4.58259083	0.09374507	0.02045678	-0.21821717
4.58509083	0.09356202	0.02040571	-0.21809819
4.58759082	0.09337929	0.02035476	-0.21797934
4.59009082	0.09319689	0.02030393	-0.21786061
4.59259081	0.09301483	0.02025324	-0.21774202
4.59509081	0.09283309	0.02020267	-0.21762356
4.59759080	0.09265168	0.02015222	-0.21750522
4.60009080	0.09247059	0.02010191	-0.21738701
4.60259079	0.09228983	0.02005171	-0.21726893
4.60509079	0.09210940	0.02000165	-0.21715098
4.60759078	0.09192930	0.01995171	-0.21703316
4.61009078	0.09174951	0.01990189	-0.21691547
4.61259077	0.09157006	0.01985220	-0.21679790
4.61509077	0.09139093	0.01980263	-0.21668046
4.61759076	0.09121212	0.01975318	-0.21656315
4.62009076	0.09103363	0.01970386	-0.21644596
4.62259075	0.09085547	0.01965466	-0.21632891
4.62509075	0.09067763	0.01960559	-0.21621197
4.62759074	0.09050011	0.01955664	-0.21609517
4.63009074	0.09032291	0.01950781	-0.21597849
4.63259073	0.09014604	0.01945910	-0.21586193
4.63509073	0.08996948	0.01941051	-0.21574551
4.63759072	0.08979324	0.01936205	-0.21562920
4.64009072	0.08961732	0.01931370	-0.21551303
4.64259071	0.08944173	0.01926548	-0.21539698
4.64509071	0.08926644	0.01921737	-0.21528105
4.64759070	0.08909148	0.01916939	-0.21516525
4.65009070	0.08891683	0.01912153	-0.21504957
4.65259069	0.08874251	0.01907378	-0.21493402
4.65509069	0.08856849	0.01902616	-0.21481859
4.65759068	0.08839479	0.01897865	-0.21470328
4.66009068	0.08822141	0.01893127	-0.21458810
4.66259067	0.08804834	0.01888400	-0.21447304
4.66509067	0.08787559	0.01883685	-0.21435811
4.66759066	0.08770315	0.01878981	-0.21424329
4.67009066	0.08753103	0.01874290	-0.21412861
4.67259065	0.08735921	0.01869610	-0.21401404
4.67509065	0.08718771	0.01864942	-0.21389960
4.67759064	0.08701652	0.01860285	-0.21378527
4.68009064	0.08684564	0.01855640	-0.21367108
4.68259063	0.08667508	0.01851007	-0.21355700
4.68509063	0.08650482	0.01846385	-0.21344304
4.68759062	0.08633487	0.01841775	-0.21332921
4.69009062	0.08616523	0.01837176	-0.21321550
4.69259061	0.08599591	0.01832589	-0.21310191
4.69509061	0.08582689	0.01828013	-0.21298843
4.69759060	0.08565817	0.01823449	-0.21287509
4.70009060	0.08548977	0.01818896	-0.21276186
4.70259059	0.08532167	0.01814355	-0.21264875
4.70509059	0.08515388	0.01809824	-0.21253576
4.70759058	0.08498639	0.01805306	-0.21242289
4.71009058	0.08481921	0.01800798	-0.21231014
4.71259057	0.08465234	0.01796302	-0.21219751
4.71509057	0.08448577	0.01791816	-0.21208500
4.71759056	0.08431950	0.01787342	-0.21197261
4.72009056	0.08415354	0.01782880	-0.21186034
4.72259055	0.08398788	0.01778428	-0.21174819
4.72509055	0.08382252	0.01773988	-0.21163616
4.72759054	0.08365747	0.01769558	-0.21152424
4.73009054	0.08349271	0.01765140	-0.21141244
4.73259053	0.08332826	0.01760733	-0.21130076
4.73509053	0.08316411	0.01756336	-0.21118920
4.73759052	0.08300026	0.01751951	-0.21107776
4.74009052	0.08283671	0.01747576	-0.21096644
4.74259051	0.08267345	0.01743213	-0.21085523
4.74509051	0.08251050	0.01738860	-0.21074414
4.74759050	0.08234784	0.01734519	-0.21063316
4.75009050	0.08218549	0.01730188	-0.21052230
4.75259049	0.08202343	0.01725868	-0.21041156
4.75509049	0.08186166	0.01721559	-0.21030094
4.75759048	0.08170020	0.01717260	-0.21019043
4.76009048	0.08153903	0.01712972	-0.21008004
4.76259047	0.08137815	0.01708695	-0.20996976
4.76509047	0.08121757	0.01704429	-0.20985960
4.76759046	0.08105729	0.01700173	-0.20974956
4.77009046	0.08089730	0.01695928	-0.20963963
4.77259045	0.08073760	0.01691693	-0.20952982
4.77509045	0.08057819	0.01687469	-0.20942012
4.77759044	0.08041908	0.01683256	-0.20931053
4.78009044	0.08026026	0.01679053	-0.20920106
4.78259043	0.08010173	0.01674861	-0.20909171
4.78509043	0.07994350	0.01670679	-0.20898247
4.78759042	0.07978555	0.01666507	-0.20887334
4.79009042	0.07962790	0.01662346	-0.20876433
4.79259041	0.07947053	0.01658196	-0.20865543
4.79509041	0.07931345	0.01654055	-0.20854664
4.79759040	0.07915667	0.01649925	-0.20843797
4.80009040	0.07900017	0.01645806	-0.20832941
4.80259039	0.07884396	0.01641696	-0.20822096
4.80509039	0.07868803	0.01637597	-0.20811263
4.80759038	0.07853240	0.01633508	-0.20800441
4.81009038	0.07837705	0.01629430	-0.20789630
4.81259037	0.07822198	0.01625361	-0.20778831
4.81509037	0.07806721	0.01621303	-0.20768042
4.81759036	0.07791271	0.01617255	-0.20757265
4.82009036	0.07775851	0.01613217	-0.20746499
4.82259035	0.07760458	0.01609189	-0.20735744
4.82509035	0.07745094	0.01605171	-0.20725001
4.82759034	0.07729759	0.01601163	-0.20714268
4.83009034	0.07714451	0.01597165	-0.20703547
4.83259033	0.07699172	0.01593177	-0.20692836
4.83509033	0.07683922	0.01589199	-0.20682137
4.83759032	0.07668699	0.01585231	-0.20671449
4.84009032	0.07653504	0.01581273	-0.20660771
4.84259031	0.07638338	0.01577325	-0.20650105
4.84509031	0.07623199	0.01573386	-0.20639450
4.84759030	0.07608089	0.01569458	-0.20628806
4.85009030	0.07593006	0.01565539	-0.20618173
4.85259029	0.07577952	0.01561630	-0.20607551
4.85509029	0.07562925	0.01557731	-0.20596939
4.85759028	0.07547926	0.01553842	-0.20586339
4.86009028	0.07532954	0.01549962	-0.20575749
4.86259027	0.07518011	0.01546092	-0.20565171
4.86509027	0.07503095	0.01542231	-0.20554603
4.86759026	0.07488207	0.01538381	-0.20544046
4.87009026	0.07473346	0.01534539	-0.20533500
4.87259025	0.07458513	0.01530708	-0.20522965
4.87509025	0.07443707	0.01526886	-0.20512441
4.87759024	0.07428929	0.01523074	-0.20501927
4.88009024	0.07414178	0.01519271	-0.20491424
4.88259023	0.07399454	0.01515477	-0.20480932
4.88509023	0.07384758	0.01511693	-0.20470451
4.88759022	0.07370089	0.01507919	-0.20459980
4.89009022	0.07355447	0.01504154	-0.20449520
4.89259021	0.07340833	0.01500398	-0.20439071
4.89509021	0.07326245	0.01496652	-0.20428633
4.89759020	0.07311685	0.01492915	-0.20418205
4.90009020	0.07297151	0.01489187	-0.20407788
4.90259019	0.07282645	0.01485469	-0.20397381
4.90509019	0.07268165	0.01481760	-0.20386985
4.90759018	0.07253713	0.01478060	-0.20376600
4.91009018	0.07239287	0.01474370	-0.20366225
4.91259017	0.07224888	0.01470688	-0.20355860
4.91509017	0.07210516	0.01467016	-0.20345507
4.91759016	0.07196171	0.01463353	-0.20335163
4.92009016	0.07181852	0.01459699	-0.20324831
4.92259015	0.07167560	0.01456055	-0.20314509
4.92509015	0.07153295	0.01452419	-0.20304197
4.92759014	0.07139056	0.01448793	-0.20293896
4.93009014	0.07124844	0.01445175	-0.20283605
4.93259013	0.07110658	0.01441567	-0.20273324
4.93509013	0.07096498	0.01437967	-0.20263054
4.93759012	0.07082365	0.01434377	-0.20252795
4.94009012	0.07068258	0.01430795	-0.20242546
4.94259011	0.07054178	0.01427223	-0.20232307
4.94509011	0.07040124	0.01423659	-0.20222078
4.94759010	0.07026096	0.01420105	-0.20211860
4.95009010	0.07012094	0.01416559	-0.20201652
4.95259009	0.06998118	0.01413022	-0.20191455
4.95509009	0.06984168	0.01409494	-0.20181268
4.95759008	0.06970245	0.01405974	-0.20171091
4.96009008	0.06956347	0.01402464	-0.20160924
4.96259007	0.06942475	0.01398962	-0.20150768
4.96509007	0.06928630	0.01395469	-0.20140622
4.96759006	0.06914810	0.01391985	-0.20130486
4.97009006	0.06901016	0.01388509	-0.20120360
4.97259005	0.06887247	0.01385042	-0.20110244
4.97509005	0.06873505	0.01381584	-0.20100139
4.97759004	0.06859788	0.01378134	-0.20090043
4.98009004	0.06846096	0.01374693	-0.20079958
4.98259003	0.06832431	0.01371261	-0.20069883
4.98509003	0.06818791	0.01367837	-0.20059818
4.98759002	0.06805176	0.01364422	-0.20049763
4.99009002	0.06791587	0.01361015	-0.20039719
4.99259001	0.06778023	0.01357617	-0.20029684
4.99509001	0.06764485	0.01354227	-0.20019659
4.99759000	0.06750972	0.01350846	-0.20009645
5.00009000	0.06737485	0.01347473	-0.19999640
5.00258999	0.06724022	0.01344108	-0.19989645
5.00508999	0.06710585	0.01340752	-0.19979661
5.00758998	0.06697173	0.01337404	-0.19969686
5.01008998	0.06683786	0.01334065	-0.19959721
5.01258997	0.06670425	0.01330734	-0.19949767
5.01508997	0.06657088	0.01327411	-0.19939822
5.01758996	0.06643776	0.01324097	-0.19929887
5.02008996	0.06630490	0.01320791	-0.19919962
5.02258995	0.06617228	0.01317493	-0.19910047
5.02508995	0.06603991	0.01314204	-0.19900141
5.02758994	0.06590779	0.01310922	-0.19890246
5.03008994	0.06577592	0.01307649	-0.19880360
5.03258993	0.06564429	0.01304384	-0.19870484
5.03508993	0.06551292	0.01301127	-0.19860618
5.03758992	0.06538179	0.01297878	-0.19850762
5.04008992	0.06525090	0.01294638	-0.19840916
5.04258991	0.06512026	0.01291405	-0.19831079
5.04508991	0.06498987	0.01288181	-0.19821252
5.04758990	0.06485972	0.01284964	-0.19811435
5.05008990	0.06472982	0.01281756	-0.19801628
5.05258989	0.06460016	0.01278555	-0.19791830
5.05508989	0.06447075	0.01275363	-0.19782042
5.05758988	0.06434158	0.01272179	-0.19772264
5.06008988	0.06421265	0.01269002	-0.19762495
5.06258987	0.06408397	0.01265834	-0.19752736
5.06508987	0.06395552	0.01262673	-0.19742986
5.06758986	0.06382732	0.01259520	-0.19733247
5.07008986	0.06369936	0.01256375	-0.19723516
5.07258985	0.06357165	0.01253238	-0.19713796
5.07508985	0.06344417	0.01250109	-0.19704085
5.07758984	0.06331693	0.01246988	-0.19694383
5.08008984	0.06318993	0.01243874	-0.19684691
5.08258983	0.06306318	0.01240769	-0.19675009
5.08508983	0.06293666	0.01237670	-0.19665336
5.08758982	0.06281038	0.01234580	-0.19655673
5.09008982	0.06268433	0.01231498	-0.19646019
5.09258981	0.06255853	0.01228423	-0.19636374
5.09508981	0.06243296	0.01225356	-0.19626739
5.09758980	0.06230763	0.01222296	-0.19617114
5.10008980	0.06218254	0.01219244	-0.19607498
5.10258979	0.06205768	0.01216200	-0.19597891
5.10508979	0.06193306	0.01213163	-0.19588294
5.10758978	0.06180868	0.01210134	-0.19578706
5.11008978	0.06168453	0.01207112	-0.19569128
5.11258977	0.06156061	0.01204098	-0.19559559
5.11508977	0.06143693	0.01201092	-0.19549999
5.11758976	0.06131348	0.01198093	-0.19540449
5.12008976	0.06119027	0.01195101	-0.19530908
5.12258975	0.06106729	0.01192117	-0.19521376
5.12508975	0.06094454	0.01189141	-0.19511853
5.12758974	0.06082202	0.01186172	-0.19502340
5.13008974	0.06069974	0.01183210	-0.19492836
5.13258973	0.06057768	0.01180256	-0.19483342
5.13508973	0.06045586	0.01177309	-0.19473856
5.13758972	0.06033427	0.01174369	-0.19464380
5.14008972	0.06021291	0.01171437	-0.19454913
5.14258971	0.06009178	0.01168512	-0.19445456
5.14508971	0.05997088	0.01165594	-0.19436007
5.14758970	0.05985020	0.01162684	-0.19426568
5.15008970	0.05972976	0.01159781	-0.19417138
5.15258969	0.05960955	0.01156885	-0.19407716
5.15508969	0.05948956	0.01153997	-0.19398305
5.15758968	0.05936980	0.01151115	-0.19388902
5.16008968	0.05925027	0.01148241	-0.19379508
5.16258967	0.05913096	0.01145374	-0.19370124
5.16508967	0.05901188	0.01142514	-0.19360748
5.16758966	0.05889303	0.01139661	-0.19351382
5.17008966	0.05877440	0.01136816	-0.19342024
5.17258965	0.05865600	0.01133977	-0.19332676
5.17508965	0.05853782	0.01131146	-0.19323337
5.17758964	0.05841986	0.01128322	-0.19314006
5.18008964	0.05830214	0.01125504	-0.19304685
5.18258963	0.05818463	0.01122694	-0.19295373
5.18508963	0.05806735	0.01119891	-0.19286070
5.18758962	0.05795029	0.01117095	-0.19276775
5.19008962	0.05783345	0.01114305	-0.19267490
5.19258961	0.05771684	0.01111523	-0.19258214
5.19508961	0.05760044	0.01108748	-0.19248946
5.19758960	0.05748427	0.01105979	-0.19239688
5.20008960	0.05736832	0.01103218	-0.19230438
5.20258959	0.05725259	0.01100463	-0.19221197
5.20508959	0.05713708	0.01097716	-0.19211965
5.20758958	0.05702179	0.01094975	-0.19202742
5.21008958	0.05690672	0.01092241	-0.19193528
5.21258957	0.05679187	0.01089514	-0.19184323
5.21508957	0.05667724	0.01086793	-0.19175126
5.21758956	0.05656283	0.01084080	-0.19165938
5.22008956	0.05644863	0.01081373	-0.19156759
5.22258955	0.05633465	0.01078673	-0.19147589
5.22508955	0.05622089	0.01075979	-0.19138428
5.22758954	0.05610735	0.01073293	-0.19129275
5.23008954	0.05599402	0.01070613	-0.19120132
5.23258953	0.05588091	0.01067940	-0.19110996
5.23508953	0.05576801	0.01065273	-0.19101870
5.23758952	0.05565533	0.01062613	-0.19092752
5.24008952	0.05554287	0.01059960	-0.19083643
5.24258951	0.05543062	0.01057314	-0.19074543
5.24508951	0.05531858	0.01054674	-0.19065452
5.24758950	0.05520676	0.01052040	-0.19056369
5.25008950	0.05509515	0.01049414	-0.19047294
5.25258949	0.05498375	0.01046793	-0.19038229
5.25508949	0.05487257	0.01044180	-0.19029172
5.25758948	0.05476160	0.01041572	-0.19020123
5.26008948	0.05465084	0.01038972	-0.19011083
5.26258947	0.05454030	0.01036378	-0.19002052
5.26508947	0.05442996	0.01033790	-0.18993030
5.26758946	0.05431984	0.01031209	-0.18984015
5.27008946	0.05420992	0.01028634	-0.18975010
5.27258945	0.05410022	0.01026065	-0.18966013
5.27508945	0.05399073	0.01023504	-0.18957025
5.27758944	0.05388144	0.01020948	-0.18948045
5.28008944	0.05377237	0.01018399	-0.18939073
5.28258943	0.05366350	0.01015856	-0.18930110
5.28508943	0.05355484	0.01013320	-0.18921156
5.28758942	0.05344639	0.01010789	-0.18912210
5.29008942	0.05333815	0.01008266	-0.18903272
5.29258941	0.05323012	0.01005748	-0.18894343
5.29508941	0.05312229	0.01003237	-0.18885422
5.29758940	0.05301467	0.01000732	-0.18876510
5.30008940	0.05290725	0.00998233	-0.18867606
5.30258939	0.05280004	0.00995741	-0.18858711
5.30508939	0.05269304	0.00993254	-0.18849824
5.30758938	0.05258624	0.00990774	-0.18840945
5.31008938	0.05247965	0.00988301	-0.18832075
5.31258937	0.05237326	0.00985833	-0.18823213
5.31508937	0.05226707	0.00983371	-0.18814359
5.31758936	0.05216109	0.00980916	-0.18805514
5.32008936	0.05205531	0.00978467	-0.18796677
5.32258935	0.05194974	0.00976024	-0.18787848
5.32508935	0.05184437	0.00973587	-0.18779028
5.32758934	0.05173920	0.00971156	-0.18770215
5.33008934	0.05163423	0.00968731	-0.18761412
5.33258933	0.05152946	0.00966312	-0.18752616
5.33508933	0.05142490	0.00963899	-0.18743829
5.33758932	0.05132053	0.00961493	-0.18735049
5.34008932	0.05121637	0.00959092	-0.18726279
5.34258931	0.05111241	0.00956697	-0.18717516
5.34508931	0.05100864	0.00954309	-0.18708761
5.34758930	0.05090508	0.00951926	-0.18700015
5.35008930	0.05080172	0.00949549	-0.18691277
5.35258929	0.05069855	0.00947178	-0.18682547
5.35508929	0.05059558	0.00944813	-0.18673825
5.35758928	0.05049281	0.00942454	-0.18665111
5.36008928	0.05039024	0.00940101	-0.18656406
5.36258927	0.05028787	0.00937753	-0.18647708
5.36508927	0.05018569	0.00935412	-0.18639019
5.36758926	0.05008371	0.00933076	-0.18630338
5.37008926	0.04998193	0.00930747	-0.18621664
5.37258925	0.04988034	0.00928423	-0.18612999
5.37508925	0.04977895	0.00926105	-0.18604342
5.37758924	0.04967775	0.00923792	-0.18595693
5.38008924	0.04957675	0.00921486	-0.18587052
5.38258923	0.04947594	0.00919185	-0.18578419
5.38508923	0.04937533	0.00916890	-0.18569794
5.38758922	0.04927491	0.00914600	-0.18561178
5.39008922	0.04917468	0.00912317	-0.18552569
5.39258921	0.04907465	0.00910039	-0.18543968
5.39508921	0.04897481	0.00907766	-0.18535375
5.39758920	0.04887517	0.00905500	-0.18526790
5.40008920	0.04877571	0.00903239	-0.18518213
5.40258919	0.04867645	0.00900984	-0.18509644
5.40508919	0.04857738	0.00898734	-0.18501082
5.40758918	0.04847850	0.00896490	-0.18492529
5.41008918	0.04837981	0.00894252	-0.18483984
5.41258917	0.04828131	0.00892019	-0.18475446
5.41508917	0.04818301	0.00889792	-0.18466917
5.41758916	0.04808489	0.00887570	-0.18458395
5.42008916	0.04798696	0.00885354	-0.18449881
5.42258915	0.04788922	0.00883143	-0.18441375
5.42508915	0.04779167	0.00880938	-0.18432877
5.42758914	0.04769431	0.00878738	-0.18424386
5.43008914	0.04759714	0.00876544	-0.18415904
5.43258913	0.04750015	0.00874356	-0.18407429
5.43508913	0.04740336	0.00872173	-0.18398962
5.43758912	0.04730675	0.00869995	-0.18390503
5.44008912	0.04721032	0.00867823	-0.18382052
5.44258911	0.04711409	0.00865656	-0.18373608
5.44508911	0.04701804	0.00863494	-0.18365172
5.44758910	0.04692217	0.00861338	-0.18356744
5.45008910	0.04682649	0.00859188	-0.18348324
5.45258909	0.04673100	0.00857042	-0.18339911
5.45508909	0.04663569	0.00854902	-0.18331506
5.45758908	0.04654057	0.00852768	-0.18323109
5.46008908	0.04644563	0.00850639	-0.18314720
5.46258907	0.04635087	0.00848515	-0.18306338
5.46508907	0.04625630	0.00846396	-0.18297963
5.46758906	0.04616191	0.00844283	-0.18289597
5.47008906	0.04606770	0.00842175	-0.18281238
5.47258905	0.04597368	0.00840072	-0.18272887
5.47508905	0.04587984	0.00837974	-0.18264543
5.47758904	0.04578618	0.00835882	-0.18256207
5.48008904	0.04569270	0.00833795	-0.18247879
5.48258903	0.04559941	0.00831713	-0.18239558
5.48508903	0.04550629	0.00829636	-0.18231245
5.48758902	0.04541336	0.00827565	-0.18222939
5.49008902	0.04532060	0.00825499	-0.18214641
5.49258901	0.04522803	0.00823437	-0.18206350
5.49508901	0.04513564	0.00821381	-0.18198067
5.49758900	0.04504342	0.00819330	-0.18189792
5.50008900	0.04495139	0.00817285	-0.18181524
5.50258899	0.04485953	0.00815244	-0.18173264
5.50508899	0.04476785	0.00813208	-0.18165011
5.50758898	0.04467635	0.00811178	-0.18156765
5.51008898	0.04458503	0.00809153	-0.18148527
5.51258897	0.04449388	0.00807132	-0.18140297
5.51508897	0.04440292	0.00805117	-0.18132074
5.51758896	0.04431213	0.00803107	-0.18123858
5.52008896	0.04422151	0.00801101	-0.18115650
5.52258895	0.04413107	0.00799101	-0.18107449
5.52508895	0.04404081	0.00797106	-0.18099256
5.52758894	0.04395072	0.00795116	-0.18091070
5.53008894	0.04386081	0.00793130	-0.18082892
5.53258893	0.04377108	0.00791150	-0.18074721
5.53508893	0.04368152	0.00789175	-0.18066557
5.53758892	0.04359213	0.00787204	-0.18058401
5.54008892	0.04350292	0.00785239	-0.18050252
5.54258891	0.04341388	0.00783278	-0.18042110
5.54508891	0.04332501	0.00781322	-0.18033976
5.54758890	0.04323632	0.00779371	-0.18025849
5.55008890	0.04314780	0.00777425	-0.18017729
5.55258889	0.04305945	0.00775484	-0.18009617
5.55508889	0.04297128	0.00773548	-0.18001512
5.55758888	0.04288327	0.00771617	-0.17993414
5.56008888	0.04279544	0.00769690	-0.17985324
5.56258887	0.04270778	0.00767768	-0.17977241
5.56508887	0.04262029	0.00765851	-0.17969165
5.56758886	0.04253297	0.00763939	-0.17961096
5.57008886	0.04244582	0.00762031	-0.17953035
5.57258885	0.04235885	0.00760129	-0.17944981
5.57508885	0.04227204	0.00758231	-0.17936934
5.57758884	0.04218540	0.00756338	-0.17928894
5.58008884	0.04209893	0.00754449	-0.17920862
5.58258883	0.04201263	0.00752565	-0.17912836
5.58508883	0.04192649	0.00750686	-0.17904818
5.58758882	0.04184053	0.00748812	-0.17896807
5.59008882	0.04175473	0.00746942	-0.17888803
5.59258881	0.04166910	0.00745077	-0.17880807
5.59508881	0.04158364	0.00743217	-0.17872817
5.59758880	0.04149834	0.00741361	-0.17864835
5.60008880	0.04141322	0.00739510	-0.17856860
5.60258879	0.04132825	0.00737664	-0.17848892
5.60508879	0.04124346	0.00735822	-0.17840931
5.60758878	0.04115883	0.00733984	-0.17832977
5.61008878	0.04107436	0.00732152	-0.17825030
5.61258877	0.04099006	0.00730324	-0.17817090
5.61508877	0.04090593	0.00728500	-0.17809157
5.61758876	0.04082196	0.00726681	-0.17801232
5.62008876	0.04073816	0.00724867	-0.17793313
5.62258875	0.04065451	0.00723057	-0.17785402
5.62508875	0.04057104	0.00721251	-0.17777497
5.62758874	0.04048772	0.00719451	-0.17769600
5.63008874	0.04040457	0.00717654	-0.17761709
5.63258873	0.04032158	0.00715862	-0.17753826
5.63508873	0.04023876	0.00714075	-0.17745949
5.63758872	0.04015609	0.00712292	-0.17738080
5.64008872	0.04007359	0.00710513	-0.17730218
5.64258871	0.03999125	0.00708739	-0.17722362
5.64508871	0.03990907	0.00706970	-0.17714513
5.64758870	0.03982705	0.00705205	-0.17706672
5.65008870	0.03974520	0.00703444	-0.17698837
5.65258869	0.03966350	0.00701687	-0.17691009
5.65508869	0.03958196	0.00699935	-0.17683189
5.65758868	0.03950059	0.00698188	-0.17675375
5.66008868	0.03941937	0.00696444	-0.17667568
5.66258867	0.03933831	0.00694705	-0.17659768
5.66508867	0.03925742	0.00692971	-0.17651974
5.66758866	0.03917668	0.00691241	-0.17644188
5.67008866	0.03909609	0.00689515	-0.17636409
5.67258865	0.03901567	0.00687793	-0.17628636
5.67508865	0.03893541	0.00686076	-0.17620870
5.67758864	0.03885530	0.00684363	-0.17613111
5.68008864	0.03877535	0.00682654	-0.17605359
5.68258863	0.03869555	0.00680949	-0.17597614
5.68508863	0.03861592	0.00679249	-0.17589875
5.68758862	0.03853644	0.00677553	-0.17582144
5.69008862	0.03845711	0.00675861	-0.17574419
5.69258861	0.03837795	0.00674174	-0.17566701
5.69508861	0.03829893	0.00672491	-0.17558989
5.69758860	0.03822008	0.00670811	-0.17551285
5.70008860	0.03814137	0.00669137	-0.17543587
5.70258859	0.03806283	0.00667466	-0.17535896
5.70508859	0.03798443	0.00665799	-0.17528212
5.70758858	0.03790619	0.00664137	-0.17520534
5.71008858	0.03782811	0.00662479	-0.17512863
5.71258857	0.03775018	0.00660824	-0.17505199
5.71508857	0.03767240	0.00659174	-0.17497542
5.71758856	0.03759478	0.00657529	-0.17489891
5.72008856	0.03751730	0.00655887	-0.17482247
5.72258855	0.03743998	0.00654249	-0.17474609
5.72508855	0.03736282	0.00652616	-0.17466979
5.72758854	0.03728580	0.00650986	-0.17459355
5.73008854	0.03720894	0.00649361	-0.17451737
5.73258853	0.03713222	0.00647739	-0.17444127
5.73508853	0.03705566	0.00646122	-0.17436522
5.73758852	0.03697925	0.00644509	-0.17428925
5.74008852	0.03690299	0.00642899	-0.17421334
5.74258851	0.03682688	0.00641294	-0.17413750
5.74508851	0.03675092	0.00639693	-0.17406172
5.74758850	0.03667511	0.00638096	-0.17398601
5.75008850	0.03659945	0.00636502	-0.17391037
5.75258849	0.03652394	0.00634913	-0.17383479
5.75508849	0.03644858	0.00633328	-0.17375927
5.75758848	0.03637337	0.00631747	-0.17368383
5.76008848	0.03629830	0.00630169	-0.17360844
5.76258847	0.03622338	0.00628596	-0.17353313
5.76508847	0.03614861	0.00627026	-0.17345788
5.76758846	0.03607399	0.00625461	-0.17338269
5.77008846	0.03599952	0.00623899	-0.17330757
5.77258845	0.03592519	0.00622341	-0.17323251
5.77508845	0.03585101	0.00620787	-0.17315752
5.77758844	0.03577697	0.00619237	-0.17308259
5.78008844	0.03570309	0.00617691	-0.17300773
5.78258843	0.03562934	0.00616149	-0.17293294
5.78508843	0.03555575	0.00614610	-0.17285820
5.78758842	0.03548230	0.00613076	-0.17278354
5.79008842	0.03540899	0.00611545	-0.17270893
5.79258841	0.03533583	0.00610018	-0.17263440
5.79508841	0.03526281	0.00608495	-0.17255992
5.79758840	0.03518994	0.00606975	-0.17248551
5.80008840	0.03511721	0.00605460	-0.17241117
5.80258839	0.03504463	0.00603948	-0.17233688
5.80508839	0.03497219	0.00602440	-0.17226267
5.80758838	0.03489989	0.00600936	-0.17218851
5.81008838	0.03482773	0.00599436	-0.17211442
5.81258837	0.03475572	0.00597939	-0.17204039
5.81508837	0.03468385	0.00596446	-0.17196643
5.81758836	0.03461213	0.00594957	-0.17189253
5.82008836	0.03454054	0.00593471	-0.17181870
5.82258835	0.03446910	0.00591989	-0.17174492
5.82508835	0.03439779	0.00590511	-0.17167122
5.82758834	0.03432663	0.00589037	-0.17159757
5.83008834	0.03425561	0.00587566	-0.17152399
5.83258833	0.03418473	0.00586099	-0.17145047
5.83508833	0.03411399	0.00584635	-0.17137701
5.83758832	0.03404340	0.00583176	-0.17130362
5.84008832	0.03397294	0.00581720	-0.17123029
5.84258831	0.03390262	0.00580267	-0.17115702
5.84508831	0.03383244	0.00578818	-0.17108381
5.84758830	0.03376240	0.00577373	-0.17101067
5.85008830	0.03369249	0.00575931	-0.17093759
5.85258829	0.03362273	0.00574493	-0.17086457
5.85508829	0.03355311	0.00573059	-0.17079162
5.85758828	0.03348362	0.00571628	-0.17071872
5.86008828	0.03341427	0.00570201	-0.17064589
5.86258827	0.03334506	0.00568777	-0.17057312
5.86508827	0.03327598	0.00567357	-0.17050042
5.86758826	0.03320705	0.00565940	-0.17042777
5.87008826	0.03313825	0.00564527	-0.17035519
5.87258825	0.03306958	0.00563118	-0.17028267
5.87508825	0.03300105	0.00561712	-0.17021021
5.87758824	0.03293266	0.00560309	-0.17013781
5.88008824	0.03286441	0.00558910	-0.17006548
5.88258823	0.03279629	0.00557515	-0.16999320
5.88508823	0.03272830	0.00556123	-0.16992099
5.88758822	0.03266045	0.00554734	-0.16984883
5.89008822	0.03259274	0.00553349	-0.16977674
5.89258821	0.03252516	0.00551967	-0.16970471
5.89508821	0.03245771	0.00550589	-0.16963275
5.89758820	0.03239040	0.00549214	-0.16956084
5.90008820	0.03232322	0.00547843	-0.16948899
5.90258819	0.03225617	0.00546475	-0.16941721
5.90508819	0.03218926	0.00545111	-0.16934548
5.90758818	0.03212248	0.00543750	-0.16927382
5.91008818	0.03205584	0.00542392	-0.16920221
5.91258817	0.03198932	0.00541038	-0.16913067
5.91508817	0.03192294	0.00539687	-0.16905919
5.91758816	0.03185669	0.00538339	-0.16898777
5.92008816	0.03179058	0.00536995	-0.16891640
5.92258815	0.03172459	0.00535654	-0.16884510
5.92508815	0.03165874	0.00534317	-0.16877386
5.92758814	0.03159301	0.00532983	-0.16870268
5.93008814	0.03152742	0.00531652	-0.16863156
5.93258813	0.03146196	0.00530324	-0.16856050
5.93508813	0.03139663	0.00529000	-0.16848949
5.93758812	0.03133143	0.00527679	-0.16841855
5.94008812	0.03126635	0.00526362	-0.16834767
5.94258811	0.03120141	0.00525048	-0.16827685
5.94508811	0.03113660	0.00523737	-0.16820609
5.94758810	0.03107192	0.00522429	-0.16813538
5.95008810	0.03100736	0.00521124	-0.16806474
5.95258809	0.03094294	0.00519823	-0.16799415
5.95508809	0.03087864	0.00518525	-0.16792363
5.95758808	0.03081447	0.00517231	-0.16785316
5.96008808	0.03075043	0.00515939	-0.16778276
5.96258807	0.03068652	0.00514651	-0.16771241
5.96508807	0.03062273	0.00513366	-0.16764212
5.96758806	0.03055907	0.00512084	-0.16757189
5.97008806	0.03049554	0.00510806	-0.16750172
5.97258805	0.03043213	0.00509530	-0.16743160
5.97508805	0.03036885	0.00508258	-0.16736155
5.97758804	0.03030570	0.00506989	-0.16729156
5.98008804	0.03024268	0.00505723	-0.16722162
5.98258803	0.03017978	0.00504460	-0.16715174
5.98508803	0.03011700	0.00503201	-0.16708192
5.98758802	0.03005435	0.00501944	-0.16701216
5.99008802	0.02999183	0.00500691	-0.16694246
5.99258801	0.02992943	0.00499441	-0.16687281
5.99508801	0.02986715	0.00498194	-0.16680322
5.99758800	0.02980500	0.00496950	-0.16673369
6.00008800	0.02974297	0.00495709	-0.16666422
6.00258799	0.02968107	0.00494471	-0.16659481
6.00508799	0.02961929	0.00493237	-0.16652545
6.00758798	0.02955764	0.00492005	-0.16645616
6.01008798	0.02949610	0.00490777	-0.16638692
6.01258797	0.02943470	0.00489551	-0.16631773
6.01508797	0.02937341	0.00488329	-0.16624861
6.01758796	0.02931225	0.00487110	-0.16617954
6.02008796	0.02925120	0.00485893	-0.16611053
6.02258795	0.02919028	0.00484680	-0.16604158
6.02508795	0.02912949	0.00483470	-0.16597268
6.02758794	0.02906881	0.00482263	-0.16590384
6.03008794	0.02900826	0.00481059	-0.16583506
6.03258793	0.02894782	0.00479857	-0.16576634
6.03508793	0.02888751	0.00478659	-0.16569767
6.03758792	0.02882732	0.00477464	-0.16562906
6.04008792	0.02876725	0.00476272	-0.16556050
6.04258791	0.02870730	0.00475083	-0.16549201
6.04508791	0.02864746	0.00473897	-0.16542357
6.04758790	0.02858775	0.00472713	-0.16535518
6.05008790	0.02852816	0.00471533	-0.16528685
6.05258789	0.02846869	0.00470356	-0.16521858
6.05508789	0.02840934	0.00469181	-0.16515037
6.05758788	0.02835010	0.00468010	-0.16508221
6.06008788	0.02829099	0.00466841	-0.16501411
6.06258787	0.02823199	0.00465676	-0.16494606
6.06508787	0.02817311	0.00464513	-0.16487807
6.06758786	0.02811435	0.00463353	-0.16481014
6.07008786	0.02805571	0.00462196	-0.16474226
6.07258785	0.02799718	0.00461042	-0.16467444
6.07508785	0.02793877	0.00459891	-0.16460667
6.07758784	0.02788048	0.00458743	-0.16453896
6.08008784	0.02782231	0.00457597	-0.16447131
6.08258783	0.02776425	0.00456455	-0.16440371
6.08508783	0.02770631	0.00455315	-0.16433617
6.08758782	0.02764849	0.00454178	-0.16426868
6.09008782	0.02759078	0.00453044	-0.16420124
6.09258781	0.02753318	0.00451913	-0.16413387
6.09508781	0.02747571	0.00450784	-0.16406655
6.09758780	0.02741835	0.00449659	-0.16399928
6.10008780	0.02736110	0.00448536	-0.16393207
6.10258779	0.02730397	0.00447416	-0.16386491
6.10508779	0.02724695	0.00446299	-0.16379781
6.10758778	0.02719005	0.00445185	-0.16373076
6.11008778	0.02713326	0.00444073	-0.16366377
6.11258777	0.02707659	0.00442964	-0.16359683
6.11508777	0.02702003	0.00441858	-0.16352995
6.11758776	0.02696358	0.00440755	-0.16346312
6.12008776	0.02690725	0.00439655	-0.16339635
6.12258775	0.02685103	0.00438557	-0.16332963
6.12508775	0.02679492	0.00437462	-0.16326297
6.12758774	0.02673892	0.00436369	-0.16319636
6.13008774	0.02668304	0.00435280	-0.16312980
6.13258773	0.02662727	0.00434193	-0.16306330
6.13508773	0.02657162	0.00433109	-0.16299685
6.13758772	0.02651607	0.00432028	-0.16293046
6.14008772	0.02646064	0.00430949	-0.16286412
6.14258771	0.02640532	0.00429873	-0.16279784
6.14508771	0.02635010	0.00428799	-0.16273161
6.14758770	0.02629500	0.00427729	-0.16266543
6.15008770	0.02624002	0.00426661	-0.16259931
6.15258769	0.02618514	0.00425596	-0.16253324
6.15508769	0.02613037	0.00424533	-0.16246722
6.15758768	0.02607571	0.00423473	-0.16240126
6.16008768	0.02602117	0.00422416	-0.16233535
6.16258767	0.02596673	0.00421361	-0.16226950
6.16508767	0.02591240	0.00420309	-0.16220369
6.16758766	0.02585818	0.00419259	-0.16213795
6.17008766	0.02580407	0.00418212	-0.16207225
6.17258765	0.02575007	0.00417168	-0.16200661
6.17508765	0.02569618	0.00416127	-0.16194102
6.17758764	0.02564240	0.00415088	-0.16187549
6.18008764	0.02558872	0.00414051	-0.16181000
6.18258763	0.02553516	0.00413017	-0.16174457
6.18508763	0.02548170	0.00411986	-0.16167920
6.18758762	0.02542835	0.00410957	-0.16161387
6.19008762	0.02537511	0.00409931	-0.16154860
6.19258761	0.02532197	0.00408908	-0.16148338
6.19508761	0.02526894	0.00407887	-0.16141822
6.19758760	0.02521602	0.00406868	-0.16135310
6.20008760	0.02516320	0.00405852	-0.16128804
6.20258759	0.02511050	0.00404839	-0.16122304
6.20508759	0.02505789	0.00403828	-0.16115808
6.20758758	0.02500540	0.00402820	-0.16109318
6.21008758	0.02495301	0.00401814	-0.16102832
6.21258757	0.02490072	0.00400811	-0.16096353
6.21508757	0.02484855	0.00399810	-0.16089878
6.21758756	0.02479647	0.00398812	-0.16083408
6.22008756	0.02474450	0.00397816	-0.16076944
6.22258755	0.02469264	0.00396823	-0.16070485
6.22508755	0.02464088	0.00395832	-0.16064031
6.22758754	0.02458923	0.00394844	-0.16057582
6.23008754	0.02453768	0.00393858	-0.16051139
6.23258753	0.02448623	0.00392874	-0.16044700
6.23508753	0.02443489	0.00391893	-0.16038267
6.23758752	0.02438365	0.00390915	-0.16031839
6.24008752	0.02433252	0.00389939	-0.16025416
6.24258751	0.02428149	0.00388965	-0.16018998
6.24508751	0.02423056	0.00387994	-0.16012586
6.24758750	0.02417974	0.00387025	-0.16006178
6.25008750	0.02412901	0.00386059	-0.15999776
6.25258749	0.02407839	0.00385095	-0.15993379
6.25508749	0.02402788	0.00384133	-0.15986987
6.25758748	0.02397746	0.00383174	-0.15980600
6.26008748	0.02392715	0.00382217	-0.15974218
6.26258747	0.02387694	0.00381263	-0.15967841
6.26508747	0.02382683	0.00380311	-0.15961469
6.26758746	0.02377682	0.00379362	-0.15955102
6.27008746	0.02372691	0.00378414	-0.15948741
6.27258745	0.02367710	0.00377470	-0.15942384
6.27508745	0.02362740	0.00376527	-0.15936033
6.27758744	0.02357779	0.00375587	-0.15929687
6.28008744	0.02352829	0.00374649	-0.15923345
6.28258743	0.02347889	0.00373714	-0.15917009
6.28508743	0.02342958	0.00372781	-0.15910678
6.28758742	0.02338038	0.00371850	-0.15904351
6.29008742	0.02333127	0.00370921	-0.15898030
6.29258741	0.02328227	0.00369995	-0.15891714
6.29508741	0.02323336	0.00369071	-0.15885403
6.29758740	0.02318455	0.00368150	-0.15879097
6.30008740	0.02313585	0.00367231	-0.15872796
6.30258739	0.02308724	0.00366314	-0.15866500
6.30508739	0.02303873	0.00365399	-0.15860208
6.30758738	0.02299031	0.00364487	-0.15853922
6.31008738	0.02294200	0.00363577	-0.15847641
6.31258737	0.02289378	0.00362669	-0.15841365
6.31508737	0.02284566	0.00361763	-0.15835094
6.31758736	0.02279764	0.00360860	-0.15828827
6.32008736	0.02274972	0.00359959	-0.15822566
6.32258735	0.02270189	0.00359060	-0.15816310
6.32508735	0.02265416	0.00358164	-0.15810058
6.32758734	0.02260653	0.00357269	-0.15803812
6.33008734	0.02255899	0.00356377	-0.15797570
6.33258733	0.02251155	0.00355487	-0.15791334
6.33508733	0.02246421	0.00354600	-0.15785102
6.33758732	0.02241696	0.00353714	-0.15778875
6.34008732	0.02236981	0.00352831	-0.15772653
6.34258731	0.02232276	0.00351950	-0.15766436
6.34508731	0.02227580	0.00351072	-0.15760224
6.34758730	0.02222893	0.00350195	-0.15754017
6.35008730	0.02218216	0.00349321	-0.15747815
6.35258729	0.02213549	0.00348448	-0.15741618
6.35508729	0.02208891	0.00347578	-0.15735425
6.35758728	0.02204242	0.00346710	-0.15729237
6.36008728	0.02199603	0.00345845	-0.15723055
6.36258727	0.02194973	0.00344981	-0.15716877
6.36508727	0.02190353	0.00344120	-0.15710704
6.36758726	0.02185742	0.00343261	-0.15704535
6.37008726	0.02181141	0.00342404	-0.15698372
6.37258725	0.02176548	0.00341549	-0.15692214
6.37508725	0.02171966	0.00340696	-0.15686060
6.37758724	0.02167392	0.00339845	-0.15679911
6.38008724	0.02162828	0.00338997	-0.15673767
6.38258723	0.02158273	0.00338150	-0.15667628
6.38508723	0.02153727	0.00337306	-0.15661493
6.38758722	0.02149191	0.00336464	-0.15655364
6.39008722	0.02144664	0.00335624	-0.15649239
6.39258721	0.02140146	0.00334786	-0.15643119
6.39508721	0.02135637	0.00333950	-0.15637003
6.39758720	0.02131137	0.00333116	-0.15630893
6.40008720	0.02126647	0.00332284	-0.15624787
6.40258719	0.02122166	0.00331454	-0.15618686
6.40508719	0.02117693	0.00330627	-0.15612590
6.40758718	0.02113230	0.00329801	-0.15606499
6.41008718	0.02108776	0.00328978	-0.15600412
6.41258717	0.02104331	0.00328156	-0.15594330
6.41508717	0.02099895	0.00327337	-0.15588253
6.41758716	0.02095468	0.00326520	-0.15582180
6.42008716	0.02091051	0.00325704	-0.15576113
6.42258715	0.02086642	0.00324891	-0.15570050
6.42508715	0.02082242	0.00324080	-0.15563991
6.42758714	0.02077851	0.00323271	-0.15557938
6.43008714	0.02073469	0.00322464	-0.15551889
6.43258713	0.02069096	0.00321658	-0.15545845
6.43508713	0.02064732	0.00320855	-0.15539805
6.43758712	0.02060377	0.00320054	-0.15533770
6.44008712	0.02056030	0.00319255	-0.15527740
6.44258711	0.02051693	0.00318458	-0.15521715
6.44508711	0.02047364	0.00317663	-0.15515694
6.44758710	0.02043044	0.00316870	-0.15509678
6.45008710	0.02038733	0.00316078	-0.15503667
6.45258709	0.02034431	0.00315289	-0.15497660
6.45508709	0.02030138	0.00314502	-0.15491658
6.45758708	0.02025853	0.00313717	-0.15485660
6.46008708	0.02021577	0.00312933	-0.15479667
6.46258707	0.02017310	0.00312152	-0.15473679
6.46508707	0.02013051	0.00311373	-0.15467696
6.46758706	0.02008801	0.00310595	-0.15461717
6.47008706	0.02004560	0.00309820	-0.15455743
6.47258705	0.02000328	0.00309046	-0.15449773
6.47508705	0.01996104	0.00308274	-0.15443808
6.47758704	0.01991889	0.00307505	-0.15437847
6.48008704	0.01987682	0.00306737	-0.15431891
6.48258703	0.01983484	0.00305971	-0.15425940
6.48508703	0.01979294	0.00305207	-0.15419994
6.48758702	0.01975113	0.00304445	-0.15414051
6.49008702	0.01970941	0.00303685	-0.15408114
6.49258701	0.01966777	0.00302927	-0.15402181
6.49508701	0.01962622	0.00302170	-0.15396253
6.49758700	0.01958475	0.00301416	-0.15390329
6.50008700	0.01954336	0.00300663	-0.15384409
6.50258699	0.01950207	0.00299912	-0.15378495
6.50508699	0.01946085	0.00299164	-0.15372585
6.50758698	0.01941972	0.00298417	-0.15366679
6.51008698	0.01937867	0.00297671	-0.15360778
6.51258697	0.01933771	0.00296928	-0.15354881
6.51508697	0.01929683	0.00296187	-0.15348989
6.51758696	0.01925604	0.00295447	-0.15343102
6.52008696	0.01921532	0.00294710	-0.15337219
6.52258695	0.01917469	0.00293974	-0.15331340
6.52508695	0.01913415	0.00293240	-0.15325466
6.52758694	0.01909369	0.00292508	-0.15319597
6.53008694	0.01905331	0.00291777	-0.15313732
6.53258693	0.01901301	0.00291049	-0.15307871
6.53508693	0.01897279	0.00290322	-0.15302015
6.53758692	0.01893266	0.00289597	-0.15296164
6.54008692	0.01889261	0.00288874	-0.15290317
6.54258691	0.01885264	0.00288153	-0.15284474
6.54508691	0.01881275	0.00287433	-0.15278636
6.54758690	0.01877295	0.00286716	-0.15272802
6.55008690	0.01873323	0.00286000	-0.15266973
6.55258689	0.01869358	0.00285286	-0.15261148
6.55508689	0.01865402	0.00284573	-0.15255328
6.55758688	0.01861454	0.00283863	-0.15249512
6.56008688	0.01857514	0.00283154	-0.15243701
6.56258687	0.01853582	0.00282447	-0.15237894
6.56508687	0.01849659	0.00281742	-0.15232091
6.56758686	0.01845743	0.00281038	-0.15226293
6.57008686	0.01841835	0.00280336	-0.15220499
6.57258685	0.01837935	0.00279637	-0.15214710
6.57508685	0.01834044	0.00278938	-0.15208925
6.57758684	0.01830160	0.00278242	-0.15203144
6.58008684	0.01826284	0.00277547	-0.15197368
6.58258683	0.01822416	0.00276854	-0.15191596
6.58508683	0.01818556	0.00276163	-0.15185829
6.58758682	0.01814704	0.00275473	-0.15180066
6.59008682	0.01810860	0.00274785	-0.15174307
6.59258681	0.01807024	0.00274099	-0.15168553
6.59508681	0.01803196	0.00273415	-0.15162803
6.59758680	0.01799375	0.00272732	-0.15157057
6.60008680	0.01795562	0.00272051	-0.15151316
6.60258679	0.01791758	0.00271372	-0.15145579
6.60508679	0.01787960	0.00270694	-0.15139846
6.60758678	0.01784171	0.00270019	-0.15134118
6.61008678	0.01780390	0.00269344	-0.15128394
6.61258677	0.01776616	0.00268672	-0.15122675
6.61508677	0.01772850	0.00268001	-0.15116960
6.61758676	0.01769092	0.00267332	-0.15111249
6.62008676	0.01765341	0.00266664	-0.15105542
6.62258675	0.01761598	0.00265999	-0.15099840
6.62508675	0.01757863	0.00265334	-0.15094142
6.62758674	0.01754136	0.00264672	-0.15088448
6.63008674	0.01750416	0.00264011	-0.15082759
6.63258673	0.01746704	0.00263352	-0.15077074
6.63508673	0.01742999	0.00262694	-0.15071393
6.63758672	0.01739302	0.00262038	-0.15065717
6.64008672	0.01735613	0.00261384	-0.15060044
6.64258671	0.01731931	0.00260731	-0.15054376
6.64508671	0.01728257	0.00260080	-0.15048713
6.64758670	0.01724590	0.00259431	-0.15043053
6.65008670	0.01720931	0.00258783	-0.15037398
6.65258669	0.01717280	0.00258137	-0.15031747
6.65508669	0.01713635	0.00257493	-0.15026100
6.65758668	0.01709999	0.00256850	-0.15020458
6.66008668	0.01706370	0.00256208	-0.15014820
6.66258667	0.01702748	0.00255569	-0.15009186
6.66508667	0.01699134	0.00254930	-0.15003556
6.66758666	0.01695527	0.00254294	-0.14997930
6.67008666	0.01691928	0.00253659	-0.14992309
6.67258665	0.01688336	0.00253026	-0.14986692
6.67508665	0.01684751	0.00252394	-0.14981079
6.67758664	0.01681174	0.00251764	-0.14975470
6.68008664	0.01677604	0.00251135	-0.14969866
6.68258663	0.01674042	0.00250508	-0.14964265
6.68508663	0.01670486	0.00249883	-0.14958669
6.68758662	0.01666939	0.00249259	-0.14953077
6.69008662	0.01663398	0.00248636	-0.14947490
6.69258661	0.01659865	0.00248015	-0.14941906
6.69508661	0.01656339	0.00247396	-0.14936327
6.69758660	0.01652820	0.00246778	-0.14930751
6.70008660	0.01649309	0.00246162	-0.14925180
6.70258659	0.01645804	0.00245548	-0.14919613
6.70508659	0.01642307	0.00244935	-0.14914050
6.70758658	0.01638818	0.00244323	-0.14908492
6.71008658	0.01635335	0.00243713	-0.14902937
6.71258657	0.01631860	0.00243104	-0.14897387
6.71508657	0.01628391	0.00242497	-0.14891841
6.71758656	0.01624930	0.00241892	-0.14886299
6.72008656	0.01621476	0.00241288	-0.14880761
6.72258655	0.01618029	0.00240686	-0.14875227
6.72508655	0.01614589	0.00240085	-0.14869697
6.72758654	0.01611157	0.00239485	-0.14864171
6.73008654	0.01607731	0.00238887	-0.14858650
6.73258653	0.01604312	0.00238291	-0.14853133
6.73508653	0.01600901	0.00237696	-0.14847619
6.73758652	0.01597496	0.00237102	-0.14842110
6.74008652	0.01594099	0.00236510	-0.14836605
6.74258651	0.01590708	0.00235920	-0.14831104
6.74508651	0.01587325	0.00235331	-0.14825607
6.74758650	0.01583949	0.00234743	-0.14820114
6.75008650	0.01580579	0.00234157	-0.14814625
6.75258649	0.01577216	0.00233572	-0.14809140
6.75508649	0.01573861	0.00232989	-0.14803659
6.75758648	0.01570512	0.00232407	-0.14798183
6.76008648	0.01567170	0.00231827	-0.14792710
6.76258647	0.01563835	0.00231248	-0.14787242
6.76508647	0.01560507	0.00230671	-0.14781777
6.76758646	0.01557186	0.00230095	-0.14776317
6.77008646	0.01553872	0.00229520	-0.14770860
6.77258645	0.01550564	0.00228947	-0.14765408
6.77508645	0.01547264	0.00228376	-0.14759959
6.77758644	0.01543970	0.00227805	-0.14754515
6.78008644	0.01540683	0.00227236	-0.14749074
6.78258643	0.01537403	0.00226669	-0.14743638
6.78508643	0.01534129	0.00226103	-0.14738206
6.78758642	0.01530863	0.00225539	-0.14732777
6.79008642	0.01527603	0.00224975	-0.14727353
6.79258641	0.01524350	0.00224414	-0.14721933
6.79508641	0.01521103	0.00223853	-0.14716516
6.79758640	0.01517863	0.00223294	-0.14711104
6.80008640	0.01514630	0.00222737	-0.14705696
6.80258639	0.01511404	0.00222181	-0.14700291
6.80508639	0.01508184	0.00221626	-0.14694891
6.80758638	0.01504971	0.00221073	-0.14689494
6.81008638	0.01501765	0.00220521	-0.14684102
6.81258637	0.01498565	0.00219970	-0.14678713
6.81508637	0.01495372	0.00219421	-0.14673328
6.81758636	0.01492185	0.00218873	-0.14667948
6.82008636	0.01489005	0.00218326	-0.14662571
6.82258635	0.01485832	0.00217781	-0.14657198
6.82508635	0.01482665	0.00217238	-0.14651829
6.82758634	0.01479505	0.00216695	-0.14646464
6.83008634	0.01476351	0.00216154	-0.14641103
6.83258633	0.01473204	0.00215614	-0.14635746
6.83508633	0.01470063	0.00215076	-0.14630393
6.83758632	0.01466929	0.00214539	-0.14625044
6.84008632	0.01463801	0.00214003	-0.14619699
6.84258631	0.01460680	0.00213469	-0.14614357
6.84508631	0.01457565	0.00212936	-0.14609020
6.84758630	0.01454457	0.00212404	-0.14603686
6.85008630	0.01451355	0.00211874	-0.14598356
6.85258629	0.01448259	0.00211345	-0.14593030
6.85508629	0.01445170	0.00210817	-0.14587708
6.85758628	0.01442088	0.00210291	-0.14582390
6.86008628	0.01439011	0.00209766	-0.14577076
6.86258627	0.01435941	0.00209242	-0.14571766
6.86508627	0.01432878	0.00208720	-0.14566459
6.86758626	0.01429821	0.00208198	-0.14561157
6.87008626	0.01426770	0.00207679	-0.14555858
6.87258625	0.01423725	0.00207160	-0.14550563
6.87508625	0.01420687	0.00206643	-0.14545272
6.87758624	0.01417655	0.00206127	-0.14539985
6.88008624	0.01414629	0.00205612	-0.14534702
6.88258623	0.01411610	0.00205099	-0.14529422
6.88508623	0.01408597	0.00204587	-0.14524146
6.88758622	0.01405590	0.00204076	-0.14518874
6.89008622	0.01402589	0.00203566	-0.14513606
6.89258621	0.01399595	0.00203058	-0.14508342
6.89508621	0.01396606	0.00202551	-0.14503082
6.89758620	0.01393624	0.00202045	-0.14497825
6.90008620	0.01390649	0.00201541	-0.14492573
6.90258619	0.01387679	0.00201038	-0.14487324
6.90508619	0.01384715	0.00200536	-0.14482078
6.90758618	0.01381758	0.00200035	-0.14476837
6.91008618	0.01378807	0.00199535	-0.14471600
6.91258617	0.01375862	0.00199037	-0.14466366
6.91508617	0.01372923	0.00198540	-0.14461136
6.91758616	0.01369990	0.00198044	-0.14455910
6.92008616	0.01367063	0.00197550	-0.14450687
6.92258615	0.01364142	0.00197057	-0.14445468
6.92508615	0.01361228	0.00196565	-0.14440254
6.92758614	0.01358319	0.00196074	-0.14435042
6.93008614	0.01355416	0.00195584	-0.14429835
6.93258613	0.01352520	0.00195096	-0.14424631
6.93508613	0.01349629	0.00194609	-0.14419432
6.93758612	0.01346745	0.00194123	-0.14414235
6.94008612	0.01343866	0.00193638	-0.14409043
6.94258611	0.01340994	0.00193155	-0.14403854
6.94508611	0.01338127	0.00192672	-0.14398670
6.94758610	0.01335266	0.00192191	-0.14393488
6.95008610	0.01332412	0.00191712	-0.14388311
6.95258609	0.01329563	0.00191233	-0.14383137
6.95508609	0.01326720	0.00190755	-0.14377967
6.95758608	0.01323883	0.00190279	-0.14372801
6.96008608	0.01321052	0.00189804	-0.14367638
6.96258607	0.01318227	0.00189330	-0.14362480
6.96508607	0.01315408	0.00188857	-0.14357324
6.96758606	0.01312594	0.00188386	-0.14352173
6.97008606	0.01309786	0.00187915	-0.14347025
6.97258605	0.01306985	0.00187446	-0.14341881
6.97508605	0.01304189	0.00186978	-0.14336741
6.97758604	0.01301399	0.00186511	-0.14331604
6.98008604	0.01298614	0.00186046	-0.14326471
6.98258603	0.01295836	0.00185581	-0.14321342
6.98508603	0.01293063	0.00185118	-0.14316216
6.98758602	0.01290296	0.00184655	-0.14311094
6.99008602	0.01287535	0.00184194	-0.14305976
6.99258601	0.01284779	0.00183735	-0.14300861
6.99508601	0.01282030	0.00183276	-0.14295750
6.99758600	0.01279286	0.00182818	-0.14290643
7.00008600	0.01276547	0.00182362	-0.14285539
7.00258599	0.01273815	0.00181906	-0.14280439
7.00508599	0.01271088	0.00181452	-0.14275342
7.00758598	0.01268367	0.00180999	-0.14270249
7.01008598	0.01265651	0.00180547	-0.14265160
7.01258597	0.01262941	0.00180096	-0.14260075
7.01508597	0.01260237	0.00179647	-0.14254993
7.01758596	0.01257538	0.00179198	-0.14249915
7.02008596	0.01254845	0.00178751	-0.14244840
7.02258595	0.01252158	0.00178304	-0.14239769
7.02508595	0.01249476	0.00177859	-0.14234701
7.02758594	0.01246800	0.00177415	-0.14229637
7.03008594	0.01244129	0.00176972	-0.14224577
7.03258593	0.01241464	0.00176530	-0.14219521
7.03508593	0.01238804	0.00176089	-0.14214467
7.03758592	0.01236150	0.00175650	-0.14209418
7.04008592	0.01233502	0.00175211	-0.14204372
7.04258591	0.01230859	0.00174774	-0.14199330
7.04508591	0.01228221	0.00174337	-0.14194291
7.04758590	0.01225589	0.00173902	-0.14189256
7.05008590	0.01222963	0.00173468	-0.14184224
7.05258589	0.01220342	0.00173035	-0.14179196
7.05508589	0.01217726	0.00172603	-0.14174172
7.05758588	0.01215116	0.00172172	-0.14169151
7.06008588	0.01212512	0.00171742	-0.14164134
7.06258587	0.01209913	0.00171313	-0.14159120
7.06508587	0.01207319	0.00170885	-0.14154110
7.06758586	0.01204730	0.00170459	-0.14149103
7.07008586	0.01202147	0.00170033	-0.14144100
7.07258585	0.01199570	0.00169608	-0.14139100
7.07508585	0.01196998	0.00169185	-0.14134104
7.07758584	0.01194431	0.00168762	-0.14129112
7.08008584	0.01191869	0.00168341	-0.14124123
7.08258583	0.01189313	0.00167921	-0.14119137
7.08508583	0.01186762	0.00167501	-0.14114155
7.08758582	0.01184217	0.00167083	-0.14109177
7.09008582	0.01181677	0.00166666	-0.14104202
7.09258581	0.01179142	0.00166250	-0.14099230
7.09508581	0.01176612	0.00165835	-0.14094262
7.09758580	0.01174088	0.00165421	-0.14089298
7.10008580	0.01171569	0.00165008	-0.14084337
7.10258579	0.01169055	0.00164596	-0.14079379
7.10508579	0.01166547	0.00164185	-0.14074425
7.10758578	0.01164043	0.00163775	-0.14069475
7.11008578	0.01161545	0.00163366	-0.14064528
7.11258577	0.01159052	0.00162958	-0.14059584
7.11508577	0.01156565	0.00162551	-0.14054644
7.11758576	0.01154082	0.00162145	-0.14049708
7.12008576	0.01151605	0.00161740	-0.14044775
7.12258575	0.01149133	0.00161337	-0.14039845
7.12508575	0.01146666	0.00160934	-0.14034919
7.12758574	0.01144204	0.00160532	-0.14029996
7.13008574	0.01141748	0.00160131	-0.14025077
7.13258573	0.01139296	0.00159731	-0.14020161
7.13508573	0.01136850	0.00159332	-0.14015249
7.13758572	0.01134409	0.00158935	-0.14010340
7.14008572	0.01131973	0.00158538	-0.14005434
7.14258571	0.01129542	0.00158142	-0.14000532
7.14508571	0.01127116	0.00157747	-0.13995633
7.14758570	0.01124695	0.00157353	-0.13990738
7.15008570	0.01122279	0.00156960	-0.13985846
7.15258569	0.01119868	0.00156568	-0.13980958
7.15508569	0.01117463	0.00156177	-0.13976073
7.15758568	0.01115062	0.00155787	-0.13971191
7.16008568	0.01112666	0.00155398	-0.13966313
7.16258567	0.01110275	0.00155010	-0.13961439
7.16508567	0.01107890	0.00154623	-0.13956567
7.16758566	0.01105509	0.00154237	-0.13951699
7.17008566	0.01103133	0.00153852	-0.13946835
7.17258565	0.01100763	0.00153468	-0.13941974
7.17508565	0.01098397	0.00153085	-0.13937116
7.17758564	0.01096036	0.00152703	-0.13932261
7.18008564	0.01093680	0.00152321	-0.13927410
7.18258563	0.01091329	0.00151941	-0.13922563
7.18508563	0.01088983	0.00151562	-0.13917719
7.18758562	0.01086642	0.00151183	-0.13912878
7.19008562	0.01084306	0.00150806	-0.13908040
7.19258561	0.01081975	0.00150429	-0.13903206
7.19508561	0.01079648	0.00150054	-0.13898375
7.19758560	0.01077327	0.00149679	-0.13893548
7.20008560	0.01075010	0.00149305	-0.13888724
7.20258559	0.01072698	0.00148932	-0.13883903
7.20508559	0.01070391	0.00148561	-0.13879086
7.20758558	0.01068089	0.00148190	-0.13874272
7.21008558	0.01065792	0.00147820	-0.13869461
7.21258557	0.01063499	0.00147451	-0.13864654
7.21508557	0.01061212	0.00147082	-0.13859849
7.21758556	0.01058929	0.00146715	-0.13855049
7.22008556	0.01056651	0.00146349	-0.13850251
7.22258555	0.01054377	0.00145983	-0.13845457
7.22508555	0.01052109	0.00145619	-0.13840667
7.22758554	0.01049845	0.00145255	-0.13835879
7.23008554	0.01047586	0.00144893	-0.13831095
7.23258553	0.01045331	0.00144531	-0.13826314
7.23508553	0.01043082	0.00144170	-0.13821537
7.23758552	0.01040837	0.00143810	-0.13816762
7.24008552	0.01038597	0.00143451	-0.13811992
7.24258551	0.01036361	0.00143093	-0.13807224
7.24508551	0.01034130	0.00142735	-0.13802460
7.24758550	0.01031904	0.00142379	-0.13797699
7.25008550	0.01029683	0.00142024	-0.13792941
7.25258549	0.01027466	0.00141669	-0.13788186
7.25508549	0.01025254	0.00141315	-0.13783435
7.25758548	0.01023046	0.00140962	-0.13778687
7.26008548	0.01020843	0.00140610	-0.13773943
7.26258547	0.01018645	0.00140259	-0.13769201
7.26508547	0.01016451	0.00139909	-0.13764463
7.26758546	0.01014262	0.00139560	-0.13759728
7.27008546	0.01012078	0.00139211	-0.13754996
7.27258545	0.01009898	0.00138864	-0.13750268
7.27508545	0.01007723	0.00138517	-0.13745543
7.27758544	0.01005552	0.00138171	-0.13740821
7.28008544	0.01003386	0.00137826	-0.13736103
7.28258543	0.01001224	0.00137482	-0.13731387
7.28508543	0.00999067	0.00137139	-0.13726675
7.28758542	0.00996915	0.00136796	-0.13721966
7.29008542	0.00994767	0.00136455	-0.13717260
7.29258541	0.00992623	0.00136114	-0.13712558
7.29508541	0.00990484	0.00135774	-0.13707859
7.29758540	0.00988349	0.00135435	-0.13703163
7.30008540	0.00986219	0.00135097	-0.13698470
7.30258539	0.00984094	0.00134760	-0.13693780
7.30508539	0.00981973	0.00134423	-0.13689094
7.30758538	0.00979856	0.00134088	-0.13684411
7.31008538	0.00977744	0.00133753	-0.13679731
7.31258537	0.00975636	0.00133419	-0.13675054
7.31508537	0.00973533	0.00133086	-0.13670380
7.31758536	0.00971434	0.00132753	-0.13665710
7.32008536	0.00969339	0.00132422	-0.13661043
7.32258535	0.00967249	0.00132091	-0.13656379
7.32508535	0.00965164	0.00131761	-0.13651718
7.32758534	0.00963082	0.00131432	-0.13647060
7.33008534	0.00961005	0.00131104	-0.13642406
7.33258533	0.00958933	0.00130777	-0.13637755
7.33508533	0.00956865	0.00130450	-0.13633107
7.33758532	0.00954801	0.00130125	-0.13628462
7.34008532	0.00952741	0.00129800	-0.13623820
7.34258531	0.00950686	0.00129476	-0.13619181
7.34508531	0.00948635	0.00129152	-0.13614546
7.34758530	0.00946589	0.00128830	-0.13609913
7.35008530	0.00944546	0.00128508	-0.13605284
7.35258529	0.00942509	0.00128187	-0.13600658
7.35508529	0.00940475	0.00127867	-0.13596035
7.35758528	0.00938445	0.00127548	-0.13591416
7.36008528	0.00936420	0.00127230	-0.13586799
7.36258527	0.00934400	0.00126912	-0.13582186
7.36508527	0.00932383	0.00126595	-0.13577575
7.36758526	0.00930371	0.00126279	-0.13572968
7.37008526	0.00928363	0.00125964	-0.13568364
7.37258525	0.00926359	0.00125649	-0.13563763
7.37508525	0.00924359	0.00125335	-0.13559165
7.37758524	0.00922364	0.00125022	-0.13554571
7.38008524	0.00920372	0.00124710	-0.13549979
7.38258523	0.00918385	0.00124399	-0.13545391
7.38508523	0.00916402	0.00124088	-0.13540805
7.38758522	0.00914424	0.00123778	-0.13536223
7.39008522	0.00912449	0.00123469	-0.13531644
7.39258521	0.00910479	0.00123161	-0.13527068
7.39508521	0.00908513	0.00122854	-0.13522495
7.39758520	0.00906550	0.00122547	-0.13517925
7.40008520	0.00904593	0.00122241	-0.13513358
7.40258519	0.00902639	0.00121936	-0.13508794
7.40508519	0.00900689	0.00121631	-0.13504234
7.40758518	0.00898743	0.00121327	-0.13499676
7.41008518	0.00896802	0.00121025	-0.13495122
7.41258517	0.00894865	0.00120722	-0.13490570
7.41508517	0.00892931	0.00120421	-0.13486022
7.41758516	0.00891002	0.00120120	-0.13481476
7.42008516	0.00889077	0.00119820	-0.13476934
7.42258515	0.00887156	0.00119521	-0.13472395
7.42508515	0.00885239	0.00119223	-0.13467859
7.42758514	0.00883326	0.00118925	-0.13463326
7.43008514	0.00881417	0.00118628	-0.13458796
7.43258513	0.00879512	0.00118332	-0.13454269
7.43508513	0.00877611	0.00118036	-0.13449745
7.43758512	0.00875714	0.00117742	-0.13445224
7.44008512	0.00873821	0.00117448	-0.13440706
7.44258511	0.00871932	0.00117154	-0.13436192
7.44508511	0.00870047	0.00116862	-0.13431680
7.44758510	0.00868166	0.00116570	-0.13427171
7.45008510	0.00866289	0.00116279	-0.13422665
7.45258509	0.00864416	0.00115989	-0.13418163
7.45508509	0.00862547	0.00115699	-0.13413663
7.45758508	0.00860682	0.00115410	-0.13409166
7.46008508	0.00858821	0.00115122	-0.13404673
7.46258507	0.00856963	0.00114835	-0.13400182
7.46508507	0.00855110	0.00114548	-0.13395695
7.46758506	0.00853261	0.00114262	-0.13391210
7.47008506	0.00851415	0.00113977	-0.13386728
7.47258505	0.00849573	0.00113692	-0.13382250
7.47508505	0.00847736	0.00113408	-0.13377774
7.47758504	0.00845902	0.00113125	-0.13373302
7.48008504	0.00844072	0.00112843	-0.13368832
7.48258503	0.00842246	0.00112561	-0.13364365
7.48508503	0.00840423	0.00112280	-0.13359902
7.48758502	0.00838605	0.00111999	-0.13355441
7.49008502	0.00836790	0.00111720	-0.13350983
7.49258501	0.00834980	0.00111441	-0.13346529
7.49508501	0.00833173	0.00111163	-0.13342077
7.49758500	0.00831370	0.00110885	-0.13337628
7.50008500	0.00829570	0.00110608	-0.13333182
7.50258499	0.00827775	0.00110332	-0.13328739
7.50508499	0.00825983	0.00110056	-0.13324299
7.50758498	0.00824195	0.00109782	-0.13319863
7.51008498	0.00822411	0.00109508	-0.13315429
7.51258497	0.00820631	0.00109234	-0.13310998
7.51508497	0.00818854	0.00108961	-0.13306569
7.51758496	0.00817081	0.00108689	-0.13302144
7.52008496	0.00815312	0.00108418	-0.13297722
7.52258495	0.00813547	0.00108147	-0.13293303
7.52508495	0.00811785	0.00107877	-0.13288887
7.52758494	0.00810027	0.00107608	-0.13284473
7.53008494	0.00808273	0.00107339	-0.13280063
7.53258493	0.00806522	0.00107071	-0.13275655
7.53508493	0.00804776	0.00106804	-0.13271251
7.53758492	0.00803033	0.00106537	-0.13266849
7.54008492	0.00801293	0.00106271	-0.13262450
7.54258491	0.00799558	0.00106006	-0.13258054
7.54508491	0.00797825	0.00105741	-0.13253661
7.54758490	0.00796097	0.00105477	-0.13249271
7.55008490	0.00794372	0.00105214	-0.13244884
7.55258489	0.00792651	0.00104951	-0.13240500
7.55508489	0.00790934	0.00104689	-0.13236119
7.55758488	0.00789220	0.00104428	-0.13231740
7.56008488	0.00787510	0.00104167	-0.13227365
7.56258487	0.00785803	0.00103907	-0.13222992
7.56508487	0.00784100	0.00103647	-0.13218622
7.56758486	0.00782401	0.00103388	-0.13214256
7.57008486	0.00780705	0.00103130	-0.13209892
7.57258485	0.00779013	0.00102873	-0.13205530
7.57508485	0.00777325	0.00102616	-0.13201172
7.57758484	0.00775640	0.00102360	-0.13196817
7.58008484	0.00773958	0.00102104	-0.13192464
7.58258483	0.00772280	0.00101849	-0.13188115
7.58508483	0.00770606	0.00101595	-0.13183768
7.58758482	0.00768935	0.00101341	-0.13179424
7.59008482	0.00767268	0.00101088	-0.13175083
7.59258481	0.00765605	0.00100836	-0.13170745
7.59508481	0.00763944	0.00100584	-0.13166410
7.59758480	0.00762288	0.00100333	-0.13162077
7.60008480	0.00760635	0.00100082	-0.13157748
7.60258479	0.00758985	0.00099832	-0.13153421
7.60508479	0.00757339	0.00099583	-0.13149097
7.60758478	0.00755696	0.00099335	-0.13144776
7.61008478	0.00754057	0.00099087	-0.13140458
7.61258477	0.00752421	0.00098839	-0.13136143
7.61508477	0.00750789	0.00098592	-0.13131830
7.61758476	0.00749160	0.00098346	-0.13127520
7.62008476	0.00747535	0.00098101	-0.13123214
7.62258475	0.00745913	0.00097856	-0.13118910
7.62508475	0.00744295	0.00097611	-0.13114608
7.62758474	0.00742680	0.00097368	-0.13110310
7.63008474	0.00741068	0.00097125	-0.13106014
7.63258473	0.00739460	0.00096882	-0.13101722
7.63508473	0.00737855	0.00096640	-0.13097432
7.63758472	0.00736254	0.00096399	-0.13093144
7.64008472	0.00734656	0.00096158	-0.13088860
7.64258471	0.00733062	0.00095918	-0.13084579
7.64508471	0.00731470	0.00095679	-0.13080300
7.64758470	0.00729883	0.00095440	-0.13076024
7.65008470	0.00728298	0.00095201	-0.13071751
7.65258469	0.00726717	0.00094964	-0.13067480
7.65508469	0.00725139	0.00094727	-0.13063213
7.65758468	0.00723565	0.00094490	-0.13058948
7.66008468	0.00721994	0.00094254	-0.13054686
7.66258467	0.00720426	0.00094019	-0.13050427
7.66508467	0.00718862	0.00093784	-0.13046170
7.66758466	0.00717301	0.00093550	-0.13041917
7.67008466	0.00715743	0.00093316	-0.13037666
7.67258465	0.00714189	0.00093083	-0.13033418
7.67508465	0.00712638	0.00092851	-0.13029172
7.67758464	0.00711090	0.00092619	-0.13024930
7.68008464	0.00709545	0.00092388	-0.13020690
7.68258463	0.00708004	0.00092157	-0.13016453
7.68508463	0.00706466	0.00091927	-0.13012218
7.68758462	0.00704931	0.00091697	-0.13007987
7.69008462	0.00703400	0.00091468	-0.13003758
7.69258461	0.00701872	0.00091240	-0.12999532
7.69508461	0.00700347	0.00091012	-0.12995309
7.69758460	0.00698825	0.00090785	-0.12991088
7.70008460	0.00697307	0.00090558	-0.12986870
7.70258459	0.00695791	0.00090332	-0.12982655
7.70508459	0.00694279	0.00090107	-0.12978443
7.70758458	0.00692771	0.00089882	-0.12974233
7.71008458	0.00691265	0.00089657	-0.12970026
7.71258457	0.00689763	0.00089433	-0.12965822
7.71508457	0.00688263	0.00089210	-0.12961621
7.71758456	0.00686767	0.00088987	-0.12957422
7.72008456	0.00685274	0.00088765	-0.12953226
7.72258455	0.00683785	0.00088544	-0.12949033
7.72508455	0.00682298	0.00088322	-0.12944842
7.72758454	0.00680815	0.00088102	-0.12940654
7.73008454	0.00679335	0.00087882	-0.12936469
7.73258453	0.00677858	0.00087662	-0.12932287
7.73508453	0.00676384	0.00087444	-0.12928107
7.73758452	0.00674913	0.00087225	-0.12923930
7.74008452	0.00673445	0.00087007	-0.12919756
7.74258451	0.00671981	0.00086790	-0.12915584
7.74508451	0.00670519	0.00086574	-0.12911415
7.74758450	0.00669061	0.00086357	-0.12907249
7.75008450	0.00667606	0.00086142	-0.12903085
7.75258449	0.00666154	0.00085927	-0.12898924
7.75508449	0.00664705	0.00085712	-0.12894766
7.75758448	0.00663259	0.00085498	-0.12890610
7.76008448	0.00661816	0.00085285	-0.12886458
7.76258447	0.00660376	0.00085072	-0.12882307
7.76508447	0.00658939	0.00084859	-0.12878160
7.76758446	0.00657506	0.00084647	-0.12874015
7.77008446	0.00656075	0.00084436	-0.12869873
7.77258445	0.00654648	0.00084225	-0.12865733
7.77508445	0.00653223	0.00084015	-0.12861597
7.77758444	0.00651801	0.00083805	-0.12857462
7.78008444	0.00650383	0.00083596	-0.12853331
7.78258443	0.00648968	0.00083387	-0.12849202
7.78508443	0.00647555	0.00083179	-0.12845076
7.78758442	0.00646146	0.00082971	-0.12840952
7.79008442	0.00644739	0.00082764	-0.12836831
7.79258441	0.00643336	0.00082557	-0.12832713
7.79508441	0.00641935	0.00082351	-0.12828597
7.79758440	0.00640538	0.00082146	-0.12824484
7.80008440	0.00639143	0.00081941	-0.12820374
7.80258439	0.00637752	0.00081736	-0.12816266
7.80508439	0.00636363	0.00081532	-0.12812161
7.80758438	0.00634978	0.00081328	-0.12808059
7.81008438	0.00633595	0.00081125	-0.12803959
7.81258437	0.00632215	0.00080923	-0.12799862
7.81508437	0.00630839	0.00080721	-0.12795767
7.81758436	0.00629465	0.00080519	-0.12791675
7.82008436	0.00628094	0.00080318	-0.12787586
7.82258435	0.00626726	0.00080118	-0.12783499
7.82508435	0.00625361	0.00079917	-0.12779415
7.82758434	0.00623999	0.00079718	-0.12775333
7.83008434	0.00622639	0.00079519	-0.12771255
7.83258433	0.00621283	0.00079320	-0.12767178
7.83508433	0.00619930	0.00079122	-0.12763104
7.83758432	0.00618579	0.00078925	-0.12759033
7.84008432	0.00617231	0.00078728	-0.12754965
7.84258431	0.00615887	0.00078531	-0.12750899
7.84508431	0.00614545	0.00078335	-0.12746836
7.84758430	0.00613206	0.00078139	-0.12742775
7.85008430	0.00611869	0.00077944	-0.12738717
7.85258429	0.00610536	0.00077750	-0.12734661
7.85508429	0.00609205	0.00077556	-0.12730608
7.85758428	0.00607878	0.00077362	-0.12726558
7.86008428	0.00606553	0.00077169	-0.12722510
7.86258427	0.00605231	0.00076976	-0.12718465
7.86508427	0.00603912	0.00076784	-0.12714422
7.86758426	0.00602595	0.00076592	-0.12710382
7.87008426	0.00601282	0.00076401	-0.12706344
7.87258425	0.00599971	0.00076210	-0.12702309
7.87508425	0.00598663	0.00076020	-0.12698277
7.87758424	0.00597358	0.00075830	-0.12694247
7.88008424	0.00596055	0.00075641	-0.12690220
7.88258423	0.00594755	0.00075452	-0.12686195
7.88508423	0.00593459	0.00075263	-0.12682173
7.88758422	0.00592164	0.00075076	-0.12678153
7.89008422	0.00590873	0.00074888	-0.12674136
7.89258421	0.00589585	0.00074701	-0.12670121
7.89508421	0.00588299	0.00074515	-0.12666109
7.89758420	0.00587016	0.00074329	-0.12662100
7.90008420	0.00585735	0.00074143	-0.12658093
7.90258419	0.00584458	0.00073958	-0.12654089
7.90508419	0.00583183	0.00073773	-0.12650087
7.90758418	0.00581911	0.00073589	-0.12646087
7.91008418	0.00580641	0.00073405	-0.12642090
7.91258417	0.00579374	0.00073222	-0.12638096
7.91508417	0.00578110	0.00073039	-0.12634104
7.91758416	0.00576849	0.00072857	-0.12630115
7.92008416	0.00575590	0.00072675	-0.12626128
7.92258415	0.00574335	0.00072493	-0.12622144
7.92508415	0.00573081	0.00072312	-0.12618163
7.92758414	0.00571831	0.00072132	-0.12614183
7.93008414	0.00570583	0.00071952	-0.12610207
7.93258413	0.00569338	0.00071772	-0.12606233
7.93508413	0.00568095	0.00071593	-0.12602261
7.93758412	0.00566855	0.00071414	-0.12598292
7.94008412	0.00565618	0.00071236	-0.12594325
7.94258411	0.00564383	0.00071058	-0.12590361
7.94508411	0.00563151	0.00070880	-0.12586399
7.94758410	0.00561922	0.00070703	-0.12582440
7.95008410	0.00560695	0.00070527	-0.12578483
7.95258409	0.00559471	0.00070351	-0.12574529
7.95508409	0.00558249	0.00070175	-0.12570577
7.95758408	0.00557031	0.00070000	-0.12566628
7.96008408	0.00555814	0.00069825	-0.12562681
7.96258407	0.00554601	0.00069651	-0.12558737
7.96508407	0.00553390	0.00069477	-0.12554795
7.96758406	0.00552181	0.00069303	-0.12550856
7.97008406	0.00550975	0.00069130	-0.12546919
7.97258405	0.00549772	0.00068958	-0.12542985
7.97508405	0.00548571	0.00068786	-0.12539053
7.97758404	0.00547373	0.00068614	-0.12535123
7.98008404	0.00546177	0.00068443	-0.12531196
7.98258403	0.00544984	0.00068272	-0.12527272
7.98508403	0.00543794	0.00068101	-0.12523350
7.98758402	0.00542606	0.00067931	-0.12519430
7.99008402	0.00541420	0.00067762	-0.12515513
7.99258401	0.00540238	0.00067592	-0.12511598
7.99508401	0.00539057	0.00067424	-0.12507686
7.99758400	0.00537879	0.00067255	-0.12503776
8.00008400	0.00536704	0.00067087	-0.12499869
8.00258399	0.00535531	0.00066920	-0.12495964
8.00508399	0.00534361	0.00066753	-0.12492061
8.00758398	0.00533193	0.00066586	-0.12488161
8.01008398	0.00532028	0.00066420	-0.12484264
8.01258397	0.00530865	0.00066254	-0.12480368
8.01508397	0.00529705	0.00066089	-0.12476476
8.01758396	0.00528547	0.00065923	-0.12472585
8.02008396	0.00527392	0.00065759	-0.12468697
8.02258395	0.00526239	0.00065595	-0.12464812
8.02508395	0.00525089	0.00065431	-0.12460929
8.02758394	0.00523941	0.00065268	-0.12457048
8.03008394	0.00522795	0.00065105	-0.12453170
8.03258393	0.00521652	0.00064942	-0.12449294
8.03508393	0.00520512	0.00064780	-0.12445421
8.03758392	0.00519374	0.00064618	-0.12441550
8.04008392	0.00518238	0.00064457	-0.12437681
8.04258391	0.00517105	0.00064296	-0.12433815
8.04508391	0.00515974	0.00064135	-0.12429951
8.04758390	0.00514846	0.00063975	-0.12426090
8.05008390	0.00513720	0.00063815	-0.12422231
8.05258389	0.00512596	0.00063656	-0.12418374
8.05508389	0.00511475	0.00063497	-0.12414520
8.05758388	0.00510356	0.00063339	-0.12410668
8.06008388	0.00509240	0.00063180	-0.12406819
8.06258387	0.00508126	0.00063023	-0.12402972
8.06508387	0.00507014	0.00062865	-0.12399127
8.06758386	0.00505905	0.00062708	-0.12395285
8.07008386	0.00504798	0.00062552	-0.12391445
8.07258385	0.00503694	0.00062396	-0.12387607
8.07508385	0.00502592	0.00062240	-0.12383772
8.07758384	0.00501492	0.00062084	-0.12379940
8.08008384	0.00500395	0.00061929	-0.12376109
8.08258383	0.00499300	0.00061775	-0.12372281
8.08508383	0.00498207	0.00061621	-0.12368456
8.08758382	0.00497117	0.00061467	-0.12364632
8.09008382	0.00496029	0.00061313	-0.12360811
8.09258381	0.00494943	0.00061160	-0.12356993
8.09508381	0.00493860	0.00061007	-0.12353177
8.09758380	0.00492779	0.00060855	-0.12349363
8.10008380	0.00491700	0.00060703	-0.12345551
8.10258379	0.00490624	0.00060552	-0.12341742
8.10508379	0.00489550	0.00060400	-0.12337935
8.10758378	0.00488478	0.00060250	-0.12334131
8.11008378	0.00487409	0.00060099	-0.12330329
8.11258377	0.00486342	0.00059949	-0.12326529
8.11508377	0.00485277	0.00059799	-0.12322732
8.11758376	0.00484214	0.00059650	-0.12318937
8.12008376	0.00483154	0.00059501	-0.12315144
8.12258375	0.00482096	0.00059353	-0.12311354
8.12508375	0.00481040	0.00059204	-0.12307565
8.12758374	0.00479987	0.00059057	-0.12303780
8.13008374	0.00478936	0.00058909	-0.12299996
8.13258373	0.00477887	0.00058762	-0.12296215
8.13508373	0.00476840	0.00058615	-0.12292436
8.13758372	0.00475796	0.00058469	-0.12288660
8.14008372	0.00474754	0.00058323	-0.12284886
8.14258371	0.00473714	0.00058177	-0.12281114
8.14508371	0.00472676	0.00058032	-0.12277345
8.14758370	0.00471640	0.00057887	-0.12273577
8.15008370	0.00470607	0.00057743	-0.12269813
8.15258369	0.00469576	0.00057598	-0.12266050
8.15508369	0.00468547	0.00057455	-0.12262290
8.15758368	0.00467521	0.00057311	-0.12258532
8.16008368	0.00466496	0.00057168	-0.12254776
8.16258367	0.00465474	0.00057025	-0.12251023
8.16508367	0.00464454	0.00056883	-0.12247272
8.16758366	0.00463436	0.00056741	-0.12243523
8.17008366	0.00462420	0.00056599	-0.12239777
8.17258365	0.00461407	0.00056458	-0.12236033
8.17508365	0.00460396	0.00056317	-0.12232291
8.17758364	0.00459387	0.00056176	-0.12228551
8.18008364	0.00458380	0.00056036	-0.12224814
8.18258363	0.00457375	0.00055896	-0.12221079
8.18508363	0.00456372	0.00055757	-0.12217346
8.18758362	0.00455372	0.00055617	-0.12213616
8.19008362	0.00454373	0.00055478	-0.12209888
8.19258361	0.00453377	0.00055340	-0.12206162
8.19508361	0.00452383	0.00055202	-0.12202438
8.19758360	0.00451391	0.00055064	-0.12198717
8.20008360	0.00450402	0.00054926	-0.12194998
8.20258359	0.00449414	0.00054789	-0.12191281
8.20508359	0.00448429	0.00054653	-0.12187566
8.20758358	0.00447445	0.00054516	-0.12183854
8.21008358	0.00446464	0.00054380	-0.12180144
8.21258357	0.00445485	0.00054244	-0.12176436
8.21508357	0.00444508	0.00054109	-0.12172731
8.21758356	0.00443533	0.00053974	-0.12169027
8.22008356	0.00442560	0.00053839	-0.12165326
8.22258355	0.00441589	0.00053704	-0.12161628
8.22508355	0.00440621	0.00053570	-0.12157931
8.22758354	0.00439654	0.00053437	-0.12154237
8.23008354	0.00438689	0.00053303	-0.12150545
8.23258353	0.00437727	0.00053170	-0.12146855
8.23508353	0.00436767	0.00053037	-0.12143168
8.23758352	0.00435808	0.00052905	-0.12139482
8.24008352	0.00434852	0.00052773	-0.12135799
8.24258351	0.00433898	0.00052641	-0.12132119
8.24508351	0.00432946	0.00052510	-0.12128440
8.24758350	0.00431996	0.00052378	-0.12124764
8.25008350	0.00431048	0.00052248	-0.12121089
8.25258349	0.00430102	0.00052117	-0.12117418
8.25508349	0.00429158	0.00051987	-0.12113748
8.25758348	0.00428216	0.00051857	-0.12110080
8.26008348	0.00427276	0.00051728	-0.12106415
8.26258347	0.00426338	0.00051599	-0.12102752
8.26508347	0.00425402	0.00051470	-0.12099091
8.26758346	0.00424469	0.00051341	-0.12095433
8.27008346	0.00423537	0.00051213	-0.12091776
8.27258345	0.00422607	0.00051085	-0.12088122
8.27508345	0.00421679	0.00050958	-0.12084470
8.27758344	0.00420753	0.00050830	-0.12080821
8.28008344	0.00419830	0.00050704	-0.12077173
8.28258343	0.00418908	0.00050577	-0.12073528
8.28508343	0.00417988	0.00050451	-0.12069884
8.28758342	0.00417070	0.00050325	-0.12066244
8.29008342	0.00416154	0.00050199	-0.12062605
8.29258341	0.00415240	0.00050074	-0.12058968
8.29508341	0.00414328	0.00049949	-0.12055334
8.29758340	0.00413418	0.00049824	-0.12051702
8.30008340	0.00412510	0.00049700	-0.12048072
8.30258339	0.00411604	0.00049575	-0.12044444
8.30508339	0.00410700	0.00049452	-0.12040818
8.30758338	0.00409798	0.00049328	-0.12037195
8.31008338	0.00408898	0.00049205	-0.12033574
8.31258337	0.00408000	0.00049082	-0.12029955
8.31508337	0.00407103	0.00048960	-0.12026338
8.31758336	0.00406209	0.00048837	-0.12022723
8.32008336	0.00405316	0.00048715	-0.12019110
8.32258335	0.00404426	0.00048594	-0.12015500
8.32508335	0.00403537	0.00048472	-0.12011892
8.32758334	0.00402651	0.00048351	-0.12008286
8.33008334	0.00401766	0.00048231	-0.12004682
8.33258333	0.00400883	0.00048110	-0.12001080
8.33508333	0.00400002	0.00047990	-0.11997481
8.33758332	0.00399123	0.00047870	-0.11993883
8.34008332	0.00398246	0.00047751	-0.11990288
8.34258331	0.00397370	0.00047632	-0.11986695
8.34508331	0.00396497	0.00047513	-0.11983104
8.34758330	0.00395625	0.00047394	-0.11979515
8.35008330	0.00394756	0.00047276	-0.11975928
8.35258329	0.00393888	0.00047158	-0.11972344
8.35508329	0.00393022	0.00047040	-0.11968762
8.35758328	0.00392158	0.00046922	-0.11965181
8.36008328	0.00391296	0.00046805	-0.11961603
8.36258327	0.00390436	0.00046688	-0.11958027
8.36508327	0.00389577	0.00046572	-0.11954454
8.36758326	0.00388721	0.00046456	-0.11950882
8.37008326	0.00387866	0.00046340	-0.11947312
8.37258325	0.00387013	0.00046224	-0.11943745
8.37508325	0.00386162	0.00046108	-0.11940180
8.37758324	0.00385313	0.00045993	-0.11936617
8.38008324	0.00384465	0.00045878	-0.11933056
8.38258323	0.00383620	0.00045764	-0.11929497
8.38508323	0.00382776	0.00045650	-0.11925940
8.38758322	0.00381934	0.00045536	-0.11922385
8.39008322	0.00381094	0.00045422	-0.11918833
8.39258321	0.00380256	0.00045309	-0.11915283
8.39508321	0.00379419	0.00045195	-0.11911734
8.39758320	0.00378585	0.00045083	-0.11908188
8.40008320	0.00377752	0.00044970	-0.11904644
8.40258319	0.00376921	0.00044858	-0.11901102
8.40508319	0.00376092	0.00044746	-0.11897562
8.40758318	0.00375264	0.00044634	-0.11894024
8.41008318	0.00374438	0.00044523	-0.11890489
8.41258317	0.00373615	0.00044411	-0.11886955
8.41508317	0.00372792	0.00044301	-0.11883424
8.41758316	0.00371972	0.00044190	-0.11879895
8.42008316	0.00371154	0.00044080	-0.11876367
8.42258315	0.00370337	0.00043969	-0.11872842
8.42508315	0.00369522	0.00043860	-0.11869319
8.42758314	0.00368708	0.00043750	-0.11865798
8.43008314	0.00367897	0.00043641	-0.11862279
8.43258313	0.00367087	0.00043532	-0.11858762
8.43508313	0.00366279	0.00043423	-0.11855248
8.43758312	0.00365473	0.00043315	-0.11851735
8.44008312	0.00364668	0.00043207	-0.11848225
8.44258311	0.00363866	0.00043099	-0.11844716
8.44508311	0.00363065	0.00042991	-0.11841210
8.44758310	0.00362265	0.00042884	-0.11837705
8.45008310	0.00361468	0.00042777	-0.11834203
8.45258309	0.00360672	0.00042670	-0.11830703
8.45508309	0.00359878	0.00042563	-0.11827205
8.45758308	0.00359085	0.00042457	-0.11823709
8.46008308	0.00358294	0.00042351	-0.11820215
8.46258307	0.00357505	0.00042245	-0.11816723
8.46508307	0.00356718	0.00042140	-0.11813233
8.46758306	0.00355933	0.00042035	-0.11809745
8.47008306	0.00355149	0.00041930	-0.11806260
8.47258305	0.00354366	0.00041825	-0.11802776
8.47508305	0.00353586	0.00041721	-0.11799294
8.47758304	0.00352807	0.00041616	-0.11795815
8.48008304	0.00352030	0.00041513	-0.11792337
8.48258303	0.00351255	0.00041409	-0.11788862
8.48508303	0.00350481	0.00041306	-0.11785389
8.48758302	0.00349709	0.00041202	-0.11781917
8.49008302	0.00348938	0.00041100	-0.11778448
8.49258301	0.00348170	0.00040997	-0.11774981
8.49508301	0.00347402	0.00040895	-0.11771515
8.49758300	0.00346637	0.00040792	-0.11768052
8.50008300	0.00345873	0.00040691	-0.11764591
8.50258299	0.00345111	0.00040589	-0.11761132
8.50508299	0.00344351	0.00040488	-0.11757675
8.50758298	0.00343592	0.00040387	-0.11754220
8.51008298	0.00342835	0.00040286	-0.11750767
8.51258297	0.00342079	0.00040185	-0.11747316
8.51508297	0.00341325	0.00040085	-0.11743867
8.51758296	0.00340573	0.00039985	-0.11740420
8.52008296	0.00339822	0.00039885	-0.11736975
8.52258295	0.00339073	0.00039785	-0.11733532
8.52508295	0.00338326	0.00039686	-0.11730091
8.52758294	0.00337580	0.00039587	-0.11726652
8.53008294	0.00336836	0.00039488	-0.11723215
8.53258293	0.00336093	0.00039389	-0.11719781
8.53508293	0.00335352	0.00039291	-0.11716348
8.53758292	0.00334613	0.00039193	-0.11712917
8.54008292	0.00333875	0.00039095	-0.11709488
8.54258291	0.00333139	0.00038997	-0.11706061
8.54508291	0.00332404	0.00038900	-0.11702637
8.54758290	0.00331671	0.00038803	-0.11699214
8.55008290	0.00330940	0.00038706	-0.11695793
8.55258289	0.00330210	0.00038609	-0.11692374
8.55508289	0.00329482	0.00038513	-0.11688957
8.55758288	0.00328755	0.00038417	-0.11685543
8.56008288	0.00328030	0.00038321	-0.11682130
8.56258287	0.00327307	0.00038225	-0.11678719
8.56508287	0.00326585	0.00038130	-0.11675310
8.56758286	0.00325865	0.00038035	-0.11671903
8.57008286	0.00325146	0.00037940	-0.11668499
8.57258285	0.00324429	0.00037845	-0.11665096
8.57508285	0.00323713	0.00037750	-0.11661695
8.57758284	0.00322999	0.00037656	-0.11658296
8.58008284	0.00322286	0.00037562	-0.11654899
8.58258283	0.00321575	0.00037468	-0.11651504
8.58508283	0.00320866	0.00037375	-0.11648111
8.58758282	0.00320158	0.00037281	-0.11644720
8.59008282	0.00319451	0.00037188	-0.11641331
8.59258281	0.00318746	0.00037096	-0.11637944
8.59508281	0.00318043	0.00037003	-0.11634559
8.59758280	0.00317341	0.00036911	-0.11631176
8.60008280	0.00316641	0.00036818	-0.11627795
8.60258279	0.00315942	0.00036726	-0.11624416
8.60508279	0.00315245	0.00036635	-0.11621039
8.60758278	0.00314549	0.00036543	-0.11617663
8.61008278	0.00313855	0.00036452	-0.11614290
8.61258277	0.00313162	0.00036361	-0.11610919
8.61508277	0.00312471	0.00036270	-0.11607550
8.61758276	0.00311781	0.00036180	-0.11604182
8.62008276	0.00311093	0.00036089	-0.11600817
8.62258275	0.00310406	0.00035999	-0.11597453
8.62508275	0.00309721	0.00035909	-0.11594092
8.62758274	0.00309037	0.00035820	-0.11590732
8.63008274	0.00308355	0.00035730	-0.11587374
8.63258273	0.00307674	0.00035641	-0.11584019
8.63508273	0.00306995	0.00035552	-0.11580665
8.63758272	0.00306317	0.00035463	-0.11577313
8.64008272	0.00305640	0.00035375	-0.11573963
8.64258271	0.00304965	0.00035286	-0.11570615
8.64508271	0.00304292	0.00035198	-0.11567269
8.64758270	0.00303620	0.00035110	-0.11563925
8.65008270	0.00302949	0.00035023	-0.11560583
8.65258269	0.00302280	0.00034935	-0.11557243
8.65508269	0.00301613	0.00034848	-0.11553905
8.65758268	0.00300946	0.00034761	-0.11550568
8.66008268	0.00300282	0.00034674	-0.11547234
8.66258267	0.00299618	0.00034588	-0.11543901
8.66508267	0.00298957	0.00034501	-0.11540571
8.66758266	0.00298296	0.00034415	-0.11537242
8.67008266	0.00297637	0.00034329	-0.11533915
8.67258265	0.00296980	0.00034244	-0.11530591
8.67508265	0.00296323	0.00034158	-0.11527268
8.67758264	0.00295669	0.00034073	-0.11523947
8.68008264	0.00295016	0.00033988	-0.11520628
8.68258263	0.00294364	0.00033903	-0.11517310
8.68508263	0.00293713	0.00033818	-0.11513995
8.68758262	0.00293064	0.00033734	-0.11510682
8.69008262	0.00292417	0.00033649	-0.11507370
8.69258261	0.00291770	0.00033565	-0.11504061
8.69508261	0.00291126	0.00033482	-0.11500753
8.69758260	0.00290482	0.00033398	-0.11497448
8.70008260	0.00289840	0.00033315	-0.11494144
8.70258259	0.00289199	0.00033231	-0.11490842
8.70508259	0.00288560	0.00033148	-0.11487542
8.70758258	0.00287922	0.00033066	-0.11484244
8.71008258	0.00287286	0.00032983	-0.11480947
8.71258257	0.00286651	0.00032901	-0.11477653
8.71508257	0.00286017	0.00032819	-0.11474361
8.71758256	0.00285385	0.00032737	-0.11471070
8.72008256	0.00284754	0.00032655	-0.11467781
8.72258255	0.00284124	0.00032573	-0.11464495
8.72508255	0.00283496	0.00032492	-0.11461210
8.72758254	0.00282869	0.00032411	-0.11457927
8.73008254	0.00282244	0.00032330	-0.11454645
8.73258253	0.00281620	0.00032249	-0.11451366
8.73508253	0.00280997	0.00032169	-0.11448089
8.73758252	0.00280376	0.00032088	-0.11444813
8.74008252	0.00279756	0.00032008	-0.11441540
8.74258251	0.00279137	0.00031928	-0.11438268
8.74508251	0.00278520	0.00031849	-0.11434998
8.74758250	0.00277904	0.00031769	-0.11431730
8.75008250	0.00277289	0.00031690	-0.11428464
8.75258249	0.00276676	0.00031611	-0.11425199
8.75508249	0.00276064	0.00031532	-0.11421937
8.75758248	0.00275453	0.00031453	-0.11418676
8.76008248	0.00274844	0.00031375	-0.11415418
8.76258247	0.00274236	0.00031296	-0.11412161
8.76508247	0.00273629	0.00031218	-0.11408906
8.76758246	0.00273024	0.00031140	-0.11405653
8.77008246	0.00272420	0.00031062	-0.11402401
8.77258245	0.00271817	0.00030985	-0.11399152
8.77508245	0.00271215	0.00030907	-0.11395904
8.77758244	0.00270615	0.00030830	-0.11392659
8.78008244	0.00270016	0.00030753	-0.11389415
8.78258243	0.00269419	0.00030677	-0.11386173
8.78508243	0.00268823	0.00030600	-0.11382932
8.78758242	0.00268228	0.00030524	-0.11379694
8.79008242	0.00267634	0.00030447	-0.11376458
8.79258241	0.00267042	0.00030371	-0.11373223
8.79508241	0.00266451	0.00030295	-0.11369990
8.79758240	0.00265861	0.00030220	-0.11366759
8.80008240	0.00265273	0.00030144	-0.11363530
8.80258239	0.00264686	0.00030069	-0.11360303
8.80508239	0.00264100	0.00029994	-0.11357077
8.80758238	0.00263515	0.00029919	-0.11353853
8.81008238	0.00262932	0.00029844	-0.11350632
8.81258237	0.00262350	0.00029770	-0.11347412
8.81508237	0.00261769	0.00029696	-0.11344193
8.81758236	0.00261189	0.00029621	-0.11340977
8.82008236	0.00260611	0.00029547	-0.11337763
8.82258235	0.00260034	0.00029474	-0.11334550
8.82508235	0.00259458	0.00029400	-0.11331339
8.82758234	0.00258884	0.00029327	-0.11328130
8.83008234	0.00258310	0.00029253	-0.11324923
8.83258233	0.00257738	0.00029180	-0.11321717
8.83508233	0.00257168	0.00029108	-0.11318514
8.83758232	0.00256598	0.00029035	-0.11315312
8.84008232	0.00256030	0.00028962	-0.11312112
8.84258231	0.00255463	0.00028890	-0.11308914
8.84508231	0.00254897	0.00028818	-0.11305717
8.84758230	0.00254332	0.00028746	-0.11302523
8.85008230	0.00253769	0.00028674	-0.11299330
8.85258229	0.00253207	0.00028603	-0.11296139
8.85508229	0.00252646	0.00028531	-0.11292950
8.85758228	0.00252086	0.00028460	-0.11289762
8.86008228	0.00251528	0.00028389	-0.11286577
8.86258227	0.00250971	0.00028318	-0.11283393
8.86508227	0.00250415	0.00028247	-0.11280211
8.86758226	0.00249860	0.00028177	-0.11277031
8.87008226	0.00249306	0.00028106	-0.11273853
8.87258225	0.00248754	0.00028036	-0.11270676
8.87508225	0.00248203	0.00027966	-0.11267501
8.87758224	0.00247653	0.00027896	-0.11264328
8.88008224	0.00247104	0.00027827	-0.11261157
8.88258223	0.00246556	0.00027757	-0.11257988
8.88508223	0.00246010	0.00027688	-0.11254820
8.88758222	0.00245465	0.00027619	-0.11251654
8.89008222	0.00244921	0.00027550	-0.11248490
8.89258221	0.00244378	0.00027481	-0.11245328
8.89508221	0.00243836	0.00027412	-0.11242167
8.89758220	0.00243296	0.00027344	-0.11239008
8.90008220	0.00242756	0.00027276	-0.11235851
8.90258219	0.00242218	0.00027208	-0.11232696
8.90508219	0.00241681	0.00027140	-0.11229543
8.90758218	0.00241145	0.00027072	-0.11226391
8.91008218	0.00240611	0.00027004	-0.11223241
8.91258217	0.00240077	0.00026937	-0.11220093
8.91508217	0.00239545	0.00026870	-0.11216947
8.91758216	0.00239014	0.00026803	-0.11213802
8.92008216	0.00238484	0.00026736	-0.11210659
8.92258215	0.00237955	0.00026669	-0.11207518
8.92508215	0.00237428	0.00026602	-0.11204379
8.92758214	0.00236901	0.00026536	-0.11201241
8.93008214	0.00236376	0.00026470	-0.11198105
8.93258213	0.00235852	0.00026404	-0.11194971
8.93508213	0.00235329	0.00026338	-0.11191839
8.93758212	0.00234807	0.00026272	-0.11188708
8.94008212	0.00234286	0.00026206	-0.11185580
8.94258211	0.00233766	0.00026141	-0.11182453
8.94508211	0.00233248	0.00026076	-0.11179327
8.94758210	0.00232730	0.00026010	-0.11176204
8.95008210	0.00232214	0.00025945	-0.11173082
8.95258209	0.00231699	0.00025881	-0.11169962
8.95508209	0.00231185	0.00025816	-0.11166843
8.95758208	0.00230672	0.00025752	-0.11163727
8.96008208	0.00230161	0.00025687	-0.11160612
8.96258207	0.00229650	0.00025623	-0.11157499
8.96508207	0.00229140	0.00025559	-0.11154388
8.96758206	0.00228632	0.00025495	-0.11151278
8.97008206	0.00228125	0.00025432	-0.11148170
8.97258205	0.00227619	0.00025368	-0.11145064
8.97508205	0.00227113	0.00025305	-0.11141959
8.97758204	0.00226610	0.00025242	-0.11138857
8.98008204	0.00226107	0.00025179	-0.11135756
8.98258203	0.00225605	0.00025116	-0.11132656
8.98508203	0.00225104	0.00025053	-0.11129559
8.98758202	0.00224605	0.00024991	-0.11126463
8.99008202	0.00224106	0.00024928	-0.11123369
8.99258201	0.00223609	0.00024866	-0.11120277
8.99508201	0.00223112	0.00024804	-0.11117186
8.99758200	0.00222617	0.00024742	-0.11114097
9.00008200	0.00222123	0.00024680	-0.11111010
9.00258199	0.00221630	0.00024618	-0.11107924
9.00508199	0.00221138	0.00024557	-0.11104841
9.00758198	0.00220647	0.00024496	-0.11101759
9.01008198	0.00220157	0.00024435	-0.11098678
9.01258197	0.00219668	0.00024374	-0.11095599
9.01508197	0.00219181	0.00024313	-0.11092523
9.01758196	0.00218694	0.00024252	-0.11089447
9.02008196	0.00218209	0.00024191	-0.11086374
9.02258195	0.00217724	0.00024131	-0.11083302
9.02508195	0.00217241	0.00024071	-0.11080232
9.02758194	0.00216758	0.00024011	-0.11077163
9.03008194	0.00216277	0.00023951	-0.11074097
9.03258193	0.00215797	0.00023891	-0.11071032
9.03508193	0.00215317	0.00023831	-0.11067968
9.03758192	0.00214839	0.00023772	-0.11064907
9.04008192	0.00214362	0.00023712	-0.11061847
9.04258191	0.00213886	0.00023653	-0.11058788
9.04508191	0.00213411	0.00023594	-0.11055732
9.04758190	0.00212937	0.00023535	-0.11052677
9.05008190	0.00212464	0.00023476	-0.11049624
9.05258189	0.00211992	0.00023418	-0.11046572
9.05508189	0.00211521	0.00023359	-0.11043522
9.05758188	0.00211051	0.00023301	-0.11040474
9.06008188	0.00210582	0.00023243	-0.11037428
9.06258187	0.00210114	0.00023185	-0.11034383
9.06508187	0.00209648	0.00023127	-0.11031340
9.06758186	0.00209182	0.00023069	-0.11028299
9.07008186	0.00208717	0.00023012	-0.11025259
9.07258185	0.00208253	0.00022954	-0.11022221
9.07508185	0.00207791	0.00022897	-0.11019184
9.07758184	0.00207329	0.00022840	-0.11016150
9.08008184	0.00206868	0.00022783	-0.11013117
9.08258183	0.00206408	0.00022726	-0.11010085
9.08508183	0.00205950	0.00022669	-0.11007056
9.08758182	0.00205492	0.00022612	-0.11004027
9.09008182	0.00205035	0.00022556	-0.11001001
9.09258181	0.00204580	0.00022500	-0.10997976
9.09508181	0.00204125	0.00022443	-0.10994953
9.09758180	0.00203671	0.00022387	-0.10991932
9.10008180	0.00203218	0.00022331	-0.10988912
9.10258179	0.00202767	0.00022276	-0.10985894
9.10508179	0.00202316	0.00022220	-0.10982878
9.10758178	0.00201866	0.00022165	-0.10979863
9.11008178	0.00201417	0.00022109	-0.10976850
9.11258177	0.00200970	0.00022054	-0.10973838
9.11508177	0.00200523	0.00021999	-0.10970829
9.11758176	0.00200077	0.00021944	-0.10967820
9.12008176	0.00199632	0.00021889	-0.10964814
9.12258175	0.00199188	0.00021835	-0.10961809
9.12508175	0.00198745	0.00021780	-0.10958806
9.12758174	0.00198304	0.00021726	-0.10955804
9.13008174	0.00197863	0.00021672	-0.10952804
9.13258173	0.00197423	0.00021617	-0.10949806
9.13508173	0.00196984	0.00021563	-0.10946810
9.13758172	0.00196545	0.00021510	-0.10943815
9.14008172	0.00196108	0.00021456	-0.10940821
9.14258171	0.00195672	0.00021402	-0.10937830
9.14508171	0.00195237	0.00021349	-0.10934839
9.14758170	0.00194803	0.00021296	-0.10931851
9.15008170	0.00194370	0.00021242	-0.10928864
9.15258169	0.00193937	0.00021189	-0.10925879
9.15508169	0.00193506	0.00021136	-0.10922895
9.15758168	0.00193075	0.00021084	-0.10919914
9.16008168	0.00192646	0.00021031	-0.10916933
9.16258167	0.00192217	0.00020979	-0.10913955
9.16508167	0.00191790	0.00020926	-0.10910978
9.16758166	0.00191363	0.00020874	-0.10908002
9.17008166	0.00190937	0.00020822	-0.10905028
9.17258165	0.00190512	0.00020770	-0.10902056
9.17508165	0.00190088	0.00020718	-0.10899086
9.17758164	0.00189666	0.00020666	-0.10896117
9.18008164	0.00189243	0.00020615	-0.10893149
9.18258163	0.00188822	0.00020563	-0.10890184
9.18508163	0.00188402	0.00020512	-0.10887220
9.18758162	0.00187983	0.00020461	-0.10884257
9.19008162	0.00187565	0.00020409	-0.10881296
9.19258161	0.00187147	0.00020358	-0.10878337
9.19508161	0.00186731	0.00020308	-0.10875379
9.19758160	0.00186315	0.00020257	-0.10872423
9.20008160	0.00185900	0.00020206	-0.10869469
9.20258159	0.00185487	0.00020156	-0.10866516
9.20508159	0.00185074	0.00020106	-0.10863565
9.20758158	0.00184662	0.00020055	-0.10860615
9.21008158	0.00184251	0.00020005	-0.10857667
9.21258157	0.00183840	0.00019955	-0.10854721
9.21508157	0.00183431	0.00019906	-0.10851776
9.21758156	0.00183023	0.00019856	-0.10848833
9.22008156	0.00182615	0.00019806	-0.10845891
9.22258155	0.00182209	0.00019757	-0.10842951
9.22508155	0.00181803	0.00019707	-0.10840013
9.22758154	0.00181398	0.00019658	-0.10837076
9.23008154	0.00180994	0.00019609	-0.10834140
9.23258153	0.00180591	0.00019560	-0.10831207
9.23508153	0.00180189	0.00019511	-0.10828275
9.23758152	0.00179788	0.00019463	-0.10825344
9.24008152	0.00179388	0.00019414	-0.10822415
9.24258151	0.00178988	0.00019366	-0.10819488
9.24508151	0.00178590	0.00019317	-0.10816562
9.24758150	0.00178192	0.00019269	-0.10813638
9.25008150	0.00177795	0.00019221	-0.10810716
9.25258149	0.00177399	0.00019173	-0.10807795
9.25508149	0.00177004	0.00019125	-0.10804875
9.25758148	0.00176610	0.00019077	-0.10801957
9.26008148	0.00176216	0.00019030	-0.10799041
9.26258147	0.00175824	0.00018982	-0.10796126
9.26508147	0.00175432	0.00018935	-0.10793213
9.26758146	0.00175041	0.00018887	-0.10790302
9.27008146	0.00174651	0.00018840	-0.10787392
9.27258145	0.00174262	0.00018793	-0.10784483
9.27508145	0.00173874	0.00018746	-0.10781576
9.27758144	0.00173486	0.00018700	-0.10778671
9.28008144	0.00173100	0.00018653	-0.10775768
9.28258143	0.00172714	0.00018606	-0.10772865
9.28508143	0.00172329	0.00018560	-0.10769965
9.28758142	0.00171945	0.00018513	-0.10767066
9.29008142	0.00171562	0.00018467	-0.10764168
9.29258141	0.00171180	0.00018421	-0.10761272
9.29508141	0.00170798	0.00018375	-0.10758378
9.29758140	0.00170418	0.00018329	-0.10755485
9.30008140	0.00170038	0.00018283	-0.10752594
9.30258139	0.00169659	0.00018238	-0.10749704
9.30508139	0.00169281	0.00018192	-0.10746816
9.30758138	0.00168904	0.00018147	-0.10743930
9.31008138	0.00168527	0.00018102	-0.10741045
9.31258137	0.00168151	0.00018056	-0.10738161
9.31508137	0.00167777	0.00018011	-0.10735279
9.31758136	0.00167403	0.00017966	-0.10732399
9.32008136	0.00167029	0.00017921	-0.10729520
9.32258135	0.00166657	0.00017877	-0.10726643
9.32508135	0.00166286	0.00017832	-0.10723767
9.32758134	0.00165915	0.00017788	-0.10720893
9.33008134	0.00165545	0.00017743	-0.10718020
9.33258133	0.00165176	0.00017699	-0.10715149
9.33508133	0.00164808	0.00017655	-0.10712279
9.33758132	0.00164440	0.00017611	-0.10709411
9.34008132	0.00164073	0.00017567	-0.10706545
9.34258131	0.00163708	0.00017523	-0.10703680
9.34508131	0.00163342	0.00017479	-0.10700816
9.34758130	0.00162978	0.00017435	-0.10697955
9.35008130	0.00162615	0.00017392	-0.10695094
9.35258129	0.00162252	0.00017348	-0.10692235
9.35508129	0.00161890	0.00017305	-0.10689378
9.35758128	0.00161529	0.00017262	-0.10686522
9.36008128	0.00161169	0.00017219	-0.10683668
9.36258127	0.00160809	0.00017176	-0.10680815
9.36508127	0.00160451	0.00017133	-0.10677964
9.36758126	0.00160093	0.00017090	-0.10675114
9.37008126	0.00159736	0.00017047	-0.10672266
9.37258125	0.00159379	0.00017005	-0.10669419
9.37508125	0.00159024	0.00016962	-0.10666574
9.37758124	0.00158669	0.00016920	-0.10663731
9.38008124	0.00158315	0.00016878	-0.10660888
9.38258123	0.00157962	0.00016836	-0.10658048
9.38508123	0.00157609	0.00016794	-0.10655209
9.38758122	0.00157258	0.00016752	-0.10652371
9.39008122	0.00156907	0.00016710	-0.10649535
9.39258121	0.00156557	0.00016668	-0.10646701
9.39508121	0.00156207	0.00016627	-0.10643868
9.39758120	0.00155859	0.00016585	-0.10641036
9.40008120	0.00155511	0.00016544	-0.10638206
9.40258119	0.00155164	0.00016502	-0.10635377
9.40508119	0.00154818	0.00016461	-0.10632550
9.40758118	0.00154472	0.00016420	-0.10629725
9.41008118	0.00154128	0.00016379	-0.10626901
9.41258117	0.00153784	0.00016338	-0.10624078
9.41508117	0.00153440	0.00016297	-0.10621257
9.41758116	0.00153098	0.00016257	-0.10618438
9.42008116	0.00152756	0.00016216	-0.10615620
9.42258115	0.00152415	0.00016176	-0.10612803
9.42508115	0.00152075	0.00016135	-0.10609988
9.42758114	0.00151735	0.00016095	-0.10607175
9.43008114	0.00151397	0.00016055	-0.10604363
9.43258113	0.00151059	0.00016015	-0.10601552
9.43508113	0.00150722	0.00015975	-0.10598743
9.43758112	0.00150385	0.00015935	-0.10595935
9.44008112	0.00150049	0.00015895	-0.10593129
9.44258111	0.00149714	0.00015855	-0.10590325
9.44508111	0.00149380	0.00015816	-0.10587522
9.44758110	0.00149046	0.00015776	-0.10584720
9.45008110	0.00148714	0.00015737	-0.10581920
9.45258109	0.00148382	0.00015697	-0.10579121
9.45508109	0.00148050	0.00015658	-0.10576324
9.45758108	0.00147720	0.00015619	-0.10573528
9.46008108	0.00147390	0.00015580	-0.10570734
9.46258107	0.00147061	0.00015541	-0.10567941
9.46508107	0.00146732	0.00015502	-0.10565150
9.46758106	0.00146404	0.00015464	-0.10562360
9.47008106	0.00146077	0.00015425	-0.10559572
9.47258105	0.00145751	0.00015387	-0.10556785
9.47508105	0.00145426	0.00015348	-0.10553999
9.47758104	0.00145101	0.00015310	-0.10551215
9.48008104	0.00144777	0.00015272	-0.10548433
9.48258103	0.00144453	0.00015234	-0.10545652
9.48508103	0.00144131	0.00015195	-0.10542873
9.48758102	0.00143809	0.00015158	-0.10540094
9.49008102	0.00143487	0.00015120	-0.10537318
9.49258101	0.00143167	0.00015082	-0.10534543
9.49508101	0.00142847	0.00015044	-0.10531769
9.49758100	0.00142528	0.00015007	-0.10528997
9.50008100	0.00142209	0.00014969	-0.10526226
9.50258099	0.00141892	0.00014932	-0.10523457
9.50508099	0.00141574	0.00014895	-0.10520689
9.50758098	0.00141258	0.00014857	-0.10517923
9.51008098	0.00140942	0.00014820	-0.10515158
9.51258097	0.00140627	0.00014783	-0.10512394
9.51508097	0.00140313	0.00014746	-0.10509632
9.51758096	0.00140000	0.00014710	-0.10506871
9.52008096	0.00139687	0.00014673	-0.10504112
9.52258095	0.00139375	0.00014636	-0.10501355
9.52508095	0.00139063	0.00014600	-0.10498598
9.52758094	0.00138752	0.00014563	-0.10495844
9.53008094	0.00138442	0.00014527	-0.10493090
9.53258093	0.00138133	0.00014491	-0.10490338
9.53508093	0.00137824	0.00014454	-0.10487588
9.53758092	0.00137516	0.00014418	-0.10484839
9.54008092	0.00137208	0.00014382	-0.10482091
9.54258091	0.00136902	0.00014346	-0.10479345
9.54508091	0.00136596	0.00014311	-0.10476601
9.54758090	0.00136290	0.00014275	-0.10473857
9.55008090	0.00135986	0.00014239	-0.10471115
9.55258089	0.00135682	0.00014204	-0.10468375
9.55508089	0.00135378	0.00014168	-0.10465636
9.55758088	0.00135076	0.00014133	-0.10462899
9.56008088	0.00134774	0.00014098	-0.10460163
9.56258087	0.00134472	0.00014062	-0.10457428
9.56508087	0.00134171	0.00014027	-0.10454695
9.56758086	0.00133871	0.00013992	-0.10451963
9.57008086	0.00133572	0.00013957	-0.10449233
9.57258085	0.00133273	0.00013922	-0.10446504
9.57508085	0.00132975	0.00013888	-0.10443776
9.57758084	0.00132678	0.00013853	-0.10441050
9.58008084	0.00132381	0.00013818	-0.10438325
9.58258083	0.00132085	0.00013784	-0.10435602
9.58508083	0.00131790	0.00013749	-0.10432880
9.58758082	0.00131495	0.00013715	-0.10430160
9.59008082	0.00131201	0.00013681	-0.10427441
9.59258081	0.00130907	0.00013647	-0.10424723
9.59508081	0.00130614	0.00013613	-0.10422007
9.59758080	0.00130322	0.00013579	-0.10419292
9.60008080	0.00130031	0.00013545	-0.10416579
9.60258079	0.00129740	0.00013511	-0.10413867
9.60508079	0.00129450	0.00013477	-0.10411157
9.60758078	0.00129160	0.00013444	-0.10408447
9.61008078	0.00128871	0.00013410	-0.10405740
9.61258077	0.00128583	0.00013377	-0.10403034
9.61508077	0.00128295	0.00013343	-0.10400329
9.61758076	0.00128008	0.00013310	-0.10397625
9.62008076	0.00127722	0.00013277	-0.10394923
9.62258075	0.00127436	0.00013243	-0.10392222
9.62508075	0.00127151	0.00013210	-0.10389523
9.62758074	0.00126866	0.00013177	-0.10386825
9.63008074	0.00126582	0.00013144	-0.10384129
9.63258073	0.00126299	0.00013112	-0.10381434
9.63508073	0.00126016	0.00013079	-0.10378740
9.63758072	0.00125734	0.00013046	-0.10376048
9.64008072	0.00125453	0.00013014	-0.10373357
9.64258071	0.00125172	0.00012981	-0.10370668
9.64508071	0.00124892	0.00012949	-0.10367980
9.64758070	0.00124612	0.00012916	-0.10365293
9.65008070	0.00124333	0.00012884	-0.10362608
9.65258069	0.00124055	0.00012852	-0.10359924
9.65508069	0.00123777	0.00012820	-0.10357241
9.65758068	0.00123500	0.00012788	-0.10354560
9.66008068	0.00123224	0.00012756	-0.10351880
9.66258067	0.00122948	0.00012724	-0.10349202
9.66508067	0.00122673	0.00012692	-0.10346525
9.66758066	0.00122398	0.00012661	-0.10343850
9.67008066	0.00122124	0.00012629	-0.10341175
9.67258065	0.00121851	0.00012598	-0.10338503
9.67508065	0.00121578	0.00012566	-0.10335831
9.67758064	0.00121305	0.00012535	-0.10333161
9.68008064	0.00121034	0.00012503	-0.10330492
9.68258063	0.00120763	0.00012472	-0.10327825
9.68508063	0.00120492	0.00012441	-0.10325159
9.68758062	0.00120223	0.00012410	-0.10322495
9.69008062	0.00119953	0.00012379	-0.10319832
9.69258061	0.00119685	0.00012348	-0.10317170
9.69508061	0.00119417	0.00012317	-0.10314509
9.69758060	0.00119149	0.00012286	-0.10311850
9.70008060	0.00118882	0.00012256	-0.10309193
9.70258059	0.00118616	0.00012225	-0.10306536
9.70508059	0.00118350	0.00012195	-0.10303881
9.70758058	0.00118085	0.00012164	-0.10301228
9.71008058	0.00117821	0.00012134	-0.10298576
9.71258057	0.00117557	0.00012104	-0.10295925
9.71508057	0.00117293	0.00012073	-0.10293275
9.71758056	0.00117031	0.00012043	-0.10290627
9.72008056	0.00116769	0.00012013	-0.10287981
9.72258055	0.00116507	0.00011983	-0.10285335
9.72508055	0.00116246	0.00011953	-0.10282691
9.72758054	0.00115985	0.00011923	-0.10280049
9.73008054	0.00115726	0.00011894	-0.10277407
9.73258053	0.00115466	0.00011864	-0.10274767
9.73508053	0.00115208	0.00011834	-0.10272129
9.73758052	0.00114949	0.00011805	-0.10269491
9.74008052	0.00114692	0.00011775	-0.10266856
9.74258051	0.00114435	0.00011746	-0.10264221
9.74508051	0.00114178	0.00011717	-0.10261588
9.74758050	0.00113923	0.00011687	-0.10258956
9.75008050	0.00113667	0.00011658	-0.10256326
9.75258049	0.00113413	0.00011629	-0.10253696
9.75508049	0.00113158	0.00011600	-0.10251069
9.75758048	0.00112905	0.00011571	-0.10248442
9.76008048	0.00112652	0.00011542	-0.10245817
9.76258047	0.00112399	0.00011513	-0.10243193
9.76508047	0.00112147	0.00011485	-0.10240571
9.76758046	0.00111896	0.00011456	-0.10237950
9.77008046	0.00111645	0.00011427	-0.10235330
9.77258045	0.00111395	0.00011399	-0.10232712
9.77508045	0.00111145	0.00011370	-0.10230095
9.77758044	0.00110896	0.00011342	-0.10227479
9.78008044	0.00110647	0.00011314	-0.10224865
9.78258043	0.00110399	0.00011285	-0.10222252
9.78508043	0.00110152	0.00011257	-0.10219640
9.78758042	0.00109905	0.00011229	-0.10217030
9.79008042	0.00109658	0.00011201	-0.10214421
9.79258041	0.00109412	0.00011173	-0.10211813
9.79508041	0.00109167	0.00011145	-0.10209207
9.79758040	0.00108922	0.00011117	-0.10206602
9.80008040	0.00108678	0.00011090	-0.10203998
9.80258039	0.00108434	0.00011062	-0.10201396
9.80508039	0.00108191	0.00011034	-0.10198795
9.80758038	0.00107949	0.00011007	-0.10196195
9.81008038	0.00107707	0.00010979	-0.10193596
9.81258037	0.00107465	0.00010952	-0.10190999
9.81508037	0.00107224	0.00010924	-0.10188404
9.81758036	0.00106984	0.00010897	-0.10185809
9.82008036	0.00106744	0.00010870	-0.10183216
9.82258035	0.00106504	0.00010843	-0.10180624
9.82508035	0.00106265	0.00010816	-0.10178034
9.82758034	0.00106027	0.00010789	-0.10175445
9.83008034	0.00105789	0.00010762	-0.10172857
9.83258033	0.00105552	0.00010735	-0.10170270
9.83508033	0.00105315	0.00010708	-0.10167685
9.83758032	0.00105079	0.00010681	-0.10165101
9.84008032	0.00104843	0.00010655	-0.10162519
9.84258031	0.00104608	0.00010628	-0.10159937
9.84508031	0.00104373	0.00010602	-0.10157357
9.84758030	0.00104139	0.00010575	-0.10154779
9.85008030	0.00103905	0.00010549	-0.10152202
9.85258029	0.00103672	0.00010522	-0.10149625
9.85508029	0.00103440	0.00010496	-0.10147051
9.85758028	0.00103207	0.00010470	-0.10144477
9.86008028	0.00102976	0.00010444	-0.10141905
9.86258027	0.00102745	0.00010418	-0.10139334
9.86508027	0.00102514	0.00010392	-0.10136765
9.86758026	0.00102284	0.00010366	-0.10134197
9.87008026	0.00102055	0.00010340	-0.10131630
9.87258025	0.00101826	0.00010314	-0.10129064
9.87508025	0.00101597	0.00010288	-0.10126500
9.87758024	0.00101369	0.00010263	-0.10123937
9.88008024	0.00101142	0.00010237	-0.10121375
9.88258023	0.00100915	0.00010211	-0.10118815
9.88508023	0.00100688	0.00010186	-0.10116256
9.88758022	0.00100462	0.00010160	-0.10113698
9.89008022	0.00100237	0.00010135	-0.10111141
9.89258021	0.00100012	0.00010110	-0.10108586
9.89508021	0.00099787	0.00010085	-0.10106032
9.89758020	0.00099563	0.00010059	-0.10103480
9.90008020	0.00099339	0.00010034	-0.10100928
9.90258019	0.00099116	0.00010009	-0.10098378
9.90508019	0.00098894	0.00009984	-0.10095829
9.90758018	0.00098672	0.00009959	-0.10093282
9.91008018	0.00098450	0.00009934	-0.10090736
9.91258017	0.00098229	0.00009910	-0.10088191
9.91508017	0.00098009	0.00009885	-0.10085647
9.91758016	0.00097789	0.00009860	-0.10083105
9.92008016	0.00097569	0.00009836	-0.10080564
9.92258015	0.00097350	0.00009811	-0.10078024
9.92508015	0.00097131	0.00009786	-0.10075485
9.92758014	0.00096913	0.00009762	-0.10072948
9.93008014	0.00096696	0.00009738	-0.10070412
9.93258013	0.00096479	0.00009713	-0.10067877
9.93508013	0.00096262	0.00009689	-0.10065344
9.93758012	0.00096046	0.00009665	-0.10062812
9.94008012	0.00095830	0.00009641	-0.10060281
9.94258011	0.00095615	0.00009617	-0.10057751
9.94508011	0.00095400	0.00009593	-0.10055223
9.94758010	0.00095186	0.00009569	-0.10052696
9.95008010	0.00094972	0.00009545	-0.10050170
9.95258009	0.00094759	0.00009521	-0.10047646
9.95508009	0.00094546	0.00009497	-0.10045123
9.95758008	0.00094333	0.00009474	-0.10042601
9.96008008	0.00094121	0.00009450	-0.10040080
9.96258007	0.00093910	0.00009426	-0.10037560
9.96508007	0.00093699	0.00009403	-0.10035042
9.96758006	0.00093488	0.00009379	-0.10032525
9.97008006	0.00093278	0.00009356	-0.10030010
9.97258005	0.00093069	0.00009332	-0.10027495
9.97508005	0.00092860	0.00009309	-0.10024982
9.97758004	0.00092651	0.00009286	-0.10022470
9.98008004	0.00092443	0.00009263	-0.10019960
9.98258003	0.00092235	0.00009240	-0.10017450
9.98508003	0.00092028	0.00009217	-0.10014942
9.98758002	0.00091821	0.00009194	-0.10012435
9.99008002	0.00091615	0.00009171	-0.10009930
9.99258001	0.00091409	0.00009148	-0.10007425
9.99508001	0.00091204	0.00009125	-0.10004922
9.99758000	0.00090999	0.00009102	-0.10002421
10.00008000	0.00090794	0.00009079	-0.09999920
10.00257999	0.00090590	0.00009057	-0.09997421
10.00507999	0.00090386	0.00009034	-0.09994923
10.00757998	0.00090183	0.00009011	-0.09992426
10.01007998	0.00089981	0.00008989	-0.09989930
10.01257997	0.00089778	0.00008967	-0.09987436
10.01507997	0.00089576	0.00008944	-0.09984943
10.01757996	0.00089375	0.00008922	-0.09982451
10.02007996	0.00089174	0.00008900	-0.09979960
10.02257995	0.00088974	0.00008877	-0.09977471
10.02507995	0.00088774	0.00008855	-0.09974983
10.02757994	0.00088574	0.00008833	-0.09972496
10.03007994	0.00088375	0.00008811	-0.09970010
10.03257993	0.00088176	0.00008789	-0.09967526
10.03507993	0.00087978	0.00008767	-0.09965043
10.03757992	0.00087780	0.00008745	-0.09962561
10.04007992	0.00087583	0.00008723	-0.09960080
10.04257991	0.00087386	0.00008702	-0.09957601
10.04507991	0.00087189	0.00008680	-0.09955122
10.04757990	0.00086993	0.00008658	-0.09952645
10.05007990	0.00086798	0.00008637	-0.09950170
10.05257989	0.00086603	0.00008615	-0.09947695
10.05507989	0.00086408	0.00008593	-0.09945222
10.05757988	0.00086214	0.00008572	-0.09942750
10.06007988	0.00086020	0.00008551	-0.09940279
10.06257987	0.00085826	0.00008529	-0.09937809
10.06507987	0.00085633	0.00008508	-0.09935341
10.06757986	0.00085441	0.00008487	-0.09932874
10.07007986	0.00085248	0.00008466	-0.09930408
10.07257985	0.00085057	0.00008444	-0.09927943
10.07507985	0.00084865	0.00008423	-0.09925480
10.07757984	0.00084674	0.00008402	-0.09923017
10.08007984	0.00084484	0.00008381	-0.09920556
10.08257983	0.00084294	0.00008360	-0.09918097
10.08507983	0.00084104	0.00008339	-0.09915638
10.08757982	0.00083915	0.00008319	-0.09913181
10.09007982	0.00083726	0.00008298	-0.09910724
10.09257981	0.00083538	0.00008277	-0.09908269
10.09507981	0.00083350	0.00008257	-0.09905816
10.09757980	0.00083163	0.00008236	-0.09903363
10.10007980	0.00082975	0.00008215	-0.09900912
10.10257979	0.00082789	0.00008195	-0.09898462
10.10507979	0.00082602	0.00008174	-0.09896013
10.10757978	0.00082417	0.00008154	-0.09893565
10.11007978	0.00082231	0.00008134	-0.09891119
10.11257977	0.00082046	0.00008113	-0.09888674
10.11507977	0.00081861	0.00008093	-0.09886229
10.11757976	0.00081677	0.00008073	-0.09883787
10.12007976	0.00081493	0.00008053	-0.09881345
10.12257975	0.00081310	0.00008033	-0.09878905
10.12507975	0.00081127	0.00008012	-0.09876465
10.12757974	0.00080944	0.00007992	-0.09874027
10.13007974	0.00080762	0.00007973	-0.09871591
10.13257973	0.00080581	0.00007953	-0.09869155
10.13507973	0.00080399	0.00007933	-0.09866721
10.13757972	0.00080218	0.00007913	-0.09864287
10.14007972	0.00080038	0.00007893	-0.09861855
10.14257971	0.00079857	0.00007873	-0.09859425
10.14507971	0.00079678	0.00007854	-0.09856995
10.14757970	0.00079498	0.00007834	-0.09854567
10.15007970	0.00079319	0.00007815	-0.09852139
10.15257969	0.00079141	0.00007795	-0.09849713
10.15507969	0.00078963	0.00007776	-0.09847289
10.15757968	0.00078785	0.00007756	-0.09844865
10.16007968	0.00078608	0.00007737	-0.09842442
10.16257967	0.00078431	0.00007718	-0.09840021
10.16507967	0.00078254	0.00007698	-0.09837601
10.16757966	0.00078078	0.00007679	-0.09835182
10.17007966	0.00077902	0.00007660	-0.09832765
10.17257965	0.00077727	0.00007641	-0.09830348
10.17507965	0.00077552	0.00007622	-0.09827933
10.17757964	0.00077377	0.00007603	-0.09825519
10.18007964	0.00077203	0.00007584	-0.09823106
10.18257963	0.00077029	0.00007565	-0.09820694
10.18507963	0.00076855	0.00007546	-0.09818284
10.18757962	0.00076682	0.00007527	-0.09815874
10.19007962	0.00076510	0.00007508	-0.09813466
10.19257961	0.00076337	0.00007489	-0.09811059
10.19507961	0.00076165	0.00007471	-0.09808653
10.19757960	0.00075994	0.00007452	-0.09806249
10.20007960	0.00075823	0.00007434	-0.09803845
10.20257959	0.00075652	0.00007415	-0.09801443
10.20507959	0.00075481	0.00007396	-0.09799042
10.20757958	0.00075311	0.00007378	-0.09796642
10.21007958	0.00075142	0.00007360	-0.09794243
10.21257957	0.00074973	0.00007341	-0.09791845
10.21507957	0.00074804	0.00007323	-0.09789449
10.21757956	0.00074635	0.00007305	-0.09787054
10.22007956	0.00074467	0.00007286	-0.09784660
10.22257955	0.00074299	0.00007268	-0.09782267
10.22507955	0.00074132	0.00007250	-0.09779875
10.22757954	0.00073965	0.00007232	-0.09777484
10.23007954	0.00073798	0.00007214	-0.09775095
10.23257953	0.00073632	0.00007196	-0.09772707
10.23507953	0.00073466	0.00007178	-0.09770320
10.23757952	0.00073300	0.00007160	-0.09767934
10.24007952	0.00073135	0.00007142	-0.09765549
10.24257951	0.00072970	0.00007124	-0.09763166
10.24507951	0.00072806	0.00007106	-0.09760783
10.24757950	0.00072642	0.00007089	-0.09758402
10.25007950	0.00072478	0.00007071	-0.09756022
10.25257949	0.00072315	0.00007053	-0.09753643
10.25507949	0.00072152	0.00007036	-0.09751265
10.25757948	0.00071989	0.00007018	-0.09748889
10.26007948	0.00071827	0.00007001	-0.09746513
10.26257947	0.00071665	0.00006983	-0.09744139
10.26507947	0.00071504	0.00006966	-0.09741766
10.26757946	0.00071343	0.00006948	-0.09739394
10.27007946	0.00071182	0.00006931	-0.09737023
10.27257945	0.00071021	0.00006914	-0.09734653
10.27507945	0.00070861	0.00006896	-0.09732285
10.27757944	0.00070701	0.00006879	-0.09729917
10.28007944	0.00070542	0.00006862	-0.09727551
10.28257943	0.00070383	0.00006845	-0.09725186
10.28507943	0.00070224	0.00006828	-0.09722822
10.28757942	0.00070066	0.00006811	-0.09720460
10.29007942	0.00069908	0.00006794	-0.09718098
10.29257941	0.00069751	0.00006777	-0.09715738
10.29507941	0.00069593	0.00006760	-0.09713378
10.29757940	0.00069436	0.00006743	-0.09711020
10.30007940	0.00069280	0.00006726	-0.09708663
10.30257939	0.00069124	0.00006709	-0.09706307
10.30507939	0.00068968	0.00006693	-0.09703952
10.30757938	0.00068812	0.00006676	-0.09701599
10.31007938	0.00068657	0.00006659	-0.09699246
10.31257937	0.00068502	0.00006643	-0.09696895
10.31507937	0.00068348	0.00006626	-0.09694545
10.31757936	0.00068194	0.00006609	-0.09692196
10.32007936	0.00068040	0.00006593	-0.09689848
10.32257935	0.00067886	0.00006576	-0.09687501
10.32507935	0.00067733	0.00006560	-0.09685156
10.32757934	0.00067581	0.00006544	-0.09682811
10.33007934	0.00067428	0.00006527	-0.09680468
10.33257933	0.00067276	0.00006511	-0.09678126
10.33507933	0.00067124	0.00006495	-0.09675784
10.33757932	0.00066973	0.00006479	-0.09673445
10.34007932	0.00066822	0.00006462	-0.09671106
10.34257931	0.00066671	0.00006446	-0.09668768
10.34507931	0.00066521	0.00006430	-0.09666431
10.34757930	0.00066371	0.00006414	-0.09664096
10.35007930	0.00066221	0.00006398	-0.09661762
10.35257929	0.00066071	0.00006382	-0.09659429
10.35507929	0.00065922	0.00006366	-0.09657097
10.35757928	0.00065774	0.00006350	-0.09654766
10.36007928	0.00065625	0.00006334	-0.09652436
10.36257927	0.00065477	0.00006319	-0.09650107
10.36507927	0.00065330	0.00006303	-0.09647780
10.36757926	0.00065182	0.00006287	-0.09645453
10.37007926	0.00065035	0.00006271	-0.09643128
10.37257925	0.00064888	0.00006256	-0.09640804
10.37507925	0.00064742	0.00006240	-0.09638481
10.37757924	0.00064596	0.00006225	-0.09636159
10.38007924	0.00064450	0.00006209	-0.09633838
10.38257923	0.00064305	0.00006194	-0.09631518
10.38507923	0.00064159	0.00006178	-0.09629200
10.38757922	0.00064015	0.00006163	-0.09626882
10.39007922	0.00063870	0.00006147	-0.09624566
10.39257921	0.00063726	0.00006132	-0.09622250
10.39507921	0.00063582	0.00006117	-0.09619936
10.39757920	0.00063439	0.00006101	-0.09617623
10.40007920	0.00063296	0.00006086	-0.09615311
10.40257919	0.00063153	0.00006071	-0.09613001
10.40507919	0.00063010	0.00006056	-0.09610691
10.40757918	0.00062868	0.00006041	-0.09608382
10.41007918	0.00062726	0.00006026	-0.09606075
10.41257917	0.00062584	0.00006010	-0.09603769
10.41507917	0.00062443	0.00005995	-0.09601463
10.41757916	0.00062302	0.00005980	-0.09599159
10.42007916	0.00062162	0.00005966	-0.09596856
10.42257915	0.00062021	0.00005951	-0.09594554
10.42507915	0.00061881	0.00005936	-0.09592253
10.42757914	0.00061741	0.00005921	-0.09589954
10.43007914	0.00061602	0.00005906	-0.09587655
10.43257913	0.00061463	0.00005891	-0.09585357
10.43507913	0.00061324	0.00005877	-0.09583061
10.43757912	0.00061186	0.00005862	-0.09580766
10.44007912	0.00061048	0.00005847	-0.09578471
10.44257911	0.00060910	0.00005833	-0.09576178
10.44507911	0.00060772	0.00005818	-0.09573886
10.44757910	0.00060635	0.00005804	-0.09571595
10.45007910	0.00060498	0.00005789	-0.09569306
10.45257909	0.00060361	0.00005775	-0.09567017
10.45507909	0.00060225	0.00005760	-0.09564729
10.45757908	0.00060089	0.00005746	-0.09562443
10.46007908	0.00059953	0.00005732	-0.09560157
10.46257907	0.00059818	0.00005717	-0.09557873
10.46507907	0.00059683	0.00005703	-0.09555590
10.46757906	0.00059548	0.00005689	-0.09553307
10.47007906	0.00059414	0.00005675	-0.09551026
10.47257905	0.00059279	0.00005660	-0.09548746
10.47507905	0.00059146	0.00005646	-0.09546467
10.47757904	0.00059012	0.00005632	-0.09544190
10.48007904	0.00058879	0.00005618	-0.09541913
10.48257903	0.00058746	0.00005604	-0.09539637
10.48507903	0.00058613	0.00005590	-0.09537363
10.48757902	0.00058481	0.00005576	-0.09535089
10.49007902	0.00058348	0.00005562	-0.09532817
10.49257901	0.00058217	0.00005548	-0.09530545
10.49507901	0.00058085	0.00005535	-0.09528275
10.49757900	0.00057954	0.00005521	-0.09526006
10.50007900	0.00057823	0.00005507	-0.09523738
10.50257899	0.00057692	0.00005493	-0.09521471
10.50507899	0.00057562	0.00005479	-0.09519205
10.50757898	0.00057432	0.00005466	-0.09516940
10.51007898	0.00057302	0.00005452	-0.09514676
10.51257897	0.00057173	0.00005438	-0.09512414
10.51507897	0.00057043	0.00005425	-0.09510152
10.51757896	0.00056915	0.00005411	-0.09507892
10.52007896	0.00056786	0.00005398	-0.09505632
10.52257895	0.00056658	0.00005384	-0.09503374
10.52507895	0.00056530	0.00005371	-0.09501116
10.52757894	0.00056402	0.00005358	-0.09498860
10.53007894	0.00056274	0.00005344	-0.09496605
10.53257893	0.00056147	0.00005331	-0.09494351
10.53507893	0.00056020	0.00005317	-0.09492098
10.53757892	0.00055894	0.00005304	-0.09489846
10.54007892	0.00055767	0.00005291	-0.09487595
10.54257891	0.00055641	0.00005278	-0.09485345
10.54507891	0.00055515	0.00005265	-0.09483096
10.54757890	0.00055390	0.00005251	-0.09480849
10.55007890	0.00055265	0.00005238	-0.09478602
10.55257889	0.00055140	0.00005225	-0.09476357
10.55507889	0.00055015	0.00005212	-0.09474112
10.55757888	0.00054891	0.00005199	-0.09471869
10.56007888	0.00054767	0.00005186	-0.09469626
10.56257887	0.00054643	0.00005173	-0.09467385
10.56507887	0.00054519	0.00005160	-0.09465145
10.56757886	0.00054396	0.00005147	-0.09462905
10.57007886	0.00054273	0.00005135	-0.09460667
10.57257885	0.00054150	0.00005122	-0.09458430
10.57507885	0.00054028	0.00005109	-0.09456194
10.57757884	0.00053906	0.00005096	-0.09453959
10.58007884	0.00053784	0.00005084	-0.09451725
10.58257883	0.00053662	0.00005071	-0.09449493
10.58507883	0.00053541	0.00005058	-0.09447261
10.58757882	0.00053420	0.00005046	-0.09445030
10.59007882	0.00053299	0.00005033	-0.09442800
10.59257881	0.00053179	0.00005020	-0.09440572
10.59507881	0.00053058	0.00005008	-0.09438344
10.59757880	0.00052938	0.00004995	-0.09436118
10.60007880	0.00052819	0.00004983	-0.09433892
10.60257879	0.00052699	0.00004970	-0.09431668
10.60507879	0.00052580	0.00004958	-0.09429444
10.60757878	0.00052461	0.00004946	-0.09427222
10.61007878	0.00052342	0.00004933	-0.09425001
10.61257877	0.00052224	0.00004921	-0.09422780
10.61507877	0.00052106	0.00004909	-0.09420561
10.61757876	0.00051988	0.00004896	-0.09418343
10.62007876	0.00051870	0.00004884	-0.09416126
10.62257875	0.00051753	0.00004872	-0.09413910
10.62507875	0.00051636	0.00004860	-0.09411695
10.62757874	0.00051519	0.00004848	-0.09409481
10.63007874	0.00051403	0.00004836	-0.09407268
10.63257873	0.00051286	0.00004824	-0.09405056
10.63507873	0.00051170	0.00004811	-0.09402845
10.63757872	0.00051055	0.00004799	-0.09400635
10.64007872	0.00050939	0.00004787	-0.09398427
10.64257871	0.00050824	0.00004776	-0.09396219
10.64507871	0.00050709	0.00004764	-0.09394012
10.64757870	0.00050594	0.00004752	-0.09391807
10.65007870	0.00050480	0.00004740	-0.09389602
10.65257869	0.00050365	0.00004728	-0.09387398
10.65507869	0.00050251	0.00004716	-0.09385196
10.65757868	0.00050138	0.00004704	-0.09382994
10.66007868	0.00050024	0.00004693	-0.09380794
10.66257867	0.00049911	0.00004681	-0.09378594
10.66507867	0.00049798	0.00004669	-0.09376396
10.66757866	0.00049685	0.00004658	-0.09374199
10.67007866	0.00049573	0.00004646	-0.09372002
10.67257865	0.00049461	0.00004634	-0.09369807
10.67507865	0.00049349	0.00004623	-0.09367612
10.67757864	0.00049237	0.00004611	-0.09365419
10.68007864	0.00049126	0.00004600	-0.09363227
10.68257863	0.00049015	0.00004588	-0.09361036
10.68507863	0.00048904	0.00004577	-0.09358845
10.68757862	0.00048793	0.00004565	-0.09356656
10.69007862	0.00048682	0.00004554	-0.09354468
10.69257861	0.00048572	0.00004543	-0.09352281
10.69507861	0.00048462	0.00004531	-0.09350095
10.69757860	0.00048353	0.00004520	-0.09347910
10.70007860	0.00048243	0.00004509	-0.09345726
10.70257859	0.00048134	0.00004497	-0.09343543
10.70507859	0.00048025	0.00004486	-0.09341361
10.70757858	0.00047916	0.00004475	-0.09339180
10.71007858	0.00047808	0.00004464	-0.09337000
10.71257857	0.00047700	0.00004453	-0.09334821
10.71507857	0.00047592	0.00004442	-0.09332643
10.71757856	0.00047484	0.00004430	-0.09330466
10.72007856	0.00047376	0.00004419	-0.09328290
10.72257855	0.00047269	0.00004408	-0.09326115
10.72507855	0.00047162	0.00004397	-0.09323941
10.72757854	0.00047055	0.00004386	-0.09321768
10.73007854	0.00046949	0.00004375	-0.09319596
10.73257853	0.00046842	0.00004364	-0.09317425
10.73507853	0.00046736	0.00004354	-0.09315256
10.73757852	0.00046630	0.00004343	-0.09313087
10.74007852	0.00046525	0.00004332	-0.09310919
10.74257851	0.00046419	0.00004321	-0.09308752
10.74507851	0.00046314	0.00004310	-0.09306586
10.74757850	0.00046209	0.00004300	-0.09304421
10.75007850	0.00046105	0.00004289	-0.09302258
10.75257849	0.00046000	0.00004278	-0.09300095
10.75507849	0.00045896	0.00004267	-0.09297933
10.75757848	0.00045792	0.00004257	-0.09295772
10.76007848	0.00045688	0.00004246	-0.09293613
10.76257847	0.00045585	0.00004236	-0.09291454
10.76507847	0.00045482	0.00004225	-0.09289296
10.76757846	0.00045379	0.00004214	-0.09287139
10.77007846	0.00045276	0.00004204	-0.09284983
10.77257845	0.00045173	0.00004193	-0.09282829
10.77507845	0.00045071	0.00004183	-0.09280675
10.77757844	0.00044969	0.00004172	-0.09278522
10.78007844	0.00044867	0.00004162	-0.09276370
10.78257843	0.00044765	0.00004152	-0.09274220
10.78507843	0.00044664	0.00004141	-0.09272070
10.78757842	0.00044563	0.00004131	-0.09269921
10.79007842	0.00044462	0.00004121	-0.09267773
10.79257841	0.00044361	0.00004110	-0.09265626
10.79507841	0.00044261	0.00004100	-0.09263481
10.79757840	0.00044160	0.00004090	-0.09261336
10.80007840	0.00044060	0.00004080	-0.09259192
10.80257839	0.00043960	0.00004069	-0.09257049
10.80507839	0.00043861	0.00004059	-0.09254907
10.80757838	0.00043761	0.00004049	-0.09252767
10.81007838	0.00043662	0.00004039	-0.09250627
10.81257837	0.00043563	0.00004029	-0.09248488
10.81507837	0.00043464	0.00004019	-0.09246350
10.81757836	0.00043366	0.00004009	-0.09244213
10.82007836	0.00043268	0.00003999	-0.09242077
10.82257835	0.00043170	0.00003989	-0.09239942
10.82507835	0.00043072	0.00003979	-0.09237808
10.82757834	0.00042974	0.00003969	-0.09235675
10.83007834	0.00042877	0.00003959	-0.09233544
10.83257833	0.00042780	0.00003949	-0.09231413
10.83507833	0.00042683	0.00003939	-0.09229283
10.83757832	0.00042586	0.00003929	-0.09227154
10.84007832	0.00042489	0.00003920	-0.09225026
10.84257831	0.00042393	0.00003910	-0.09222899
10.84507831	0.00042297	0.00003900	-0.09220773
10.84757830	0.00042201	0.00003890	-0.09218647
10.85007830	0.00042105	0.00003881	-0.09216523
10.85257829	0.00042010	0.00003871	-0.09214400
10.85507829	0.00041915	0.00003861	-0.09212278
10.85757828	0.00041820	0.00003852	-0.09210157
10.86007828	0.00041725	0.00003842	-0.09208037
10.86257827	0.00041630	0.00003832	-0.09205918
10.86507827	0.00041536	0.00003823	-0.09203799
10.86757826	0.00041442	0.00003813	-0.09201682
10.87007826	0.00041348	0.00003804	-0.09199566
10.87257825	0.00041254	0.00003794	-0.09197450
10.87507825	0.00041160	0.00003785	-0.09195336
10.87757824	0.00041067	0.00003775	-0.09193223
10.88007824	0.00040974	0.00003766	-0.09191110
10.88257823	0.00040881	0.00003757	-0.09188999
10.88507823	0.00040788	0.00003747	-0.09186888
10.88757822	0.00040696	0.00003738	-0.09184779
10.89007822	0.00040604	0.00003728	-0.09182670
10.89257821	0.00040511	0.00003719	-0.09180563
10.89507821	0.00040420	0.00003710	-0.09178456
10.89757820	0.00040328	0.00003701	-0.09176351
10.90007820	0.00040236	0.00003691	-0.09174246
10.90257819	0.00040145	0.00003682	-0.09172142
10.90507819	0.00040054	0.00003673	-0.09170040
10.90757818	0.00039963	0.00003664	-0.09167938
10.91007818	0.00039873	0.00003655	-0.09165837
10.91257817	0.00039782	0.00003646	-0.09163737
10.91507817	0.00039692	0.00003636	-0.09161638
10.91757816	0.00039602	0.00003627	-0.09159541
10.92007816	0.00039512	0.00003618	-0.09157444
10.92257815	0.00039422	0.00003609	-0.09155348
10.92507815	0.00039333	0.00003600	-0.09153253
10.92757814	0.00039244	0.00003591	-0.09151159
10.93007814	0.00039155	0.00003582	-0.09149065
10.93257813	0.00039066	0.00003573	-0.09146973
10.93507813	0.00038977	0.00003564	-0.09144882
10.93757812	0.00038889	0.00003556	-0.09142792
10.94007812	0.00038801	0.00003547	-0.09140703
10.94257811	0.00038713	0.00003538	-0.09138614
10.94507811	0.00038625	0.00003529	-0.09136527
10.94757810	0.00038537	0.00003520	-0.09134440
10.95007810	0.00038450	0.00003511	-0.09132355
10.95257809	0.00038362	0.00003503	-0.09130270
10.95507809	0.00038275	0.00003494	-0.09128187
10.95757808	0.00038189	0.00003485	-0.09126104
10.96007808	0.00038102	0.00003476	-0.09124023
10.96257807	0.00038015	0.00003468	-0.09121942
10.96507807	0.00037929	0.00003459	-0.09119862
10.96757806	0.00037843	0.00003450	-0.09117783
10.97007806	0.00037757	0.00003442	-0.09115705
10.97257805	0.00037671	0.00003433	-0.09113628
10.97507805	0.00037586	0.00003425	-0.09111553
10.97757804	0.00037501	0.00003416	-0.09109477
10.98007804	0.00037416	0.00003408	-0.09107403
10.98257803	0.00037331	0.00003399	-0.09105330
10.98507803	0.00037246	0.00003391	-0.09103258
10.98757802	0.00037161	0.00003382	-0.09101187
10.99007802	0.00037077	0.00003374	-0.09099116
10.99257801	0.00036993	0.00003365	-0.09097047
10.99507801	0.00036909	0.00003357	-0.09094979
10.99757800	0.00036825	0.00003348	-0.09092911
11.00007800	0.00036741	0.00003340	-0.09090845
11.00257799	0.00036658	0.00003332	-0.09088779
11.00507799	0.00036575	0.00003323	-0.09086714
11.00757798	0.00036492	0.00003315	-0.09084651
11.01007798	0.00036409	0.00003307	-0.09082588
11.01257797	0.00036326	0.00003299	-0.09080526
11.01507797	0.00036244	0.00003290	-0.09078465
11.01757796	0.00036162	0.00003282	-0.09076405
11.02007796	0.00036079	0.00003274	-0.09074346
11.02257795	0.00035997	0.00003266	-0.09072288
11.02507795	0.00035916	0.00003258	-0.09070231
11.02757794	0.00035834	0.00003250	-0.09068174
11.03007794	0.00035753	0.00003241	-0.09066119
11.03257793	0.00035672	0.00003233	-0.09064065
11.03507793	0.00035591	0.00003225	-0.09062011
11.03757792	0.00035510	0.00003217	-0.09059959
11.04007792	0.00035429	0.00003209	-0.09057907
11.04257791	0.00035349	0.00003201	-0.09055856
11.04507791	0.00035268	0.00003193	-0.09053807
11.04757790	0.00035188	0.00003185	-0.09051758
11.05007790	0.00035108	0.00003177	-0.09049710
11.05257789	0.00035029	0.00003169	-0.09047663
11.05507789	0.00034949	0.00003161	-0.09045617
11.05757788	0.00034870	0.00003153	-0.09043572
11.06007788	0.00034791	0.00003146	-0.09041528
11.06257787	0.00034712	0.00003138	-0.09039484
11.06507787	0.00034633	0.00003130	-0.09037442
11.06757786	0.00034554	0.00003122	-0.09035401
11.07007786	0.00034476	0.00003114	-0.09033360
11.07257785	0.00034397	0.00003107	-0.09031321
11.07507785	0.00034319	0.00003099	-0.09029282
11.07757784	0.00034241	0.00003091	-0.09027244
11.08007784	0.00034163	0.00003083	-0.09025207
11.08257783	0.00034086	0.00003076	-0.09023171
11.08507783	0.00034008	0.00003068	-0.09021136
11.08757782	0.00033931	0.00003060	-0.09019102
11.09007782	0.00033854	0.00003053	-0.09017069
11.09257781	0.00033777	0.00003045	-0.09015037
11.09507781	0.00033700	0.00003037	-0.09013006
11.09757780	0.00033624	0.00003030	-0.09010975
11.10007780	0.00033547	0.00003022	-0.09008946
11.10257779	0.00033471	0.00003015	-0.09006917
11.10507779	0.00033395	0.00003007	-0.09004890
11.10757778	0.00033319	0.00003000	-0.09002863
11.11007778	0.00033243	0.00002992	-0.09000837
11.11257777	0.00033168	0.00002985	-0.08998812
11.11507777	0.00033092	0.00002977	-0.08996788
11.11757776	0.00033017	0.00002970	-0.08994765
11.12007776	0.00032942	0.00002962	-0.08992743
11.12257775	0.00032867	0.00002955	-0.08990722
11.12507775	0.00032793	0.00002948	-0.08988701
11.12757774	0.00032718	0.00002940	-0.08986682
11.13007774	0.00032644	0.00002933	-0.08984663
11.13257773	0.00032570	0.00002926	-0.08982646
11.13507773	0.00032496	0.00002918	-0.08980629
11.13757772	0.00032422	0.00002911	-0.08978613
11.14007772	0.00032348	0.00002904	-0.08976598
11.14257771	0.00032275	0.00002897	-0.08974584
11.14507771	0.00032201	0.00002889	-0.08972571
11.14757770	0.00032128	0.00002882	-0.08970559
11.15007770	0.00032055	0.00002875	-0.08968547
11.15257769	0.00031982	0.00002868	-0.08966537
11.15507769	0.00031909	0.00002861	-0.08964527
11.15757768	0.00031837	0.00002853	-0.08962519
11.16007768	0.00031764	0.00002846	-0.08960511
11.16257767	0.00031692	0.00002839	-0.08958504
11.16507767	0.00031620	0.00002832	-0.08956498
11.16757766	0.00031548	0.00002825	-0.08954493
11.17007766	0.00031477	0.00002818	-0.08952489
11.17257765	0.00031405	0.00002811	-0.08950486
11.17507765	0.00031334	0.00002804	-0.08948484
11.17757764	0.00031262	0.00002797	-0.08946482
11.18007764	0.00031191	0.00002790	-0.08944482
11.18257763	0.00031120	0.00002783	-0.08942482
11.18507763	0.00031050	0.00002776	-0.08940483
11.18757762	0.00030979	0.00002769	-0.08938485
11.19007762	0.00030909	0.00002762	-0.08936489
11.19257761	0.00030838	0.00002755	-0.08934492
11.19507761	0.00030768	0.00002748	-0.08932497
11.19757760	0.00030698	0.00002741	-0.08930503
11.20007760	0.00030628	0.00002735	-0.08928510
11.20257759	0.00030559	0.00002728	-0.08926517
11.20507759	0.00030489	0.00002721	-0.08924525
11.20757758	0.00030420	0.00002714	-0.08922535
11.21007758	0.00030351	0.00002707	-0.08920545
11.21257757	0.00030282	0.00002701	-0.08918556
11.21507757	0.00030213	0.00002694	-0.08916568
11.21757756	0.00030144	0.00002687	-0.08914581
11.22007756	0.00030075	0.00002681	-0.08912594
11.22257755	0.00030007	0.00002674	-0.08910609
11.22507755	0.00029939	0.00002667	-0.08908624
11.22757754	0.00029871	0.00002660	-0.08906641
11.23007754	0.00029803	0.00002654	-0.08904658
11.23257753	0.00029735	0.00002647	-0.08902676
11.23507753	0.00029667	0.00002641	-0.08900695
11.23757752	0.00029600	0.00002634	-0.08898715
11.24007752	0.00029532	0.00002627	-0.08896736
11.24257751	0.00029465	0.00002621	-0.08894757
11.24507751	0.00029398	0.00002614	-0.08892780
11.24757750	0.00029331	0.00002608	-0.08890803
11.25007750	0.00029265	0.00002601	-0.08888828
11.25257749	0.00029198	0.00002595	-0.08886853
11.25507749	0.00029132	0.00002588	-0.08884879
11.25757748	0.00029065	0.00002582	-0.08882906
11.26007748	0.00028999	0.00002575	-0.08880934
11.26257747	0.00028933	0.00002569	-0.08878962
11.26507747	0.00028867	0.00002563	-0.08876992
11.26757746	0.00028802	0.00002556	-0.08875022
11.27007746	0.00028736	0.00002550	-0.08873053
11.27257745	0.00028671	0.00002543	-0.08871086
11.27507745	0.00028606	0.00002537	-0.08869119
11.27757744	0.00028540	0.00002531	-0.08867153
11.28007744	0.00028475	0.00002524	-0.08865187
11.28257743	0.00028411	0.00002518	-0.08863223
11.28507743	0.00028346	0.00002512	-0.08861260
11.28757742	0.00028281	0.00002506	-0.08859297
11.29007742	0.00028217	0.00002499	-0.08857335
11.29257741	0.00028153	0.00002493	-0.08855374
11.29507741	0.00028089	0.00002487	-0.08853414
11.29757740	0.00028025	0.00002481	-0.08851455
11.30007740	0.00027961	0.00002474	-0.08849497
11.30257739	0.00027897	0.00002468	-0.08847540
11.30507739	0.00027834	0.00002462	-0.08845583
11.30757738	0.00027771	0.00002456	-0.08843627
11.31007738	0.00027707	0.00002450	-0.08841672
11.31257737	0.00027644	0.00002444	-0.08839719
11.31507737	0.00027581	0.00002438	-0.08837765
11.31757736	0.00027519	0.00002431	-0.08835813
11.32007736	0.00027456	0.00002425	-0.08833862
11.32257735	0.00027393	0.00002419	-0.08831911
11.32507735	0.00027331	0.00002413	-0.08829962
11.32757734	0.00027269	0.00002407	-0.08828013
11.33007734	0.00027207	0.00002401	-0.08826065
11.33257733	0.00027145	0.00002395	-0.08824118
11.33507733	0.00027083	0.00002389	-0.08822172
11.33757732	0.00027021	0.00002383	-0.08820227
11.34007732	0.00026960	0.00002377	-0.08818282
11.34257731	0.00026898	0.00002371	-0.08816338
11.34507731	0.00026837	0.00002366	-0.08814396
11.34757730	0.00026776	0.00002360	-0.08812454
11.35007730	0.00026715	0.00002354	-0.08810513
11.35257729	0.00026654	0.00002348	-0.08808572
11.35507729	0.00026594	0.00002342	-0.08806633
11.35757728	0.00026533	0.00002336	-0.08804695
11.36007728	0.00026473	0.00002330	-0.08802757
11.36257727	0.00026412	0.00002324	-0.08800820
11.36507727	0.00026352	0.00002319	-0.08798884
11.36757726	0.00026292	0.00002313	-0.08796949
11.37007726	0.00026232	0.00002307	-0.08795015
11.37257725	0.00026173	0.00002301	-0.08793082
11.37507725	0.00026113	0.00002296	-0.08791149
11.37757724	0.00026053	0.00002290	-0.08789217
11.38007724	0.00025994	0.00002284	-0.08787287
11.38257723	0.00025935	0.00002278	-0.08785357
11.38507723	0.00025876	0.00002273	-0.08783427
11.38757722	0.00025817	0.00002267	-0.08781499
11.39007722	0.00025758	0.00002261	-0.08779572
11.39257721	0.00025699	0.00002256	-0.08777645
11.39507721	0.00025641	0.00002250	-0.08775719
11.39757720	0.00025582	0.00002245	-0.08773794
11.40007720	0.00025524	0.00002239	-0.08771870
11.40257719	0.00025466	0.00002233	-0.08769947
11.40507719	0.00025408	0.00002228	-0.08768025
11.40757718	0.00025350	0.00002222	-0.08766103
11.41007718	0.00025292	0.00002217	-0.08764183
11.41257717	0.00025235	0.00002211	-0.08762263
11.41507717	0.00025177	0.00002206	-0.08760344
11.41757716	0.00025120	0.00002200	-0.08758426
11.42007716	0.00025063	0.00002195	-0.08756508
11.42257715	0.00025006	0.00002189	-0.08754592
11.42507715	0.00024949	0.00002184	-0.08752676
11.42757714	0.00024892	0.00002178	-0.08750761
11.43007714	0.00024835	0.00002173	-0.08748847
11.43257713	0.00024778	0.00002167	-0.08746934
11.43507713	0.00024722	0.00002162	-0.08745022
11.43757712	0.00024666	0.00002157	-0.08743110
11.44007712	0.00024609	0.00002151	-0.08741200
11.44257711	0.00024553	0.00002146	-0.08739290
11.44507711	0.00024497	0.00002140	-0.08737381
11.44757710	0.00024442	0.00002135	-0.08735473
11.45007710	0.00024386	0.00002130	-0.08733566
11.45257709	0.00024330	0.00002124	-0.08731659
11.45507709	0.00024275	0.00002119	-0.08729754
11.45757708	0.00024219	0.00002114	-0.08727849
11.46007708	0.00024164	0.00002109	-0.08725945
11.46257707	0.00024109	0.00002103	-0.08724042
11.46507707	0.00024054	0.00002098	-0.08722139
11.46757706	0.00023999	0.00002093	-0.08720238
11.47007706	0.00023945	0.00002088	-0.08718337
11.47257705	0.00023890	0.00002082	-0.08716437
11.47507705	0.00023836	0.00002077	-0.08714538
11.47757704	0.00023781	0.00002072	-0.08712640
11.48007704	0.00023727	0.00002067	-0.08710743
11.48257703	0.00023673	0.00002062	-0.08708846
11.48507703	0.00023619	0.00002056	-0.08706951
11.48757702	0.00023565	0.00002051	-0.08705056
11.49007702	0.00023511	0.00002046	-0.08703162
11.49257701	0.00023458	0.00002041	-0.08701269
11.49507701	0.00023404	0.00002036	-0.08699376
11.49757700	0.00023351	0.00002031	-0.08697485
11.50007700	0.00023298	0.00002026	-0.08695594
11.50257699	0.00023245	0.00002021	-0.08693704
11.50507699	0.00023192	0.00002016	-0.08691815
11.50757698	0.00023139	0.00002011	-0.08689927
11.51007698	0.00023086	0.00002006	-0.08688039
11.51257697	0.00023033	0.00002001	-0.08686153
11.51507697	0.00022981	0.00001996	-0.08684267
11.51757696	0.00022928	0.00001991	-0.08682382
11.52007696	0.00022876	0.00001986	-0.08680498
11.52257695	0.00022824	0.00001981	-0.08678614
11.52507695	0.00022772	0.00001976	-0.08676732
11.52757694	0.00022720	0.00001971	-0.08674850
11.53007694	0.00022668	0.00001966	-0.08672969
11.53257693	0.00022617	0.00001961	-0.08671089
11.53507693	0.00022565	0.00001956	-0.08669210
11.53757692	0.00022513	0.00001951	-0.08667331
11.54007692	0.00022462	0.00001946	-0.08665454
11.54257691	0.00022411	0.00001942	-0.08663577
11.54507691	0.00022360	0.00001937	-0.08661701
11.54757690	0.00022309	0.00001932	-0.08659825
11.55007690	0.00022258	0.00001927	-0.08657951
11.55257689	0.00022207	0.00001922	-0.08656077
11.55507689	0.00022156	0.00001917	-0.08654205
11.55757688	0.00022106	0.00001913	-0.08652333
11.56007688	0.00022056	0.00001908	-0.08650462
11.56257687	0.00022005	0.00001903	-0.08648591
11.56507687	0.00021955	0.00001898	-0.08646722
11.56757686	0.00021905	0.00001894	-0.08644853
11.57007686	0.00021855	0.00001889	-0.08642985
11.57257685	0.00021805	0.00001884	-0.08641118
11.57507685	0.00021755	0.00001879	-0.08639251
11.57757684	0.00021706	0.00001875	-0.08637386
11.58007684	0.00021656	0.00001870	-0.08635521
11.58257683	0.00021607	0.00001865	-0.08633657
11.58507683	0.00021557	0.00001861	-0.08631794
11.58757682	0.00021508	0.00001856	-0.08629932
11.59007682	0.00021459	0.00001852	-0.08628071
11.59257681	0.00021410	0.00001847	-0.08626210
11.59507681	0.00021361	0.00001842	-0.08624350
11.59757680	0.00021313	0.00001838	-0.08622491
11.60007680	0.00021264	0.00001833	-0.08620633
11.60257679	0.00021216	0.00001829	-0.08618775
11.60507679	0.00021167	0.00001824	-0.08616918
11.60757678	0.00021119	0.00001819	-0.08615063
11.61007678	0.00021071	0.00001815	-0.08613207
11.61257677	0.00021023	0.00001810	-0.08611353
11.61507677	0.00020975	0.00001806	-0.08609500
11.61757676	0.00020927	0.00001801	-0.08607647
11.62007676	0.00020879	0.00001797	-0.08605795
11.62257675	0.00020831	0.00001792	-0.08603944
11.62507675	0.00020784	0.00001788	-0.08602094
11.62757674	0.00020736	0.00001783	-0.08600244
11.63007674	0.00020689	0.00001779	-0.08598396
11.63257673	0.00020642	0.00001774	-0.08596548
11.63507673	0.00020595	0.00001770	-0.08594701
11.63757672	0.00020548	0.00001766	-0.08592854
11.64007672	0.00020501	0.00001761	-0.08591009
11.64257671	0.00020454	0.00001757	-0.08589164
11.64507671	0.00020407	0.00001752	-0.08587320
11.64757670	0.00020361	0.00001748	-0.08585477
11.65007670	0.00020314	0.00001744	-0.08583634
11.65257669	0.00020268	0.00001739	-0.08581793
11.65507669	0.00020222	0.00001735	-0.08579952
11.65757668	0.00020175	0.00001731	-0.08578112
11.66007668	0.00020129	0.00001726	-0.08576273
11.66257667	0.00020083	0.00001722	-0.08574435
11.66507667	0.00020037	0.00001718	-0.08572597
11.66757666	0.00019992	0.00001713	-0.08570760
11.67007666	0.00019946	0.00001709	-0.08568924
11.67257665	0.00019901	0.00001705	-0.08567089
11.67507665	0.00019855	0.00001701	-0.08565254
11.67757664	0.00019810	0.00001696	-0.08563421
11.68007664	0.00019765	0.00001692	-0.08561588
11.68257663	0.00019719	0.00001688	-0.08559756
11.68507663	0.00019674	0.00001684	-0.08557924
11.68757662	0.00019629	0.00001680	-0.08556094
11.69007662	0.00019585	0.00001675	-0.08554264
11.69257661	0.00019540	0.00001671	-0.08552435
11.69507661	0.00019495	0.00001667	-0.08550607
11.69757660	0.00019451	0.00001663	-0.08548779
11.70007660	0.00019406	0.00001659	-0.08546953
11.70257659	0.00019362	0.00001655	-0.08545127
11.70507659	0.00019318	0.00001650	-0.08543302
11.70757658	0.00019274	0.00001646	-0.08541477
11.71007658	0.00019230	0.00001642	-0.08539654
11.71257657	0.00019186	0.00001638	-0.08537831
11.71507657	0.00019142	0.00001634	-0.08536009
11.71757656	0.00019098	0.00001630	-0.08534188
11.72007656	0.00019055	0.00001626	-0.08532367
11.72257655	0.00019011	0.00001622	-0.08530548
11.72507655	0.00018968	0.00001618	-0.08528729
11.72757654	0.00018924	0.00001614	-0.08526911
11.73007654	0.00018881	0.00001610	-0.08525094
11.73257653	0.00018838	0.00001606	-0.08523277
11.73507653	0.00018795	0.00001602	-0.08521461
11.73757652	0.00018752	0.00001598	-0.08519646
11.74007652	0.00018709	0.00001594	-0.08517832
11.74257651	0.00018666	0.00001590	-0.08516019
11.74507651	0.00018624	0.00001586	-0.08514206
11.74757650	0.00018581	0.00001582	-0.08512394
11.75007650	0.00018539	0.00001578	-0.08510583
11.75257649	0.00018496	0.00001574	-0.08508773
11.75507649	0.00018454	0.00001570	-0.08506963
11.75757648	0.00018412	0.00001566	-0.08505154
11.76007648	0.00018370	0.00001562	-0.08503346
11.76257647	0.00018328	0.00001558	-0.08501539
11.76507647	0.00018286	0.00001554	-0.08499732
11.76757646	0.00018244	0.00001550	-0.08497927
11.77007646	0.00018203	0.00001547	-0.08496122
11.77257645	0.00018161	0.00001543	-0.08494317
11.77507645	0.00018120	0.00001539	-0.08492514
11.77757644	0.00018078	0.00001535	-0.08490711
11.78007644	0.00018037	0.00001531	-0.08488909
11.78257643	0.00017996	0.00001527	-0.08487108
11.78507643	0.00017954	0.00001523	-0.08485308
11.78757642	0.00017913	0.00001520	-0.08483508
11.79007642	0.00017873	0.00001516	-0.08481709
11.79257641	0.00017832	0.00001512	-0.08479911
11.79507641	0.00017791	0.00001508	-0.08478114
11.79757640	0.00017750	0.00001505	-0.08476317
11.80007640	0.00017710	0.00001501	-0.08474521
11.80257639	0.00017669	0.00001497	-0.08472726
11.80507639	0.00017629	0.00001493	-0.08470932
11.80757638	0.00017589	0.00001490	-0.08469139
11.81007638	0.00017548	0.00001486	-0.08467346
11.81257637	0.00017508	0.00001482	-0.08465554
11.81507637	0.00017468	0.00001478	-0.08463762
11.81757636	0.00017428	0.00001475	-0.08461972
11.82007636	0.00017388	0.00001471	-0.08460182
11.82257635	0.00017349	0.00001467	-0.08458393
11.82507635	0.00017309	0.00001464	-0.08456605
11.82757634	0.00017269	0.00001460	-0.08454818
11.83007634	0.00017230	0.00001456	-0.08453031
11.83257633	0.00017191	0.00001453	-0.08451245
11.83507633	0.00017151	0.00001449	-0.08449460
11.83757632	0.00017112	0.00001446	-0.08447675
11.84007632	0.00017073	0.00001442	-0.08445892
11.84257631	0.00017034	0.00001438	-0.08444109
11.84507631	0.00016995	0.00001435	-0.08442326
11.84757630	0.00016956	0.00001431	-0.08440545
11.85007630	0.00016917	0.00001428	-0.08438764
11.85257629	0.00016879	0.00001424	-0.08436984
11.85507629	0.00016840	0.00001420	-0.08435205
11.85757628	0.00016802	0.00001417	-0.08433427
11.86007628	0.00016763	0.00001413	-0.08431649
11.86257627	0.00016725	0.00001410	-0.08429872
11.86507627	0.00016687	0.00001406	-0.08428096
11.86757626	0.00016648	0.00001403	-0.08426320
11.87007626	0.00016610	0.00001399	-0.08424546
11.87257625	0.00016572	0.00001396	-0.08422772
11.87507625	0.00016534	0.00001392	-0.08420999
11.87757624	0.00016497	0.00001389	-0.08419226
11.88007624	0.00016459	0.00001385	-0.08417454
11.88257623	0.00016421	0.00001382	-0.08415683
11.88507623	0.00016384	0.00001379	-0.08413913
11.88757622	0.00016346	0.00001375	-0.08412144
11.89007622	0.00016309	0.00001372	-0.08410375
11.89257621	0.00016272	0.00001368	-0.08408607
11.89507621	0.00016234	0.00001365	-0.08406840
11.89757620	0.00016197	0.00001361	-0.08405073
11.90007620	0.00016160	0.00001358	-0.08403308
11.90257619	0.00016123	0.00001355	-0.08401543
11.90507619	0.00016086	0.00001351	-0.08399778
11.90757618	0.00016050	0.00001348	-0.08398015
11.91007618	0.00016013	0.00001344	-0.08396252
11.91257617	0.00015976	0.00001341	-0.08394490
11.91507617	0.00015940	0.00001338	-0.08392729
11.91757616	0.00015903	0.00001334	-0.08390968
11.92007616	0.00015867	0.00001331	-0.08389208
11.92257615	0.00015831	0.00001328	-0.08387449
11.92507615	0.00015794	0.00001324	-0.08385691
11.92757614	0.00015758	0.00001321	-0.08383933
11.93007614	0.00015722	0.00001318	-0.08382176
11.93257613	0.00015686	0.00001315	-0.08380420
11.93507613	0.00015650	0.00001311	-0.08378665
11.93757612	0.00015614	0.00001308	-0.08376910
11.94007612	0.00015579	0.00001305	-0.08375156
11.94257611	0.00015543	0.00001301	-0.08373403
11.94507611	0.00015508	0.00001298	-0.08371650
11.94757610	0.00015472	0.00001295	-0.08369899
11.95007610	0.00015437	0.00001292	-0.08368148
11.95257609	0.00015401	0.00001289	-0.08366397
11.95507609	0.00015366	0.00001285	-0.08364648
11.95757608	0.00015331	0.00001282	-0.08362899
11.96007608	0.00015296	0.00001279	-0.08361151
11.96257607	0.00015261	0.00001276	-0.08359403
11.96507607	0.00015226	0.00001273	-0.08357657
11.96757606	0.00015191	0.00001269	-0.08355911
11.97007606	0.00015156	0.00001266	-0.08354166
11.97257605	0.00015122	0.00001263	-0.08352421
11.97507605	0.00015087	0.00001260	-0.08350678
11.97757604	0.00015052	0.00001257	-0.08348935
11.98007604	0.00015018	0.00001254	-0.08347192
11.98257603	0.00014984	0.00001250	-0.08345451
11.98507603	0.00014949	0.00001247	-0.08343710
11.98757602	0.00014915	0.00001244	-0.08341970
11.99007602	0.00014881	0.00001241	-0.08340231
11.99257601	0.00014847	0.00001238	-0.08338492
11.99507601	0.00014813	0.00001235	-0.08336754
11.99757600	0.00014779	0.00001232	-0.08335017
12.00007600	0.00014745	0.00001229	-0.08333281
12.00257599	0.00014711	0.00001226	-0.08331545
12.00507599	0.00014678	0.00001223	-0.08329810
12.00757598	0.00014644	0.00001220	-0.08328076
12.01007598	0.00014611	0.00001217	-0.08326342
12.01257597	0.00014577	0.00001213	-0.08324609
12.01507597	0.00014544	0.00001210	-0.08322877
12.01757596	0.00014511	0.00001207	-0.08321146
12.02007596	0.00014477	0.00001204	-0.08319415
12.02257595	0.00014444	0.00001201	-0.08317685
12.02507595	0.00014411	0.00001198	-0.08315956
12.02757594	0.00014378	0.00001195	-0.08314227
12.03007594	0.00014345	0.00001192	-0.08312499
12.03257593	0.00014312	0.00001189	-0.08310772
12.03507593	0.00014280	0.00001186	-0.08309046
12.03757592	0.00014247	0.00001184	-0.08307320
12.04007592	0.00014214	0.00001181	-0.08305595
12.04257591	0.00014182	0.00001178	-0.08303871
12.04507591	0.00014149	0.00001175	-0.08302148
12.04757590	0.00014117	0.00001172	-0.08300425
12.05007590	0.00014085	0.00001169	-0.08298703
12.05257589	0.00014052	0.00001166	-0.08296982
12.05507589	0.00014020	0.00001163	-0.08295261
12.05757588	0.00013988	0.00001160	-0.08293541
12.06007588	0.00013956	0.00001157	-0.08291822
12.06257587	0.00013924	0.00001154	-0.08290103
12.06507587	0.00013892	0.00001151	-0.08288386
12.06757586	0.00013860	0.00001149	-0.08286668
12.07007586	0.00013829	0.00001146	-0.08284952
12.07257585	0.00013797	0.00001143	-0.08283236
12.07507585	0.00013765	0.00001140	-0.08281521
12.07757584	0.00013734	0.00001137	-0.08279807
12.08007584	0.00013702	0.00001134	-0.08278094
12.08257583	0.00013671	0.00001131	-0.08276381
12.08507583	0.00013640	0.00001129	-0.08274669
12.08757582	0.00013608	0.00001126	-0.08272957
12.09007582	0.00013577	0.00001123	-0.08271247
12.09257581	0.00013546	0.00001120	-0.08269537
12.09507581	0.00013515	0.00001117	-0.08267827
12.09757580	0.00013484	0.00001115	-0.08266119
12.10007580	0.00013453	0.00001112	-0.08264411
12.10257579	0.00013422	0.00001109	-0.08262704
12.10507579	0.00013392	0.00001106	-0.08260997
12.10757578	0.00013361	0.00001104	-0.08259292
12.11007578	0.00013330	0.00001101	-0.08257587
12.11257577	0.00013300	0.00001098	-0.08255882
12.11507577	0.00013269	0.00001095	-0.08254179
12.11757576	0.00013239	0.00001093	-0.08252476
12.12007576	0.00013209	0.00001090	-0.08250774
12.12257575	0.00013178	0.00001087	-0.08249072
12.12507575	0.00013148	0.00001084	-0.08247371
12.12757574	0.00013118	0.00001082	-0.08245671
12.13007574	0.00013088	0.00001079	-0.08243972
12.13257573	0.00013058	0.00001076	-0.08242273
12.13507573	0.00013028	0.00001074	-0.08240575
12.13757572	0.00012998	0.00001071	-0.08238878
12.14007572	0.00012968	0.00001068	-0.08237181
12.14257571	0.00012939	0.00001066	-0.08235485
12.14507571	0.00012909	0.00001063	-0.08233790
12.14757570	0.00012879	0.00001060	-0.08232095
12.15007570	0.00012850	0.00001058	-0.08230401
12.15257569	0.00012821	0.00001055	-0.08228708
12.15507569	0.00012791	0.00001052	-0.08227016
12.15757568	0.00012762	0.00001050	-0.08225324
12.16007568	0.00012733	0.00001047	-0.08223633
12.16257567	0.00012703	0.00001044	-0.08221943
12.16507567	0.00012674	0.00001042	-0.08220253
12.16757566	0.00012645	0.00001039	-0.08218564
12.17007566	0.00012616	0.00001037	-0.08216876
12.17257565	0.00012587	0.00001034	-0.08215188
12.17507565	0.00012559	0.00001031	-0.08213501
12.17757564	0.00012530	0.00001029	-0.08211815
12.18007564	0.00012501	0.00001026	-0.08210130
12.18257563	0.00012472	0.00001024	-0.08208445
12.18507563	0.00012444	0.00001021	-0.08206761
12.18757562	0.00012415	0.00001019	-0.08205077
12.19007562	0.00012387	0.00001016	-0.08203395
12.19257561	0.00012358	0.00001014	-0.08201713
12.19507561	0.00012330	0.00001011	-0.08200031
12.19757560	0.00012302	0.00001009	-0.08198350
12.20007560	0.00012274	0.00001006	-0.08196671
12.20257559	0.00012245	0.00001004	-0.08194991
12.20507559	0.00012217	0.00001001	-0.08193313
12.20757558	0.00012189	0.00000999	-0.08191635
12.21007558	0.00012161	0.00000996	-0.08189957
12.21257557	0.00012134	0.00000994	-0.08188281
12.21507557	0.00012106	0.00000991	-0.08186605
12.21757556	0.00012078	0.00000989	-0.08184930
12.22007556	0.00012050	0.00000986	-0.08183255
12.22257555	0.00012023	0.00000984	-0.08181582
12.22507555	0.00011995	0.00000981	-0.08179909
12.22757554	0.00011968	0.00000979	-0.08178236
12.23007554	0.00011940	0.00000976	-0.08176564
12.23257553	0.00011913	0.00000974	-0.08174893
12.23507553	0.00011885	0.00000971	-0.08173223
12.23757552	0.00011858	0.00000969	-0.08171553
12.24007552	0.00011831	0.00000967	-0.08169884
12.24257551	0.00011804	0.00000964	-0.08168216
12.24507551	0.00011777	0.00000962	-0.08166548
12.24757550	0.00011750	0.00000959	-0.08164881
12.25007550	0.00011723	0.00000957	-0.08163215
12.25257549	0.00011696	0.00000955	-0.08161549
12.25507549	0.00011669	0.00000952	-0.08159884
12.25757548	0.00011642	0.00000950	-0.08158220
12.26007548	0.00011616	0.00000947	-0.08156557
12.26257547	0.00011589	0.00000945	-0.08154894
12.26507547	0.00011562	0.00000943	-0.08153232
12.26757546	0.00011536	0.00000940	-0.08151570
12.27007546	0.00011509	0.00000938	-0.08149909
12.27257545	0.00011483	0.00000936	-0.08148249
12.27507545	0.00011457	0.00000933	-0.08146589
12.27757544	0.00011430	0.00000931	-0.08144931
12.28007544	0.00011404	0.00000929	-0.08143272
12.28257543	0.00011378	0.00000926	-0.08141615
12.28507543	0.00011352	0.00000924	-0.08139958
12.28757542	0.00011326	0.00000922	-0.08138302
12.29007542	0.00011300	0.00000919	-0.08136647
12.29257541	0.00011274	0.00000917	-0.08134992
12.29507541	0.00011248	0.00000915	-0.08133338
12.29757540	0.00011222	0.00000913	-0.08131684
12.30007540	0.00011197	0.00000910	-0.08130031
12.30257539	0.00011171	0.00000908	-0.08128379
12.30507539	0.00011145	0.00000906	-0.08126728
12.30757538	0.00011120	0.00000903	-0.08125077
12.31007538	0.00011094	0.00000901	-0.08123427
12.31257537	0.00011069	0.00000899	-0.08121778
12.31507537	0.00011043	0.00000897	-0.08120129
12.31757536	0.00011018	0.00000894	-0.08118481
12.32007536	0.00010993	0.00000892	-0.08116833
12.32257535	0.00010968	0.00000890	-0.08115187
12.32507535	0.00010942	0.00000888	-0.08113541
12.32757534	0.00010917	0.00000886	-0.08111895
12.33007534	0.00010892	0.00000883	-0.08110251
12.33257533	0.00010867	0.00000881	-0.08108606
12.33507533	0.00010842	0.00000879	-0.08106963
12.33757532	0.00010817	0.00000877	-0.08105320
12.34007532	0.00010793	0.00000875	-0.08103678
12.34257531	0.00010768	0.00000872	-0.08102037
12.34507531	0.00010743	0.00000870	-0.08100396
12.34757530	0.00010718	0.00000868	-0.08098756
12.35007530	0.00010694	0.00000866	-0.08097117
12.35257529	0.00010669	0.00000864	-0.08095478
12.35507529	0.00010645	0.00000862	-0.08093840
12.35757528	0.00010620	0.00000859	-0.08092202
12.36007528	0.00010596	0.00000857	-0.08090566
12.36257527	0.00010572	0.00000855	-0.08088930
12.36507527	0.00010547	0.00000853	-0.08087294
12.36757526	0.00010523	0.00000851	-0.08085659
12.37007526	0.00010499	0.00000849	-0.08084025
12.37257525	0.00010475	0.00000847	-0.08082392
12.37507525	0.00010451	0.00000845	-0.08080759
12.37757524	0.00010427	0.00000842	-0.08079127
12.38007524	0.00010403	0.00000840	-0.08077495
12.38257523	0.00010379	0.00000838	-0.08075865
12.38507523	0.00010355	0.00000836	-0.08074234
12.38757522	0.00010332	0.00000834	-0.08072605
12.39007522	0.00010308	0.00000832	-0.08070976
12.39257521	0.00010284	0.00000830	-0.08069348
12.39507521	0.00010261	0.00000828	-0.08067720
12.39757520	0.00010237	0.00000826	-0.08066093
12.40007520	0.00010213	0.00000824	-0.08064467
12.40257519	0.00010190	0.00000822	-0.08062842
12.40507519	0.00010167	0.00000820	-0.08061217
12.40757518	0.00010143	0.00000818	-0.08059593
12.41007518	0.00010120	0.00000815	-0.08057969
12.41257517	0.00010097	0.00000813	-0.08056346
12.41507517	0.00010074	0.00000811	-0.08054724
12.41757516	0.00010050	0.00000809	-0.08053102
12.42007516	0.00010027	0.00000807	-0.08051481
12.42257515	0.00010004	0.00000805	-0.08049861
12.42507515	0.00009981	0.00000803	-0.08048241
12.42757514	0.00009958	0.00000801	-0.08046622
12.43007514	0.00009936	0.00000799	-0.08045004
12.43257513	0.00009913	0.00000797	-0.08043386
12.43507513	0.00009890	0.00000795	-0.08041769
12.43757512	0.00009867	0.00000793	-0.08040152
12.44007512	0.00009845	0.00000791	-0.08038537
12.44257511	0.00009822	0.00000789	-0.08036922
12.44507511	0.00009800	0.00000787	-0.08035307
12.44757510	0.00009777	0.00000785	-0.08033693
12.45007510	0.00009755	0.00000783	-0.08032080
12.45257509	0.00009732	0.00000782	-0.08030468
12.45507509	0.00009710	0.00000780	-0.08028856
12.45757508	0.00009688	0.00000778	-0.08027244
12.46007508	0.00009665	0.00000776	-0.08025634
12.46257507	0.00009643	0.00000774	-0.08024024
12.46507507	0.00009621	0.00000772	-0.08022415
12.46757506	0.00009599	0.00000770	-0.08020806
12.47007506	0.00009577	0.00000768	-0.08019198
12.47257505	0.00009555	0.00000766	-0.08017591
12.47507505	0.00009533	0.00000764	-0.08015984
12.47757504	0.00009511	0.00000762	-0.08014378
12.48007504	0.00009489	0.00000760	-0.08012772
12.48257503	0.00009467	0.00000758	-0.08011168
12.48507503	0.00009446	0.00000757	-0.08009563
12.48757502	0.00009424	0.00000755	-0.08007960
12.49007502	0.00009402	0.00000753	-0.08006357
12.49257501	0.00009381	0.00000751	-0.08004755
12.49507501	0.00009359	0.00000749	-0.08003153
12.49757500	0.00009338	0.00000747	-0.08001552
12.50007500	0.00009316	0.00000745	-0.07999952
12.50257499	0.00009295	0.00000743	-0.07998352
12.50507499	0.00009273	0.00000742	-0.07996753
12.50757498	0.00009252	0.00000740	-0.07995155
12.51007498	0.00009231	0.00000738	-0.07993557
12.51257497	0.00009210	0.00000736	-0.07991960
12.51507497	0.00009188	0.00000734	-0.07990364
12.51757496	0.00009167	0.00000732	-0.07988768
12.52007496	0.00009146	0.00000731	-0.07987173
12.52257495	0.00009125	0.00000729	-0.07985578
12.52507495	0.00009104	0.00000727	-0.07983984
12.52757494	0.00009083	0.00000725	-0.07982391
12.53007494	0.00009062	0.00000723	-0.07980798
12.53257493	0.00009042	0.00000721	-0.07979206
12.53507493	0.00009021	0.00000720	-0.07977615
12.53757492	0.00009000	0.00000718	-0.07976024
12.54007492	0.00008979	0.00000716	-0.07974434
12.54257491	0.00008959	0.00000714	-0.07972845
12.54507491	0.00008938	0.00000712	-0.07971256
12.54757490	0.00008918	0.00000711	-0.07969668
12.55007490	0.00008897	0.00000709	-0.07968080
12.55257489	0.00008877	0.00000707	-0.07966493
12.55507489	0.00008856	0.00000705	-0.07964907
12.55757488	0.00008836	0.00000704	-0.07963321
12.56007488	0.00008816	0.00000702	-0.07961736
12.56257487	0.00008795	0.00000700	-0.07960152
12.56507487	0.00008775	0.00000698	-0.07958568
12.56757486	0.00008755	0.00000697	-0.07956985
12.57007486	0.00008735	0.00000695	-0.07955402
12.57257485	0.00008715	0.00000693	-0.07953820
12.57507485	0.00008695	0.00000691	-0.07952239
12.57757484	0.00008675	0.00000690	-0.07950658
12.58007484	0.00008655	0.00000688	-0.07949078
12.58257483	0.00008635	0.00000686	-0.07947499
12.58507483	0.00008615	0.00000685	-0.07945920
12.58757482	0.00008595	0.00000683	-0.07944342
12.59007482	0.00008576	0.00000681	-0.07942765
12.59257481	0.00008556	0.00000679	-0.07941188
12.59507481	0.00008536	0.00000678	-0.07939611
12.59757480	0.00008517	0.00000676	-0.07938036
12.60007480	0.00008497	0.00000674	-0.07936461
12.60257479	0.00008477	0.00000673	-0.07934886
12.60507479	0.00008458	0.00000671	-0.07933313
12.60757478	0.00008439	0.00000669	-0.07931740
12.61007478	0.00008419	0.00000668	-0.07930167
12.61257477	0.00008400	0.00000666	-0.07928595
12.61507477	0.00008380	0.00000664	-0.07927024
12.61757476	0.00008361	0.00000663	-0.07925453
12.62007476	0.00008342	0.00000661	-0.07923883
12.62257475	0.00008323	0.00000659	-0.07922314
12.62507475	0.00008304	0.00000658	-0.07920745
12.62757474	0.00008285	0.00000656	-0.07919177
12.63007474	0.00008265	0.00000654	-0.07917610
12.63257473	0.00008246	0.00000653	-0.07916043
12.63507473	0.00008228	0.00000651	-0.07914476
12.63757472	0.00008209	0.00000650	-0.07912911
12.64007472	0.00008190	0.00000648	-0.07911346
12.64257471	0.00008171	0.00000646	-0.07909781
12.64507471	0.00008152	0.00000645	-0.07908217
12.64757470	0.00008133	0.00000643	-0.07906654
12.65007470	0.00008115	0.00000641	-0.07905092
12.65257469	0.00008096	0.00000640	-0.07903530
12.65507469	0.00008077	0.00000638	-0.07901968
12.65757468	0.00008059	0.00000637	-0.07900408
12.66007468	0.00008040	0.00000635	-0.07898848
12.66257467	0.00008022	0.00000634	-0.07897288
12.66507467	0.00008003	0.00000632	-0.07895729
12.66757466	0.00007985	0.00000630	-0.07894171
12.67007466	0.00007967	0.00000629	-0.07892613
12.67257465	0.00007948	0.00000627	-0.07891056
12.67507465	0.00007930	0.00000626	-0.07889500
12.67757464	0.00007912	0.00000624	-0.07887944
12.68007464	0.00007894	0.00000623	-0.07886389
12.68257463	0.00007875	0.00000621	-0.07884834
12.68507463	0.00007857	0.00000619	-0.07883280
12.68757462	0.00007839	0.00000618	-0.07881727
12.69007462	0.00007821	0.00000616	-0.07880174
12.69257461	0.00007803	0.00000615	-0.07878622
12.69507461	0.00007785	0.00000613	-0.07877071
12.69757460	0.00007767	0.00000612	-0.07875520
12.70007460	0.00007749	0.00000610	-0.07873969
12.70257459	0.00007732	0.00000609	-0.07872420
12.70507459	0.00007714	0.00000607	-0.07870871
12.70757458	0.00007696	0.00000606	-0.07869322
12.71007458	0.00007678	0.00000604	-0.07867774
12.71257457	0.00007661	0.00000603	-0.07866227
12.71507457	0.00007643	0.00000601	-0.07864681
12.71757456	0.00007625	0.00000600	-0.07863135
12.72007456	0.00007608	0.00000598	-0.07861589
12.72257455	0.00007590	0.00000597	-0.07860044
12.72507455	0.00007573	0.00000595	-0.07858500
12.72757454	0.00007556	0.00000594	-0.07856957
12.73007454	0.00007538	0.00000592	-0.07855414
12.73257453	0.00007521	0.00000591	-0.07853871
12.73507453	0.00007503	0.00000589	-0.07852329
12.73757452	0.00007486	0.00000588	-0.07850788
12.74007452	0.00007469	0.00000586	-0.07849248
12.74257451	0.00007452	0.00000585	-0.07847708
12.74507451	0.00007435	0.00000583	-0.07846168
12.74757450	0.00007418	0.00000582	-0.07844630
12.75007450	0.00007400	0.00000580	-0.07843091
12.75257449	0.00007383	0.00000579	-0.07841554
12.75507449	0.00007366	0.00000578	-0.07840017
12.75757448	0.00007350	0.00000576	-0.07838481
12.76007448	0.00007333	0.00000575	-0.07836945
12.76257447	0.00007316	0.00000573	-0.07835410
12.76507447	0.00007299	0.00000572	-0.07833875
12.76757446	0.00007282	0.00000570	-0.07832341
12.77007446	0.00007265	0.00000569	-0.07830808
12.77257445	0.00007249	0.00000568	-0.07829275
12.77507445	0.00007232	0.00000566	-0.07827743
12.77757444	0.00007215	0.00000565	-0.07826211
12.78007444	0.00007199	0.00000563	-0.07824681
12.78257443	0.00007182	0.00000562	-0.07823150
12.78507443	0.00007166	0.00000560	-0.07821620
12.78757442	0.00007149	0.00000559	-0.07820091
12.79007442	0.00007133	0.00000558	-0.07818563
12.79257441	0.00007116	0.00000556	-0.07817035
12.79507441	0.00007100	0.00000555	-0.07815507
12.79757440	0.00007083	0.00000554	-0.07813981
12.80007440	0.00007067	0.00000552	-0.07812455
12.80257439	0.00007051	0.00000551	-0.07810929
12.80507439	0.00007035	0.00000549	-0.07809404
12.80757438	0.00007018	0.00000548	-0.07807880
12.81007438	0.00007002	0.00000547	-0.07806356
12.81257437	0.00006986	0.00000545	-0.07804833
12.81507437	0.00006970	0.00000544	-0.07803310
12.81757436	0.00006954	0.00000543	-0.07801788
12.82007436	0.00006938	0.00000541	-0.07800267
12.82257435	0.00006922	0.00000540	-0.07798746
12.82507435	0.00006906	0.00000538	-0.07797226
12.82757434	0.00006890	0.00000537	-0.07795706
12.83007434	0.00006874	0.00000536	-0.07794187
12.83257433	0.00006859	0.00000534	-0.07792669
12.83507433	0.00006843	0.00000533	-0.07791151
12.83757432	0.00006827	0.00000532	-0.07789634
12.84007432	0.00006811	0.00000530	-0.07788117
12.84257431	0.00006796	0.00000529	-0.07786601
12.84507431	0.00006780	0.00000528	-0.07785085
12.84757430	0.00006764	0.00000527	-0.07783570
12.85007430	0.00006749	0.00000525	-0.07782056
12.85257429	0.00006733	0.00000524	-0.07780542
12.85507429	0.00006718	0.00000523	-0.07779029
12.85757428	0.00006702	0.00000521	-0.07777517
12.86007428	0.00006687	0.00000520	-0.07776005
12.86257427	0.00006671	0.00000519	-0.07774493
12.86507427	0.00006656	0.00000517	-0.07772983
12.86757426	0.00006641	0.00000516	-0.07771473
12.87007426	0.00006625	0.00000515	-0.07769963
12.87257425	0.00006610	0.00000514	-0.07768454
12.87507425	0.00006595	0.00000512	-0.07766945
12.87757424	0.00006580	0.00000511	-0.07765438
12.88007424	0.00006565	0.00000510	-0.07763930
12.88257423	0.00006549	0.00000508	-0.07762424
12.88507423	0.00006534	0.00000507	-0.07760918
12.88757422	0.00006519	0.00000506	-0.07759412
12.89007422	0.00006504	0.00000505	-0.07757907
12.89257421	0.00006489	0.00000503	-0.07756403
12.89507421	0.00006474	0.00000502	-0.07754899
12.89757420	0.00006459	0.00000501	-0.07753396
12.90007420	0.00006445	0.00000500	-0.07751893
12.90257419	0.00006430	0.00000498	-0.07750391
12.90507419	0.00006415	0.00000497	-0.07748890
12.90757418	0.00006400	0.00000496	-0.07747389
12.91007418	0.00006385	0.00000495	-0.07745889
12.91257417	0.00006371	0.00000493	-0.07744389
12.91507417	0.00006356	0.00000492	-0.07742890
12.91757416	0.00006341	0.00000491	-0.07741392
12.92007416	0.00006327	0.00000490	-0.07739894
12.92257415	0.00006312	0.00000488	-0.07738396
12.92507415	0.00006298	0.00000487	-0.07736900
12.92757414	0.00006283	0.00000486	-0.07735403
12.93007414	0.00006269	0.00000485	-0.07733908
12.93257413	0.00006254	0.00000484	-0.07732413
12.93507413	0.00006240	0.00000482	-0.07730918
12.93757412	0.00006225	0.00000481	-0.07729424
12.94007412	0.00006211	0.00000480	-0.07727931
12.94257411	0.00006197	0.00000479	-0.07726438
12.94507411	0.00006183	0.00000478	-0.07724946
12.94757410	0.00006168	0.00000476	-0.07723455
12.95007410	0.00006154	0.00000475	-0.07721964
12.95257409	0.00006140	0.00000474	-0.07720473
12.95507409	0.00006126	0.00000473	-0.07718983
12.95757408	0.00006112	0.00000472	-0.07717494
12.96007408	0.00006098	0.00000470	-0.07716005
12.96257407	0.00006083	0.00000469	-0.07714517
12.96507407	0.00006069	0.00000468	-0.07713030
12.96757406	0.00006055	0.00000467	-0.07711543
12.97007406	0.00006042	0.00000466	-0.07710056
12.97257405	0.00006028	0.00000465	-0.07708570
12.97507405	0.00006014	0.00000463	-0.07707085
12.97757404	0.00006000	0.00000462	-0.07705600
12.98007404	0.00005986	0.00000461	-0.07704116
12.98257403	0.00005972	0.00000460	-0.07702633
12.98507403	0.00005958	0.00000459	-0.07701150
12.98757402	0.00005945	0.00000458	-0.07699667
12.99007402	0.00005931	0.00000457	-0.07698186
12.99257401	0.00005917	0.00000455	-0.07696704
12.99507401	0.00005904	0.00000454	-0.07695224
12.99757400	0.00005890	0.00000453	-0.07693743
13.00007400	0.00005877	0.00000452	-0.07692264
13.00257399	0.00005863	0.00000451	-0.07690785
13.00507399	0.00005849	0.00000450	-0.07689307
13.00757398	0.00005836	0.00000449	-0.07687829
13.01007398	0.00005823	0.00000448	-0.07686351
13.01257397	0.00005809	0.00000446	-0.07684875
13.01507397	0.00005796	0.00000445	-0.07683399
13.01757396	0.00005782	0.00000444	-0.07681923
13.02007396	0.00005769	0.00000443	-0.07680448
13.02257395	0.00005756	0.00000442	-0.07678973
13.02507395	0.00005742	0.00000441	-0.07677500
13.02757394	0.00005729	0.00000440	-0.07676026
13.03007394	0.00005716	0.00000439	-0.07674554
13.03257393	0.00005703	0.00000438	-0.07673081
13.03507393	0.00005690	0.00000436	-0.07671610
13.03757392	0.00005677	0.00000435	-0.07670139
13.04007392	0.00005663	0.00000434	-0.07668668
13.04257391	0.00005650	0.00000433	-0.07667198
13.04507391	0.00005637	0.00000432	-0.07665729
13.04757390	0.00005624	0.00000431	-0.07664260
13.05007390	0.00005611	0.00000430	-0.07662792
13.05257389	0.00005598	0.00000429	-0.07661324
13.05507389	0.00005586	0.00000428	-0.07659857
13.05757388	0.00005573	0.00000427	-0.07658391
13.06007388	0.00005560	0.00000426	-0.07656925
13.06257387	0.00005547	0.00000425	-0.07655459
13.06507387	0.00005534	0.00000424	-0.07653994
13.06757386	0.00005521	0.00000423	-0.07652530
13.07007386	0.00005509	0.00000421	-0.07651066
13.07257385	0.00005496	0.00000420	-0.07649603
13.07507385	0.00005483	0.00000419	-0.07648140
13.07757384	0.00005471	0.00000418	-0.07646678
13.08007384	0.00005458	0.00000417	-0.07645217
13.08257383	0.00005446	0.00000416	-0.07643756
13.08507383	0.00005433	0.00000415	-0.07642295
13.08757382	0.00005420	0.00000414	-0.07640836
13.09007382	0.00005408	0.00000413	-0.07639376
13.09257381	0.00005395	0.00000412	-0.07637918
13.09507381	0.00005383	0.00000411	-0.07636459
13.09757380	0.00005371	0.00000410	-0.07635002
13.10007380	0.00005358	0.00000409	-0.07633545
13.10257379	0.00005346	0.00000408	-0.07632088
13.10507379	0.00005334	0.00000407	-0.07630632
13.10757378	0.00005321	0.00000406	-0.07629177
13.11007378	0.00005309	0.00000405	-0.07627722
13.11257377	0.00005297	0.00000404	-0.07626268
13.11507377	0.00005284	0.00000403	-0.07624814
13.11757376	0.00005272	0.00000402	-0.07623361
13.12007376	0.00005260	0.00000401	-0.07621908
13.12257375	0.00005248	0.00000400	-0.07620456
13.12507375	0.00005236	0.00000399	-0.07619005
13.12757374	0.00005224	0.00000398	-0.07617554
13.13007374	0.00005212	0.00000397	-0.07616103
13.13257373	0.00005200	0.00000396	-0.07614654
13.13507373	0.00005188	0.00000395	-0.07613204
13.13757372	0.00005176	0.00000394	-0.07611756
13.14007372	0.00005164	0.00000393	-0.07610307
13.14257371	0.00005152	0.00000392	-0.07608860
13.14507371	0.00005140	0.00000391	-0.07607413
13.14757370	0.00005128	0.00000390	-0.07605966
13.15007370	0.00005116	0.00000389	-0.07604520
13.15257369	0.00005105	0.00000388	-0.07603075
13.15507369	0.00005093	0.00000387	-0.07601630
13.15757368	0.00005081	0.00000386	-0.07600185
13.16007368	0.00005069	0.00000385	-0.07598742
13.16257367	0.00005058	0.00000384	-0.07597298
13.16507367	0.00005046	0.00000383	-0.07595856
13.16757366	0.00005034	0.00000382	-0.07594414
13.17007366	0.00005023	0.00000381	-0.07592972
13.17257365	0.00005011	0.00000380	-0.07591531
13.17507365	0.00004999	0.00000379	-0.07590090
13.17757364	0.00004988	0.00000379	-0.07588650
13.18007364	0.00004976	0.00000378	-0.07587211
13.18257363	0.00004965	0.00000377	-0.07585772
13.18507363	0.00004954	0.00000376	-0.07584334
13.18757362	0.00004942	0.00000375	-0.07582896
13.19007362	0.00004931	0.00000374	-0.07581459
13.19257361	0.00004919	0.00000373	-0.07580022
13.19507361	0.00004908	0.00000372	-0.07578586
13.19757360	0.00004897	0.00000371	-0.07577150
13.20007360	0.00004885	0.00000370	-0.07575715
13.20257359	0.00004874	0.00000369	-0.07574281
13.20507359	0.00004863	0.00000368	-0.07572847
13.20757358	0.00004852	0.00000367	-0.07571413
13.21007358	0.00004840	0.00000366	-0.07569981
13.21257357	0.00004829	0.00000365	-0.07568548
13.21507357	0.00004818	0.00000365	-0.07567116
13.21757356	0.00004807	0.00000364	-0.07565685
13.22007356	0.00004796	0.00000363	-0.07564254
13.22257355	0.00004785	0.00000362	-0.07562824
13.22507355	0.00004774	0.00000361	-0.07561395
13.22757354	0.00004763	0.00000360	-0.07559966
13.23007354	0.00004752	0.00000359	-0.07558537
13.23257353	0.00004741	0.00000358	-0.07557109
13.23507353	0.00004730	0.00000357	-0.07555681
13.23757352	0.00004719	0.00000356	-0.07554255
13.24007352	0.00004708	0.00000356	-0.07552828
13.24257351	0.00004697	0.00000355	-0.07551402
13.24507351	0.00004686	0.00000354	-0.07549977
13.24757350	0.00004675	0.00000353	-0.07548552
13.25007350	0.00004665	0.00000352	-0.07547128
13.25257349	0.00004654	0.00000351	-0.07545704
13.25507349	0.00004643	0.00000350	-0.07544281
13.25757348	0.00004632	0.00000349	-0.07542858
13.26007348	0.00004622	0.00000349	-0.07541436
13.26257347	0.00004611	0.00000348	-0.07540015
13.26507347	0.00004600	0.00000347	-0.07538594
13.26757346	0.00004590	0.00000346	-0.07537173
13.27007346	0.00004579	0.00000345	-0.07535753
13.27257345	0.00004569	0.00000344	-0.07534334
13.27507345	0.00004558	0.00000343	-0.07532915
13.27757344	0.00004548	0.00000342	-0.07531497
13.28007344	0.00004537	0.00000342	-0.07530079
13.28257343	0.00004527	0.00000341	-0.07528662
13.28507343	0.00004516	0.00000340	-0.07527245
13.28757342	0.00004506	0.00000339	-0.07525829
13.29007342	0.00004495	0.00000338	-0.07524413
13.29257341	0.00004485	0.00000337	-0.07522998
13.29507341	0.00004475	0.00000337	-0.07521583
13.29757340	0.00004464	0.00000336	-0.07520169
13.30007340	0.00004454	0.00000335	-0.07518755
13.30257339	0.00004444	0.00000334	-0.07517342
13.30507339	0.00004433	0.00000333	-0.07515930
13.30757338	0.00004423	0.00000332	-0.07514518
13.31007338	0.00004413	0.00000332	-0.07513107
13.31257337	0.00004403	0.00000331	-0.07511696
13.31507337	0.00004393	0.00000330	-0.07510285
13.31757336	0.00004382	0.00000329	-0.07508875
13.32007336	0.00004372	0.00000328	-0.07507466
13.32257335	0.00004362	0.00000327	-0.07506057
13.32507335	0.00004352	0.00000327	-0.07504649
13.32757334	0.00004342	0.00000326	-0.07503241
13.33007334	0.00004332	0.00000325	-0.07501834
13.33257333	0.00004322	0.00000324	-0.07500428
13.33507333	0.00004312	0.00000323	-0.07499021
13.33757332	0.00004302	0.00000323	-0.07497616
13.34007332	0.00004292	0.00000322	-0.07496211
13.34257331	0.00004282	0.00000321	-0.07494806
13.34507331	0.00004272	0.00000320	-0.07493402
13.34757330	0.00004262	0.00000319	-0.07491999
13.35007330	0.00004253	0.00000319	-0.07490596
13.35257329	0.00004243	0.00000318	-0.07489193
13.35507329	0.00004233	0.00000317	-0.07487791
13.35757328	0.00004223	0.00000316	-0.07486390
13.36007328	0.00004213	0.00000315	-0.07484989
13.36257327	0.00004204	0.00000315	-0.07483589
13.36507327	0.00004194	0.00000314	-0.07482189
13.36757326	0.00004184	0.00000313	-0.07480789
13.37007326	0.00004175	0.00000312	-0.07479391
13.37257325	0.00004165	0.00000311	-0.07477992
13.37507325	0.00004155	0.00000311	-0.07476595
13.37757324	0.00004146	0.00000310	-0.07475197
13.38007324	0.00004136	0.00000309	-0.07473801
13.38257323	0.00004127	0.00000308	-0.07472404
13.38507323	0.00004117	0.00000308	-0.07471009
13.38757322	0.00004108	0.00000307	-0.07469614
13.39007322	0.00004098	0.00000306	-0.07468219
13.39257321	0.00004089	0.00000305	-0.07466825
13.39507321	0.00004079	0.00000305	-0.07465431
13.39757320	0.00004070	0.00000304	-0.07464038
13.40007320	0.00004060	0.00000303	-0.07462646
13.40257319	0.00004051	0.00000302	-0.07461254
13.40507319	0.00004042	0.00000301	-0.07459862
13.40757318	0.00004032	0.00000301	-0.07458471
13.41007318	0.00004023	0.00000300	-0.07457081
13.41257317	0.00004014	0.00000299	-0.07455691
13.41507317	0.00004004	0.00000298	-0.07454301
13.41757316	0.00003995	0.00000298	-0.07452913
13.42007316	0.00003986	0.00000297	-0.07451524
13.42257315	0.00003977	0.00000296	-0.07450136
13.42507315	0.00003967	0.00000296	-0.07448749
13.42757314	0.00003958	0.00000295	-0.07447362
13.43007314	0.00003949	0.00000294	-0.07445976
13.43257313	0.00003940	0.00000293	-0.07444590
13.43507313	0.00003931	0.00000293	-0.07443205
13.43757312	0.00003922	0.00000292	-0.07441820
13.44007312	0.00003913	0.00000291	-0.07440436
13.44257311	0.00003904	0.00000290	-0.07439052
13.44507311	0.00003895	0.00000290	-0.07437669
13.44757310	0.00003886	0.00000289	-0.07436286
13.45007310	0.00003877	0.00000288	-0.07434904
13.45257309	0.00003868	0.00000288	-0.07433522
13.45507309	0.00003859	0.00000287	-0.07432141
13.45757308	0.00003850	0.00000286	-0.07430760
13.46007308	0.00003841	0.00000285	-0.07429380
13.46257307	0.00003832	0.00000285	-0.07428001
13.46507307	0.00003823	0.00000284	-0.07426621
13.46757306	0.00003814	0.00000283	-0.07425243
13.47007306	0.00003806	0.00000283	-0.07423865
13.47257305	0.00003797	0.00000282	-0.07422487
13.47507305	0.00003788	0.00000281	-0.07421110
13.47757304	0.00003779	0.00000280	-0.07419733
13.48007304	0.00003771	0.00000280	-0.07418357
13.48257303	0.00003762	0.00000279	-0.07416982
13.48507303	0.00003753	0.00000278	-0.07415607
13.48757302	0.00003744	0.00000278	-0.07414232
13.49007302	0.00003736	0.00000277	-0.07412858
13.49257301	0.00003727	0.00000276	-0.07411485
13.49507301	0.00003719	0.00000276	-0.07410112
13.49757300	0.00003710	0.00000275	-0.07408739
13.50007300	0.00003701	0.00000274	-0.07407367
13.50257299	0.00003693	0.00000273	-0.07405996
13.50507299	0.00003684	0.00000273	-0.07404625
13.50757298	0.00003676	0.00000272	-0.07403254
13.51007298	0.00003667	0.00000271	-0.07401885
13.51257297	0.00003659	0.00000271	-0.07400515
13.51507297	0.00003650	0.00000270	-0.07399146
13.51757296	0.00003642	0.00000269	-0.07397778
13.52007296	0.00003633	0.00000269	-0.07396410
13.52257295	0.00003625	0.00000268	-0.07395042
13.52507295	0.00003617	0.00000267	-0.07393675
13.52757294	0.00003608	0.00000267	-0.07392309
13.53007294	0.00003600	0.00000266	-0.07390943
13.53257293	0.00003592	0.00000265	-0.07389578
13.53507293	0.00003583	0.00000265	-0.07388213
13.53757292	0.00003575	0.00000264	-0.07386848
13.54007292	0.00003567	0.00000263	-0.07385485
13.54257291	0.00003559	0.00000263	-0.07384121
13.54507291	0.00003550	0.00000262	-0.07382758
13.54757290	0.00003542	0.00000261	-0.07381396
13.55007290	0.00003534	0.00000261	-0.07380034
13.55257289	0.00003526	0.00000260	-0.07378673
13.55507289	0.00003518	0.00000260	-0.07377312
13.55757288	0.00003509	0.00000259	-0.07375951
13.56007288	0.00003501	0.00000258	-0.07374592
13.56257287	0.00003493	0.00000258	-0.07373232
13.56507287	0.00003485	0.00000257	-0.07371873
13.56757286	0.00003477	0.00000256	-0.07370515
13.57007286	0.00003469	0.00000256	-0.07369157
13.57257285	0.00003461	0.00000255	-0.07367800
13.57507285	0.00003453	0.00000254	-0.07366443
13.57757284	0.00003445	0.00000254	-0.07365087
13.58007284	0.00003437	0.00000253	-0.07363731
13.58257283	0.00003429	0.00000252	-0.07362375
13.58507283	0.00003421	0.00000252	-0.07361021
13.58757282	0.00003413	0.00000251	-0.07359666
13.59007282	0.00003405	0.00000251	-0.07358312
13.59257281	0.00003397	0.00000250	-0.07356959
13.59507281	0.00003390	0.00000249	-0.07355606
13.59757280	0.00003382	0.00000249	-0.07354254
13.60007280	0.00003374	0.00000248	-0.07352902
13.60257279	0.00003366	0.00000247	-0.07351550
13.60507279	0.00003358	0.00000247	-0.07350200
13.60757278	0.00003351	0.00000246	-0.07348849
13.61007278	0.00003343	0.00000246	-0.07347499
13.61257277	0.00003335	0.00000245	-0.07346150
13.61507277	0.00003327	0.00000244	-0.07344801
13.61757276	0.00003320	0.00000244	-0.07343453
13.62007276	0.00003312	0.00000243	-0.07342105
13.62257275	0.00003304	0.00000243	-0.07340757
13.62507275	0.00003297	0.00000242	-0.07339410
13.62757274	0.00003289	0.00000241	-0.07338064
13.63007274	0.00003281	0.00000241	-0.07336718
13.63257273	0.00003274	0.00000240	-0.07335373
13.63507273	0.00003266	0.00000240	-0.07334028
13.63757272	0.00003259	0.00000239	-0.07332683
13.64007272	0.00003251	0.00000238	-0.07331339
13.64257271	0.00003244	0.00000238	-0.07329996
13.64507271	0.00003236	0.00000237	-0.07328653
13.64757270	0.00003229	0.00000237	-0.07327310
13.65007270	0.00003221	0.00000236	-0.07325968
13.65257269	0.00003214	0.00000235	-0.07324627
13.65507269	0.00003206	0.00000235	-0.07323286
13.65757268	0.00003199	0.00000234	-0.07321945
13.66007268	0.00003191	0.00000234	-0.07320605
13.66257267	0.00003184	0.00000233	-0.07319266
13.66507267	0.00003177	0.00000232	-0.07317927
13.66757266	0.00003169	0.00000232	-0.07316588
13.67007266	0.00003162	0.00000231	-0.07315250
13.67257265	0.00003155	0.00000231	-0.07313912
13.67507265	0.00003147	0.00000230	-0.07312575
13.67757264	0.00003140	0.00000230	-0.07311239
13.68007264	0.00003133	0.00000229	-0.07309903
13.68257263	0.00003126	0.00000228	-0.07308567
13.68507263	0.00003118	0.00000228	-0.07307232
13.68757262	0.00003111	0.00000227	-0.07305897
13.69007262	0.00003104	0.00000227	-0.07304563
13.69257261	0.00003097	0.00000226	-0.07303229
13.69507261	0.00003090	0.00000226	-0.07301896
13.69757260	0.00003082	0.00000225	-0.07300564
13.70007260	0.00003075	0.00000224	-0.07299231
13.70257259	0.00003068	0.00000224	-0.07297900
13.70507259	0.00003061	0.00000223	-0.07296568
13.70757258	0.00003054	0.00000223	-0.07295238
13.71007258	0.00003047	0.00000222	-0.07293907
13.71257257	0.00003040	0.00000222	-0.07292578
13.71507257	0.00003033	0.00000221	-0.07291248
13.71757256	0.00003026	0.00000221	-0.07289920
13.72007256	0.00003019	0.00000220	-0.07288591
13.72257255	0.00003012	0.00000219	-0.07287263
13.72507255	0.00003005	0.00000219	-0.07285936
13.72757254	0.00002998	0.00000218	-0.07284609
13.73007254	0.00002991	0.00000218	-0.07283283
13.73257253	0.00002984	0.00000217	-0.07281957
13.73507253	0.00002977	0.00000217	-0.07280631
13.73757252	0.00002970	0.00000216	-0.07279306
13.74007252	0.00002963	0.00000216	-0.07277982
13.74257251	0.00002957	0.00000215	-0.07276658
13.74507251	0.00002950	0.00000215	-0.07275334
13.74757250	0.00002943	0.00000214	-0.07274011
13.75007250	0.00002936	0.00000214	-0.07272689
13.75257249	0.00002929	0.00000213	-0.07271367
13.75507249	0.00002922	0.00000212	-0.07270045
13.75757248	0.00002916	0.00000212	-0.07268724
13.76007248	0.00002909	0.00000211	-0.07267404
13.76257247	0.00002902	0.00000211	-0.07266083
13.76507247	0.00002895	0.00000210	-0.07264764
13.76757246	0.00002889	0.00000210	-0.07263445
13.77007246	0.00002882	0.00000209	-0.07262126
13.77257245	0.00002875	0.00000209	-0.07260808
13.77507245	0.00002869	0.00000208	-0.07259490
13.77757244	0.00002862	0.00000208	-0.07258173
13.78007244	0.00002855	0.00000207	-0.07256856
13.78257243	0.00002849	0.00000207	-0.07255540
13.78507243	0.00002842	0.00000206	-0.07254224
13.78757242	0.00002836	0.00000206	-0.07252908
13.79007242	0.00002829	0.00000205	-0.07251594
13.79257241	0.00002823	0.00000205	-0.07250279
13.79507241	0.00002816	0.00000204	-0.07248965
13.79757240	0.00002809	0.00000204	-0.07247652
13.80007240	0.00002803	0.00000203	-0.07246339
13.80257239	0.00002796	0.00000203	-0.07245026
13.80507239	0.00002790	0.00000202	-0.07243714
13.80757238	0.00002784	0.00000202	-0.07242403
13.81007238	0.00002777	0.00000201	-0.07241092
13.81257237	0.00002771	0.00000201	-0.07239781
13.81507237	0.00002764	0.00000200	-0.07238471
13.81757236	0.00002758	0.00000200	-0.07237161
13.82007236	0.00002751	0.00000199	-0.07235852
13.82257235	0.00002745	0.00000199	-0.07234543
13.82507235	0.00002739	0.00000198	-0.07233235
13.82757234	0.00002732	0.00000198	-0.07231927
13.83007234	0.00002726	0.00000197	-0.07230620
13.83257233	0.00002720	0.00000197	-0.07229313
13.83507233	0.00002713	0.00000196	-0.07228007
13.83757232	0.00002707	0.00000196	-0.07226701
13.84007232	0.00002701	0.00000195	-0.07225396
13.84257231	0.00002695	0.00000195	-0.07224091
13.84507231	0.00002688	0.00000194	-0.07222786
13.84757230	0.00002682	0.00000194	-0.07221482
13.85007230	0.00002676	0.00000193	-0.07220179
13.85257229	0.00002670	0.00000193	-0.07218876
13.85507229	0.00002664	0.00000192	-0.07217573
13.85757228	0.00002657	0.00000192	-0.07216271
13.86007228	0.00002651	0.00000191	-0.07214970
13.86257227	0.00002645	0.00000191	-0.07213668
13.86507227	0.00002639	0.00000190	-0.07212368
13.86757226	0.00002633	0.00000190	-0.07211068
13.87007226	0.00002627	0.00000189	-0.07209768
13.87257225	0.00002621	0.00000189	-0.07208468
13.87507225	0.00002615	0.00000188	-0.07207170
13.87757224	0.00002609	0.00000188	-0.07205871
13.88007224	0.00002602	0.00000187	-0.07204573
13.88257223	0.00002596	0.00000187	-0.07203276
13.88507223	0.00002590	0.00000187	-0.07201979
13.88757222	0.00002584	0.00000186	-0.07200683
13.89007222	0.00002578	0.00000186	-0.07199387
13.89257221	0.00002572	0.00000185	-0.07198091
13.89507221	0.00002567	0.00000185	-0.07196796
13.89757220	0.00002561	0.00000184	-0.07195501
13.90007220	0.00002555	0.00000184	-0.07194207
13.90257219	0.00002549	0.00000183	-0.07192914
13.90507219	0.00002543	0.00000183	-0.07191620
13.90757218	0.00002537	0.00000182	-0.07190328
13.91007218	0.00002531	0.00000182	-0.07189035
13.91257217	0.00002525	0.00000182	-0.07187743
13.91507217	0.00002519	0.00000181	-0.07186452
13.91757216	0.00002513	0.00000181	-0.07185161
13.92007216	0.00002508	0.00000180	-0.07183871
13.92257215	0.00002502	0.00000180	-0.07182581
13.92507215	0.00002496	0.00000179	-0.07181291
13.92757214	0.00002490	0.00000179	-0.07180002
13.93007214	0.00002484	0.00000178	-0.07178714
13.93257213	0.00002479	0.00000178	-0.07177426
13.93507213	0.00002473	0.00000177	-0.07176138
13.93757212	0.00002467	0.00000177	-0.07174851
13.94007212	0.00002462	0.00000177	-0.07173564
13.94257211	0.00002456	0.00000176	-0.07172278
13.94507211	0.00002450	0.00000176	-0.07170992
13.94757210	0.00002444	0.00000175	-0.07169707
13.95007210	0.00002439	0.00000175	-0.07168422
13.95257209	0.00002433	0.00000174	-0.07167137
13.95507209	0.00002427	0.00000174	-0.07165853
13.95757208	0.00002422	0.00000174	-0.07164570
13.96007208	0.00002416	0.00000173	-0.07163287
13.96257207	0.00002411	0.00000173	-0.07162004
13.96507207	0.00002405	0.00000172	-0.07160722
13.96757206	0.00002399	0.00000172	-0.07159440
13.97007206	0.00002394	0.00000171	-0.07158159
13.97257205	0.00002388	0.00000171	-0.07156878
13.97507205	0.00002383	0.00000171	-0.07155598
13.97757204	0.00002377	0.00000170	-0.07154318
13.98007204	0.00002372	0.00000170	-0.07153039
13.98257203	0.00002366	0.00000169	-0.07151760
13.98507203	0.00002361	0.00000169	-0.07150482
13.98757202	0.00002355	0.00000168	-0.07149204
13.99007202	0.00002350	0.00000168	-0.07147926
13.99257201	0.00002344	0.00000168	-0.07146649
13.99507201	0.00002339	0.00000167	-0.07145372
13.99757200	0.00002334	0.00000167	-0.07144096
14.00007200	0.00002328	0.00000166	-0.07142820
14.00257199	0.00002323	0.00000166	-0.07141545
14.00507199	0.00002317	0.00000165	-0.07140270
14.00757198	0.00002312	0.00000165	-0.07138996
14.01007198	0.00002307	0.00000165	-0.07137722
14.01257197	0.00002301	0.00000164	-0.07136449
14.01507197	0.00002296	0.00000164	-0.07135176
14.01757196	0.00002291	0.00000163	-0.07133903
14.02007196	0.00002285	0.00000163	-0.07132631
14.02257195	0.00002280	0.00000163	-0.07131359
14.02507195	0.00002275	0.00000162	-0.07130088
14.02757194	0.00002269	0.00000162	-0.07128817
14.03007194	0.00002264	0.00000161	-0.07127547
14.03257193	0.00002259	0.00000161	-0.07126277
14.03507193	0.00002254	0.00000161	-0.07125008
14.03757192	0.00002248	0.00000160	-0.07123739
14.04007192	0.00002243	0.00000160	-0.07122471
14.04257191	0.00002238	0.00000159	-0.07121203
14.04507191	0.00002233	0.00000159	-0.07119935
14.04757190	0.00002228	0.00000159	-0.07118668
14.05007190	0.00002223	0.00000158	-0.07117401
14.05257189	0.00002217	0.00000158	-0.07116135
14.05507189	0.00002212	0.00000157	-0.07114869
14.05757188	0.00002207	0.00000157	-0.07113604
14.06007188	0.00002202	0.00000157	-0.07112339
14.06257187	0.00002197	0.00000156	-0.07111075
14.06507187	0.00002192	0.00000156	-0.07109811
14.06757186	0.00002187	0.00000155	-0.07108547
14.07007186	0.00002182	0.00000155	-0.07107284
14.07257185	0.00002177	0.00000155	-0.07106022
14.07507185	0.00002171	0.00000154	-0.07104759
14.07757184	0.00002166	0.00000154	-0.07103498
14.08007184	0.00002161	0.00000154	-0.07102236
14.08257183	0.00002156	0.00000153	-0.07100976
14.08507183	0.00002151	0.00000153	-0.07099715
14.08757182	0.00002146	0.00000152	-0.07098455
14.09007182	0.00002141	0.00000152	-0.07097196
14.09257181	0.00002136	0.00000152	-0.07095937
14.09507181	0.00002132	0.00000151	-0.07094678
14.09757180	0.00002127	0.00000151	-0.07093420
14.10007180	0.00002122	0.00000150	-0.07092162
14.10257179	0.00002117	0.00000150	-0.07090905
14.10507179	0.00002112	0.00000150	-0.07089648
14.10757178	0.00002107	0.00000149	-0.07088392
14.11007178	0.00002102	0.00000149	-0.07087136
14.11257177	0.00002097	0.00000149	-0.07085881
14.11507177	0.00002092	0.00000148	-0.07084626
14.11757176	0.00002087	0.00000148	-0.07083371
14.12007176	0.00002083	0.00000147	-0.07082117
14.12257175	0.00002078	0.00000147	-0.07080863
14.12507175	0.00002073	0.00000147	-0.07079610
14.12757174	0.00002068	0.00000146	-0.07078357
14.13007174	0.00002063	0.00000146	-0.07077105
14.13257173	0.00002059	0.00000146	-0.07075853
14.13507173	0.00002054	0.00000145	-0.07074602
14.13757172	0.00002049	0.00000145	-0.07073350
14.14007172	0.00002044	0.00000145	-0.07072100
14.14257171	0.00002039	0.00000144	-0.07070850
14.14507171	0.00002035	0.00000144	-0.07069600
14.14757170	0.00002030	0.00000143	-0.07068351
14.15007170	0.00002025	0.00000143	-0.07067102
14.15257169	0.00002021	0.00000143	-0.07065854
14.15507169	0.00002016	0.00000142	-0.07064606
14.15757168	0.00002011	0.00000142	-0.07063358
14.16007168	0.00002007	0.00000142	-0.07062111
14.16257167	0.00002002	0.00000141	-0.07060865
14.16507167	0.00001997	0.00000141	-0.07059618
14.16757166	0.00001993	0.00000141	-0.07058373
14.17007166	0.00001988	0.00000140	-0.07057127
14.17257165	0.00001983	0.00000140	-0.07055882
14.17507165	0.00001979	0.00000140	-0.07054638
14.17757164	0.00001974	0.00000139	-0.07053394
14.18007164	0.00001970	0.00000139	-0.07052151
14.18257163	0.00001965	0.00000139	-0.07050907
14.18507163	0.00001961	0.00000138	-0.07049665
14.18757162	0.00001956	0.00000138	-0.07048423
14.19007162	0.00001951	0.00000138	-0.07047181
14.19257161	0.00001947	0.00000137	-0.07045939
14.19507161	0.00001942	0.00000137	-0.07044699
14.19757160	0.00001938	0.00000136	-0.07043458
14.20007160	0.00001933	0.00000136	-0.07042218
14.20257159	0.00001929	0.00000136	-0.07040978
14.20507159	0.00001924	0.00000135	-0.07039739
14.20757158	0.00001920	0.00000135	-0.07038501
14.21007158	0.00001915	0.00000135	-0.07037262
14.21257157	0.00001911	0.00000134	-0.07036024
14.21507157	0.00001907	0.00000134	-0.07034787
14.21757156	0.00001902	0.00000134	-0.07033550
14.22007156	0.00001898	0.00000133	-0.07032313
14.22257155	0.00001893	0.00000133	-0.07031077
14.22507155	0.00001889	0.00000133	-0.07029842
14.22757154	0.00001885	0.00000132	-0.07028606
14.23007154	0.00001880	0.00000132	-0.07027372
14.23257153	0.00001876	0.00000132	-0.07026137
14.23507153	0.00001871	0.00000131	-0.07024903
14.23757152	0.00001867	0.00000131	-0.07023670
14.24007152	0.00001863	0.00000131	-0.07022437
14.24257151	0.00001858	0.00000130	-0.07021204
14.24507151	0.00001854	0.00000130	-0.07019972
14.24757150	0.00001850	0.00000130	-0.07018740
14.25007150	0.00001846	0.00000130	-0.07017509
14.25257149	0.00001841	0.00000129	-0.07016278
14.25507149	0.00001837	0.00000129	-0.07015047
14.25757148	0.00001833	0.00000129	-0.07013817
14.26007148	0.00001828	0.00000128	-0.07012588
14.26257147	0.00001824	0.00000128	-0.07011358
14.26507147	0.00001820	0.00000128	-0.07010130
14.26757146	0.00001816	0.00000127	-0.07008901
14.27007146	0.00001812	0.00000127	-0.07007673
14.27257145	0.00001807	0.00000127	-0.07006446
14.27507145	0.00001803	0.00000126	-0.07005219
14.27757144	0.00001799	0.00000126	-0.07003992
14.28007144	0.00001795	0.00000126	-0.07002766
14.28257143	0.00001791	0.00000125	-0.07001540
14.28507143	0.00001786	0.00000125	-0.07000315
14.28757142	0.00001782	0.00000125	-0.06999090
14.29007142	0.00001778	0.00000124	-0.06997866
14.29257141	0.00001774	0.00000124	-0.06996642
14.29507141	0.00001770	0.00000124	-0.06995418
14.29757140	0.00001766	0.00000124	-0.06994195
14.30007140	0.00001762	0.00000123	-0.06992972
14.30257139	0.00001758	0.00000123	-0.06991750
14.30507139	0.00001754	0.00000123	-0.06990528
14.30757138	0.00001749	0.00000122	-0.06989306
14.31007138	0.00001745	0.00000122	-0.06988085
14.31257137	0.00001741	0.00000122	-0.06986865
14.31507137	0.00001737	0.00000121	-0.06985645
14.31757136	0.00001733	0.00000121	-0.06984425
14.32007136	0.00001729	0.00000121	-0.06983205
14.32257135	0.00001725	0.00000120	-0.06981987
14.32507135	0.00001721	0.00000120	-0.06980768
14.32757134	0.00001717	0.00000120	-0.06979550
14.33007134	0.00001713	0.00000120	-0.06978332
14.33257133	0.00001709	0.00000119	-0.06977115
14.33507133	0.00001705	0.00000119	-0.06975898
14.33757132	0.00001701	0.00000119	-0.06974682
14.34007132	0.00001697	0.00000118	-0.06973466
14.34257131	0.00001693	0.00000118	-0.06972250
14.34507131	0.00001689	0.00000118	-0.06971035
14.34757130	0.00001686	0.00000117	-0.06969821
14.35007130	0.00001682	0.00000117	-0.06968606
14.35257129	0.00001678	0.00000117	-0.06967393
14.35507129	0.00001674	0.00000117	-0.06966179
14.35757128	0.00001670	0.00000116	-0.06964966
14.36007128	0.00001666	0.00000116	-0.06963754
14.36257127	0.00001662	0.00000116	-0.06962542
14.36507127	0.00001658	0.00000115	-0.06961330
14.36757126	0.00001654	0.00000115	-0.06960119
14.37007126	0.00001651	0.00000115	-0.06958908
14.37257125	0.00001647	0.00000115	-0.06957697
14.37507125	0.00001643	0.00000114	-0.06956487
14.37757124	0.00001639	0.00000114	-0.06955278
14.38007124	0.00001635	0.00000114	-0.06954068
14.38257123	0.00001632	0.00000113	-0.06952860
14.38507123	0.00001628	0.00000113	-0.06951651
14.38757122	0.00001624	0.00000113	-0.06950443
14.39007122	0.00001620	0.00000113	-0.06949236
14.39257121	0.00001616	0.00000112	-0.06948029
14.39507121	0.00001613	0.00000112	-0.06946822
14.39757120	0.00001609	0.00000112	-0.06945616
14.40007120	0.00001605	0.00000111	-0.06944410
14.40257119	0.00001601	0.00000111	-0.06943205
14.40507119	0.00001598	0.00000111	-0.06942000
14.40757118	0.00001594	0.00000111	-0.06940795
14.41007118	0.00001590	0.00000110	-0.06939591
14.41257117	0.00001587	0.00000110	-0.06938387
14.41507117	0.00001583	0.00000110	-0.06937184
14.41757116	0.00001579	0.00000110	-0.06935981
14.42007116	0.00001576	0.00000109	-0.06934779
14.42257115	0.00001572	0.00000109	-0.06933576
14.42507115	0.00001568	0.00000109	-0.06932375
14.42757114	0.00001565	0.00000108	-0.06931174
14.43007114	0.00001561	0.00000108	-0.06929973
14.43257113	0.00001557	0.00000108	-0.06928772
14.43507113	0.00001554	0.00000108	-0.06927572
14.43757112	0.00001550	0.00000107	-0.06926373
14.44007112	0.00001547	0.00000107	-0.06925174
14.44257111	0.00001543	0.00000107	-0.06923975
14.44507111	0.00001539	0.00000107	-0.06922777
14.44757110	0.00001536	0.00000106	-0.06921579
14.45007110	0.00001532	0.00000106	-0.06920381
14.45257109	0.00001529	0.00000106	-0.06919184
14.45507109	0.00001525	0.00000106	-0.06917987
14.45757108	0.00001522	0.00000105	-0.06916791
14.46007108	0.00001518	0.00000105	-0.06915595
14.46257107	0.00001514	0.00000105	-0.06914400
14.46507107	0.00001511	0.00000104	-0.06913205
14.46757106	0.00001507	0.00000104	-0.06912010
14.47007106	0.00001504	0.00000104	-0.06910816
14.47257105	0.00001500	0.00000104	-0.06909622
14.47507105	0.00001497	0.00000103	-0.06908429
14.47757104	0.00001493	0.00000103	-0.06907236
14.48007104	0.00001490	0.00000103	-0.06906043
14.48257103	0.00001487	0.00000103	-0.06904851
14.48507103	0.00001483	0.00000102	-0.06903660
14.48757102	0.00001480	0.00000102	-0.06902468
14.49007102	0.00001476	0.00000102	-0.06901277
14.49257101	0.00001473	0.00000102	-0.06900087
14.49507101	0.00001469	0.00000101	-0.06898897
14.49757100	0.00001466	0.00000101	-0.06897707
14.50007100	0.00001463	0.00000101	-0.06896518
14.50257099	0.00001459	0.00000101	-0.06895329
14.50507099	0.00001456	0.00000100	-0.06894141
14.50757098	0.00001452	0.00000100	-0.06892953
14.51007098	0.00001449	0.00000100	-0.06891765
14.51257097	0.00001446	0.00000100	-0.06890578
14.51507097	0.00001442	0.00000099	-0.06889391
14.51757096	0.00001439	0.00000099	-0.06888205
14.52007096	0.00001436	0.00000099	-0.06887019
14.52257095	0.00001432	0.00000099	-0.06885833
14.52507095	0.00001429	0.00000098	-0.06884648
14.52757094	0.00001426	0.00000098	-0.06883463
14.53007094	0.00001422	0.00000098	-0.06882279
14.53257093	0.00001419	0.00000098	-0.06881095
14.53507093	0.00001416	0.00000097	-0.06879911
14.53757092	0.00001412	0.00000097	-0.06878728
14.54007092	0.00001409	0.00000097	-0.06877546
14.54257091	0.00001406	0.00000097	-0.06876363
14.54507091	0.00001403	0.00000096	-0.06875181
14.54757090	0.00001399	0.00000096	-0.06874000
14.55007090	0.00001396	0.00000096	-0.06872819
14.55257089	0.00001393	0.00000096	-0.06871638
14.55507089	0.00001390	0.00000095	-0.06870458
14.55757088	0.00001386	0.00000095	-0.06869278
14.56007088	0.00001383	0.00000095	-0.06868098
14.56257087	0.00001380	0.00000095	-0.06866919
14.56507087	0.00001377	0.00000095	-0.06865741
14.56757086	0.00001373	0.00000094	-0.06864562
14.57007086	0.00001370	0.00000094	-0.06863385
14.57257085	0.00001367	0.00000094	-0.06862207
14.57507085	0.00001364	0.00000094	-0.06861030
14.57757084	0.00001361	0.00000093	-0.06859853
14.58007084	0.00001358	0.00000093	-0.06858677
14.58257083	0.00001354	0.00000093	-0.06857501
14.58507083	0.00001351	0.00000093	-0.06856326
14.58757082	0.00001348	0.00000092	-0.06855151
14.59007082	0.00001345	0.00000092	-0.06853976
14.59257081	0.00001342	0.00000092	-0.06852802
14.59507081	0.00001339	0.00000092	-0.06851628
14.59757080	0.00001336	0.00000091	-0.06850455
14.60007080	0.00001332	0.00000091	-0.06849282
14.60257079	0.00001329	0.00000091	-0.06848109
14.60507079	0.00001326	0.00000091	-0.06846937
14.60757078	0.00001323	0.00000091	-0.06845765
14.61007078	0.00001320	0.00000090	-0.06844594
14.61257077	0.00001317	0.00000090	-0.06843423
14.61507077	0.00001314	0.00000090	-0.06842252
14.61757076	0.00001311	0.00000090	-0.06841082
14.62007076	0.00001308	0.00000089	-0.06839912
14.62257075	0.00001305	0.00000089	-0.06838743
14.62507075	0.00001302	0.00000089	-0.06837574
14.62757074	0.00001299	0.00000089	-0.06836405
14.63007074	0.00001296	0.00000089	-0.06835237
14.63257073	0.00001293	0.00000088	-0.06834069
14.63507073	0.00001290	0.00000088	-0.06832902
14.63757072	0.00001287	0.00000088	-0.06831735
14.64007072	0.00001284	0.00000088	-0.06830568
14.64257071	0.00001281	0.00000087	-0.06829402
14.64507071	0.00001278	0.00000087	-0.06828236
14.64757070	0.00001275	0.00000087	-0.06827071
14.65007070	0.00001272	0.00000087	-0.06825906
14.65257069	0.00001269	0.00000087	-0.06824741
14.65507069	0.00001266	0.00000086	-0.06823577
14.65757068	0.00001263	0.00000086	-0.06822413
14.66007068	0.00001260	0.00000086	-0.06821250
14.66257067	0.00001257	0.00000086	-0.06820086
14.66507067	0.00001254	0.00000086	-0.06818924
14.66757066	0.00001251	0.00000085	-0.06817762
14.67007066	0.00001248	0.00000085	-0.06816600
14.67257065	0.00001245	0.00000085	-0.06815438
14.67507065	0.00001243	0.00000085	-0.06814277
14.67757064	0.00001240	0.00000084	-0.06813117
14.68007064	0.00001237	0.00000084	-0.06811956
14.68257063	0.00001234	0.00000084	-0.06810796
14.68507063	0.00001231	0.00000084	-0.06809637
14.68757062	0.00001228	0.00000084	-0.06808478
14.69007062	0.00001225	0.00000083	-0.06807319
14.69257061	0.00001222	0.00000083	-0.06806161
14.69507061	0.00001220	0.00000083	-0.06805003
14.69757060	0.00001217	0.00000083	-0.06803846
14.70007060	0.00001214	0.00000083	-0.06802688
14.70257059	0.00001211	0.00000082	-0.06801532
14.70507059	0.00001208	0.00000082	-0.06800375
14.70757058	0.00001205	0.00000082	-0.06799219
14.71007058	0.00001203	0.00000082	-0.06798064
14.71257057	0.00001200	0.00000082	-0.06796909
14.71507057	0.00001197	0.00000081	-0.06795754
14.71757056	0.00001194	0.00000081	-0.06794600
14.72007056	0.00001192	0.00000081	-0.06793446
14.72257055	0.00001189	0.00000081	-0.06792292
14.72507055	0.00001186	0.00000081	-0.06791139
14.72757054	0.00001183	0.00000080	-0.06789986
14.73007054	0.00001180	0.00000080	-0.06788834
14.73257053	0.00001178	0.00000080	-0.06787682
14.73507053	0.00001175	0.00000080	-0.06786530
14.73757052	0.00001172	0.00000080	-0.06785379
14.74007052	0.00001170	0.00000079	-0.06784228
14.74257051	0.00001167	0.00000079	-0.06783078
14.74507051	0.00001164	0.00000079	-0.06781928
14.74757050	0.00001161	0.00000079	-0.06780778
14.75007050	0.00001159	0.00000079	-0.06779629
14.75257049	0.00001156	0.00000078	-0.06778480
14.75507049	0.00001153	0.00000078	-0.06777331
14.75757048	0.00001151	0.00000078	-0.06776183
14.76007048	0.00001148	0.00000078	-0.06775035
14.76257047	0.00001145	0.00000078	-0.06773888
14.76507047	0.00001143	0.00000077	-0.06772741
14.76757046	0.00001140	0.00000077	-0.06771595
14.77007046	0.00001137	0.00000077	-0.06770448
14.77257045	0.00001135	0.00000077	-0.06769303
14.77507045	0.00001132	0.00000077	-0.06768157
14.77757044	0.00001129	0.00000076	-0.06767012
14.78007044	0.00001127	0.00000076	-0.06765868
14.78257043	0.00001124	0.00000076	-0.06764723
14.78507043	0.00001121	0.00000076	-0.06763580
14.78757042	0.00001119	0.00000076	-0.06762436
14.79007042	0.00001116	0.00000075	-0.06761293
14.79257041	0.00001114	0.00000075	-0.06760150
14.79507041	0.00001111	0.00000075	-0.06759008
14.79757040	0.00001108	0.00000075	-0.06757866
14.80007040	0.00001106	0.00000075	-0.06756725
14.80257039	0.00001103	0.00000075	-0.06755583
14.80507039	0.00001101	0.00000074	-0.06754443
14.80757038	0.00001098	0.00000074	-0.06753302
14.81007038	0.00001096	0.00000074	-0.06752162
14.81257037	0.00001093	0.00000074	-0.06751023
14.81507037	0.00001091	0.00000074	-0.06749884
14.81757036	0.00001088	0.00000073	-0.06748745
14.82007036	0.00001085	0.00000073	-0.06747606
14.82257035	0.00001083	0.00000073	-0.06746468
14.82507035	0.00001080	0.00000073	-0.06745331
14.82757034	0.00001078	0.00000073	-0.06744193
14.83007034	0.00001075	0.00000073	-0.06743056
14.83257033	0.00001073	0.00000072	-0.06741920
14.83507033	0.00001070	0.00000072	-0.06740784
14.83757032	0.00001068	0.00000072	-0.06739648
14.84007032	0.00001065	0.00000072	-0.06738513
14.84257031	0.00001063	0.00000072	-0.06737378
14.84507031	0.00001060	0.00000071	-0.06736243
14.84757030	0.00001058	0.00000071	-0.06735109
14.85007030	0.00001056	0.00000071	-0.06733975
14.85257029	0.00001053	0.00000071	-0.06732841
14.85507029	0.00001051	0.00000071	-0.06731708
14.85757028	0.00001048	0.00000071	-0.06730576
14.86007028	0.00001046	0.00000070	-0.06729443
14.86257027	0.00001043	0.00000070	-0.06728311
14.86507027	0.00001041	0.00000070	-0.06727180
14.86757026	0.00001038	0.00000070	-0.06726049
14.87007026	0.00001036	0.00000070	-0.06724918
14.87257025	0.00001034	0.00000069	-0.06723787
14.87507025	0.00001031	0.00000069	-0.06722657
14.87757024	0.00001029	0.00000069	-0.06721528
14.88007024	0.00001026	0.00000069	-0.06720398
14.88257023	0.00001024	0.00000069	-0.06719269
14.88507023	0.00001022	0.00000069	-0.06718141
14.88757022	0.00001019	0.00000068	-0.06717013
14.89007022	0.00001017	0.00000068	-0.06715885
14.89257021	0.00001014	0.00000068	-0.06714758
14.89507021	0.00001012	0.00000068	-0.06713631
14.89757020	0.00001010	0.00000068	-0.06712504
14.90007020	0.00001007	0.00000068	-0.06711378
14.90257019	0.00001005	0.00000067	-0.06710252
14.90507019	0.00001003	0.00000067	-0.06709126
14.90757018	0.00001000	0.00000067	-0.06708001
14.91007018	0.00000998	0.00000067	-0.06706877
14.91257017	0.00000996	0.00000067	-0.06705752
14.91507017	0.00000993	0.00000067	-0.06704628
14.91757016	0.00000991	0.00000066	-0.06703505
14.92007016	0.00000989	0.00000066	-0.06702381
14.92257015	0.00000986	0.00000066	-0.06701258
14.92507015	0.00000984	0.00000066	-0.06700136
14.92757014	0.00000982	0.00000066	-0.06699014
14.93007014	0.00000980	0.00000066	-0.06697892
14.93257013	0.00000977	0.00000065	-0.06696771
14.93507013	0.00000975	0.00000065	-0.06695650
14.93757012	0.00000973	0.00000065	-0.06694529
14.94007012	0.00000971	0.00000065	-0.06693409
14.94257011	0.00000968	0.00000065	-0.06692289
14.94507011	0.00000966	0.00000065	-0.06691170
14.94757010	0.00000964	0.00000064	-0.06690051
14.95007010	0.00000961	0.00000064	-0.06688932
14.95257009	0.00000959	0.00000064	-0.06687813
14.95507009	0.00000957	0.00000064	-0.06686696
14.95757008	0.00000955	0.00000064	-0.06685578
14.96007008	0.00000953	0.00000064	-0.06684461
14.96257007	0.00000950	0.00000064	-0.06683344
14.96507007	0.00000948	0.00000063	-0.06682227
14.96757006	0.00000946	0.00000063	-0.06681111
14.97007006	0.00000944	0.00000063	-0.06679995
14.97257005	0.00000942	0.00000063	-0.06678880
14.97507005	0.00000939	0.00000063	-0.06677765
14.97757004	0.00000937	0.00000063	-0.06676650
14.98007004	0.00000935	0.00000062	-0.06675536
14.98257003	0.00000933	0.00000062	-0.06674422
14.98507003	0.00000931	0.00000062	-0.06673309
14.98757002	0.00000928	0.00000062	-0.06672196
14.99007002	0.00000926	0.00000062	-0.06671083
14.99257001	0.00000924	0.00000062	-0.06669971
14.99507001	0.00000922	0.00000061	-0.06668858
14.99757000	0.00000920	0.00000061	-0.06667747
15.00007000	0.00000918	0.00000061	-0.06666636
15.00256999	0.00000916	0.00000061	-0.06665525
15.00506999	0.00000913	0.00000061	-0.06664414
15.00756998	0.00000911	0.00000061	-0.06663304
15.01006998	0.00000909	0.00000061	-0.06662194
15.01256997	0.00000907	0.00000060	-0.06661085
15.01506997	0.00000905	0.00000060	-0.06659976
15.01756996	0.00000903	0.00000060	-0.06658867
15.02006996	0.00000901	0.00000060	-0.06657759
15.02256995	0.00000899	0.00000060	-0.06656651
15.02506995	0.00000896	0.00000060	-0.06655543
15.02756994	0.00000894	0.00000060	-0.06654436
15.03006994	0.00000892	0.00000059	-0.06653329
15.03256993	0.00000890	0.00000059	-0.06652223
15.03506993	0.00000888	0.00000059	-0.06651116
15.03756992	0.00000886	0.00000059	-0.06650011
15.04006992	0.00000884	0.00000059	-0.06648905
15.04256991	0.00000882	0.00000059	-0.06647800
15.04506991	0.00000880	0.00000058	-0.06646696
15.04756990	0.00000878	0.00000058	-0.06645591
15.05006990	0.00000876	0.00000058	-0.06644487
15.05256989	0.00000874	0.00000058	-0.06643384
15.05506989	0.00000872	0.00000058	-0.06642281
15.05756988	0.00000870	0.00000058	-0.06641178
15.06006988	0.00000868	0.00000058	-0.06640075
15.06256987	0.00000866	0.00000057	-0.06638973
15.06506987	0.00000864	0.00000057	-0.06637872
15.06756986	0.00000862	0.00000057	-0.06636770
15.07006986	0.00000860	0.00000057	-0.06635669
15.07256985	0.00000858	0.00000057	-0.06634569
15.07506985	0.00000856	0.00000057	-0.06633468
15.07756984	0.00000854	0.00000057	-0.06632369
15.08006984	0.00000852	0.00000056	-0.06631269
15.08256983	0.00000850	0.00000056	-0.06630170
15.08506983	0.00000848	0.00000056	-0.06629071
15.08756982	0.00000846	0.00000056	-0.06627973
15.09006982	0.00000844	0.00000056	-0.06626875
15.09256981	0.00000842	0.00000056	-0.06625777
15.09506981	0.00000840	0.00000056	-0.06624680
15.09756980	0.00000838	0.00000055	-0.06623583
15.10006980	0.00000836	0.00000055	-0.06622486
15.10256979	0.00000834	0.00000055	-0.06621390
15.10506979	0.00000832	0.00000055	-0.06620294
15.10756978	0.00000830	0.00000055	-0.06619198
15.11006978	0.00000828	0.00000055	-0.06618103
15.11256977	0.00000826	0.00000055	-0.06617008
15.11506977	0.00000824	0.00000055	-0.06615914
15.11756976	0.00000822	0.00000054	-0.06614820
15.12006976	0.00000820	0.00000054	-0.06613726
15.12256975	0.00000818	0.00000054	-0.06612633
15.12506975	0.00000817	0.00000054	-0.06611540
15.12756974	0.00000815	0.00000054	-0.06610447
15.13006974	0.00000813	0.00000054	-0.06609355
15.13256973	0.00000811	0.00000054	-0.06608263
15.13506973	0.00000809	0.00000053	-0.06607171
15.13756972	0.00000807	0.00000053	-0.06606080
15.14006972	0.00000805	0.00000053	-0.06604989
15.14256971	0.00000803	0.00000053	-0.06603899
15.14506971	0.00000801	0.00000053	-0.06602809
15.14756970	0.00000800	0.00000053	-0.06601719
15.15006970	0.00000798	0.00000053	-0.06600630
15.15256969	0.00000796	0.00000053	-0.06599541
15.15506969	0.00000794	0.00000052	-0.06598452
15.15756968	0.00000792	0.00000052	-0.06597364
15.16006968	0.00000790	0.00000052	-0.06596276
15.16256967	0.00000788	0.00000052	-0.06595188
15.16506967	0.00000787	0.00000052	-0.06594101
15.16756966	0.00000785	0.00000052	-0.06593014
15.17006966	0.00000783	0.00000052	-0.06591928
15.17256965	0.00000781	0.00000051	-0.06590841
15.17506965	0.00000779	0.00000051	-0.06589756
15.17756964	0.00000778	0.00000051	-0.06588670
15.18006964	0.00000776	0.00000051	-0.06587585
15.18256963	0.00000774	0.00000051	-0.06586500
15.18506963	0.00000772	0.00000051	-0.06585416
15.18756962	0.00000770	0.00000051	-0.06584332
15.19006962	0.00000768	0.00000051	-0.06583248
15.19256961	0.00000767	0.00000050	-0.06582165
15.19506961	0.00000765	0.00000050	-0.06581082
15.19756960	0.00000763	0.00000050	-0.06579999
15.20006960	0.00000761	0.00000050	-0.06578917
15.20256959	0.00000760	0.00000050	-0.06577835
15.20506959	0.00000758	0.00000050	-0.06576754
15.20756958	0.00000756	0.00000050	-0.06575673
15.21006958	0.00000754	0.00000050	-0.06574592
15.21256957	0.00000752	0.00000049	-0.06573511
15.21506957	0.00000751	0.00000049	-0.06572431
15.21756956	0.00000749	0.00000049	-0.06571352
15.22006956	0.00000747	0.00000049	-0.06570272
15.22256955	0.00000745	0.00000049	-0.06569193
15.22506955	0.00000744	0.00000049	-0.06568114
15.22756954	0.00000742	0.00000049	-0.06567036
15.23006954	0.00000740	0.00000049	-0.06565958
15.23256953	0.00000739	0.00000048	-0.06564881
15.23506953	0.00000737	0.00000048	-0.06563803
15.23756952	0.00000735	0.00000048	-0.06562726
15.24006952	0.00000733	0.00000048	-0.06561650
15.24256951	0.00000732	0.00000048	-0.06560574
15.24506951	0.00000730	0.00000048	-0.06559498
15.24756950	0.00000728	0.00000048	-0.06558422
15.25006950	0.00000727	0.00000048	-0.06557347
15.25256949	0.00000725	0.00000048	-0.06556272
15.25506949	0.00000723	0.00000047	-0.06555198
15.25756948	0.00000722	0.00000047	-0.06554124
15.26006948	0.00000720	0.00000047	-0.06553050
15.26256947	0.00000718	0.00000047	-0.06551977
15.26506947	0.00000716	0.00000047	-0.06550904
15.26756946	0.00000715	0.00000047	-0.06549831
15.27006946	0.00000713	0.00000047	-0.06548759
15.27256945	0.00000711	0.00000047	-0.06547687
15.27506945	0.00000710	0.00000046	-0.06546615
15.27756944	0.00000708	0.00000046	-0.06545544
15.28006944	0.00000706	0.00000046	-0.06544473
15.28256943	0.00000705	0.00000046	-0.06543402
15.28506943	0.00000703	0.00000046	-0.06542332
15.28756942	0.00000702	0.00000046	-0.06541262
15.29006942	0.00000700	0.00000046	-0.06540193
15.29256941	0.00000698	0.00000046	-0.06539123
15.29506941	0.00000697	0.00000046	-0.06538055
15.29756940	0.00000695	0.00000045	-0.06536986
15.30006940	0.00000693	0.00000045	-0.06535918
15.30256939	0.00000692	0.00000045	-0.06534850
15.30506939	0.00000690	0.00000045	-0.06533783
15.30756938	0.00000689	0.00000045	-0.06532716
15.31006938	0.00000687	0.00000045	-0.06531649
15.31256937	0.00000685	0.00000045	-0.06530583
15.31506937	0.00000684	0.00000045	-0.06529517
15.31756936	0.00000682	0.00000045	-0.06528451
15.32006936	0.00000681	0.00000044	-0.06527386
15.32256935	0.00000679	0.00000044	-0.06526321
15.32506935	0.00000677	0.00000044	-0.06525256
15.32756934	0.00000676	0.00000044	-0.06524192
15.33006934	0.00000674	0.00000044	-0.06523128
15.33256933	0.00000673	0.00000044	-0.06522064
15.33506933	0.00000671	0.00000044	-0.06521001
15.33756932	0.00000670	0.00000044	-0.06519938
15.34006932	0.00000668	0.00000044	-0.06518875
15.34256931	0.00000666	0.00000043	-0.06517813
15.34506931	0.00000665	0.00000043	-0.06516751
15.34756930	0.00000663	0.00000043	-0.06515690
15.35006930	0.00000662	0.00000043	-0.06514629
15.35256929	0.00000660	0.00000043	-0.06513568
15.35506929	0.00000659	0.00000043	-0.06512507
15.35756928	0.00000657	0.00000043	-0.06511447
15.36006928	0.00000656	0.00000043	-0.06510387
15.36256927	0.00000654	0.00000043	-0.06509328
15.36506927	0.00000653	0.00000042	-0.06508269
15.36756926	0.00000651	0.00000042	-0.06507210
15.37006926	0.00000649	0.00000042	-0.06506152
15.37256925	0.00000648	0.00000042	-0.06505093
15.37506925	0.00000646	0.00000042	-0.06504036
15.37756924	0.00000645	0.00000042	-0.06502978
15.38006924	0.00000643	0.00000042	-0.06501921
15.38256923	0.00000642	0.00000042	-0.06500865
15.38506923	0.00000640	0.00000042	-0.06499808
15.38756922	0.00000639	0.00000042	-0.06498752
15.39006922	0.00000637	0.00000041	-0.06497697
15.39256921	0.00000636	0.00000041	-0.06496641
15.39506921	0.00000634	0.00000041	-0.06495586
15.39756920	0.00000633	0.00000041	-0.06494532
15.40006920	0.00000632	0.00000041	-0.06493477
15.40256919	0.00000630	0.00000041	-0.06492423
15.40506919	0.00000629	0.00000041	-0.06491370
15.40756918	0.00000627	0.00000041	-0.06490316
15.41006918	0.00000626	0.00000041	-0.06489264
15.41256917	0.00000624	0.00000040	-0.06488211
15.41506917	0.00000623	0.00000040	-0.06487159
15.41756916	0.00000621	0.00000040	-0.06486107
15.42006916	0.00000620	0.00000040	-0.06485055
15.42256915	0.00000618	0.00000040	-0.06484004
15.42506915	0.00000617	0.00000040	-0.06482953
15.42756914	0.00000615	0.00000040	-0.06481903
15.43006914	0.00000614	0.00000040	-0.06480852
15.43256913	0.00000613	0.00000040	-0.06479802
15.43506913	0.00000611	0.00000040	-0.06478753
15.43756912	0.00000610	0.00000039	-0.06477704
15.44006912	0.00000608	0.00000039	-0.06476655
15.44256911	0.00000607	0.00000039	-0.06475606
15.44506911	0.00000606	0.00000039	-0.06474558
15.44756910	0.00000604	0.00000039	-0.06473510
15.45006910	0.00000603	0.00000039	-0.06472463
15.45256909	0.00000601	0.00000039	-0.06471416
15.45506909	0.00000600	0.00000039	-0.06470369
15.45756908	0.00000598	0.00000039	-0.06469323
15.46006908	0.00000597	0.00000039	-0.06468276
15.46256907	0.00000596	0.00000039	-0.06467231
15.46506907	0.00000594	0.00000038	-0.06466185
15.46756906	0.00000593	0.00000038	-0.06465140
15.47006906	0.00000592	0.00000038	-0.06464095
15.47256905	0.00000590	0.00000038	-0.06463051
15.47506905	0.00000589	0.00000038	-0.06462007
15.47756904	0.00000587	0.00000038	-0.06460963
15.48006904	0.00000586	0.00000038	-0.06459920
15.48256903	0.00000585	0.00000038	-0.06458876
15.48506903	0.00000583	0.00000038	-0.06457834
15.48756902	0.00000582	0.00000038	-0.06456791
15.49006902	0.00000581	0.00000037	-0.06455749
15.49256901	0.00000579	0.00000037	-0.06454707
15.49506901	0.00000578	0.00000037	-0.06453666
15.49756900	0.00000576	0.00000037	-0.06452625
15.50006900	0.00000575	0.00000037	-0.06451584
15.50256899	0.00000574	0.00000037	-0.06450544
15.50506899	0.00000572	0.00000037	-0.06449504
15.50756898	0.00000571	0.00000037	-0.06448464
15.51006898	0.00000570	0.00000037	-0.06447425
15.51256897	0.00000568	0.00000037	-0.06446386
15.51506897	0.00000567	0.00000037	-0.06445347
15.51756896	0.00000566	0.00000036	-0.06444308
15.52006896	0.00000564	0.00000036	-0.06443270
15.52256895	0.00000563	0.00000036	-0.06442233
15.52506895	0.00000562	0.00000036	-0.06441195
15.52756894	0.00000561	0.00000036	-0.06440158
15.53006894	0.00000559	0.00000036	-0.06439121
15.53256893	0.00000558	0.00000036	-0.06438085
15.53506893	0.00000557	0.00000036	-0.06437049
15.53756892	0.00000555	0.00000036	-0.06436013
15.54006892	0.00000554	0.00000036	-0.06434978
15.54256891	0.00000553	0.00000036	-0.06433943
15.54506891	0.00000551	0.00000035	-0.06432908
15.54756890	0.00000550	0.00000035	-0.06431874
15.55006890	0.00000549	0.00000035	-0.06430840
15.55256889	0.00000548	0.00000035	-0.06429806
15.55506889	0.00000546	0.00000035	-0.06428773
15.55756888	0.00000545	0.00000035	-0.06427739
15.56006888	0.00000544	0.00000035	-0.06426707
15.56256887	0.00000542	0.00000035	-0.06425674
15.56506887	0.00000541	0.00000035	-0.06424642
15.56756886	0.00000540	0.00000035	-0.06423611
15.57006886	0.00000539	0.00000035	-0.06422579
15.57256885	0.00000537	0.00000035	-0.06421548
15.57506885	0.00000536	0.00000034	-0.06420517
15.57756884	0.00000535	0.00000034	-0.06419487
15.58006884	0.00000534	0.00000034	-0.06418457
15.58256883	0.00000532	0.00000034	-0.06417427
15.58506883	0.00000531	0.00000034	-0.06416398
15.58756882	0.00000530	0.00000034	-0.06415369
15.59006882	0.00000529	0.00000034	-0.06414340
15.59256881	0.00000527	0.00000034	-0.06413311
15.59506881	0.00000526	0.00000034	-0.06412283
15.59756880	0.00000525	0.00000034	-0.06411256
15.60006880	0.00000524	0.00000034	-0.06410228
15.60256879	0.00000523	0.00000033	-0.06409201
15.60506879	0.00000521	0.00000033	-0.06408174
15.60756878	0.00000520	0.00000033	-0.06407148
15.61006878	0.00000519	0.00000033	-0.06406122
15.61256877	0.00000518	0.00000033	-0.06405096
15.61506877	0.00000516	0.00000033	-0.06404070
15.61756876	0.00000515	0.00000033	-0.06403045
15.62006876	0.00000514	0.00000033	-0.06402020
15.62256875	0.00000513	0.00000033	-0.06400996
15.62506875	0.00000512	0.00000033	-0.06399972
15.62756874	0.00000510	0.00000033	-0.06398948
15.63006874	0.00000509	0.00000033	-0.06397925
15.63256873	0.00000508	0.00000033	-0.06396901
15.63506873	0.00000507	0.00000032	-0.06395879
15.63756872	0.00000506	0.00000032	-0.06394856
15.64006872	0.00000505	0.00000032	-0.06393834
15.64256871	0.00000503	0.00000032	-0.06392812
15.64506871	0.00000502	0.00000032	-0.06391790
15.64756870	0.00000501	0.00000032	-0.06390769
15.65006870	0.00000500	0.00000032	-0.06389748
15.65256869	0.00000499	0.00000032	-0.06388728
15.65506869	0.00000497	0.00000032	-0.06387708
15.65756868	0.00000496	0.00000032	-0.06386688
15.66006868	0.00000495	0.00000032	-0.06385668
15.66256867	0.00000494	0.00000032	-0.06384649
15.66506867	0.00000493	0.00000031	-0.06383630
15.66756866	0.00000492	0.00000031	-0.06382611
15.67006866	0.00000491	0.00000031	-0.06381593
15.67256865	0.00000489	0.00000031	-0.06380575
15.67506865	0.00000488	0.00000031	-0.06379557
15.67756864	0.00000487	0.00000031	-0.06378540
15.68006864	0.00000486	0.00000031	-0.06377523
15.68256863	0.00000485	0.00000031	-0.06376506
15.68506863	0.00000484	0.00000031	-0.06375490
15.68756862	0.00000483	0.00000031	-0.06374474
15.69006862	0.00000481	0.00000031	-0.06373458
15.69256861	0.00000480	0.00000031	-0.06372443
15.69506861	0.00000479	0.00000031	-0.06371428
15.69756860	0.00000478	0.00000030	-0.06370413
15.70006860	0.00000477	0.00000030	-0.06369399
15.70256859	0.00000476	0.00000030	-0.06368385
15.70506859	0.00000475	0.00000030	-0.06367371
15.70756858	0.00000474	0.00000030	-0.06366358
15.71006858	0.00000473	0.00000030	-0.06365345
15.71256857	0.00000471	0.00000030	-0.06364332
15.71506857	0.00000470	0.00000030	-0.06363319
15.71756856	0.00000469	0.00000030	-0.06362307
15.72006856	0.00000468	0.00000030	-0.06361295
15.72256855	0.00000467	0.00000030	-0.06360284
15.72506855	0.00000466	0.00000030	-0.06359273
15.72756854	0.00000465	0.00000030	-0.06358262
15.73006854	0.00000464	0.00000029	-0.06357251
15.73256853	0.00000463	0.00000029	-0.06356241
15.73506853	0.00000462	0.00000029	-0.06355231
15.73756852	0.00000461	0.00000029	-0.06354222
15.74006852	0.00000459	0.00000029	-0.06353212
15.74256851	0.00000458	0.00000029	-0.06352204
15.74506851	0.00000457	0.00000029	-0.06351195
15.74756850	0.00000456	0.00000029	-0.06350187
15.75006850	0.00000455	0.00000029	-0.06349179
15.75256849	0.00000454	0.00000029	-0.06348171
15.75506849	0.00000453	0.00000029	-0.06347164
15.75756848	0.00000452	0.00000029	-0.06346157
15.76006848	0.00000451	0.00000029	-0.06345150
15.76256847	0.00000450	0.00000029	-0.06344144
15.76506847	0.00000449	0.00000028	-0.06343138
15.76756846	0.00000448	0.00000028	-0.06342132
15.77006846	0.00000447	0.00000028	-0.06341127
15.77256845	0.00000446	0.00000028	-0.06340121
15.77506845	0.00000445	0.00000028	-0.06339117
15.77756844	0.00000444	0.00000028	-0.06338112
15.78006844	0.00000443	0.00000028	-0.06337108
15.78256843	0.00000442	0.00000028	-0.06336104
15.78506843	0.00000440	0.00000028	-0.06335101
15.78756842	0.00000439	0.00000028	-0.06334098
15.79006842	0.00000438	0.00000028	-0.06333095
15.79256841	0.00000437	0.00000028	-0.06332092
15.79506841	0.00000436	0.00000028	-0.06331090
15.79756840	0.00000435	0.00000028	-0.06330088
15.80006840	0.00000434	0.00000027	-0.06329087
15.80256839	0.00000433	0.00000027	-0.06328085
15.80506839	0.00000432	0.00000027	-0.06327084
15.80756838	0.00000431	0.00000027	-0.06326084
15.81006838	0.00000430	0.00000027	-0.06325083
15.81256837	0.00000429	0.00000027	-0.06324083
15.81506837	0.00000428	0.00000027	-0.06323084
15.81756836	0.00000427	0.00000027	-0.06322084
15.82006836	0.00000426	0.00000027	-0.06321085
15.82256835	0.00000425	0.00000027	-0.06320086
15.82506835	0.00000424	0.00000027	-0.06319088
15.82756834	0.00000423	0.00000027	-0.06318090
15.83006834	0.00000422	0.00000027	-0.06317092
15.83256833	0.00000421	0.00000027	-0.06316095
15.83506833	0.00000420	0.00000027	-0.06315097
15.83756832	0.00000419	0.00000026	-0.06314101
15.84006832	0.00000418	0.00000026	-0.06313104
15.84256831	0.00000417	0.00000026	-0.06312108
15.84506831	0.00000416	0.00000026	-0.06311112
15.84756830	0.00000415	0.00000026	-0.06310116
15.85006830	0.00000414	0.00000026	-0.06309121
15.85256829	0.00000413	0.00000026	-0.06308126
15.85506829	0.00000413	0.00000026	-0.06307131
15.85756828	0.00000412	0.00000026	-0.06306137
15.86006828	0.00000411	0.00000026	-0.06305143
15.86256827	0.00000410	0.00000026	-0.06304149
15.86506827	0.00000409	0.00000026	-0.06303156
15.86756826	0.00000408	0.00000026	-0.06302163
15.87006826	0.00000407	0.00000026	-0.06301170
15.87256825	0.00000406	0.00000026	-0.06300178
15.87506825	0.00000405	0.00000026	-0.06299186
15.87756824	0.00000404	0.00000025	-0.06298194
15.88006824	0.00000403	0.00000025	-0.06297202
15.88256823	0.00000402	0.00000025	-0.06296211
15.88506823	0.00000401	0.00000025	-0.06295220
15.88756822	0.00000400	0.00000025	-0.06294229
15.89006822	0.00000399	0.00000025	-0.06293239
15.89256821	0.00000398	0.00000025	-0.06292249
15.89506821	0.00000397	0.00000025	-0.06291260
15.89756820	0.00000396	0.00000025	-0.06290270
15.90006820	0.00000395	0.00000025	-0.06289281
15.90256819	0.00000395	0.00000025	-0.06288292
15.90506819	0.00000394	0.00000025	-0.06287304
15.90756818	0.00000393	0.00000025	-0.06286316
15.91006818	0.00000392	0.00000025	-0.06285328
15.91256817	0.00000391	0.00000025	-0.06284341
15.91506817	0.00000390	0.00000025	-0.06283354
15.91756816	0.00000389	0.00000024	-0.06282367
15.92006816	0.00000388	0.00000024	-0.06281380
15.92256815	0.00000387	0.00000024	-0.06280394
15.92506815	0.00000386	0.00000024	-0.06279408
15.92756814	0.00000385	0.00000024	-0.06278422
15.93006814	0.00000385	0.00000024	-0.06277437
15.93256813	0.00000384	0.00000024	-0.06276452
15.93506813	0.00000383	0.00000024	-0.06275467
15.93756812	0.00000382	0.00000024	-0.06274483
15.94006812	0.00000381	0.00000024	-0.06273499
15.94256811	0.00000380	0.00000024	-0.06272515
15.94506811	0.00000379	0.00000024	-0.06271532
15.94756810	0.00000378	0.00000024	-0.06270549
15.95006810	0.00000377	0.00000024	-0.06269566
15.95256809	0.00000376	0.00000024	-0.06268583
15.95506809	0.00000376	0.00000024	-0.06267601
15.95756808	0.00000375	0.00000023	-0.06266619
15.96006808	0.00000374	0.00000023	-0.06265637
15.96256807	0.00000373	0.00000023	-0.06264656
15.96506807	0.00000372	0.00000023	-0.06263675
15.96756806	0.00000371	0.00000023	-0.06262694
15.97006806	0.00000370	0.00000023	-0.06261714
15.97256805	0.00000369	0.00000023	-0.06260734
15.97506805	0.00000369	0.00000023	-0.06259754
15.97756804	0.00000368	0.00000023	-0.06258775
15.98006804	0.00000367	0.00000023	-0.06257796
15.98256803	0.00000366	0.00000023	-0.06256817
15.98506803	0.00000365	0.00000023	-0.06255838
15.98756802	0.00000364	0.00000023	-0.06254860
15.99006802	0.00000363	0.00000023	-0.06253882
15.99256801	0.00000363	0.00000023	-0.06252904
15.99506801	0.00000362	0.00000023	-0.06251927
15.99756800	0.00000361	0.00000023	-0.06250950
16.00006800	0.00000360	0.00000023	-0.06249973
16.00256799	0.00000359	0.00000022	-0.06248997
16.00506799	0.00000358	0.00000022	-0.06248021
16.00756798	0.00000358	0.00000022	-0.06247045
16.01006798	0.00000357	0.00000022	-0.06246070
16.01256797	0.00000356	0.00000022	-0.06245094
16.01506797	0.00000355	0.00000022	-0.06244120
16.01756796	0.00000354	0.00000022	-0.06243145
16.02006796	0.00000353	0.00000022	-0.06242171
16.02256795	0.00000353	0.00000022	-0.06241197
16.02506795	0.00000352	0.00000022	-0.06240223
16.02756794	0.00000351	0.00000022	-0.06239250
16.03006794	0.00000350	0.00000022	-0.06238277
16.03256793	0.00000349	0.00000022	-0.06237304
16.03506793	0.00000348	0.00000022	-0.06236332
16.03756792	0.00000348	0.00000022	-0.06235359
16.04006792	0.00000347	0.00000022	-0.06234388
16.04256791	0.00000346	0.00000022	-0.06233416
16.04506791	0.00000345	0.00000022	-0.06232445
16.04756790	0.00000344	0.00000021	-0.06231474
16.05006790	0.00000344	0.00000021	-0.06230503
16.05256789	0.00000343	0.00000021	-0.06229533
16.05506789	0.00000342	0.00000021	-0.06228563
16.05756788	0.00000341	0.00000021	-0.06227593
16.06006788	0.00000340	0.00000021	-0.06226624
16.06256787	0.00000340	0.00000021	-0.06225655
16.06506787	0.00000339	0.00000021	-0.06224686
16.06756786	0.00000338	0.00000021	-0.06223717
16.07006786	0.00000337	0.00000021	-0.06222749
16.07256785	0.00000336	0.00000021	-0.06221781
16.07506785	0.00000336	0.00000021	-0.06220814
16.07756784	0.00000335	0.00000021	-0.06219846
16.08006784	0.00000334	0.00000021	-0.06218879
16.08256783	0.00000333	0.00000021	-0.06217913
16.08506783	0.00000333	0.00000021	-0.06216946
16.08756782	0.00000332	0.00000021	-0.06215980
16.09006782	0.00000331	0.00000021	-0.06215014
16.09256781	0.00000330	0.00000021	-0.06214049
16.09506781	0.00000329	0.00000020	-0.06213083
16.09756780	0.00000329	0.00000020	-0.06212119
16.10006780	0.00000328	0.00000020	-0.06211154
16.10256779	0.00000327	0.00000020	-0.06210190
16.10506779	0.00000326	0.00000020	-0.06209226
16.10756778	0.00000326	0.00000020	-0.06208262
16.11006778	0.00000325	0.00000020	-0.06207299
16.11256777	0.00000324	0.00000020	-0.06206335
16.11506777	0.00000323	0.00000020	-0.06205373
16.11756776	0.00000323	0.00000020	-0.06204410
16.12006776	0.00000322	0.00000020	-0.06203448
16.12256775	0.00000321	0.00000020	-0.06202486
16.12506775	0.00000320	0.00000020	-0.06201524
16.12756774	0.00000320	0.00000020	-0.06200563
16.13006774	0.00000319	0.00000020	-0.06199602
16.13256773	0.00000318	0.00000020	-0.06198641
16.13506773	0.00000317	0.00000020	-0.06197681
16.13756772	0.00000317	0.00000020	-0.06196721
16.14006772	0.00000316	0.00000020	-0.06195761
16.14256771	0.00000315	0.00000020	-0.06194801
16.14506771	0.00000314	0.00000019	-0.06193842
16.14756770	0.00000314	0.00000019	-0.06192883
16.15006770	0.00000313	0.00000019	-0.06191925
16.15256769	0.00000312	0.00000019	-0.06190966
16.15506769	0.00000311	0.00000019	-0.06190008
16.15756768	0.00000311	0.00000019	-0.06189050
16.16006768	0.00000310	0.00000019	-0.06188093
16.16256767	0.00000309	0.00000019	-0.06187136
16.16506767	0.00000308	0.00000019	-0.06186179
16.16756766	0.00000308	0.00000019	-0.06185222
16.17006766	0.00000307	0.00000019	-0.06184266
16.17256765	0.00000306	0.00000019	-0.06183310
16.17506765	0.00000306	0.00000019	-0.06182354
16.17756764	0.00000305	0.00000019	-0.06181399
16.18006764	0.00000304	0.00000019	-0.06180444
16.18256763	0.00000303	0.00000019	-0.06179489
16.18506763	0.00000303	0.00000019	-0.06178535
16.18756762	0.00000302	0.00000019	-0.06177580
16.19006762	0.00000301	0.00000019	-0.06176626
16.19256761	0.00000301	0.00000019	-0.06175673
16.19506761	0.00000300	0.00000019	-0.06174720
16.19756760	0.00000299	0.00000018	-0.06173766
16.20006760	0.00000299	0.00000018	-0.06172814
16.20256759	0.00000298	0.00000018	-0.06171861
16.20506759	0.00000297	0.00000018	-0.06170909
16.20756758	0.00000296	0.00000018	-0.06169957
16.21006758	0.00000296	0.00000018	-0.06169006
16.21256757	0.00000295	0.00000018	-0.06168054
16.21506757	0.00000294	0.00000018	-0.06167104
16.21756756	0.00000294	0.00000018	-0.06166153
16.22006756	0.00000293	0.00000018	-0.06165202
16.22256755	0.00000292	0.00000018	-0.06164252
16.22506755	0.00000292	0.00000018	-0.06163303
16.22756754	0.00000291	0.00000018	-0.06162353
16.23006754	0.00000290	0.00000018	-0.06161404
16.23256753	0.00000290	0.00000018	-0.06160455
16.23506753	0.00000289	0.00000018	-0.06159506
16.23756752	0.00000288	0.00000018	-0.06158558
16.24006752	0.00000288	0.00000018	-0.06157610
16.24256751	0.00000287	0.00000018	-0.06156662
16.24506751	0.00000286	0.00000018	-0.06155715
16.24756750	0.00000285	0.00000018	-0.06154767
16.25006750	0.00000285	0.00000018	-0.06153821
16.25256749	0.00000284	0.00000017	-0.06152874
16.25506749	0.00000283	0.00000017	-0.06151928
16.25756748	0.00000283	0.00000017	-0.06150982
16.26006748	0.00000282	0.00000017	-0.06150036
16.26256747	0.00000282	0.00000017	-0.06149091
16.26506747	0.00000281	0.00000017	-0.06148145
16.26756746	0.00000280	0.00000017	-0.06147201
16.27006746	0.00000280	0.00000017	-0.06146256
16.27256745	0.00000279	0.00000017	-0.06145312
16.27506745	0.00000278	0.00000017	-0.06144368
16.27756744	0.00000278	0.00000017	-0.06143424
16.28006744	0.00000277	0.00000017	-0.06142481
16.28256743	0.00000276	0.00000017	-0.06141538
16.28506743	0.00000276	0.00000017	-0.06140595
16.28756742	0.00000275	0.00000017	-0.06139652
16.29006742	0.00000274	0.00000017	-0.06138710
16.29256741	0.00000274	0.00000017	-0.06137768
16.29506741	0.00000273	0.00000017	-0.06136826
16.29756740	0.00000272	0.00000017	-0.06135885
16.30006740	0.00000272	0.00000017	-0.06134944
16.30256739	0.00000271	0.00000017	-0.06134003
16.30506739	0.00000270	0.00000017	-0.06133063
16.30756738	0.00000270	0.00000017	-0.06132122
16.31006738	0.00000269	0.00000017	-0.06131183
16.31256737	0.00000269	0.00000016	-0.06130243
16.31506737	0.00000268	0.00000016	-0.06129304
16.31756736	0.00000267	0.00000016	-0.06128364
16.32006736	0.00000267	0.00000016	-0.06127426
16.32256735	0.00000266	0.00000016	-0.06126487
16.32506735	0.00000265	0.00000016	-0.06125549
16.32756734	0.00000265	0.00000016	-0.06124611
16.33006734	0.00000264	0.00000016	-0.06123673
16.33256733	0.00000264	0.00000016	-0.06122736
16.33506733	0.00000263	0.00000016	-0.06121799
16.33756732	0.00000262	0.00000016	-0.06120862
16.34006732	0.00000262	0.00000016	-0.06119926
16.34256731	0.00000261	0.00000016	-0.06118990
16.34506731	0.00000261	0.00000016	-0.06118054
16.34756730	0.00000260	0.00000016	-0.06117118
16.35006730	0.00000259	0.00000016	-0.06116183
16.35256729	0.00000259	0.00000016	-0.06115248
16.35506729	0.00000258	0.00000016	-0.06114313
16.35756728	0.00000257	0.00000016	-0.06113378
16.36006728	0.00000257	0.00000016	-0.06112444
16.36256727	0.00000256	0.00000016	-0.06111510
16.36506727	0.00000256	0.00000016	-0.06110577
16.36756726	0.00000255	0.00000016	-0.06109643
16.37006726	0.00000254	0.00000016	-0.06108710
16.37256725	0.00000254	0.00000016	-0.06107778
16.37506725	0.00000253	0.00000015	-0.06106845
16.37756724	0.00000253	0.00000015	-0.06105913
16.38006724	0.00000252	0.00000015	-0.06104981
16.38256723	0.00000252	0.00000015	-0.06104049
16.38506723	0.00000251	0.00000015	-0.06103118
16.38756722	0.00000250	0.00000015	-0.06102187
16.39006722	0.00000250	0.00000015	-0.06101256
16.39256721	0.00000249	0.00000015	-0.06100326
16.39506721	0.00000249	0.00000015	-0.06099396
16.39756720	0.00000248	0.00000015	-0.06098466
16.40006720	0.00000247	0.00000015	-0.06097536
16.40256719	0.00000247	0.00000015	-0.06096607
16.40506719	0.00000246	0.00000015	-0.06095678
16.40756718	0.00000246	0.00000015	-0.06094749
16.41006718	0.00000245	0.00000015	-0.06093820
16.41256717	0.00000245	0.00000015	-0.06092892
16.41506717	0.00000244	0.00000015	-0.06091964
16.41756716	0.00000243	0.00000015	-0.06091036
16.42006716	0.00000243	0.00000015	-0.06090109
16.42256715	0.00000242	0.00000015	-0.06089182
16.42506715	0.00000242	0.00000015	-0.06088255
16.42756714	0.00000241	0.00000015	-0.06087329
16.43006714	0.00000241	0.00000015	-0.06086402
16.43256713	0.00000240	0.00000015	-0.06085476
16.43506713	0.00000239	0.00000015	-0.06084551
16.43756712	0.00000239	0.00000015	-0.06083625
16.44006712	0.00000238	0.00000014	-0.06082700
16.44256711	0.00000238	0.00000014	-0.06081775
16.44506711	0.00000237	0.00000014	-0.06080851
16.44756710	0.00000237	0.00000014	-0.06079927
16.45006710	0.00000236	0.00000014	-0.06079003
16.45256709	0.00000236	0.00000014	-0.06078079
16.45506709	0.00000235	0.00000014	-0.06077155
16.45756708	0.00000234	0.00000014	-0.06076232
16.46006708	0.00000234	0.00000014	-0.06075309
16.46256707	0.00000233	0.00000014	-0.06074387
16.46506707	0.00000233	0.00000014	-0.06073464
16.46756706	0.00000232	0.00000014	-0.06072542
16.47006706	0.00000232	0.00000014	-0.06071621
16.47256705	0.00000231	0.00000014	-0.06070699
16.47506705	0.00000231	0.00000014	-0.06069778
16.47756704	0.00000230	0.00000014	-0.06068857
16.48006704	0.00000230	0.00000014	-0.06067936
16.48256703	0.00000229	0.00000014	-0.06067016
16.48506703	0.00000228	0.00000014	-0.06066096
16.48756702	0.00000228	0.00000014	-0.06065176
16.49006702	0.00000227	0.00000014	-0.06064257
16.49256701	0.00000227	0.00000014	-0.06063337
16.49506701	0.00000226	0.00000014	-0.06062419
16.49756700	0.00000226	0.00000014	-0.06061500
16.50006700	0.00000225	0.00000014	-0.06060581
16.50256699	0.00000225	0.00000014	-0.06059663
16.50506699	0.00000224	0.00000014	-0.06058745
16.50756698	0.00000224	0.00000014	-0.06057828
16.51006698	0.00000223	0.00000014	-0.06056911
16.51256697	0.00000223	0.00000013	-0.06055994
16.51506697	0.00000222	0.00000013	-0.06055077
16.51756696	0.00000222	0.00000013	-0.06054160
16.52006696	0.00000221	0.00000013	-0.06053244
16.52256695	0.00000221	0.00000013	-0.06052328
16.52506695	0.00000220	0.00000013	-0.06051413
16.52756694	0.00000219	0.00000013	-0.06050497
16.53006694	0.00000219	0.00000013	-0.06049582
16.53256693	0.00000218	0.00000013	-0.06048667
16.53506693	0.00000218	0.00000013	-0.06047753
16.53756692	0.00000217	0.00000013	-0.06046839
16.54006692	0.00000217	0.00000013	-0.06045925
16.54256691	0.00000216	0.00000013	-0.06045011
16.54506691	0.00000216	0.00000013	-0.06044098
16.54756690	0.00000215	0.00000013	-0.06043185
16.55006690	0.00000215	0.00000013	-0.06042272
16.55256689	0.00000214	0.00000013	-0.06041359
16.55506689	0.00000214	0.00000013	-0.06040447
16.55756688	0.00000213	0.00000013	-0.06039535
16.56006688	0.00000213	0.00000013	-0.06038623
16.56256687	0.00000212	0.00000013	-0.06037711
16.56506687	0.00000212	0.00000013	-0.06036800
16.56756686	0.00000211	0.00000013	-0.06035889
16.57006686	0.00000211	0.00000013	-0.06034979
16.57256685	0.00000210	0.00000013	-0.06034068
16.57506685	0.00000210	0.00000013	-0.06033158
16.57756684	0.00000209	0.00000013	-0.06032248
16.58006684	0.00000209	0.00000013	-0.06031339
16.58256683	0.00000208	0.00000013	-0.06030429
16.58506683	0.00000208	0.00000013	-0.06029520
16.58756682	0.00000207	0.00000013	-0.06028612
16.59006682	0.00000207	0.00000012	-0.06027703
16.59256681	0.00000206	0.00000012	-0.06026795
16.59506681	0.00000206	0.00000012	-0.06025887
16.59756680	0.00000206	0.00000012	-0.06024980
16.60006680	0.00000205	0.00000012	-0.06024072
16.60256679	0.00000205	0.00000012	-0.06023165
16.60506679	0.00000204	0.00000012	-0.06022258
16.60756678	0.00000204	0.00000012	-0.06021352
16.61006678	0.00000203	0.00000012	-0.06020445
16.61256677	0.00000203	0.00000012	-0.06019539
16.61506677	0.00000202	0.00000012	-0.06018634
16.61756676	0.00000202	0.00000012	-0.06017728
16.62006676	0.00000201	0.00000012	-0.06016823
16.62256675	0.00000201	0.00000012	-0.06015918
16.62506675	0.00000200	0.00000012	-0.06015013
16.62756674	0.00000200	0.00000012	-0.06014109
16.63006674	0.00000199	0.00000012	-0.06013205
16.63256673	0.00000199	0.00000012	-0.06012301
16.63506673	0.00000198	0.00000012	-0.06011398
16.63756672	0.00000198	0.00000012	-0.06010494
16.64006672	0.00000197	0.00000012	-0.06009591
16.64256671	0.00000197	0.00000012	-0.06008689
16.64506671	0.00000197	0.00000012	-0.06007786
16.64756670	0.00000196	0.00000012	-0.06006884
16.65006670	0.00000196	0.00000012	-0.06005982
16.65256669	0.00000195	0.00000012	-0.06005080
16.65506669	0.00000195	0.00000012	-0.06004179
16.65756668	0.00000194	0.00000012	-0.06003278
16.66006668	0.00000194	0.00000012	-0.06002377
16.66256667	0.00000193	0.00000012	-0.06001476
16.66506667	0.00000193	0.00000012	-0.06000576
16.66756666	0.00000192	0.00000012	-0.05999676
16.67006666	0.00000192	0.00000012	-0.05998776
16.67256665	0.00000192	0.00000011	-0.05997877
16.67506665	0.00000191	0.00000011	-0.05996978
16.67756664	0.00000191	0.00000011	-0.05996079
16.68006664	0.00000190	0.00000011	-0.05995180
16.68256663	0.00000190	0.00000011	-0.05994281
16.68506663	0.00000189	0.00000011	-0.05993383
16.68756662	0.00000189	0.00000011	-0.05992485
16.69006662	0.00000188	0.00000011	-0.05991588
16.69256661	0.00000188	0.00000011	-0.05990690
16.69506661	0.00000188	0.00000011	-0.05989793
16.69756660	0.00000187	0.00000011	-0.05988897
16.70006660	0.00000187	0.00000011	-0.05988000
16.70256659	0.00000186	0.00000011	-0.05987104
16.70506659	0.00000186	0.00000011	-0.05986208
16.70756658	0.00000185	0.00000011	-0.05985312
16.71006658	0.00000185	0.00000011	-0.05984417
16.71256657	0.00000184	0.00000011	-0.05983521
16.71506657	0.00000184	0.00000011	-0.05982626
16.71756656	0.00000184	0.00000011	-0.05981732
16.72006656	0.00000183	0.00000011	-0.05980837
16.72256655	0.00000183	0.00000011	-0.05979943
16.72506655	0.00000182	0.00000011	-0.05979049
16.72756654	0.00000182	0.00000011	-0.05978156
16.73006654	0.00000181	0.00000011	-0.05977263
16.73256653	0.00000181	0.00000011	-0.05976369
16.73506653	0.00000181	0.00000011	-0.05975477
16.73756652	0.00000180	0.00000011	-0.05974584
16.74006652	0.00000180	0.00000011	-0.05973692
16.74256651	0.00000179	0.00000011	-0.05972800
16.74506651	0.00000179	0.00000011	-0.05971908
16.74756650	0.00000178	0.00000011	-0.05971017
16.75006650	0.00000178	0.00000011	-0.05970126
16.75256649	0.00000178	0.00000011	-0.05969235
16.75506649	0.00000177	0.00000011	-0.05968344
16.75756648	0.00000177	0.00000011	-0.05967454
16.76006648	0.00000176	0.00000011	-0.05966563
16.76256647	0.00000176	0.00000010	-0.05965674
16.76506647	0.00000176	0.00000010	-0.05964784
16.76756646	0.00000175	0.00000010	-0.05963895
16.77006646	0.00000175	0.00000010	-0.05963006
16.77256645	0.00000174	0.00000010	-0.05962117
16.77506645	0.00000174	0.00000010	-0.05961228
16.77756644	0.00000174	0.00000010	-0.05960340
16.78006644	0.00000173	0.00000010	-0.05959452
16.78256643	0.00000173	0.00000010	-0.05958564
16.78506643	0.00000172	0.00000010	-0.05957677
16.78756642	0.00000172	0.00000010	-0.05956790
16.79006642	0.00000171	0.00000010	-0.05955903
16.79256641	0.00000171	0.00000010	-0.05955016
16.79506641	0.00000171	0.00000010	-0.05954129
16.79756640	0.00000170	0.00000010	-0.05953243
16.80006640	0.00000170	0.00000010	-0.05952357
16.80256639	0.00000169	0.00000010	-0.05951472
16.80506639	0.00000169	0.00000010	-0.05950586
16.80756638	0.00000169	0.00000010	-0.05949701
16.81006638	0.00000168	0.00000010	-0.05948816
16.81256637	0.00000168	0.00000010	-0.05947932
16.81506637	0.00000168	0.00000010	-0.05947048
16.81756636	0.00000167	0.00000010	-0.05946164
16.82006636	0.00000167	0.00000010	-0.05945280
16.82256635	0.00000166	0.00000010	-0.05944396
16.82506635	0.00000166	0.00000010	-0.05943513
16.82756634	0.00000166	0.00000010	-0.05942630
16.83006634	0.00000165	0.00000010	-0.05941747
16.83256633	0.00000165	0.00000010	-0.05940865
16.83506633	0.00000164	0.00000010	-0.05939983
16.83756632	0.00000164	0.00000010	-0.05939101
16.84006632	0.00000164	0.00000010	-0.05938219
16.84256631	0.00000163	0.00000010	-0.05937337
16.84506631	0.00000163	0.00000010	-0.05936456
16.84756630	0.00000162	0.00000010	-0.05935575
16.85006630	0.00000162	0.00000010	-0.05934695
16.85256629	0.00000162	0.00000010	-0.05933814
16.85506629	0.00000161	0.00000010	-0.05932934
16.85756628	0.00000161	0.00000010	-0.05932054
16.86006628	0.00000161	0.00000010	-0.05931175
16.86256627	0.00000160	0.00000009	-0.05930295
16.86506627	0.00000160	0.00000009	-0.05929416
16.86756626	0.00000159	0.00000009	-0.05928538
16.87006626	0.00000159	0.00000009	-0.05927659
16.87256625	0.00000159	0.00000009	-0.05926781
16.87506625	0.00000158	0.00000009	-0.05925903
16.87756624	0.00000158	0.00000009	-0.05925025
16.88006624	0.00000158	0.00000009	-0.05924147
16.88256623	0.00000157	0.00000009	-0.05923270
16.88506623	0.00000157	0.00000009	-0.05922393
16.88756622	0.00000156	0.00000009	-0.05921516
16.89006622	0.00000156	0.00000009	-0.05920640
16.89256621	0.00000156	0.00000009	-0.05919764
16.89506621	0.00000155	0.00000009	-0.05918888
16.89756620	0.00000155	0.00000009	-0.05918012
16.90006620	0.00000155	0.00000009	-0.05917137
16.90256619	0.00000154	0.00000009	-0.05916261
16.90506619	0.00000154	0.00000009	-0.05915386
16.90756618	0.00000154	0.00000009	-0.05914512
16.91006618	0.00000153	0.00000009	-0.05913637
16.91256617	0.00000153	0.00000009	-0.05912763
16.91506617	0.00000152	0.00000009	-0.05911889
16.91756616	0.00000152	0.00000009	-0.05911016
16.92006616	0.00000152	0.00000009	-0.05910142
16.92256615	0.00000151	0.00000009	-0.05909269
16.92506615	0.00000151	0.00000009	-0.05908396
16.92756614	0.00000151	0.00000009	-0.05907524
16.93006614	0.00000150	0.00000009	-0.05906651
16.93256613	0.00000150	0.00000009	-0.05905779
16.93506613	0.00000150	0.00000009	-0.05904908
16.93756612	0.00000149	0.00000009	-0.05904036
16.94006612	0.00000149	0.00000009	-0.05903165
16.94256611	0.00000149	0.00000009	-0.05902294
16.94506611	0.00000148	0.00000009	-0.05901423
16.94756610	0.00000148	0.00000009	-0.05900552
16.95006610	0.00000148	0.00000009	-0.05899682
16.95256609	0.00000147	0.00000009	-0.05898812
16.95506609	0.00000147	0.00000009	-0.05897942
16.95756608	0.00000146	0.00000009	-0.05897073
16.96006608	0.00000146	0.00000009	-0.05896203
16.96256607	0.00000146	0.00000009	-0.05895334
16.96506607	0.00000145	0.00000009	-0.05894466
16.96756606	0.00000145	0.00000009	-0.05893597
16.97006606	0.00000145	0.00000009	-0.05892729
16.97256605	0.00000144	0.00000009	-0.05891861
16.97506605	0.00000144	0.00000008	-0.05890993
16.97756604	0.00000144	0.00000008	-0.05890126
16.98006604	0.00000143	0.00000008	-0.05889259
16.98256603	0.00000143	0.00000008	-0.05888392
16.98506603	0.00000143	0.00000008	-0.05887525
16.98756602	0.00000142	0.00000008	-0.05886659
16.99006602	0.00000142	0.00000008	-0.05885792
16.99256601	0.00000142	0.00000008	-0.05884926
16.99506601	0.00000141	0.00000008	-0.05884061
16.99756600	0.00000141	0.00000008	-0.05883195
17.00006600	0.00000141	0.00000008	-0.05882330
17.00256599	0.00000140	0.00000008	-0.05881465
17.00506599	0.00000140	0.00000008	-0.05880601
17.00756598	0.00000140	0.00000008	-0.05879736
17.01006598	0.00000139	0.00000008	-0.05878872
17.01256597	0.00000139	0.00000008	-0.05878008
17.01506597	0.00000139	0.00000008	-0.05877144
17.01756596	0.00000138	0.00000008	-0.05876281
17.02006596	0.00000138	0.00000008	-0.05875418
17.02256595	0.00000138	0.00000008	-0.05874555
17.02506595	0.00000137	0.00000008	-0.05873692
17.02756594	0.00000137	0.00000008	-0.05872830
17.03006594	0.00000137	0.00000008	-0.05871968
17.03256593	0.00000137	0.00000008	-0.05871106
17.03506593	0.00000136	0.00000008	-0.05870244
17.03756592	0.00000136	0.00000008	-0.05869383
17.04006592	0.00000136	0.00000008	-0.05868522
17.04256591	0.00000135	0.00000008	-0.05867661
17.04506591	0.00000135	0.00000008	-0.05866800
17.04756590	0.00000135	0.00000008	-0.05865940
17.05006590	0.00000134	0.00000008	-0.05865080
17.05256589	0.00000134	0.00000008	-0.05864220
17.05506589	0.00000134	0.00000008	-0.05863361
17.05756588	0.00000133	0.00000008	-0.05862501
17.06006588	0.00000133	0.00000008	-0.05861642
17.06256587	0.00000133	0.00000008	-0.05860783
17.06506587	0.00000132	0.00000008	-0.05859925
17.06756586	0.00000132	0.00000008	-0.05859066
17.07006586	0.00000132	0.00000008	-0.05858208
17.07256585	0.00000131	0.00000008	-0.05857350
17.07506585	0.00000131	0.00000008	-0.05856493
17.07756584	0.00000131	0.00000008	-0.05855635
17.08006584	0.00000131	0.00000008	-0.05854778
17.08256583	0.00000130	0.00000008	-0.05853922
17.08506583	0.00000130	0.00000008	-0.05853065
17.08756582	0.00000130	0.00000008	-0.05852209
17.09006582	0.00000129	0.00000008	-0.05851353
17.09256581	0.00000129	0.00000008	-0.05850497
17.09506581	0.00000129	0.00000008	-0.05849641
17.09756580	0.00000128	0.00000008	-0.05848786
17.10006580	0.00000128	0.00000007	-0.05847931
17.10256579	0.00000128	0.00000007	-0.05847076
17.10506579	0.00000128	0.00000007	-0.05846221
17.10756578	0.00000127	0.00000007	-0.05845367
17.11006578	0.00000127	0.00000007	-0.05844513
17.11256577	0.00000127	0.00000007	-0.05843659
17.11506577	0.00000126	0.00000007	-0.05842805
17.11756576	0.00000126	0.00000007	-0.05841952
17.12006576	0.00000126	0.00000007	-0.05841099
17.12256575	0.00000125	0.00000007	-0.05840246
17.12506575	0.00000125	0.00000007	-0.05839394
17.12756574	0.00000125	0.00000007	-0.05838541
17.13006574	0.00000125	0.00000007	-0.05837689
17.13256573	0.00000124	0.00000007	-0.05836837
17.13506573	0.00000124	0.00000007	-0.05835986
17.13756572	0.00000124	0.00000007	-0.05835134
17.14006572	0.00000123	0.00000007	-0.05834283
17.14256571	0.00000123	0.00000007	-0.05833433
17.14506571	0.00000123	0.00000007	-0.05832582
17.14756570	0.00000123	0.00000007	-0.05831732
17.15006570	0.00000122	0.00000007	-0.05830881
17.15256569	0.00000122	0.00000007	-0.05830032
17.15506569	0.00000122	0.00000007	-0.05829182
17.15756568	0.00000121	0.00000007	-0.05828333
17.16006568	0.00000121	0.00000007	-0.05827484
17.16256567	0.00000121	0.00000007	-0.05826635
17.16506567	0.00000121	0.00000007	-0.05825786
17.16756566	0.00000120	0.00000007	-0.05824938
17.17006566	0.00000120	0.00000007	-0.05824090
17.17256565	0.00000120	0.00000007	-0.05823242
17.17506565	0.00000119	0.00000007	-0.05822394
17.17756564	0.00000119	0.00000007	-0.05821547
17.18006564	0.00000119	0.00000007	-0.05820700
17.18256563	0.00000119	0.00000007	-0.05819853
17.18506563	0.00000118	0.00000007	-0.05819006
17.18756562	0.00000118	0.00000007	-0.05818160
17.19006562	0.00000118	0.00000007	-0.05817313
17.19256561	0.00000117	0.00000007	-0.05816468
17.19506561	0.00000117	0.00000007	-0.05815622
17.19756560	0.00000117	0.00000007	-0.05814776
17.20006560	0.00000117	0.00000007	-0.05813931
17.20256559	0.00000116	0.00000007	-0.05813086
17.20506559	0.00000116	0.00000007	-0.05812242
17.20756558	0.00000116	0.00000007	-0.05811397
17.21006558	0.00000116	0.00000007	-0.05810553
17.21256557	0.00000115	0.00000007	-0.05809709
17.21506557	0.00000115	0.00000007	-0.05808865
17.21756556	0.00000115	0.00000007	-0.05808022
17.22006556	0.00000114	0.00000007	-0.05807179
17.22256555	0.00000114	0.00000007	-0.05806336
17.22506555	0.00000114	0.00000007	-0.05805493
17.22756554	0.00000114	0.00000007	-0.05804651
17.23006554	0.00000113	0.00000007	-0.05803808
17.23256553	0.00000113	0.00000007	-0.05802966
17.23506553	0.00000113	0.00000007	-0.05802125
17.23756552	0.00000113	0.00000007	-0.05801283
17.24006552	0.00000112	0.00000007	-0.05800442
17.24256551	0.00000112	0.00000006	-0.05799601
17.24506551	0.00000112	0.00000006	-0.05798760
17.24756550	0.00000111	0.00000006	-0.05797920
17.25006550	0.00000111	0.00000006	-0.05797079
17.25256549	0.00000111	0.00000006	-0.05796239
17.25506549	0.00000111	0.00000006	-0.05795400
17.25756548	0.00000110	0.00000006	-0.05794560
17.26006548	0.00000110	0.00000006	-0.05793721
17.26256547	0.00000110	0.00000006	-0.05792882
17.26506547	0.00000110	0.00000006	-0.05792043
17.26756546	0.00000109	0.00000006	-0.05791204
17.27006546	0.00000109	0.00000006	-0.05790366
17.27256545	0.00000109	0.00000006	-0.05789528
17.27506545	0.00000109	0.00000006	-0.05788690
17.27756544	0.00000108	0.00000006	-0.05787852
17.28006544	0.00000108	0.00000006	-0.05787015
17.28256543	0.00000108	0.00000006	-0.05786178
17.28506543	0.00000108	0.00000006	-0.05785341
17.28756542	0.00000107	0.00000006	-0.05784505
17.29006542	0.00000107	0.00000006	-0.05783668
17.29256541	0.00000107	0.00000006	-0.05782832
17.29506541	0.00000107	0.00000006	-0.05781996
17.29756540	0.00000106	0.00000006	-0.05781160
17.30006540	0.00000106	0.00000006	-0.05780325
17.30256539	0.00000106	0.00000006	-0.05779490
17.30506539	0.00000106	0.00000006	-0.05778655
17.30756538	0.00000105	0.00000006	-0.05777820
17.31006538	0.00000105	0.00000006	-0.05776986
17.31256537	0.00000105	0.00000006	-0.05776151
17.31506537	0.00000105	0.00000006	-0.05775317
17.31756536	0.00000104	0.00000006	-0.05774484
17.32006536	0.00000104	0.00000006	-0.05773650
17.32256535	0.00000104	0.00000006	-0.05772817
17.32506535	0.00000104	0.00000006	-0.05771984
17.32756534	0.00000103	0.00000006	-0.05771151
17.33006534	0.00000103	0.00000006	-0.05770319
17.33256533	0.00000103	0.00000006	-0.05769486
17.33506533	0.00000103	0.00000006	-0.05768654
17.33756532	0.00000102	0.00000006	-0.05767823
17.34006532	0.00000102	0.00000006	-0.05766991
17.34256531	0.00000102	0.00000006	-0.05766160
17.34506531	0.00000102	0.00000006	-0.05765329
17.34756530	0.00000101	0.00000006	-0.05764498
17.35006530	0.00000101	0.00000006	-0.05763667
17.35256529	0.00000101	0.00000006	-0.05762837
17.35506529	0.00000101	0.00000006	-0.05762007
17.35756528	0.00000101	0.00000006	-0.05761177
17.36006528	0.00000100	0.00000006	-0.05760347
17.36256527	0.00000100	0.00000006	-0.05759518
17.36506527	0.00000100	0.00000006	-0.05758688
17.36756526	0.00000100	0.00000006	-0.05757859
17.37006526	0.00000099	0.00000006	-0.05757031
17.37256525	0.00000099	0.00000006	-0.05756202
17.37506525	0.00000099	0.00000006	-0.05755374
17.37756524	0.00000099	0.00000006	-0.05754546
17.38006524	0.00000098	0.00000006	-0.05753718
17.38256523	0.00000098	0.00000006	-0.05752891
17.38506523	0.00000098	0.00000006	-0.05752064
17.38756522	0.00000098	0.00000006	-0.05751237
17.39006522	0.00000097	0.00000006	-0.05750410
17.39256521	0.00000097	0.00000006	-0.05749583
17.39506521	0.00000097	0.00000006	-0.05748757
17.39756520	0.00000097	0.00000006	-0.05747931
17.40006520	0.00000097	0.00000006	-0.05747105
17.40256519	0.00000096	0.00000006	-0.05746279
17.40506519	0.00000096	0.00000006	-0.05745454
17.40756518	0.00000096	0.00000006	-0.05744629
17.41006518	0.00000096	0.00000005	-0.05743804
17.41256517	0.00000095	0.00000005	-0.05742979
17.41506517	0.00000095	0.00000005	-0.05742155
17.41756516	0.00000095	0.00000005	-0.05741331
17.42006516	0.00000095	0.00000005	-0.05740507
17.42256515	0.00000095	0.00000005	-0.05739683
17.42506515	0.00000094	0.00000005	-0.05738859
17.42756514	0.00000094	0.00000005	-0.05738036
17.43006514	0.00000094	0.00000005	-0.05737213
17.43256513	0.00000094	0.00000005	-0.05736390
17.43506513	0.00000093	0.00000005	-0.05735568
17.43756512	0.00000093	0.00000005	-0.05734746
17.44006512	0.00000093	0.00000005	-0.05733924
17.44256511	0.00000093	0.00000005	-0.05733102
17.44506511	0.00000093	0.00000005	-0.05732280
17.44756510	0.00000092	0.00000005	-0.05731459
17.45006510	0.00000092	0.00000005	-0.05730638
17.45256509	0.00000092	0.00000005	-0.05729817
17.45506509	0.00000092	0.00000005	-0.05728996
17.45756508	0.00000091	0.00000005	-0.05728176
17.46006508	0.00000091	0.00000005	-0.05727356
17.46256507	0.00000091	0.00000005	-0.05726536
17.46506507	0.00000091	0.00000005	-0.05725716
17.46756506	0.00000091	0.00000005	-0.05724896
17.47006506	0.00000090	0.00000005	-0.05724077
17.47256505	0.00000090	0.00000005	-0.05723258
17.47506505	0.00000090	0.00000005	-0.05722439
17.47756504	0.00000090	0.00000005	-0.05721621
17.48006504	0.00000090	0.00000005	-0.05720803
17.48256503	0.00000089	0.00000005	-0.05719984
17.48506503	0.00000089	0.00000005	-0.05719167
17.48756502	0.00000089	0.00000005	-0.05718349
17.49006502	0.00000089	0.00000005	-0.05717532
17.49256501	0.00000089	0.00000005	-0.05716714
17.49506501	0.00000088	0.00000005	-0.05715898
17.49756500	0.00000088	0.00000005	-0.05715081
17.50006500	0.00000088	0.00000005	-0.05714264
17.50256499	0.00000088	0.00000005	-0.05713448
17.50506499	0.00000087	0.00000005	-0.05712632
17.50756498	0.00000087	0.00000005	-0.05711817
17.51006498	0.00000087	0.00000005	-0.05711001
17.51256497	0.00000087	0.00000005	-0.05710186
17.51506497	0.00000087	0.00000005	-0.05709371
17.51756496	0.00000086	0.00000005	-0.05708556
17.52006496	0.00000086	0.00000005	-0.05707741
17.52256495	0.00000086	0.00000005	-0.05706927
17.52506495	0.00000086	0.00000005	-0.05706113
17.52756494	0.00000086	0.00000005	-0.05705299
17.53006494	0.00000085	0.00000005	-0.05704485
17.53256493	0.00000085	0.00000005	-0.05703672
17.53506493	0.00000085	0.00000005	-0.05702859
17.53756492	0.00000085	0.00000005	-0.05702046
17.54006492	0.00000085	0.00000005	-0.05701233
17.54256491	0.00000084	0.00000005	-0.05700421
17.54506491	0.00000084	0.00000005	-0.05699608
17.54756490	0.00000084	0.00000005	-0.05698796
17.55006490	0.00000084	0.00000005	-0.05697985
17.55256489	0.00000084	0.00000005	-0.05697173
17.55506489	0.00000083	0.00000005	-0.05696362
17.55756488	0.00000083	0.00000005	-0.05695551
17.56006488	0.00000083	0.00000005	-0.05694740
17.56256487	0.00000083	0.00000005	-0.05693929
17.56506487	0.00000083	0.00000005	-0.05693119
17.56756486	0.00000082	0.00000005	-0.05692309
17.57006486	0.00000082	0.00000005	-0.05691499
17.57256485	0.00000082	0.00000005	-0.05690689
17.57506485	0.00000082	0.00000005	-0.05689879
17.57756484	0.00000082	0.00000005	-0.05689070
17.58006484	0.00000081	0.00000005	-0.05688261
17.58256483	0.00000081	0.00000005	-0.05687452
17.58506483	0.00000081	0.00000005	-0.05686644
17.58756482	0.00000081	0.00000005	-0.05685835
17.59006482	0.00000081	0.00000005	-0.05685027
17.59256481	0.00000081	0.00000005	-0.05684220
17.59506481	0.00000080	0.00000005	-0.05683412
17.59756480	0.00000080	0.00000005	-0.05682604
17.60006480	0.00000080	0.00000005	-0.05681797
17.60256479	0.00000080	0.00000005	-0.05680990
17.60506479	0.00000080	0.00000005	-0.05680184
17.60756478	0.00000079	0.00000005	-0.05679377
17.61006478	0.00000079	0.00000004	-0.05678571
17.61256477	0.00000079	0.00000004	-0.05677765
17.61506477	0.00000079	0.00000004	-0.05676959
17.61756476	0.00000079	0.00000004	-0.05676153
17.62006476	0.00000078	0.00000004	-0.05675348
17.62256475	0.00000078	0.00000004	-0.05674543
17.62506475	0.00000078	0.00000004	-0.05673738
17.62756474	0.00000078	0.00000004	-0.05672933
17.63006474	0.00000078	0.00000004	-0.05672129
17.63256473	0.00000078	0.00000004	-0.05671325
17.63506473	0.00000077	0.00000004	-0.05670521
17.63756472	0.00000077	0.00000004	-0.05669717
17.64006472	0.00000077	0.00000004	-0.05668913
17.64256471	0.00000077	0.00000004	-0.05668110
17.64506471	0.00000077	0.00000004	-0.05667307
17.64756470	0.00000076	0.00000004	-0.05666504
17.65006470	0.00000076	0.00000004	-0.05665702
17.65256469	0.00000076	0.00000004	-0.05664899
17.65506469	0.00000076	0.00000004	-0.05664097
17.65756468	0.00000076	0.00000004	-0.05663295
17.66006468	0.00000076	0.00000004	-0.05662493
17.66256467	0.00000075	0.00000004	-0.05661692
17.66506467	0.00000075	0.00000004	-0.05660891
17.66756466	0.00000075	0.00000004	-0.05660090
17.67006466	0.00000075	0.00000004	-0.05659289
17.67256465	0.00000075	0.00000004	-0.05658488
17.67506465	0.00000075	0.00000004	-0.05657688
17.67756464	0.00000074	0.00000004	-0.05656888
17.68006464	0.00000074	0.00000004	-0.05656088
17.68256463	0.00000074	0.00000004	-0.05655288
17.68506463	0.00000074	0.00000004	-0.05654489
17.68756462	0.00000074	0.00000004	-0.05653690
17.69006462	0.00000073	0.00000004	-0.05652891
17.69256461	0.00000073	0.00000004	-0.05652092
17.69506461	0.00000073	0.00000004	-0.05651293
17.69756460	0.00000073	0.00000004	-0.05650495
17.70006460	0.00000073	0.00000004	-0.05649697
17.70256459	0.00000073	0.00000004	-0.05648899
17.70506459	0.00000072	0.00000004	-0.05648101
17.70756458	0.00000072	0.00000004	-0.05647304
17.71006458	0.00000072	0.00000004	-0.05646507
17.71256457	0.00000072	0.00000004	-0.05645710
17.71506457	0.00000072	0.00000004	-0.05644913
17.71756456	0.00000072	0.00000004	-0.05644117
17.72006456	0.00000071	0.00000004	-0.05643320
17.72256455	0.00000071	0.00000004	-0.05642524
17.72506455	0.00000071	0.00000004	-0.05641728
17.72756454	0.00000071	0.00000004	-0.05640933
17.73006454	0.00000071	0.00000004	-0.05640137
17.73256453	0.00000071	0.00000004	-0.05639342
17.73506453	0.00000070	0.00000004	-0.05638547
17.73756452	0.00000070	0.00000004	-0.05637753
17.74006452	0.00000070	0.00000004	-0.05636958
17.74256451	0.00000070	0.00000004	-0.05636164
17.74506451	0.00000070	0.00000004	-0.05635370
17.74756450	0.00000070	0.00000004	-0.05634576
17.75006450	0.00000069	0.00000004	-0.05633782
17.75256449	0.00000069	0.00000004	-0.05632989
17.75506449	0.00000069	0.00000004	-0.05632196
17.75756448	0.00000069	0.00000004	-0.05631403
17.76006448	0.00000069	0.00000004	-0.05630610
17.76256447	0.00000069	0.00000004	-0.05629818
17.76506447	0.00000068	0.00000004	-0.05629025
17.76756446	0.00000068	0.00000004	-0.05628233
17.77006446	0.00000068	0.00000004	-0.05627442
17.77256445	0.00000068	0.00000004	-0.05626650
17.77506445	0.00000068	0.00000004	-0.05625859
17.77756444	0.00000068	0.00000004	-0.05625068
17.78006444	0.00000067	0.00000004	-0.05624277
17.78256443	0.00000067	0.00000004	-0.05623486
17.78506443	0.00000067	0.00000004	-0.05622695
17.78756442	0.00000067	0.00000004	-0.05621905
17.79006442	0.00000067	0.00000004	-0.05621115
17.79256441	0.00000067	0.00000004	-0.05620325
17.79506441	0.00000067	0.00000004	-0.05619536
17.79756440	0.00000066	0.00000004	-0.05618746
17.80006440	0.00000066	0.00000004	-0.05617957
17.80256439	0.00000066	0.00000004	-0.05617168
17.80506439	0.00000066	0.00000004	-0.05616380
17.80756438	0.00000066	0.00000004	-0.05615591
17.81006438	0.00000066	0.00000004	-0.05614803
17.81256437	0.00000065	0.00000004	-0.05614015
17.81506437	0.00000065	0.00000004	-0.05613227
17.81756436	0.00000065	0.00000004	-0.05612439
17.82006436	0.00000065	0.00000004	-0.05611652
17.82256435	0.00000065	0.00000004	-0.05610865
17.82506435	0.00000065	0.00000004	-0.05610078
17.82756434	0.00000065	0.00000004	-0.05609291
17.83006434	0.00000064	0.00000004	-0.05608505
17.83256433	0.00000064	0.00000004	-0.05607718
17.83506433	0.00000064	0.00000004	-0.05606932
17.83756432	0.00000064	0.00000004	-0.05606147
17.84006432	0.00000064	0.00000004	-0.05605361
17.84256431	0.00000064	0.00000004	-0.05604576
17.84506431	0.00000063	0.00000004	-0.05603790
17.84756430	0.00000063	0.00000004	-0.05603005
17.85006430	0.00000063	0.00000004	-0.05602221
17.85256429	0.00000063	0.00000004	-0.05601436
17.85506429	0.00000063	0.00000004	-0.05600652
17.85756428	0.00000063	0.00000004	-0.05599868
17.86006428	0.00000063	0.00000004	-0.05599084
17.86256427	0.00000062	0.00000003	-0.05598300
17.86506427	0.00000062	0.00000003	-0.05597517
17.86756426	0.00000062	0.00000003	-0.05596734
17.87006426	0.00000062	0.00000003	-0.05595951
17.87256425	0.00000062	0.00000003	-0.05595168
17.87506425	0.00000062	0.00000003	-0.05594385
17.87756424	0.00000062	0.00000003	-0.05593603
17.88006424	0.00000061	0.00000003	-0.05592821
17.88256423	0.00000061	0.00000003	-0.05592039
17.88506423	0.00000061	0.00000003	-0.05591258
17.88756422	0.00000061	0.00000003	-0.05590476
17.89006422	0.00000061	0.00000003	-0.05589695
17.89256421	0.00000061	0.00000003	-0.05588914
17.89506421	0.00000061	0.00000003	-0.05588133
17.89756420	0.00000060	0.00000003	-0.05587352
17.90006420	0.00000060	0.00000003	-0.05586572
17.90256419	0.00000060	0.00000003	-0.05585792
17.90506419	0.00000060	0.00000003	-0.05585012
17.90756418	0.00000060	0.00000003	-0.05584232
17.91006418	0.00000060	0.00000003	-0.05583453
17.91256417	0.00000060	0.00000003	-0.05582674
17.91506417	0.00000059	0.00000003	-0.05581895
17.91756416	0.00000059	0.00000003	-0.05581116
17.92006416	0.00000059	0.00000003	-0.05580337
17.92256415	0.00000059	0.00000003	-0.05579559
17.92506415	0.00000059	0.00000003	-0.05578781
17.92756414	0.00000059	0.00000003	-0.05578003
17.93006414	0.00000059	0.00000003	-0.05577225
17.93256413	0.00000058	0.00000003	-0.05576447
17.93506413	0.00000058	0.00000003	-0.05575670
17.93756412	0.00000058	0.00000003	-0.05574893
17.94006412	0.00000058	0.00000003	-0.05574116
17.94256411	0.00000058	0.00000003	-0.05573339
17.94506411	0.00000058	0.00000003	-0.05572563
17.94756410	0.00000058	0.00000003	-0.05571787
17.95006410	0.00000057	0.00000003	-0.05571011
17.95256409	0.00000057	0.00000003	-0.05570235
17.95506409	0.00000057	0.00000003	-0.05569459
17.95756408	0.00000057	0.00000003	-0.05568684
17.96006408	0.00000057	0.00000003	-0.05567909
17.96256407	0.00000057	0.00000003	-0.05567134
17.96506407	0.00000057	0.00000003	-0.05566359
17.96756406	0.00000057	0.00000003	-0.05565585
17.97006406	0.00000056	0.00000003	-0.05564810
17.97256405	0.00000056	0.00000003	-0.05564036
17.97506405	0.00000056	0.00000003	-0.05563263
17.97756404	0.00000056	0.00000003	-0.05562489
17.98006404	0.00000056	0.00000003	-0.05561715
17.98256403	0.00000056	0.00000003	-0.05560942
17.98506403	0.00000056	0.00000003	-0.05560169
17.98756402	0.00000055	0.00000003	-0.05559396
17.99006402	0.00000055	0.00000003	-0.05558624
17.99256401	0.00000055	0.00000003	-0.05557852
17.99506401	0.00000055	0.00000003	-0.05557079
17.99756400	0.00000055	0.00000003	-0.05556308
18.00006400	0.00000055	0.00000003	-0.05555536
18.00256399	0.00000055	0.00000003	-0.05554764
18.00506399	0.00000055	0.00000003	-0.05553993
18.00756398	0.00000054	0.00000003	-0.05553222
18.01006398	0.00000054	0.00000003	-0.05552451
18.01256397	0.00000054	0.00000003	-0.05551680
18.01506397	0.00000054	0.00000003	-0.05550910
18.01756396	0.00000054	0.00000003	-0.05550140
18.02006396	0.00000054	0.00000003	-0.05549370
18.02256395	0.00000054	0.00000003	-0.05548600
18.02506395	0.00000054	0.00000003	-0.05547831
18.02756394	0.00000053	0.00000003	-0.05547061
18.03006394	0.00000053	0.00000003	-0.05546292
18.03256393	0.00000053	0.00000003	-0.05545523
18.03506393	0.00000053	0.00000003	-0.05544754
18.03756392	0.00000053	0.00000003	-0.05543986
18.04006392	0.00000053	0.00000003	-0.05543218
18.04256391	0.00000053	0.00000003	-0.05542450
18.04506391	0.00000053	0.00000003	-0.05541682
18.04756390	0.00000052	0.00000003	-0.05540914
18.05006390	0.00000052	0.00000003	-0.05540147
18.05256389	0.00000052	0.00000003	-0.05539379
18.05506389	0.00000052	0.00000003	-0.05538612
18.05756388	0.00000052	0.00000003	-0.05537846
18.06006388	0.00000052	0.00000003	-0.05537079
18.06256387	0.00000052	0.00000003	-0.05536313
18.06506387	0.00000052	0.00000003	-0.05535546
18.06756386	0.00000051	0.00000003	-0.05534780
18.07006386	0.00000051	0.00000003	-0.05534015
18.07256385	0.00000051	0.00000003	-0.05533249
18.07506385	0.00000051	0.00000003	-0.05532484
18.07756384	0.00000051	0.00000003	-0.05531719
18.08006384	0.00000051	0.00000003	-0.05530954
18.08256383	0.00000051	0.00000003	-0.05530189
18.08506383	0.00000051	0.00000003	-0.05529425
18.08756382	0.00000050	0.00000003	-0.05528661
18.09006382	0.00000050	0.00000003	-0.05527896
18.09256381	0.00000050	0.00000003	-0.05527133
18.09506381	0.00000050	0.00000003	-0.05526369
18.09756380	0.00000050	0.00000003	-0.05525606
18.10006380	0.00000050	0.00000003	-0.05524842
18.10256379	0.00000050	0.00000003	-0.05524079
18.10506379	0.00000050	0.00000003	-0.05523317
18.10756378	0.00000050	0.00000003	-0.05522554
18.11006378	0.00000049	0.00000003	-0.05521792
18.11256377	0.00000049	0.00000003	-0.05521030
18.11506377	0.00000049	0.00000003	-0.05520268
18.11756376	0.00000049	0.00000003	-0.05519506
18.12006376	0.00000049	0.00000003	-0.05518744
18.12256375	0.00000049	0.00000003	-0.05517983
18.12506375	0.00000049	0.00000003	-0.05517222
18.12756374	0.00000049	0.00000003	-0.05516461
18.13006374	0.00000048	0.00000003	-0.05515700
18.13256373	0.00000048	0.00000003	-0.05514940
18.13506373	0.00000048	0.00000003	-0.05514180
18.13756372	0.00000048	0.00000003	-0.05513420
18.14006372	0.00000048	0.00000003	-0.05512660
18.14256371	0.00000048	0.00000003	-0.05511900
18.14506371	0.00000048	0.00000003	-0.05511141
18.14756370	0.00000048	0.00000003	-0.05510382
18.15006370	0.00000048	0.00000003	-0.05509623
18.15256369	0.00000047	0.00000003	-0.05508864
18.15506369	0.00000047	0.00000003	-0.05508105
18.15756368	0.00000047	0.00000003	-0.05507347
18.16006368	0.00000047	0.00000003	-0.05506589
18.16256367	0.00000047	0.00000003	-0.05505831
18.16506367	0.00000047	0.00000003	-0.05505073
18.16756366	0.00000047	0.00000003	-0.05504315
18.17006366	0.00000047	0.00000003	-0.05503558
18.17256365	0.00000047	0.00000003	-0.05502801
18.17506365	0.00000046	0.00000003	-0.05502044
18.17756364	0.00000046	0.00000003	-0.05501287
18.18006364	0.00000046	0.00000003	-0.05500531
18.18256363	0.00000046	0.00000003	-0.05499775
18.18506363	0.00000046	0.00000003	-0.05499018
18.18756362	0.00000046	0.00000003	-0.05498263
18.19006362	0.00000046	0.00000003	-0.05497507
18.19256361	0.00000046	0.00000003	-0.05496751
18.19506361	0.00000046	0.00000003	-0.05495996
18.19756360	0.00000045	0.00000002	-0.05495241
18.20006360	0.00000045	0.00000002	-0.05494486
18.20256359	0.00000045	0.00000002	-0.05493732
18.20506359	0.00000045	0.00000002	-0.05492977
18.20756358	0.00000045	0.00000002	-0.05492223
18.21006358	0.00000045	0.00000002	-0.05491469
18.21256357	0.00000045	0.00000002	-0.05490715
18.21506357	0.00000045	0.00000002	-0.05489962
18.21756356	0.00000045	0.00000002	-0.05489208
18.22006356	0.00000045	0.00000002	-0.05488455
18.22256355	0.00000044	0.00000002	-0.05487702
18.22506355	0.00000044	0.00000002	-0.05486949
18.22756354	0.00000044	0.00000002	-0.05486197
18.23006354	0.00000044	0.00000002	-0.05485444
18.23256353	0.00000044	0.00000002	-0.05484692
18.23506353	0.00000044	0.00000002	-0.05483940
18.23756352	0.00000044	0.00000002	-0.05483189
18.24006352	0.00000044	0.00000002	-0.05482437
18.24256351	0.00000044	0.00000002	-0.05481686
18.24506351	0.00000043	0.00000002	-0.05480935
18.24756350	0.00000043	0.00000002	-0.05480184
18.25006350	0.00000043	0.00000002	-0.05479433
18.25256349	0.00000043	0.00000002	-0.05478682
18.25506349	0.00000043	0.00000002	-0.05477932
18.25756348	0.00000043	0.00000002	-0.05477182
18.26006348	0.00000043	0.00000002	-0.05476432
18.26256347	0.00000043	0.00000002	-0.05475683
18.26506347	0.00000043	0.00000002	-0.05474933
18.26756346	0.00000043	0.00000002	-0.05474184
18.27006346	0.00000042	0.00000002	-0.05473435
18.27256345	0.00000042	0.00000002	-0.05472686
18.27506345	0.00000042	0.00000002	-0.05471937
18.27756344	0.00000042	0.00000002	-0.05471189
18.28006344	0.00000042	0.00000002	-0.05470441
18.28256343	0.00000042	0.00000002	-0.05469692
18.28506343	0.00000042	0.00000002	-0.05468945
18.28756342	0.00000042	0.00000002	-0.05468197
18.29006342	0.00000042	0.00000002	-0.05467450
18.29256341	0.00000042	0.00000002	-0.05466702
18.29506341	0.00000041	0.00000002	-0.05465955
18.29756340	0.00000041	0.00000002	-0.05465209
18.30006340	0.00000041	0.00000002	-0.05464462
18.30256339	0.00000041	0.00000002	-0.05463716
18.30506339	0.00000041	0.00000002	-0.05462969
18.30756338	0.00000041	0.00000002	-0.05462223
18.31006338	0.00000041	0.00000002	-0.05461478
18.31256337	0.00000041	0.00000002	-0.05460732
18.31506337	0.00000041	0.00000002	-0.05459987
18.31756336	0.00000041	0.00000002	-0.05459241
18.32006336	0.00000041	0.00000002	-0.05458496
18.32256335	0.00000040	0.00000002	-0.05457752
18.32506335	0.00000040	0.00000002	-0.05457007
18.32756334	0.00000040	0.00000002	-0.05456263
18.33006334	0.00000040	0.00000002	-0.05455519
18.33256333	0.00000040	0.00000002	-0.05454775
18.33506333	0.00000040	0.00000002	-0.05454031
18.33756332	0.00000040	0.00000002	-0.05453287
18.34006332	0.00000040	0.00000002	-0.05452544
18.34256331	0.00000040	0.00000002	-0.05451801
18.34506331	0.00000040	0.00000002	-0.05451058
18.34756330	0.00000039	0.00000002	-0.05450315
18.35006330	0.00000039	0.00000002	-0.05449572
18.35256329	0.00000039	0.00000002	-0.05448830
18.35506329	0.00000039	0.00000002	-0.05448088
18.35756328	0.00000039	0.00000002	-0.05447346
18.36006328	0.00000039	0.00000002	-0.05446604
18.36256327	0.00000039	0.00000002	-0.05445863
18.36506327	0.00000039	0.00000002	-0.05445121
18.36756326	0.00000039	0.00000002	-0.05444380
18.37006326	0.00000039	0.00000002	-0.05443639
18.37256325	0.00000039	0.00000002	-0.05442899
18.37506325	0.00000038	0.00000002	-0.05442158
18.37756324	0.00000038	0.00000002	-0.05441418
18.38006324	0.00000038	0.00000002	-0.05440678
18.38256323	0.00000038	0.00000002	-0.05439938
18.38506323	0.00000038	0.00000002	-0.05439198
18.38756322	0.00000038	0.00000002	-0.05438459
18.39006322	0.00000038	0.00000002	-0.05437719
18.39256321	0.00000038	0.00000002	-0.05436980
18.39506321	0.00000038	0.00000002	-0.05436241
18.39756320	0.00000038	0.00000002	-0.05435502
18.40006320	0.00000038	0.00000002	-0.05434764
18.40256319	0.00000037	0.00000002	-0.05434026
18.40506319	0.00000037	0.00000002	-0.05433288
18.40756318	0.00000037	0.00000002	-0.05432550
18.41006318	0.00000037	0.00000002	-0.05431812
18.41256317	0.00000037	0.00000002	-0.05431074
18.41506317	0.00000037	0.00000002	-0.05430337
18.41756316	0.00000037	0.00000002	-0.05429600
18.42006316	0.00000037	0.00000002	-0.05428863
18.42256315	0.00000037	0.00000002	-0.05428126
18.42506315	0.00000037	0.00000002	-0.05427390
18.42756314	0.00000037	0.00000002	-0.05426653
18.43006314	0.00000037	0.00000002	-0.05425917
18.43256313	0.00000036	0.00000002	-0.05425181
18.43506313	0.00000036	0.00000002	-0.05424446
18.43756312	0.00000036	0.00000002	-0.05423710
18.44006312	0.00000036	0.00000002	-0.05422975
18.44256311	0.00000036	0.00000002	-0.05422240
18.44506311	0.00000036	0.00000002	-0.05421505
18.44756310	0.00000036	0.00000002	-0.05420770
18.45006310	0.00000036	0.00000002	-0.05420036
18.45256309	0.00000036	0.00000002	-0.05419301
18.45506309	0.00000036	0.00000002	-0.05418567
18.45756308	0.00000036	0.00000002	-0.05417833
18.46006308	0.00000035	0.00000002	-0.05417100
18.46256307	0.00000035	0.00000002	-0.05416366
18.46506307	0.00000035	0.00000002	-0.05415633
18.46756306	0.00000035	0.00000002	-0.05414900
18.47006306	0.00000035	0.00000002	-0.05414167
18.47256305	0.00000035	0.00000002	-0.05413434
18.47506305	0.00000035	0.00000002	-0.05412701
18.47756304	0.00000035	0.00000002	-0.05411969
18.48006304	0.00000035	0.00000002	-0.05411237
18.48256303	0.00000035	0.00000002	-0.05410505
18.48506303	0.00000035	0.00000002	-0.05409773
18.48756302	0.00000035	0.00000002	-0.05409042
18.49006302	0.00000035	0.00000002	-0.05408310
18.49256301	0.00000034	0.00000002	-0.05407579
18.49506301	0.00000034	0.00000002	-0.05406848
18.49756300	0.00000034	0.00000002	-0.05406118
18.50006300	0.00000034	0.00000002	-0.05405387
18.50256299	0.00000034	0.00000002	-0.05404657
18.50506299	0.00000034	0.00000002	-0.05403926
18.50756298	0.00000034	0.00000002	-0.05403197
18.51006298	0.00000034	0.00000002	-0.05402467
18.51256297	0.00000034	0.00000002	-0.05401737
18.51506297	0.00000034	0.00000002	-0.05401008
18.51756296	0.00000034	0.00000002	-0.05400279
18.52006296	0.00000034	0.00000002	-0.05399550
18.52256295	0.00000033	0.00000002	-0.05398821
18.52506295	0.00000033	0.00000002	-0.05398092
18.52756294	0.00000033	0.00000002	-0.05397364
18.53006294	0.00000033	0.00000002	-0.05396636
18.53256293	0.00000033	0.00000002	-0.05395908
18.53506293	0.00000033	0.00000002	-0.05395180
18.53756292	0.00000033	0.00000002	-0.05394452
18.54006292	0.00000033	0.00000002	-0.05393725
18.54256291	0.00000033	0.00000002	-0.05392998
18.54506291	0.00000033	0.00000002	-0.05392271
18.54756290	0.00000033	0.00000002	-0.05391544
18.55006290	0.00000033	0.00000002	-0.05390817
18.55256289	0.00000033	0.00000002	-0.05390091
18.55506289	0.00000032	0.00000002	-0.05389365
18.55756288	0.00000032	0.00000002	-0.05388639
18.56006288	0.00000032	0.00000002	-0.05387913
18.56256287	0.00000032	0.00000002	-0.05387187
18.56506287	0.00000032	0.00000002	-0.05386462
18.56756286	0.00000032	0.00000002	-0.05385736
18.57006286	0.00000032	0.00000002	-0.05385011
18.57256285	0.00000032	0.00000002	-0.05384287
18.57506285	0.00000032	0.00000002	-0.05383562
18.57756284	0.00000032	0.00000002	-0.05382837
18.58006284	0.00000032	0.00000002	-0.05382113
18.58256283	0.00000032	0.00000002	-0.05381389
18.58506283	0.00000032	0.00000002	-0.05380665
18.58756282	0.00000031	0.00000002	-0.05379941
18.59006282	0.00000031	0.00000002	-0.05379218
18.59256281	0.00000031	0.00000002	-0.05378495
18.59506281	0.00000031	0.00000002	-0.05377772
18.59756280	0.00000031	0.00000002	-0.05377049
18.60006280	0.00000031	0.00000002	-0.05376326
18.60256279	0.00000031	0.00000002	-0.05375603
18.60506279	0.00000031	0.00000002	-0.05374881
18.60756278	0.00000031	0.00000002	-0.05374159
18.61006278	0.00000031	0.00000002	-0.05373437
18.61256277	0.00000031	0.00000002	-0.05372715
18.61506277	0.00000031	0.00000002	-0.05371994
18.61756276	0.00000031	0.00000002	-0.05371272
18.62006276	0.00000031	0.00000002	-0.05370551
18.62256275	0.00000030	0.00000002	-0.05369830
18.62506275	0.00000030	0.00000002	-0.05369109
18.62756274	0.00000030	0.00000002	-0.05368389
18.63006274	0.00000030	0.00000002	-0.05367668
18.63256273	0.00000030	0.00000002	-0.05366948
18.63506273	0.00000030	0.00000002	-0.05366228
18.63756272	0.00000030	0.00000002	-0.05365508
18.64006272	0.00000030	0.00000002	-0.05364789
18.64256271	0.00000030	0.00000002	-0.05364069
18.64506271	0.00000030	0.00000002	-0.05363350
18.64756270	0.00000030	0.00000002	-0.05362631
18.65006270	0.00000030	0.00000002	-0.05361912
18.65256269	0.00000030	0.00000002	-0.05361194
18.65506269	0.00000030	0.00000002	-0.05360475
18.65756268	0.00000029	0.00000002	-0.05359757
18.66006268	0.00000029	0.00000002	-0.05359039
18.66256267	0.00000029	0.00000002	-0.05358321
18.66506267	0.00000029	0.00000002	-0.05357603
18.66756266	0.00000029	0.00000002	-0.05356886
18.67006266	0.00000029	0.00000002	-0.05356168
18.67256265	0.00000029	0.00000002	-0.05355451
18.67506265	0.00000029	0.00000002	-0.05354734
18.67756264	0.00000029	0.00000002	-0.05354018
18.68006264	0.00000029	0.00000002	-0.05353301
18.68256263	0.00000029	0.00000002	-0.05352585
18.68506263	0.00000029	0.00000002	-0.05351869
18.68756262	0.00000029	0.00000002	-0.05351153
18.69006262	0.00000029	0.00000002	-0.05350437
18.69256261	0.00000028	0.00000002	-0.05349721
18.69506261	0.00000028	0.00000002	-0.05349006
18.69756260	0.00000028	0.00000002	-0.05348291
18.70006260	0.00000028	0.00000002	-0.05347576
18.70256259	0.00000028	0.00000002	-0.05346861
18.70506259	0.00000028	0.00000002	-0.05346146
18.70756258	0.00000028	0.00000002	-0.05345432
18.71006258	0.00000028	0.00000001	-0.05344718
18.71256257	0.00000028	0.00000001	-0.05344004
18.71506257	0.00000028	0.00000001	-0.05343290
18.71756256	0.00000028	0.00000001	-0.05342576
18.72006256	0.00000028	0.00000001	-0.05341862
18.72256255	0.00000028	0.00000001	-0.05341149
18.72506255	0.00000028	0.00000001	-0.05340436
18.72756254	0.00000028	0.00000001	-0.05339723
18.73006254	0.00000027	0.00000001	-0.05339010
18.73256253	0.00000027	0.00000001	-0.05338298
18.73506253	0.00000027	0.00000001	-0.05337586
18.73756252	0.00000027	0.00000001	-0.05336873
18.74006252	0.00000027	0.00000001	-0.05336161
18.74256251	0.00000027	0.00000001	-0.05335450
18.74506251	0.00000027	0.00000001	-0.05334738
18.74756250	0.00000027	0.00000001	-0.05334027
18.75006250	0.00000027	0.00000001	-0.05333316
18.75256249	0.00000027	0.00000001	-0.05332605
18.75506249	0.00000027	0.00000001	-0.05331894
18.75756248	0.00000027	0.00000001	-0.05331183
18.76006248	0.00000027	0.00000001	-0.05330473
18.76256247	0.00000027	0.00000001	-0.05329762
18.76506247	0.00000027	0.00000001	-0.05329052
18.76756246	0.00000027	0.00000001	-0.05328342
18.77006246	0.00000026	0.00000001	-0.05327633
18.77256245	0.00000026	0.00000001	-0.05326923
18.77506245	0.00000026	0.00000001	-0.05326214
18.77756244	0.00000026	0.00000001	-0.05325505
18.78006244	0.00000026	0.00000001	-0.05324796
18.78256243	0.00000026	0.00000001	-0.05324087
18.78506243	0.00000026	0.00000001	-0.05323379
18.78756242	0.00000026	0.00000001	-0.05322670
18.79006242	0.00000026	0.00000001	-0.05321962
18.79256241	0.00000026	0.00000001	-0.05321254
18.79506241	0.00000026	0.00000001	-0.05320546
18.79756240	0.00000026	0.00000001	-0.05319839
18.80006240	0.00000026	0.00000001	-0.05319131
18.80256239	0.00000026	0.00000001	-0.05318424
18.80506239	0.00000026	0.00000001	-0.05317717
18.80756238	0.00000026	0.00000001	-0.05317010
18.81006238	0.00000025	0.00000001	-0.05316303
18.81256237	0.00000025	0.00000001	-0.05315597
18.81506237	0.00000025	0.00000001	-0.05314891
18.81756236	0.00000025	0.00000001	-0.05314185
18.82006236	0.00000025	0.00000001	-0.05313479
18.82256235	0.00000025	0.00000001	-0.05312773
18.82506235	0.00000025	0.00000001	-0.05312067
18.82756234	0.00000025	0.00000001	-0.05311362
18.83006234	0.00000025	0.00000001	-0.05310657
18.83256233	0.00000025	0.00000001	-0.05309952
18.83506233	0.00000025	0.00000001	-0.05309247
18.83756232	0.00000025	0.00000001	-0.05308542
18.84006232	0.00000025	0.00000001	-0.05307838
18.84256231	0.00000025	0.00000001	-0.05307134
18.84506231	0.00000025	0.00000001	-0.05306430
18.84756230	0.00000025	0.00000001	-0.05305726
18.85006230	0.00000025	0.00000001	-0.05305022
18.85256229	0.00000024	0.00000001	-0.05304319
18.85506229	0.00000024	0.00000001	-0.05303615
18.85756228	0.00000024	0.00000001	-0.05302912
18.86006228	0.00000024	0.00000001	-0.05302209
18.86256227	0.00000024	0.00000001	-0.05301507
18.86506227	0.00000024	0.00000001	-0.05300804
18.86756226	0.00000024	0.00000001	-0.05300102
18.87006226	0.00000024	0.00000001	-0.05299400
18.87256225	0.00000024	0.00000001	-0.05298698
18.87506225	0.00000024	0.00000001	-0.05297996
18.87756224	0.00000024	0.00000001	-0.05297294
18.88006224	0.00000024	0.00000001	-0.05296593
18.88256223	0.00000024	0.00000001	-0.05295891
18.88506223	0.00000024	0.00000001	-0.05295190
18.88756222	0.00000024	0.00000001	-0.05294490
18.89006222	0.00000024	0.00000001	-0.05293789
18.89256221	0.00000024	0.00000001	-0.05293088
18.89506221	0.00000024	0.00000001	-0.05292388
18.89756220	0.00000023	0.00000001	-0.05291688
18.90006220	0.00000023	0.00000001	-0.05290988
18.90256219	0.00000023	0.00000001	-0.05290288
18.90506219	0.00000023	0.00000001	-0.05289589
18.90756218	0.00000023	0.00000001	-0.05288889
18.91006218	0.00000023	0.00000001	-0.05288190
18.91256217	0.00000023	0.00000001	-0.05287491
18.91506217	0.00000023	0.00000001	-0.05286792
18.91756216	0.00000023	0.00000001	-0.05286093
18.92006216	0.00000023	0.00000001	-0.05285395
18.92256215	0.00000023	0.00000001	-0.05284697
18.92506215	0.00000023	0.00000001	-0.05283998
18.92756214	0.00000023	0.00000001	-0.05283301
18.93006214	0.00000023	0.00000001	-0.05282603
18.93256213	0.00000023	0.00000001	-0.05281905
18.93506213	0.00000023	0.00000001	-0.05281208
18.93756212	0.00000023	0.00000001	-0.05280511
18.94006212	0.00000023	0.00000001	-0.05279814
18.94256211	0.00000022	0.00000001	-0.05279117
18.94506211	0.00000022	0.00000001	-0.05278420
18.94756210	0.00000022	0.00000001	-0.05277724
18.95006210	0.00000022	0.00000001	-0.05277028
18.95256209	0.00000022	0.00000001	-0.05276331
18.95506209	0.00000022	0.00000001	-0.05275636
18.95756208	0.00000022	0.00000001	-0.05274940
18.96006208	0.00000022	0.00000001	-0.05274244
18.96256207	0.00000022	0.00000001	-0.05273549
18.96506207	0.00000022	0.00000001	-0.05272854
18.96756206	0.00000022	0.00000001	-0.05272159
18.97006206	0.00000022	0.00000001	-0.05271464
18.97256205	0.00000022	0.00000001	-0.05270769
18.97506205	0.00000022	0.00000001	-0.05270075
18.97756204	0.00000022	0.00000001	-0.05269381
18.98006204	0.00000022	0.00000001	-0.05268687
18.98256203	0.00000022	0.00000001	-0.05267993
18.98506203	0.00000022	0.00000001	-0.05267299
18.98756202	0.00000022	0.00000001	-0.05266606
18.99006202	0.00000021	0.00000001	-0.05265912
18.99256201	0.00000021	0.00000001	-0.05265219
18.99506201	0.00000021	0.00000001	-0.05264526
18.99756200	0.00000021	0.00000001	-0.05263833
19.00006200	0.00000021	0.00000001	-0.05263141
19.00256199	0.00000021	0.00000001	-0.05262448
19.00506199	0.00000021	0.00000001	-0.05261756
19.00756198	0.00000021	0.00000001	-0.05261064
19.01006198	0.00000021	0.00000001	-0.05260372
19.01256197	0.00000021	0.00000001	-0.05259680
19.01506197	0.00000021	0.00000001	-0.05258989
19.01756196	0.00000021	0.00000001	-0.05258298
19.02006196	0.00000021	0.00000001	-0.05257606
19.02256195	0.00000021	0.00000001	-0.05256915
19.02506195	0.00000021	0.00000001	-0.05256225
19.02756194	0.00000021	0.00000001	-0.05255534
19.03006194	0.00000021	0.00000001	-0.05254844
19.03256193	0.00000021	0.00000001	-0.05254153
19.03506193	0.00000021	0.00000001	-0.05253463
19.03756192	0.00000021	0.00000001	-0.05252773
19.04006192	0.00000020	0.00000001	-0.05252084
19.04256191	0.00000020	0.00000001	-0.05251394
19.04506191	0.00000020	0.00000001	-0.05250705
19.04756190	0.00000020	0.00000001	-0.05250016
19.05006190	0.00000020	0.00000001	-0.05249327
19.05256189	0.00000020	0.00000001	-0.05248638
19.05506189	0.00000020	0.00000001	-0.05247949
19.05756188	0.00000020	0.00000001	-0.05247261
19.06006188	0.00000020	0.00000001	-0.05246573
19.06256187	0.00000020	0.00000001	-0.05245885
19.06506187	0.00000020	0.00000001	-0.05245197
19.06756186	0.00000020	0.00000001	-0.05244509
19.07006186	0.00000020	0.00000001	-0.05243821
19.07256185	0.00000020	0.00000001	-0.05243134
19.07506185	0.00000020	0.00000001	-0.05242447
19.07756184	0.00000020	0.00000001	-0.05241760
19.08006184	0.00000020	0.00000001	-0.05241073
19.08256183	0.00000020	0.00000001	-0.05240387
19.08506183	0.00000020	0.00000001	-0.05239700
19.08756182	0.00000020	0.00000001	-0.05239014
19.09006182	0.00000020	0.00000001	-0.05238328
19.09256181	0.00000020	0.00000001	-0.05237642
19.09506181	0.00000019	0.00000001	-0.05236956
19.09756180	0.00000019	0.00000001	-0.05236271
19.10006180	0.00000019	0.00000001	-0.05235585
19.10256179	0.00000019	0.00000001	-0.05234900
19.10506179	0.00000019	0.00000001	-0.05234215
19.10756178	0.00000019	0.00000001	-0.05233530
19.11006178	0.00000019	0.00000001	-0.05232845
19.11256177	0.00000019	0.00000001	-0.05232161
19.11506177	0.00000019	0.00000001	-0.05231477
19.11756176	0.00000019	0.00000001	-0.05230793
19.12006176	0.00000019	0.00000001	-0.05230109
19.12256175	0.00000019	0.00000001	-0.05229425
19.12506175	0.00000019	0.00000001	-0.05228741
19.12756174	0.00000019	0.00000001	-0.05228058
19.13006174	0.00000019	0.00000001	-0.05227375
19.13256173	0.00000019	0.00000001	-0.05226692
19.13506173	0.00000019	0.00000001	-0.05226009
19.13756172	0.00000019	0.00000001	-0.05225326
19.14006172	0.00000019	0.00000001	-0.05224644
19.14256171	0.00000019	0.00000001	-0.05223961
19.14506171	0.00000019	0.00000001	-0.05223279
19.14756170	0.00000019	0.00000001	-0.05222597
19.15006170	0.00000018	0.00000001	-0.05221915
19.15256169	0.00000018	0.00000001	-0.05221234
19.15506169	0.00000018	0.00000001	-0.05220552
19.15756168	0.00000018	0.00000001	-0.05219871
19.16006168	0.00000018	0.00000001	-0.05219190
19.16256167	0.00000018	0.00000001	-0.05218509
19.16506167	0.00000018	0.00000001	-0.05217828
19.16756166	0.00000018	0.00000001	-0.05217148
19.17006166	0.00000018	0.00000001	-0.05216467
19.17256165	0.00000018	0.00000001	-0.05215787
19.17506165	0.00000018	0.00000001	-0.05215107
19.17756164	0.00000018	0.00000001	-0.05214427
19.18006164	0.00000018	0.00000001	-0.05213748
19.18256163	0.00000018	0.00000001	-0.05213068
19.18506163	0.00000018	0.00000001	-0.05212389
19.18756162	0.00000018	0.00000001	-0.05211710
19.19006162	0.00000018	0.00000001	-0.05211031
19.19256161	0.00000018	0.00000001	-0.05210352
19.19506161	0.00000018	0.00000001	-0.05209673
19.19756160	0.00000018	0.00000001	-0.05208995
19.20006160	0.00000018	0.00000001	-0.05208317
19.20256159	0.00000018	0.00000001	-0.05207639
19.20506159	0.00000018	0.00000001	-0.05206961
19.20756158	0.00000017	0.00000001	-0.05206283
19.21006158	0.00000017	0.00000001	-0.05205605
19.21256157	0.00000017	0.00000001	-0.05204928
19.21506157	0.00000017	0.00000001	-0.05204251
19.21756156	0.00000017	0.00000001	-0.05203574
19.22006156	0.00000017	0.00000001	-0.05202897
19.22256155	0.00000017	0.00000001	-0.05202220
19.22506155	0.00000017	0.00000001	-0.05201544
19.22756154	0.00000017	0.00000001	-0.05200868
19.23006154	0.00000017	0.00000001	-0.05200191
19.23256153	0.00000017	0.00000001	-0.05199515
19.23506153	0.00000017	0.00000001	-0.05198840
19.23756152	0.00000017	0.00000001	-0.05198164
19.24006152	0.00000017	0.00000001	-0.05197489
19.24256151	0.00000017	0.00000001	-0.05196813
19.24506151	0.00000017	0.00000001	-0.05196138
19.24756150	0.00000017	0.00000001	-0.05195463
19.25006150	0.00000017	0.00000001	-0.05194789
19.25256149	0.00000017	0.00000001	-0.05194114
19.25506149	0.00000017	0.00000001	-0.05193440
19.25756148	0.00000017	0.00000001	-0.05192765
19.26006148	0.00000017	0.00000001	-0.05192091
19.26256147	0.00000017	0.00000001	-0.05191418
19.26506147	0.00000017	0.00000001	-0.05190744
19.26756146	0.00000017	0.00000001	-0.05190070
19.27006146	0.00000016	0.00000001	-0.05189397
19.27256145	0.00000016	0.00000001	-0.05188724
19.27506145	0.00000016	0.00000001	-0.05188051
19.27756144	0.00000016	0.00000001	-0.05187378
19.28006144	0.00000016	0.00000001	-0.05186705
19.28256143	0.00000016	0.00000001	-0.05186033
19.28506143	0.00000016	0.00000001	-0.05185361
19.28756142	0.00000016	0.00000001	-0.05184689
19.29006142	0.00000016	0.00000001	-0.05184017
19.29256141	0.00000016	0.00000001	-0.05183345
19.29506141	0.00000016	0.00000001	-0.05182673
19.29756140	0.00000016	0.00000001	-0.05182002
19.30006140	0.00000016	0.00000001	-0.05181331
19.30256139	0.00000016	0.00000001	-0.05180660
19.30506139	0.00000016	0.00000001	-0.05179989
19.30756138	0.00000016	0.00000001	-0.05179318
19.31006138	0.00000016	0.00000001	-0.05178647
19.31256137	0.00000016	0.00000001	-0.05177977
19.31506137	0.00000016	0.00000001	-0.05177307
19.31756136	0.00000016	0.00000001	-0.05176637
19.32006136	0.00000016	0.00000001	-0.05175967
19.32256135	0.00000016	0.00000001	-0.05175297
19.32506135	0.00000016	0.00000001	-0.05174628
19.32756134	0.00000016	0.00000001	-0.05173958
19.33006134	0.00000016	0.00000001	-0.05173289
19.33256133	0.00000016	0.00000001	-0.05172620
19.33506133	0.00000015	0.00000001	-0.05171952
19.33756132	0.00000015	0.00000001	-0.05171283
19.34006132	0.00000015	0.00000001	-0.05170614
19.34256131	0.00000015	0.00000001	-0.05169946
19.34506131	0.00000015	0.00000001	-0.05169278
19.34756130	0.00000015	0.00000001	-0.05168610
19.35006130	0.00000015	0.00000001	-0.05167942
19.35256129	0.00000015	0.00000001	-0.05167275
19.35506129	0.00000015	0.00000001	-0.05166607
19.35756128	0.00000015	0.00000001	-0.05165940
19.36006128	0.00000015	0.00000001	-0.05165273
19.36256127	0.00000015	0.00000001	-0.05164606
19.36506127	0.00000015	0.00000001	-0.05163939
19.36756126	0.00000015	0.00000001	-0.05163273
19.37006126	0.00000015	0.00000001	-0.05162606
19.37256125	0.00000015	0.00000001	-0.05161940
19.37506125	0.00000015	0.00000001	-0.05161274
19.37756124	0.00000015	0.00000001	-0.05160608
19.38006124	0.00000015	0.00000001	-0.05159942
19.38256123	0.00000015	0.00000001	-0.05159277
19.38506123	0.00000015	0.00000001	-0.05158612
19.38756122	0.00000015	0.00000001	-0.05157946
19.39006122	0.00000015	0.00000001	-0.05157281
19.39256121	0.00000015	0.00000001	-0.05156616
19.39506121	0.00000015	0.00000001	-0.05155952
19.39756120	0.00000015	0.00000001	-0.05155287
19.40006120	0.00000015	0.00000001	-0.05154623
19.40256119	0.00000015	0.00000001	-0.05153959
19.40506119	0.00000015	0.00000001	-0.05153295
19.40756118	0.00000014	0.00000001	-0.05152631
19.41006118	0.00000014	0.00000001	-0.05151967
19.41256117	0.00000014	0.00000001	-0.05151304
19.41506117	0.00000014	0.00000001	-0.05150640
19.41756116	0.00000014	0.00000001	-0.05149977
19.42006116	0.00000014	0.00000001	-0.05149314
19.42256115	0.00000014	0.00000001	-0.05148652
19.42506115	0.00000014	0.00000001	-0.05147989
19.42756114	0.00000014	0.00000001	-0.05147326
19.43006114	0.00000014	0.00000001	-0.05146664
19.43256113	0.00000014	0.00000001	-0.05146002
19.43506113	0.00000014	0.00000001	-0.05145340
19.43756112	0.00000014	0.00000001	-0.05144678
19.44006112	0.00000014	0.00000001	-0.05144017
19.44256111	0.00000014	0.00000001	-0.05143355
19.44506111	0.00000014	0.00000001	-0.05142694
19.44756110	0.00000014	0.00000001	-0.05142033
19.45006110	0.00000014	0.00000001	-0.05141372
19.45256109	0.00000014	0.00000001	-0.05140711
19.45506109	0.00000014	0.00000001	-0.05140051
19.45756108	0.00000014	0.00000001	-0.05139390
19.46006108	0.00000014	0.00000001	-0.05138730
19.46256107	0.00000014	0.00000001	-0.05138070
19.46506107	0.00000014	0.00000001	-0.05137410
19.46756106	0.00000014	0.00000001	-0.05136750
19.47006106	0.00000014	0.00000001	-0.05136091
19.47256105	0.00000014	0.00000001	-0.05135431
19.47506105	0.00000014	0.00000001	-0.05134772
19.47756104	0.00000014	0.00000001	-0.05134113
19.48006104	0.00000014	0.00000001	-0.05133454
19.48256103	0.00000013	0.00000001	-0.05132795
19.48506103	0.00000013	0.00000001	-0.05132137
19.48756102	0.00000013	0.00000001	-0.05131478
19.49006102	0.00000013	0.00000001	-0.05130820
19.49256101	0.00000013	0.00000001	-0.05130162
19.49506101	0.00000013	0.00000001	-0.05129504
19.49756100	0.00000013	0.00000001	-0.05128847
19.50006100	0.00000013	0.00000001	-0.05128189
19.50256099	0.00000013	0.00000001	-0.05127532
19.50506099	0.00000013	0.00000001	-0.05126875
19.50756098	0.00000013	0.00000001	-0.05126217
19.51006098	0.00000013	0.00000001	-0.05125561
19.51256097	0.00000013	0.00000001	-0.05124904
19.51506097	0.00000013	0.00000001	-0.05124247
19.51756096	0.00000013	0.00000001	-0.05123591
19.52006096	0.00000013	0.00000001	-0.05122935
19.52256095	0.00000013	0.00000001	-0.05122279
19.52506095	0.00000013	0.00000001	-0.05121623
19.52756094	0.00000013	0.00000001	-0.05120967
19.53006094	0.00000013	0.00000001	-0.05120312
19.53256093	0.00000013	0.00000001	-0.05119656
19.53506093	0.00000013	0.00000001	-0.05119001
19.53756092	0.00000013	0.00000001	-0.05118346
19.54006092	0.00000013	0.00000001	-0.05117691
19.54256091	0.00000013	0.00000001	-0.05117037
19.54506091	0.00000013	0.00000001	-0.05116382
19.54756090	0.00000013	0.00000001	-0.05115728
19.55006090	0.00000013	0.00000001	-0.05115074
19.55256089	0.00000013	0.00000001	-0.05114420
19.55506089	0.00000013	0.00000001	-0.05113766
19.55756088	0.00000013	0.00000001	-0.05113112
19.56006088	0.00000013	0.00000001	-0.05112459
19.56256087	0.00000012	0.00000001	-0.05111805
19.56506087	0.00000012	0.00000001	-0.05111152
19.56756086	0.00000012	0.00000001	-0.05110499
19.57006086	0.00000012	0.00000001	-0.05109846
19.57256085	0.00000012	0.00000001	-0.05109193
19.57506085	0.00000012	0.00000001	-0.05108541
19.57756084	0.00000012	0.00000001	-0.05107889
19.58006084	0.00000012	0.00000001	-0.05107236
19.58256083	0.00000012	0.00000001	-0.05106584
19.58506083	0.00000012	0.00000001	-0.05105933
19.58756082	0.00000012	0.00000001	-0.05105281
19.59006082	0.00000012	0.00000001	-0.05104629
19.59256081	0.00000012	0.00000001	-0.05103978
19.59506081	0.00000012	0.00000001	-0.05103327
19.59756080	0.00000012	0.00000001	-0.05102676
19.60006080	0.00000012	0.00000001	-0.05102025
19.60256079	0.00000012	0.00000001	-0.05101374
19.60506079	0.00000012	0.00000001	-0.05100724
19.60756078	0.00000012	0.00000001	-0.05100073
19.61006078	0.00000012	0.00000001	-0.05099423
19.61256077	0.00000012	0.00000001	-0.05098773
19.61506077	0.00000012	0.00000001	-0.05098123
19.61756076	0.00000012	0.00000001	-0.05097474
19.62006076	0.00000012	0.00000001	-0.05096824
19.62256075	0.00000012	0.00000001	-0.05096175
19.62506075	0.00000012	0.00000001	-0.05095526
19.62756074	0.00000012	0.00000001	-0.05094877
19.63006074	0.00000012	0.00000001	-0.05094228
19.63256073	0.00000012	0.00000001	-0.05093579
19.63506073	0.00000012	0.00000001	-0.05092931
19.63756072	0.00000012	0.00000001	-0.05092282
19.64006072	0.00000012	0.00000001	-0.05091634
19.64256071	0.00000012	0.00000001	-0.05090986
19.64506071	0.00000012	0.00000001	-0.05090338
19.64756070	0.00000012	0.00000001	-0.05089690
19.65006070	0.00000011	0.00000001	-0.05089043
19.65256069	0.00000011	0.00000001	-0.05088395
19.65506069	0.00000011	0.00000001	-0.05087748
19.65756068	0.00000011	0.00000001	-0.05087101
19.66006068	0.00000011	0.00000001	-0.05086454
19.66256067	0.00000011	0.00000001	-0.05085808
19.66506067	0.00000011	0.00000001	-0.05085161
19.66756066	0.00000011	0.00000001	-0.05084515
19.67006066	0.00000011	0.00000001	-0.05083868
19.67256065	0.00000011	0.00000001	-0.05083222
19.67506065	0.00000011	0.00000001	-0.05082576
19.67756064	0.00000011	0.00000001	-0.05081931
19.68006064	0.00000011	0.00000001	-0.05081285
19.68256063	0.00000011	0.00000001	-0.05080640
19.68506063	0.00000011	0.00000001	-0.05079995
19.68756062	0.00000011	0.00000001	-0.05079349
19.69006062	0.00000011	0.00000001	-0.05078705
19.69256061	0.00000011	0.00000001	-0.05078060
19.69506061	0.00000011	0.00000001	-0.05077415
19.69756060	0.00000011	0.00000001	-0.05076771
19.70006060	0.00000011	0.00000001	-0.05076127
19.70256059	0.00000011	0.00000001	-0.05075482
19.70506059	0.00000011	0.00000001	-0.05074838
19.70756058	0.00000011	0.00000001	-0.05074195
19.71006058	0.00000011	0.00000001	-0.05073551
19.71256057	0.00000011	0.00000001	-0.05072908
19.71506057	0.00000011	0.00000001	-0.05072264
19.71756056	0.00000011	0.00000001	-0.05071621
19.72006056	0.00000011	0.00000001	-0.05070978
19.72256055	0.00000011	0.00000001	-0.05070336
19.72506055	0.00000011	0.00000001	-0.05069693
19.72756054	0.00000011	0.00000001	-0.05069050
19.73006054	0.00000011	0.00000001	-0.05068408
19.73256053	0.00000011	0.00000001	-0.05067766
19.73506053	0.00000011	0.00000001	-0.05067124
19.73756052	0.00000011	0.00000001	-0.05066482
19.74006052	0.00000011	0.00000001	-0.05065841
19.74256051	0.00000011	0.00000001	-0.05065199
19.74506051	0.00000011	0.00000001	-0.05064558
19.74756050	0.00000010	0.00000001	-0.05063917
19.75006050	0.00000010	0.00000001	-0.05063276
19.75256049	0.00000010	0.00000001	-0.05062635
19.75506049	0.00000010	0.00000001	-0.05061994
19.75756048	0.00000010	0.00000001	-0.05061354
19.76006048	0.00000010	0.00000001	-0.05060713
19.76256047	0.00000010	0.00000001	-0.05060073
19.76506047	0.00000010	0.00000001	-0.05059433
19.76756046	0.00000010	0.00000001	-0.05058793
19.77006046	0.00000010	0.00000001	-0.05058153
19.77256045	0.00000010	0.00000001	-0.05057514
19.77506045	0.00000010	0.00000001	-0.05056875
19.77756044	0.00000010	0.00000001	-0.05056235
19.78006044	0.00000010	0.00000001	-0.05055596
19.78256043	0.00000010	0.00000001	-0.05054957
19.78506043	0.00000010	0.00000001	-0.05054319
19.78756042	0.00000010	0.00000001	-0.05053680
19.79006042	0.00000010	0.00000001	-0.05053042
19.79256041	0.00000010	0.00000001	-0.05052403
19.79506041	0.00000010	0.00000001	-0.05051765
19.79756040	0.00000010	0.00000001	-0.05051127
19.80006040	0.00000010	0.00000001	-0.05050490
19.80256039	0.00000010	0.00000001	-0.05049852
19.80506039	0.00000010	0.00000001	-0.05049215
19.80756038	0.00000010	0.00000000	-0.05048577
19.81006038	0.00000010	0.00000000	-0.05047940
19.81256037	0.00000010	0.00000000	-0.05047303
19.81506037	0.00000010	0.00000000	-0.05046666
19.81756036	0.00000010	0.00000000	-0.05046030
19.82006036	0.00000010	0.00000000	-0.05045393
19.82256035	0.00000010	0.00000000	-0.05044757
19.82506035	0.00000010	0.00000000	-0.05044121
19.82756034	0.00000010	0.00000000	-0.05043485
19.83006034	0.00000010	0.00000000	-0.05042849
19.83256033	0.00000010	0.00000000	-0.05042213
19.83506033	0.00000010	0.00000000	-0.05041578
19.83756032	0.00000010	0.00000000	-0.05040942
19.84006032	0.00000010	0.00000000	-0.05040307
19.84256031	0.00000010	0.00000000	-0.05039672
19.84506031	0.00000010	0.00000000	-0.05039037
19.84756030	0.00000010	0.00000000	-0.05038403
19.85006030	0.00000010	0.00000000	-0.05037768
19.85256029	0.00000009	0.00000000	-0.05037134
19.85506029	0.00000009	0.00000000	-0.05036499
19.85756028	0.00000009	0.00000000	-0.05035865
19.86006028	0.00000009	0.00000000	-0.05035231
19.86256027	0.00000009	0.00000000	-0.05034598
19.86506027	0.00000009	0.00000000	-0.05033964
19.86756026	0.00000009	0.00000000	-0.05033331
19.87006026	0.00000009	0.00000000	-0.05032697
19.87256025	0.00000009	0.00000000	-0.05032064
19.87506025	0.00000009	0.00000000	-0.05031431
19.87756024	0.00000009	0.00000000	-0.05030798
19.88006024	0.00000009	0.00000000	-0.05030166
19.88256023	0.00000009	0.00000000	-0.05029533
19.88506023	0.00000009	0.00000000	-0.05028901
19.88756022	0.00000009	0.00000000	-0.05028269
19.89006022	0.00000009	0.00000000	-0.05027637
19.89256021	0.00000009	0.00000000	-0.05027005
19.89506021	0.00000009	0.00000000	-0.05026373
19.89756020	0.00000009	0.00000000	-0.05025742
19.90006020	0.00000009	0.00000000	-0.05025110
19.90256019	0.00000009	0.00000000	-0.05024479
19.90506019	0.00000009	0.00000000	-0.05023848
19.90756018	0.00000009	0.00000000	-0.05023217
19.91006018	0.00000009	0.00000000	-0.05022587
19.91256017	0.00000009	0.00000000	-0.05021956
19.91506017	0.00000009	0.00000000	-0.05021326
19.91756016	0.00000009	0.00000000	-0.05020695
19.92006016	0.00000009	0.00000000	-0.05020065
19.92256015	0.00000009	0.00000000	-0.05019435
19.92506015	0.00000009	0.00000000	-0.05018805
19.92756014	0.00000009	0.00000000	-0.05018176
19.93006014	0.00000009	0.00000000	-0.05017546
19.93256013	0.00000009	0.00000000	-0.05016917
19.93506013	0.00000009	0.00000000	-0.05016288
19.93756012	0.00000009	0.00000000	-0.05015659
19.94006012	0.00000009	0.00000000	-0.05015030
19.94256011	0.00000009	0.00000000	-0.05014401
19.94506011	0.00000009	0.00000000	-0.05013773
19.94756010	0.00000009	0.00000000	-0.05013144
19.95006010	0.00000009	0.00000000	-0.05012516
19.95256009	0.00000009	0.00000000	-0.05011888
19.95506009	0.00000009	0.00000000	-0.05011260
19.95756008	0.00000009	0.00000000	-0.05010633
19.96006008	0.00000009	0.00000000	-0.05010005
19.96256007	0.00000009	0.00000000	-0.05009378
19.96506007	0.00000009	0.00000000	-0.05008750
19.96756006	0.00000009	0.00000000	-0.05008123
19.97006006	0.00000008	0.00000000	-0.05007496
19.97256005	0.00000008	0.00000000	-0.05006869
19.97506005	0.00000008	0.00000000	-0.05006243
19.97756004	0.00000008	0.00000000	-0.05005616
19.98006004	0.00000008	0.00000000	-0.05004990
19.98256003	0.00000008	0.00000000	-0.05004364
19.98506003	0.00000008	0.00000000	-0.05003738
19.98756002	0.00000008	0.00000000	-0.05003112
19.99006002	0.00000008	0.00000000	-0.05002486
19.99256001	0.00000008	0.00000000	-0.05001861
19.99506001	0.00000008	0.00000000	-0.05001235
19.99756000	0.00000008	0.00000000	-0.05000610
20.00006000	0.00000008	0.00000000	-0.04999985
20.00255999	0.00000008	0.00000000	-0.04999360
20.00505999	0.00000008	0.00000000	-0.04998735
20.00755998	0.00000008	0.00000000	-0.04998111
20.01005998	0.00000008	0.00000000	-0.04997486
20.01255997	0.00000008	0.00000000	-0.04996862
20.01505997	0.00000008	0.00000000	-0.04996238
20.01755996	0.00000008	0.00000000	-0.04995614
20.02005996	0.00000008	0.00000000	-0.04994990
20.02255995	0.00000008	0.00000000	-0.04994366
20.02505995	0.00000008	0.00000000	-0.04993743
20.02755994	0.00000008	0.00000000	-0.04993119
20.03005994	0.00000008	0.00000000	-0.04992496
20.03255993	0.00000008	0.00000000	-0.04991873
20.03505993	0.00000008	0.00000000	-0.04991250
20.03755992	0.00000008	0.00000000	-0.04990628
20.04005992	0.00000008	0.00000000	-0.04990005
20.04255991	0.00000008	0.00000000	-0.04989383
20.04505991	0.00000008	0.00000000	-0.04988760
20.04755990	0.00000008	0.00000000	-0.04988138
20.05005990	0.00000008	0.00000000	-0.04987516
20.05255989	0.00000008	0.00000000	-0.04986894
20.05505989	0.00000008	0.00000000	-0.04986273
20.05755988	0.00000008	0.00000000	-0.04985651
20.06005988	0.00000008	0.00000000	-0.04985030
20.06255987	0.00000008	0.00000000	-0.04984409
20.06505987	0.00000008	0.00000000	-0.04983788
20.06755986	0.00000008	0.00000000	-0.04983167
20.07005986	0.00000008	0.00000000	-0.04982546
20.07255985	0.00000008	0.00000000	-0.04981926
20.07505985	0.00000008	0.00000000	-0.04981305
20.07755984	0.00000008	0.00000000	-0.04980685
20.08005984	0.00000008	0.00000000	-0.04980065
20.08255983	0.00000008	0.00000000	-0.04979445
20.08505983	0.00000008	0.00000000	-0.04978825
20.08755982	0.00000008	0.00000000	-0.04978205
20.09005982	0.00000008	0.00000000	-0.04977586
20.09255981	0.00000008	0.00000000	-0.04976967
20.09505981	0.00000008	0.00000000	-0.04976347
20.09755980	0.00000008	0.00000000	-0.04975728
20.10005980	0.00000007	0.00000000	-0.04975110
20.10255979	0.00000007	0.00000000	-0.04974491
20.10505979	0.00000007	0.00000000	-0.04973872
20.10755978	0.00000007	0.00000000	-0.04973254
20.11005978	0.00000007	0.00000000	-0.04972636
20.11255977	0.00000007	0.00000000	-0.04972018
20.11505977	0.00000007	0.00000000	-0.04971400
20.11755976	0.00000007	0.00000000	-0.04970782
20.12005976	0.00000007	0.00000000	-0.04970164
20.12255975	0.00000007	0.00000000	-0.04969547
20.12505975	0.00000007	0.00000000	-0.04968929
20.12755974	0.00000007	0.00000000	-0.04968312
20.13005974	0.00000007	0.00000000	-0.04967695
20.13255973	0.00000007	0.00000000	-0.04967078
20.13505973	0.00000007	0.00000000	-0.04966462
20.13755972	0.00000007	0.00000000	-0.04965845
20.14005972	0.00000007	0.00000000	-0.04965229
20.14255971	0.00000007	0.00000000	-0.04964612
20.14505971	0.00000007	0.00000000	-0.04963996
20.14755970	0.00000007	0.00000000	-0.04963380
20.15005970	0.00000007	0.00000000	-0.04962764
20.15255969	0.00000007	0.00000000	-0.04962149
20.15505969	0.00000007	0.00000000	-0.04961533
20.15755968	0.00000007	0.00000000	-0.04960918
20.16005968	0.00000007	0.00000000	-0.04960303
20.16255967	0.00000007	0.00000000	-0.04959688
20.16505967	0.00000007	0.00000000	-0.04959073
20.16755966	0.00000007	0.00000000	-0.04958458
20.17005966	0.00000007	0.00000000	-0.04957844
20.17255965	0.00000007	0.00000000	-0.04957229
20.17505965	0.00000007	0.00000000	-0.04956615
20.17755964	0.00000007	0.00000000	-0.04956001
20.18005964	0.00000007	0.00000000	-0.04955387
20.18255963	0.00000007	0.00000000	-0.04954773
20.18505963	0.00000007	0.00000000	-0.04954159
20.18755962	0.00000007	0.00000000	-0.04953546
20.19005962	0.00000007	0.00000000	-0.04952932
20.19255961	0.00000007	0.00000000	-0.04952319
20.19505961	0.00000007	0.00000000	-0.04951706
20.19755960	0.00000007	0.00000000	-0.04951093
20.20005960	0.00000007	0.00000000	-0.04950480
20.20255959	0.00000007	0.00000000	-0.04949868
20.20505959	0.00000007	0.00000000	-0.04949255
20.20755958	0.00000007	0.00000000	-0.04948643
20.21005958	0.00000007	0.00000000	-0.04948031
20.21255957	0.00000007	0.00000000	-0.04947419
20.21505957	0.00000007	0.00000000	-0.04946807
20.21755956	0.00000007	0.00000000	-0.04946195
20.22005956	0.00000007	0.00000000	-0.04945584
20.22255955	0.00000007	0.00000000	-0.04944972
20.22505955	0.00000007	0.00000000	-0.04944361
20.22755954	0.00000007	0.00000000	-0.04943750
20.23005954	0.00000007	0.00000000	-0.04943139
20.23255953	0.00000007	0.00000000	-0.04942528
20.23505953	0.00000007	0.00000000	-0.04941918
20.23755952	0.00000007	0.00000000	-0.04941307
20.24005952	0.00000007	0.00000000	-0.04940697
20.24255951	0.00000007	0.00000000	-0.04940087
20.24505951	0.00000007	0.00000000	-0.04939477
20.24755950	0.00000007	0.00000000	-0.04938867
20.25005950	0.00000007	0.00000000	-0.04938257
20.25255949	0.00000006	0.00000000	-0.04937648
20.25505949	0.00000006	0.00000000	-0.04937038
20.25755948	0.00000006	0.00000000	-0.04936429
20.26005948	0.00000006	0.00000000	-0.04935820
20.26255947	0.00000006	0.00000000	-0.04935211
20.26505947	0.00000006	0.00000000	-0.04934602
20.26755946	0.00000006	0.00000000	-0.04933993
20.27005946	0.00000006	0.00000000	-0.04933385
20.27255945	0.00000006	0.00000000	-0.04932776
20.27505945	0.00000006	0.00000000	-0.04932168
20.27755944	0.00000006	0.00000000	-0.04931560
20.28005944	0.00000006	0.00000000	-0.04930952
20.28255943	0.00000006	0.00000000	-0.04930344
20.28505943	0.00000006	0.00000000	-0.04929737
20.28755942	0.00000006	0.00000000	-0.04929129
20.29005942	0.00000006	0.00000000	-0.04928522
20.29255941	0.00000006	0.00000000	-0.04927915
20.29505941	0.00000006	0.00000000	-0.04927308
20.29755940	0.00000006	0.00000000	-0.04926701
20.30005940	0.00000006	0.00000000	-0.04926094
20.30255939	0.00000006	0.00000000	-0.04925487
20.30505939	0.00000006	0.00000000	-0.04924881
20.30755938	0.00000006	0.00000000	-0.04924275
20.31005938	0.00000006	0.00000000	-0.04923669
20.31255937	0.00000006	0.00000000	-0.04923063
20.31505937	0.00000006	0.00000000	-0.04922457
20.31755936	0.00000006	0.00000000	-0.04921851
20.32005936	0.00000006	0.00000000	-0.04921245
20.32255935	0.00000006	0.00000000	-0.04920640
20.32505935	0.00000006	0.00000000	-0.04920035
20.32755934	0.00000006	0.00000000	-0.04919430
20.33005934	0.00000006	0.00000000	-0.04918825
20.33255933	0.00000006	0.00000000	-0.04918220
20.33505933	0.00000006	0.00000000	-0.04917615
20.33755932	0.00000006	0.00000000	-0.04917011
20.34005932	0.00000006	0.00000000	-0.04916407
20.34255931	0.00000006	0.00000000	-0.04915802
20.34505931	0.00000006	0.00000000	-0.04915198
20.34755930	0.00000006	0.00000000	-0.04914594
20.35005930	0.00000006	0.00000000	-0.04913991
20.35255929	0.00000006	0.00000000	-0.04913387
20.35505929	0.00000006	0.00000000	-0.04912784
20.35755928	0.00000006	0.00000000	-0.04912180
20.36005928	0.00000006	0.00000000	-0.04911577
20.36255927	0.00000006	0.00000000	-0.04910974
20.36505927	0.00000006	0.00000000	-0.04910371
20.36755926	0.00000006	0.00000000	-0.04909768
20.37005926	0.00000006	0.00000000	-0.04909166
20.37255925	0.00000006	0.00000000	-0.04908563
20.37505925	0.00000006	0.00000000	-0.04907961
20.37755924	0.00000006	0.00000000	-0.04907359
20.38005924	0.00000006	0.00000000	-0.04906757
20.38255923	0.00000006	0.00000000	-0.04906155
20.38505923	0.00000006	0.00000000	-0.04905554
20.38755922	0.00000006	0.00000000	-0.04904952
20.39005922	0.00000006	0.00000000	-0.04904351
20.39255921	0.00000006	0.00000000	-0.04903749
20.39505921	0.00000006	0.00000000	-0.04903148
20.39755920	0.00000006	0.00000000	-0.04902547
20.40005920	0.00000006	0.00000000	-0.04901947
20.40255919	0.00000006	0.00000000	-0.04901346
20.40505919	0.00000006	0.00000000	-0.04900745
20.40755918	0.00000006	0.00000000	-0.04900145
20.41005918	0.00000006	0.00000000	-0.04899545
20.41255917	0.00000006	0.00000000	-0.04898945
20.41505917	0.00000006	0.00000000	-0.04898345
20.41755916	0.00000006	0.00000000	-0.04897745
20.42005916	0.00000006	0.00000000	-0.04897145
20.42255915	0.00000006	0.00000000	-0.04896546
20.42505915	0.00000006	0.00000000	-0.04895947
20.42755914	0.00000005	0.00000000	-0.04895347
20.43005914	0.00000005	0.00000000	-0.04894748
20.43255913	0.00000005	0.00000000	-0.04894150
20.43505913	0.00000005	0.00000000	-0.04893551
20.43755912	0.00000005	0.00000000	-0.04892952
20.44005912	0.00000005	0.00000000	-0.04892354
20.44255911	0.00000005	0.00000000	-0.04891755
20.44505911	0.00000005	0.00000000	-0.04891157
20.44755910	0.00000005	0.00000000	-0.04890559
20.45005910	0.00000005	0.00000000	-0.04889961
20.45255909	0.00000005	0.00000000	-0.04889364
20.45505909	0.00000005	0.00000000	-0.04888766
20.45755908	0.00000005	0.00000000	-0.04888169
20.46005908	0.00000005	0.00000000	-0.04887571
20.46255907	0.00000005	0.00000000	-0.04886974
20.46505907	0.00000005	0.00000000	-0.04886377
20.46755906	0.00000005	0.00000000	-0.04885780
20.47005906	0.00000005	0.00000000	-0.04885184
20.47255905	0.00000005	0.00000000	-0.04884587
20.47505905	0.00000005	0.00000000	-0.04883991
20.47755904	0.00000005	0.00000000	-0.04883395
20.48005904	0.00000005	0.00000000	-0.04882798
20.48255903	0.00000005	0.00000000	-0.04882202
20.48505903	0.00000005	0.00000000	-0.04881607
20.48755902	0.00000005	0.00000000	-0.04881011
20.49005902	0.00000005	0.00000000	-0.04880415
20.49255901	0.00000005	0.00000000	-0.04879820
20.49505901	0.00000005	0.00000000	-0.04879225
20.49755900	0.00000005	0.00000000	-0.04878630
20.50005900	0.00000005	0.00000000	-0.04878035
20.50255899	0.00000005	0.00000000	-0.04877440
20.50505899	0.00000005	0.00000000	-0.04876845
20.50755898	0.00000005	0.00000000	-0.04876251
20.51005898	0.00000005	0.00000000	-0.04875656
20.51255897	0.00000005	0.00000000	-0.04875062
20.51505897	0.00000005	0.00000000	-0.04874468
20.51755896	0.00000005	0.00000000	-0.04873874
20.52005896	0.00000005	0.00000000	-0.04873280
20.52255895	0.00000005	0.00000000	-0.04872687
20.52505895	0.00000005	0.00000000	-0.04872093
20.52755894	0.00000005	0.00000000	-0.04871500
20.53005894	0.00000005	0.00000000	-0.04870907
20.53255893	0.00000005	0.00000000	-0.04870314
20.53505893	0.00000005	0.00000000	-0.04869721
20.53755892	0.00000005	0.00000000	-0.04869128
20.54005892	0.00000005	0.00000000	-0.04868535
20.54255891	0.00000005	0.00000000	-0.04867943
20.54505891	0.00000005	0.00000000	-0.04867350
20.54755890	0.00000005	0.00000000	-0.04866758
20.55005890	0.00000005	0.00000000	-0.04866166
20.55255889	0.00000005	0.00000000	-0.04865574
20.55505889	0.00000005	0.00000000	-0.04864982
20.55755888	0.00000005	0.00000000	-0.04864391
20.56005888	0.00000005	0.00000000	-0.04863799
20.56255887	0.00000005	0.00000000	-0.04863208
20.56505887	0.00000005	0.00000000	-0.04862617
20.56755886	0.00000005	0.00000000	-0.04862026
20.57005886	0.00000005	0.00000000	-0.04861435
20.57255885	0.00000005	0.00000000	-0.04860844
20.57505885	0.00000005	0.00000000	-0.04860253
20.57755884	0.00000005	0.00000000	-0.04859663
20.58005884	0.00000005	0.00000000	-0.04859073
20.58255883	0.00000005	0.00000000	-0.04858482
20.58505883	0.00000005	0.00000000	-0.04857892
20.58755882	0.00000005	0.00000000	-0.04857302
20.59005882	0.00000005	0.00000000	-0.04856713
20.59255881	0.00000005	0.00000000	-0.04856123
20.59505881	0.00000005	0.00000000	-0.04855534
20.59755880	0.00000005	0.00000000	-0.04854944
20.60005880	0.00000005	0.00000000	-0.04854355
20.60255879	0.00000005	0.00000000	-0.04853766
20.60505879	0.00000005	0.00000000	-0.04853177
20.60755878	0.00000005	0.00000000	-0.04852588
20.61005878	0.00000005	0.00000000	-0.04852000
20.61255877	0.00000005	0.00000000	-0.04851411
20.61505877	0.00000005	0.00000000	-0.04850823
20.61755876	0.00000005	0.00000000	-0.04850235
20.62005876	0.00000005	0.00000000	-0.04849647
20.62255875	0.00000005	0.00000000	-0.04849059
20.62505875	0.00000005	0.00000000	-0.04848471
20.62755874	0.00000005	0.00000000	-0.04847883
20.63005874	0.00000005	0.00000000	-0.04847296
20.63255873	0.00000005	0.00000000	-0.04846709
20.63505873	0.00000005	0.00000000	-0.04846121
20.63755872	0.00000004	0.00000000	-0.04845534
20.64005872	0.00000004	0.00000000	-0.04844947
20.64255871	0.00000004	0.00000000	-0.04844361
20.64505871	0.00000004	0.00000000	-0.04843774
20.64755870	0.00000004	0.00000000	-0.04843188
20.65005870	0.00000004	0.00000000	-0.04842601
20.65255869	0.00000004	0.00000000	-0.04842015
20.65505869	0.00000004	0.00000000	-0.04841429
20.65755868	0.00000004	0.00000000	-0.04840843
20.66005868	0.00000004	0.00000000	-0.04840257
20.66255867	0.00000004	0.00000000	-0.04839672
20.66505867	0.00000004	0.00000000	-0.04839086
20.66755866	0.00000004	0.00000000	-0.04838501
20.67005866	0.00000004	0.00000000	-0.04837916
20.67255865	0.00000004	0.00000000	-0.04837331
20.67505865	0.00000004	0.00000000	-0.04836746
20.67755864	0.00000004	0.00000000	-0.04836161
20.68005864	0.00000004	0.00000000	-0.04835576
20.68255863	0.00000004	0.00000000	-0.04834992
20.68505863	0.00000004	0.00000000	-0.04834407
20.68755862	0.00000004	0.00000000	-0.04833823
20.69005862	0.00000004	0.00000000	-0.04833239
20.69255861	0.00000004	0.00000000	-0.04832655
20.69505861	0.00000004	0.00000000	-0.04832071
20.69755860	0.00000004	0.00000000	-0.04831488
20.70005860	0.00000004	0.00000000	-0.04830904
20.70255859	0.00000004	0.00000000	-0.04830321
20.70505859	0.00000004	0.00000000	-0.04829738
20.70755858	0.00000004	0.00000000	-0.04829155
20.71005858	0.00000004	0.00000000	-0.04828572
20.71255857	0.00000004	0.00000000	-0.04827989
20.71505857	0.00000004	0.00000000	-0.04827406
20.71755856	0.00000004	0.00000000	-0.04826824
20.72005856	0.00000004	0.00000000	-0.04826241
20.72255855	0.00000004	0.00000000	-0.04825659
20.72505855	0.00000004	0.00000000	-0.04825077
20.72755854	0.00000004	0.00000000	-0.04824495
20.73005854	0.00000004	0.00000000	-0.04823913
20.73255853	0.00000004	0.00000000	-0.04823331
20.73505853	0.00000004	0.00000000	-0.04822750
20.73755852	0.00000004	0.00000000	-0.04822168
20.74005852	0.00000004	0.00000000	-0.04821587
20.74255851	0.00000004	0.00000000	-0.04821006
20.74505851	0.00000004	0.00000000	-0.04820425
20.74755850	0.00000004	0.00000000	-0.04819844
20.75005850	0.00000004	0.00000000	-0.04819264
20.75255849	0.00000004	0.00000000	-0.04818683
20.75505849	0.00000004	0.00000000	-0.04818103
20.75755848	0.00000004	0.00000000	-0.04817522
20.76005848	0.00000004	0.00000000	-0.04816942
20.76255847	0.00000004	0.00000000	-0.04816362
20.76505847	0.00000004	0.00000000	-0.04815782
20.76755846	0.00000004	0.00000000	-0.04815203
20.77005846	0.00000004	0.00000000	-0.04814623
20.77255845	0.00000004	0.00000000	-0.04814043
20.77505845	0.00000004	0.00000000	-0.04813464
20.77755844	0.00000004	0.00000000	-0.04812885
20.78005844	0.00000004	0.00000000	-0.04812306
20.78255843	0.00000004	0.00000000	-0.04811727
20.78505843	0.00000004	0.00000000	-0.04811148
20.78755842	0.00000004	0.00000000	-0.04810570
20.79005842	0.00000004	0.00000000	-0.04809991
20.79255841	0.00000004	0.00000000	-0.04809413
20.79505841	0.00000004	0.00000000	-0.04808835
20.79755840	0.00000004	0.00000000	-0.04808257
20.80005840	0.00000004	0.00000000	-0.04807679
20.80255839	0.00000004	0.00000000	-0.04807101
20.80505839	0.00000004	0.00000000	-0.04806523
20.80755838	0.00000004	0.00000000	-0.04805946
20.81005838	0.00000004	0.00000000	-0.04805369
20.81255837	0.00000004	0.00000000	-0.04804791
20.81505837	0.00000004	0.00000000	-0.04804214
20.81755836	0.00000004	0.00000000	-0.04803637
20.82005836	0.00000004	0.00000000	-0.04803061
20.82255835	0.00000004	0.00000000	-0.04802484
20.82505835	0.00000004	0.00000000	-0.04801907
20.82755834	0.00000004	0.00000000	-0.04801331
20.83005834	0.00000004	0.00000000	-0.04800755
20.83255833	0.00000004	0.00000000	-0.04800179
20.83505833	0.00000004	0.00000000	-0.04799603
20.83755832	0.00000004	0.00000000	-0.04799027
20.84005832	0.00000004	0.00000000	-0.04798451
20.84255831	0.00000004	0.00000000	-0.04797876
20.84505831	0.00000004	0.00000000	-0.04797300
20.84755830	0.00000004	0.00000000	-0.04796725
20.85005830	0.00000004	0.00000000	-0.04796150
20.85255829	0.00000004	0.00000000	-0.04795575
20.85505829	0.00000004	0.00000000	-0.04795000
20.85755828	0.00000004	0.00000000	-0.04794425
20.86005828	0.00000004	0.00000000	-0.04793850
20.86255827	0.00000004	0.00000000	-0.04793276
20.86505827	0.00000004	0.00000000	-0.04792702
20.86755826	0.00000004	0.00000000	-0.04792128
20.87005826	0.00000004	0.00000000	-0.04791553
20.87255825	0.00000004	0.00000000	-0.04790980
20.87505825	0.00000004	0.00000000	-0.04790406
20.87755824	0.00000004	0.00000000	-0.04789832
20.88005824	0.00000004	0.00000000	-0.04789259
20.88255823	0.00000004	0.00000000	-0.04788685
20.88505823	0.00000004	0.00000000	-0.04788112
20.88755822	0.00000004	0.00000000	-0.04787539
20.89005822	0.00000004	0.00000000	-0.04786966
20.89255821	0.00000004	0.00000000	-0.04786393
20.89505821	0.00000004	0.00000000	-0.04785821
20.89755820	0.00000004	0.00000000	-0.04785248
20.90005820	0.00000004	0.00000000	-0.04784676
20.90255819	0.00000003	0.00000000	-0.04784103
20.90505819	0.00000003	0.00000000	-0.04783531
20.90755818	0.00000003	0.00000000	-0.04782959
20.91005818	0.00000003	0.00000000	-0.04782387
20.91255817	0.00000003	0.00000000	-0.04781816
20.91505817	0.00000003	0.00000000	-0.04781244
20.91755816	0.00000003	0.00000000	-0.04780673
20.92005816	0.00000003	0.00000000	-0.04780101
20.92255815	0.00000003	0.00000000	-0.04779530
20.92505815	0.00000003	0.00000000	-0.04778959
20.92755814	0.00000003	0.00000000	-0.04778388
20.93005814	0.00000003	0.00000000	-0.04777818
20.93255813	0.00000003	0.00000000	-0.04777247
20.93505813	0.00000003	0.00000000	-0.04776676
20.93755812	0.00000003	0.00000000	-0.04776106
20.94005812	0.00000003	0.00000000	-0.04775536
20.94255811	0.00000003	0.00000000	-0.04774966
20.94505811	0.00000003	0.00000000	-0.04774396
20.94755810	0.00000003	0.00000000	-0.04773826
20.95005810	0.00000003	0.00000000	-0.04773256
20.95255809	0.00000003	0.00000000	-0.04772687
20.95505809	0.00000003	0.00000000	-0.04772118
20.95755808	0.00000003	0.00000000	-0.04771548
20.96005808	0.00000003	0.00000000	-0.04770979
20.96255807	0.00000003	0.00000000	-0.04770410
20.96505807	0.00000003	0.00000000	-0.04769841
20.96755806	0.00000003	0.00000000	-0.04769273
20.97005806	0.00000003	0.00000000	-0.04768704
20.97255805	0.00000003	0.00000000	-0.04768136
20.97505805	0.00000003	0.00000000	-0.04767567
20.97755804	0.00000003	0.00000000	-0.04766999
20.98005804	0.00000003	0.00000000	-0.04766431
20.98255803	0.00000003	0.00000000	-0.04765863
20.98505803	0.00000003	0.00000000	-0.04765295
20.98755802	0.00000003	0.00000000	-0.04764728
20.99005802	0.00000003	0.00000000	-0.04764160
20.99255801	0.00000003	0.00000000	-0.04763593
20.99505801	0.00000003	0.00000000	-0.04763026
20.99755800	0.00000003	0.00000000	-0.04762459
21.00005800	0.00000003	0.00000000	-0.04761892
21.00255799	0.00000003	0.00000000	-0.04761325
21.00505799	0.00000003	0.00000000	-0.04760758
21.00755798	0.00000003	0.00000000	-0.04760192
21.01005798	0.00000003	0.00000000	-0.04759625
21.01255797	0.00000003	0.00000000	-0.04759059
21.01505797	0.00000003	0.00000000	-0.04758493
21.01755796	0.00000003	0.00000000	-0.04757927
21.02005796	0.00000003	0.00000000	-0.04757361
21.02255795	0.00000003	0.00000000	-0.04756795
21.02505795	0.00000003	0.00000000	-0.04756229
21.02755794	0.00000003	0.00000000	-0.04755664
21.03005794	0.00000003	0.00000000	-0.04755099
21.03255793	0.00000003	0.00000000	-0.04754533
21.03505793	0.00000003	0.00000000	-0.04753968
21.03755792	0.00000003	0.00000000	-0.04753403
21.04005792	0.00000003	0.00000000	-0.04752839
21.04255791	0.00000003	0.00000000	-0.04752274
21.04505791	0.00000003	0.00000000	-0.04751709
21.04755790	0.00000003	0.00000000	-0.04751145
21.05005790	0.00000003	0.00000000	-0.04750581
21.05255789	0.00000003	0.00000000	-0.04750017
21.05505789	0.00000003	0.00000000	-0.04749453
21.05755788	0.00000003	0.00000000	-0.04748889
21.06005788	0.00000003	0.00000000	-0.04748325
21.06255787	0.00000003	0.00000000	-0.04747761
21.06505787	0.00000003	0.00000000	-0.04747198
21.06755786	0.00000003	0.00000000	-0.04746635
21.07005786	0.00000003	0.00000000	-0.04746071
21.07255785	0.00000003	0.00000000	-0.04745508
21.07505785	0.00000003	0.00000000	-0.04744945
21.07755784	0.00000003	0.00000000	-0.04744383
21.08005784	0.00000003	0.00000000	-0.04743820
21.08255783	0.00000003	0.00000000	-0.04743257
21.08505783	0.00000003	0.00000000	-0.04742695
21.08755782	0.00000003	0.00000000	-0.04742133
21.09005782	0.00000003	0.00000000	-0.04741571
21.09255781	0.00000003	0.00000000	-0.04741009
21.09505781	0.00000003	0.00000000	-0.04740447
21.09755780	0.00000003	0.00000000	-0.04739885
21.10005780	0.00000003	0.00000000	-0.04739324
21.10255779	0.00000003	0.00000000	-0.04738762
21.10505779	0.00000003	0.00000000	-0.04738201
21.10755778	0.00000003	0.00000000	-0.04737640
21.11005778	0.00000003	0.00000000	-0.04737078
21.11255777	0.00000003	0.00000000	-0.04736518
21.11505777	0.00000003	0.00000000	-0.04735957
21.11755776	0.00000003	0.00000000	-0.04735396
21.12005776	0.00000003	0.00000000	-0.04734836
21.12255775	0.00000003	0.00000000	-0.04734275
21.12505775	0.00000003	0.00000000	-0.04733715
21.12755774	0.00000003	0.00000000	-0.04733155
21.13005774	0.00000003	0.00000000	-0.04732595
21.13255773	0.00000003	0.00000000	-0.04732035
21.13505773	0.00000003	0.00000000	-0.04731475
21.13755772	0.00000003	0.00000000	-0.04730916
21.14005772	0.00000003	0.00000000	-0.04730356
21.14255771	0.00000003	0.00000000	-0.04729797
21.14505771	0.00000003	0.00000000	-0.04729238
21.14755770	0.00000003	0.00000000	-0.04728678
21.15005770	0.00000003	0.00000000	-0.04728119
21.15255769	0.00000003	0.00000000	-0.04727561
21.15505769	0.00000003	0.00000000	-0.04727002
21.15755768	0.00000003	0.00000000	-0.04726443
21.16005768	0.00000003	0.00000000	-0.04725885
21.16255767	0.00000003	0.00000000	-0.04725327
21.16505767	0.00000003	0.00000000	-0.04724769
21.16755766	0.00000003	0.00000000	-0.04724211
21.17005766	0.00000003	0.00000000	-0.04723653
21.17255765	0.00000003	0.00000000	-0.04723095
21.17505765	0.00000003	0.00000000	-0.04722537
21.17755764	0.00000003	0.00000000	-0.04721980
21.18005764	0.00000003	0.00000000	-0.04721422
21.18255763	0.00000003	0.00000000	-0.04720865
21.18505763	0.00000003	0.00000000	-0.04720308
21.18755762	0.00000003	0.00000000	-0.04719751
21.19005762	0.00000003	0.00000000	-0.04719194
21.19255761	0.00000003	0.00000000	-0.04718638
21.19505761	0.00000003	0.00000000	-0.04718081
21.19755760	0.00000003	0.00000000	-0.04717525
21.20005760	0.00000003	0.00000000	-0.04716968
21.20255759	0.00000003	0.00000000	-0.04716412
21.20505759	0.00000003	0.00000000	-0.04715856
21.20755758	0.00000003	0.00000000	-0.04715300
21.21005758	0.00000003	0.00000000	-0.04714744
21.21255757	0.00000003	0.00000000	-0.04714189
21.21505757	0.00000003	0.00000000	-0.04713633
21.21755756	0.00000003	0.00000000	-0.04713078
21.22005756	0.00000003	0.00000000	-0.04712523
21.22255755	0.00000003	0.00000000	-0.04711967
21.22505755	0.00000003	0.00000000	-0.04711412
21.22755754	0.00000003	0.00000000	-0.04710858
21.23005754	0.00000003	0.00000000	-0.04710303
21.23255753	0.00000003	0.00000000	-0.04709748
21.23505753	0.00000003	0.00000000	-0.04709194
21.23755752	0.00000003	0.00000000	-0.04708639
21.24005752	0.00000003	0.00000000	-0.04708085
21.24255751	0.00000003	0.00000000	-0.04707531
21.24505751	0.00000003	0.00000000	-0.04706977
21.24755750	0.00000003	0.00000000	-0.04706423
21.25005750	0.00000003	0.00000000	-0.04705870
21.25255749	0.00000003	0.00000000	-0.04705316
21.25505749	0.00000002	0.00000000	-0.04704763
21.25755748	0.00000002	0.00000000	-0.04704209
21.26005748	0.00000002	0.00000000	-0.04703656
21.26255747	0.00000002	0.00000000	-0.04703103
21.26505747	0.00000002	0.00000000	-0.04702550
21.26755746	0.00000002	0.00000000	-0.04701997
21.27005746	0.00000002	0.00000000	-0.04701445
21.27255745	0.00000002	0.00000000	-0.04700892
21.27505745	0.00000002	0.00000000	-0.04700340
21.27755744	0.00000002	0.00000000	-0.04699788
21.28005744	0.00000002	0.00000000	-0.04699235
21.28255743	0.00000002	0.00000000	-0.04698683
21.28505743	0.00000002	0.00000000	-0.04698132
21.28755742	0.00000002	0.00000000	-0.04697580
21.29005742	0.00000002	0.00000000	-0.04697028
21.29255741	0.00000002	0.00000000	-0.04696477
21.29505741	0.00000002	0.00000000	-0.04695925
21.29755740	0.00000002	0.00000000	-0.04695374
21.30005740	0.00000002	0.00000000	-0.04694823
21.30255739	0.00000002	0.00000000	-0.04694272
21.30505739	0.00000002	0.00000000	-0.04693721
21.30755738	0.00000002	0.00000000	-0.04693171
21.31005738	0.00000002	0.00000000	-0.04692620
21.31255737	0.00000002	0.00000000	-0.04692069
21.31505737	0.00000002	0.00000000	-0.04691519
21.31755736	0.00000002	0.00000000	-0.04690969
21.32005736	0.00000002	0.00000000	-0.04690419
21.32255735	0.00000002	0.00000000	-0.04689869
21.32505735	0.00000002	0.00000000	-0.04689319
21.32755734	0.00000002	0.00000000	-0.04688769
21.33005734	0.00000002	0.00000000	-0.04688220
21.33255733	0.00000002	0.00000000	-0.04687671
21.33505733	0.00000002	0.00000000	-0.04687121
21.33755732	0.00000002	0.00000000	-0.04686572
21.34005732	0.00000002	0.00000000	-0.04686023
21.34255731	0.00000002	0.00000000	-0.04685474
21.34505731	0.00000002	0.00000000	-0.04684925
21.34755730	0.00000002	0.00000000	-0.04684377
21.35005730	0.00000002	0.00000000	-0.04683828
21.35255729	0.00000002	0.00000000	-0.04683280
21.35505729	0.00000002	0.00000000	-0.04682732
21.35755728	0.00000002	0.00000000	-0.04682183
21.36005728	0.00000002	0.00000000	-0.04681635
21.36255727	0.00000002	0.00000000	-0.04681088
21.36505727	0.00000002	0.00000000	-0.04680540
21.36755726	0.00000002	0.00000000	-0.04679992
21.37005726	0.00000002	0.00000000	-0.04679445
21.37255725	0.00000002	0.00000000	-0.04678897
21.37505725	0.00000002	0.00000000	-0.04678350
21.37755724	0.00000002	0.00000000	-0.04677803
21.38005724	0.00000002	0.00000000	-0.04677256
21.38255723	0.00000002	0.00000000	-0.04676709
21.38505723	0.00000002	0.00000000	-0.04676162
21.38755722	0.00000002	0.00000000	-0.04675616
21.39005722	0.00000002	0.00000000	-0.04675069
21.39255721	0.00000002	0.00000000	-0.04674523
21.39505721	0.00000002	0.00000000	-0.04673977
21.39755720	0.00000002	0.00000000	-0.04673431
21.40005720	0.00000002	0.00000000	-0.04672885
21.40255719	0.00000002	0.00000000	-0.04672339
21.40505719	0.00000002	0.00000000	-0.04671793
21.40755718	0.00000002	0.00000000	-0.04671248
21.41005718	0.00000002	0.00000000	-0.04670702
21.41255717	0.00000002	0.00000000	-0.04670157
21.41505717	0.00000002	0.00000000	-0.04669612
21.41755716	0.00000002	0.00000000	-0.04669067
21.42005716	0.00000002	0.00000000	-0.04668522
21.42255715	0.00000002	0.00000000	-0.04667977
21.42505715	0.00000002	0.00000000	-0.04667432
21.42755714	0.00000002	0.00000000	-0.04666888
21.43005714	0.00000002	0.00000000	-0.04666343
21.43255713	0.00000002	0.00000000	-0.04665799
21.43505713	0.00000002	0.00000000	-0.04665255
21.43755712	0.00000002	0.00000000	-0.04664711
21.44005712	0.00000002	0.00000000	-0.04664167
21.44255711	0.00000002	0.00000000	-0.04663623
21.44505711	0.00000002	0.00000000	-0.04663079
21.44755710	0.00000002	0.00000000	-0.04662536
21.45005710	0.00000002	0.00000000	-0.04661992
21.45255709	0.00000002	0.00000000	-0.04661449
21.45505709	0.00000002	0.00000000	-0.04660906
21.45755708	0.00000002	0.00000000	-0.04660363
21.46005708	0.00000002	0.00000000	-0.04659820
21.46255707	0.00000002	0.00000000	-0.04659277
21.46505707	0.00000002	0.00000000	-0.04658734
21.46755706	0.00000002	0.00000000	-0.04658192
21.47005706	0.00000002	0.00000000	-0.04657649
21.47255705	0.00000002	0.00000000	-0.04657107
21.47505705	0.00000002	0.00000000	-0.04656565
21.47755704	0.00000002	0.00000000	-0.04656023
21.48005704	0.00000002	0.00000000	-0.04655481
21.48255703	0.00000002	0.00000000	-0.04654939
21.48505703	0.00000002	0.00000000	-0.04654398
21.48755702	0.00000002	0.00000000	-0.04653856
21.49005702	0.00000002	0.00000000	-0.04653315
21.49255701	0.00000002	0.00000000	-0.04652774
21.49505701	0.00000002	0.00000000	-0.04652232
21.49755700	0.00000002	0.00000000	-0.04651691
21.50005700	0.00000002	0.00000000	-0.04651150
21.50255699	0.00000002	0.00000000	-0.04650610
21.50505699	0.00000002	0.00000000	-0.04650069
21.50755698	0.00000002	0.00000000	-0.04649529
21.51005698	0.00000002	0.00000000	-0.04648988
21.51255697	0.00000002	0.00000000	-0.04648448
21.51505697	0.00000002	0.00000000	-0.04647908
21.51755696	0.00000002	0.00000000	-0.04647368
21.52005696	0.00000002	0.00000000	-0.04646828
21.52255695	0.00000002	0.00000000	-0.04646288
21.52505695	0.00000002	0.00000000	-0.04645748
21.52755694	0.00000002	0.00000000	-0.04645209
21.53005694	0.00000002	0.00000000	-0.04644670
21.53255693	0.00000002	0.00000000	-0.04644130
21.53505693	0.00000002	0.00000000	-0.04643591
21.53755692	0.00000002	0.00000000	-0.04643052
21.54005692	0.00000002	0.00000000	-0.04642513
21.54255691	0.00000002	0.00000000	-0.04641975
21.54505691	0.00000002	0.00000000	-0.04641436
21.54755690	0.00000002	0.00000000	-0.04640897
21.55005690	0.00000002	0.00000000	-0.04640359
21.55255689	0.00000002	0.00000000	-0.04639821
21.55505689	0.00000002	0.00000000	-0.04639283
21.55755688	0.00000002	0.00000000	-0.04638745
21.56005688	0.00000002	0.00000000	-0.04638207
21.56255687	0.00000002	0.00000000	-0.04637669
21.56505687	0.00000002	0.00000000	-0.04637131
21.56755686	0.00000002	0.00000000	-0.04636594
21.57005686	0.00000002	0.00000000	-0.04636056
21.57255685	0.00000002	0.00000000	-0.04635519
21.57505685	0.00000002	0.00000000	-0.04634982
21.57755684	0.00000002	0.00000000	-0.04634445
21.58005684	0.00000002	0.00000000	-0.04633908
21.58255683	0.00000002	0.00000000	-0.04633371
21.58505683	0.00000002	0.00000000	-0.04632835
21.58755682	0.00000002	0.00000000	-0.04632298
21.59005682	0.00000002	0.00000000	-0.04631762
21.59255681	0.00000002	0.00000000	-0.04631226
21.59505681	0.00000002	0.00000000	-0.04630689
21.59755680	0.00000002	0.00000000	-0.04630153
21.60005680	0.00000002	0.00000000	-0.04629617
21.60255679	0.00000002	0.00000000	-0.04629082
21.60505679	0.00000002	0.00000000	-0.04628546
21.60755678	0.00000002	0.00000000	-0.04628011
21.61005678	0.00000002	0.00000000	-0.04627475
21.61255677	0.00000002	0.00000000	-0.04626940
21.61505677	0.00000002	0.00000000	-0.04626405
21.61755676	0.00000002	0.00000000	-0.04625870
21.62005676	0.00000002	0.00000000	-0.04625335
21.62255675	0.00000002	0.00000000	-0.04624800
21.62505675	0.00000002	0.00000000	-0.04624265
21.62755674	0.00000002	0.00000000	-0.04623731
21.63005674	0.00000002	0.00000000	-0.04623196
21.63255673	0.00000002	0.00000000	-0.04622662
21.63505673	0.00000002	0.00000000	-0.04622128
21.63755672	0.00000002	0.00000000	-0.04621594
21.64005672	0.00000002	0.00000000	-0.04621060
21.64255671	0.00000002	0.00000000	-0.04620526
21.64505671	0.00000002	0.00000000	-0.04619993
21.64755670	0.00000002	0.00000000	-0.04619459
21.65005670	0.00000002	0.00000000	-0.04618926
21.65255669	0.00000002	0.00000000	-0.04618392
21.65505669	0.00000002	0.00000000	-0.04617859
21.65755668	0.00000002	0.00000000	-0.04617326
21.66005668	0.00000002	0.00000000	-0.04616793
21.66255667	0.00000002	0.00000000	-0.04616260
21.66505667	0.00000002	0.00000000	-0.04615728
21.66755666	0.00000002	0.00000000	-0.04615195
21.67005666	0.00000002	0.00000000	-0.04614663
21.67255665	0.00000002	0.00000000	-0.04614130
21.67505665	0.00000002	0.00000000	-0.04613598
21.67755664	0.00000002	0.00000000	-0.04613066
21.68005664	0.00000002	0.00000000	-0.04612534
21.68255663	0.00000002	0.00000000	-0.04612002
21.68505663	0.00000002	0.00000000	-0.04611471
21.68755662	0.00000002	0.00000000	-0.04610939
21.69005662	0.00000002	0.00000000	-0.04610408
21.69255661	0.00000002	0.00000000	-0.04609876
21.69505661	0.00000002	0.00000000	-0.04609345
21.69755660	0.00000002	0.00000000	-0.04608814
21.70005660	0.00000002	0.00000000	-0.04608283
21.70255659	0.00000002	0.00000000	-0.04607752
21.70505659	0.00000002	0.00000000	-0.04607221
21.70755658	0.00000002	0.00000000	-0.04606691
21.71005658	0.00000002	0.00000000	-0.04606160
21.71255657	0.00000002	0.00000000	-0.04605630
21.71505657	0.00000002	0.00000000	-0.04605100
21.71755656	0.00000002	0.00000000	-0.04604570
21.72005656	0.00000002	0.00000000	-0.04604040
21.72255655	0.00000002	0.00000000	-0.04603510
21.72505655	0.00000002	0.00000000	-0.04602980
21.72755654	0.00000002	0.00000000	-0.04602450
21.73005654	0.00000002	0.00000000	-0.04601921
21.73255653	0.00000002	0.00000000	-0.04601391
21.73505653	0.00000002	0.00000000	-0.04600862
21.73755652	0.00000002	0.00000000	-0.04600333
21.74005652	0.00000002	0.00000000	-0.04599804
21.74255651	0.00000002	0.00000000	-0.04599275
21.74505651	0.00000002	0.00000000	-0.04598746
21.74755650	0.00000002	0.00000000	-0.04598218
21.75005650	0.00000002	0.00000000	-0.04597689
21.75255649	0.00000002	0.00000000	-0.04597161
21.75505649	0.00000002	0.00000000	-0.04596633
21.75755648	0.00000002	0.00000000	-0.04596104
21.76005648	0.00000002	0.00000000	-0.04595576
21.76255647	0.00000002	0.00000000	-0.04595048
21.76505647	0.00000002	0.00000000	-0.04594521
21.76755646	0.00000002	0.00000000	-0.04593993
21.77005646	0.00000002	0.00000000	-0.04593465
21.77255645	0.00000002	0.00000000	-0.04592938
21.77505645	0.00000002	0.00000000	-0.04592411
21.77755644	0.00000002	0.00000000	-0.04591883
21.78005644	0.00000002	0.00000000	-0.04591356
21.78255643	0.00000002	0.00000000	-0.04590829
21.78505643	0.00000002	0.00000000	-0.04590303
21.78755642	0.00000002	0.00000000	-0.04589776
21.79005642	0.00000001	0.00000000	-0.04589249
21.79255641	0.00000001	0.00000000	-0.04588723
21.79505641	0.00000001	0.00000000	-0.04588196
21.79755640	0.00000001	0.00000000	-0.04587670
21.80005640	0.00000001	0.00000000	-0.04587144
21.80255639	0.00000001	0.00000000	-0.04586618
21.80505639	0.00000001	0.00000000	-0.04586092
21.80755638	0.00000001	0.00000000	-0.04585566
21.81005638	0.00000001	0.00000000	-0.04585041
21.81255637	0.00000001	0.00000000	-0.04584515
21.81505637	0.00000001	0.00000000	-0.04583990
21.81755636	0.00000001	0.00000000	-0.04583465
21.82005636	0.00000001	0.00000000	-0.04582940
21.82255635	0.00000001	0.00000000	-0.04582415
21.82505635	0.00000001	0.00000000	-0.04581890
21.82755634	0.00000001	0.00000000	-0.04581365
21.83005634	0.00000001	0.00000000	-0.04580840
21.83255633	0.00000001	0.00000000	-0.04580316
21.83505633	0.00000001	0.00000000	-0.04579791
21.83755632	0.00000001	0.00000000	-0.04579267
21.84005632	0.00000001	0.00000000	-0.04578743
21.84255631	0.00000001	0.00000000	-0.04578219
21.84505631	0.00000001	0.00000000	-0.04577695
21.84755630	0.00000001	0.00000000	-0.04577171
21.85005630	0.00000001	0.00000000	-0.04576647
21.85255629	0.00000001	0.00000000	-0.04576124
21.85505629	0.00000001	0.00000000	-0.04575600
21.85755628	0.00000001	0.00000000	-0.04575077
21.86005628	0.00000001	0.00000000	-0.04574554
21.86255627	0.00000001	0.00000000	-0.04574031
21.86505627	0.00000001	0.00000000	-0.04573508
21.86755626	0.00000001	0.00000000	-0.04572985
21.87005626	0.00000001	0.00000000	-0.04572462
21.87255625	0.00000001	0.00000000	-0.04571939
21.87505625	0.00000001	0.00000000	-0.04571417
21.87755624	0.00000001	0.00000000	-0.04570894
21.88005624	0.00000001	0.00000000	-0.04570372
21.88255623	0.00000001	0.00000000	-0.04569850
21.88505623	0.00000001	0.00000000	-0.04569328
21.88755622	0.00000001	0.00000000	-0.04568806
21.89005622	0.00000001	0.00000000	-0.04568284
21.89255621	0.00000001	0.00000000	-0.04567763
21.89505621	0.00000001	0.00000000	-0.04567241
21.89755620	0.00000001	0.00000000	-0.04566720
21.90005620	0.00000001	0.00000000	-0.04566198
21.90255619	0.00000001	0.00000000	-0.04565677
21.90505619	0.00000001	0.00000000	-0.04565156
21.90755618	0.00000001	0.00000000	-0.04564635
21.91005618	0.00000001	0.00000000	-0.04564114
21.91255617	0.00000001	0.00000000	-0.04563594
21.91505617	0.00000001	0.00000000	-0.04563073
21.91755616	0.00000001	0.00000000	-0.04562552
21.92005616	0.00000001	0.00000000	-0.04562032
21.92255615	0.00000001	0.00000000	-0.04561512
21.92505615	0.00000001	0.00000000	-0.04560992
21.92755614	0.00000001	0.00000000	-0.04560472
21.93005614	0.00000001	0.00000000	-0.04559952
21.93255613	0.00000001	0.00000000	-0.04559432
21.93505613	0.00000001	0.00000000	-0.04558912
21.93755612	0.00000001	0.00000000	-0.04558393
21.94005612	0.00000001	0.00000000	-0.04557873
21.94255611	0.00000001	0.00000000	-0.04557354
21.94505611	0.00000001	0.00000000	-0.04556835
21.94755610	0.00000001	0.00000000	-0.04556316
21.95005610	0.00000001	0.00000000	-0.04555797
21.95255609	0.00000001	0.00000000	-0.04555278
21.95505609	0.00000001	0.00000000	-0.04554759
21.95755608	0.00000001	0.00000000	-0.04554241
21.96005608	0.00000001	0.00000000	-0.04553722
21.96255607	0.00000001	0.00000000	-0.04553204
21.96505607	0.00000001	0.00000000	-0.04552686
21.96755606	0.00000001	0.00000000	-0.04552168
21.97005606	0.00000001	0.00000000	-0.04551650
21.97255605	0.00000001	0.00000000	-0.04551132
21.97505605	0.00000001	0.00000000	-0.04550614
21.97755604	0.00000001	0.00000000	-0.04550096
21.98005604	0.00000001	0.00000000	-0.04549579
21.98255603	0.00000001	0.00000000	-0.04549062
21.98505603	0.00000001	0.00000000	-0.04548544
21.98755602	0.00000001	0.00000000	-0.04548027
21.99005602	0.00000001	0.00000000	-0.04547510
21.99255601	0.00000001	0.00000000	-0.04546993
21.99505601	0.00000001	0.00000000	-0.04546476
21.99755600	0.00000001	0.00000000	-0.04545960
22.00005600	0.00000001	0.00000000	-0.04545443
22.00255599	0.00000001	0.00000000	-0.04544927
22.00505599	0.00000001	0.00000000	-0.04544410
22.00755598	0.00000001	0.00000000	-0.04543894
22.01005598	0.00000001	0.00000000	-0.04543378
22.01255597	0.00000001	0.00000000	-0.04542862
22.01505597	0.00000001	0.00000000	-0.04542346
22.01755596	0.00000001	0.00000000	-0.04541830
22.02005596	0.00000001	0.00000000	-0.04541315
22.02255595	0.00000001	0.00000000	-0.04540799
22.02505595	0.00000001	0.00000000	-0.04540284
22.02755594	0.00000001	0.00000000	-0.04539768
22.03005594	0.00000001	0.00000000	-0.04539253
22.03255593	0.00000001	0.00000000	-0.04538738
22.03505593	0.00000001	0.00000000	-0.04538223
22.03755592	0.00000001	0.00000000	-0.04537708
22.04005592	0.00000001	0.00000000	-0.04537194
22.04255591	0.00000001	0.00000000	-0.04536679
22.04505591	0.00000001	0.00000000	-0.04536164
22.04755590	0.00000001	0.00000000	-0.04535650
22.05005590	0.00000001	0.00000000	-0.04535136
22.05255589	0.00000001	0.00000000	-0.04534622
22.05505589	0.00000001	0.00000000	-0.04534108
22.05755588	0.00000001	0.00000000	-0.04533594
22.06005588	0.00000001	0.00000000	-0.04533080
22.06255587	0.00000001	0.00000000	-0.04532566
22.06505587	0.00000001	0.00000000	-0.04532053
22.06755586	0.00000001	0.00000000	-0.04531539
22.07005586	0.00000001	0.00000000	-0.04531026
22.07255585	0.00000001	0.00000000	-0.04530513
22.07505585	0.00000001	0.00000000	-0.04530000
22.07755584	0.00000001	0.00000000	-0.04529487
22.08005584	0.00000001	0.00000000	-0.04528974
22.08255583	0.00000001	0.00000000	-0.04528461
22.08505583	0.00000001	0.00000000	-0.04527949
22.08755582	0.00000001	0.00000000	-0.04527436
22.09005582	0.00000001	0.00000000	-0.04526924
22.09255581	0.00000001	0.00000000	-0.04526412
22.09505581	0.00000001	0.00000000	-0.04525899
22.09755580	0.00000001	0.00000000	-0.04525387
22.10005580	0.00000001	0.00000000	-0.04524875
22.10255579	0.00000001	0.00000000	-0.04524364
22.10505579	0.00000001	0.00000000	-0.04523852
22.10755578	0.00000001	0.00000000	-0.04523340
22.11005578	0.00000001	0.00000000	-0.04522829
22.11255577	0.00000001	0.00000000	-0.04522318
22.11505577	0.00000001	0.00000000	-0.04521806
22.11755576	0.00000001	0.00000000	-0.04521295
22.12005576	0.00000001	0.00000000	-0.04520784
22.12255575	0.00000001	0.00000000	-0.04520273
22.12505575	0.00000001	0.00000000	-0.04519763
22.12755574	0.00000001	0.00000000	-0.04519252
22.13005574	0.00000001	0.00000000	-0.04518741
22.13255573	0.00000001	0.00000000	-0.04518231
22.13505573	0.00000001	0.00000000	-0.04517721
22.13755572	0.00000001	0.00000000	-0.04517211
22.14005572	0.00000001	0.00000000	-0.04516700
22.14255571	0.00000001	0.00000000	-0.04516191
22.14505571	0.00000001	0.00000000	-0.04515681
22.14755570	0.00000001	0.00000000	-0.04515171
22.15005570	0.00000001	0.00000000	-0.04514661
22.15255569	0.00000001	0.00000000	-0.04514152
22.15505569	0.00000001	0.00000000	-0.04513642
22.15755568	0.00000001	0.00000000	-0.04513133
22.16005568	0.00000001	0.00000000	-0.04512624
22.16255567	0.00000001	0.00000000	-0.04512115
22.16505567	0.00000001	0.00000000	-0.04511606
22.16755566	0.00000001	0.00000000	-0.04511097
22.17005566	0.00000001	0.00000000	-0.04510589
22.17255565	0.00000001	0.00000000	-0.04510080
22.17505565	0.00000001	0.00000000	-0.04509572
22.17755564	0.00000001	0.00000000	-0.04509063
22.18005564	0.00000001	0.00000000	-0.04508555
22.18255563	0.00000001	0.00000000	-0.04508047
22.18505563	0.00000001	0.00000000	-0.04507539
22.18755562	0.00000001	0.00000000	-0.04507031
22.19005562	0.00000001	0.00000000	-0.04506523
22.19255561	0.00000001	0.00000000	-0.04506016
22.19505561	0.00000001	0.00000000	-0.04505508
22.19755560	0.00000001	0.00000000	-0.04505001
22.20005560	0.00000001	0.00000000	-0.04504493
22.20255559	0.00000001	0.00000000	-0.04503986
22.20505559	0.00000001	0.00000000	-0.04503479
22.20755558	0.00000001	0.00000000	-0.04502972
22.21005558	0.00000001	0.00000000	-0.04502465
22.21255557	0.00000001	0.00000000	-0.04501958
22.21505557	0.00000001	0.00000000	-0.04501452
22.21755556	0.00000001	0.00000000	-0.04500945
22.22005556	0.00000001	0.00000000	-0.04500439
22.22255555	0.00000001	0.00000000	-0.04499933
22.22505555	0.00000001	0.00000000	-0.04499426
22.22755554	0.00000001	0.00000000	-0.04498920
22.23005554	0.00000001	0.00000000	-0.04498414
22.23255553	0.00000001	0.00000000	-0.04497908
22.23505553	0.00000001	0.00000000	-0.04497403
22.23755552	0.00000001	0.00000000	-0.04496897
22.24005552	0.00000001	0.00000000	-0.04496392
22.24255551	0.00000001	0.00000000	-0.04495886
22.24505551	0.00000001	0.00000000	-0.04495381
22.24755550	0.00000001	0.00000000	-0.04494876
22.25005550	0.00000001	0.00000000	-0.04494371
22.25255549	0.00000001	0.00000000	-0.04493866
22.25505549	0.00000001	0.00000000	-0.04493361
22.25755548	0.00000001	0.00000000	-0.04492856
22.26005548	0.00000001	0.00000000	-0.04492352
22.26255547	0.00000001	0.00000000	-0.04491847
22.26505547	0.00000001	0.00000000	-0.04491343
22.26755546	0.00000001	0.00000000	-0.04490839
22.27005546	0.00000001	0.00000000	-0.04490335
22.27255545	0.00000001	0.00000000	-0.04489831
22.27505545	0.00000001	0.00000000	-0.04489327
22.27755544	0.00000001	0.00000000	-0.04488823
22.28005544	0.00000001	0.00000000	-0.04488319
22.28255543	0.00000001	0.00000000	-0.04487816
22.28505543	0.00000001	0.00000000	-0.04487312
22.28755542	0.00000001	0.00000000	-0.04486809
22.29005542	0.00000001	0.00000000	-0.04486306
22.29255541	0.00000001	0.00000000	-0.04485802
22.29505541	0.00000001	0.00000000	-0.04485299
22.29755540	0.00000001	0.00000000	-0.04484797
22.30005540	0.00000001	0.00000000	-0.04484294
22.30255539	0.00000001	0.00000000	-0.04483791
22.30505539	0.00000001	0.00000000	-0.04483289
22.30755538	0.00000001	0.00000000	-0.04482786
22.31005538	0.00000001	0.00000000	-0.04482284
22.31255537	0.00000001	0.00000000	-0.04481782
22.31505537	0.00000001	0.00000000	-0.04481279
22.31755536	0.00000001	0.00000000	-0.04480778
22.32005536	0.00000001	0.00000000	-0.04480276
22.32255535	0.00000001	0.00000000	-0.04479774
22.32505535	0.00000001	0.00000000	-0.04479272
22.32755534	0.00000001	0.00000000	-0.04478771
22.33005534	0.00000001	0.00000000	-0.04478269
22.33255533	0.00000001	0.00000000	-0.04477768
22.33505533	0.00000001	0.00000000	-0.04477267
22.33755532	0.00000001	0.00000000	-0.04476766
22.34005532	0.00000001	0.00000000	-0.04476265
22.34255531	0.00000001	0.00000000	-0.04475764
22.34505531	0.00000001	0.00000000	-0.04475263
22.34755530	0.00000001	0.00000000	-0.04474762
22.35005530	0.00000001	0.00000000	-0.04474262
22.35255529	0.00000001	0.00000000	-0.04473761
22.35505529	0.00000001	0.00000000	-0.04473261
22.35755528	0.00000001	0.00000000	-0.04472761
22.36005528	0.00000001	0.00000000	-0.04472261
22.36255527	0.00000001	0.00000000	-0.04471761
22.36505527	0.00000001	0.00000000	-0.04471261
22.36755526	0.00000001	0.00000000	-0.04470761
22.37005526	0.00000001	0.00000000	-0.04470262
22.37255525	0.00000001	0.00000000	-0.04469762
22.37505525	0.00000001	0.00000000	-0.04469263
22.37755524	0.00000001	0.00000000	-0.04468763
22.38005524	0.00000001	0.00000000	-0.04468264
22.38255523	0.00000001	0.00000000	-0.04467765
22.38505523	0.00000001	0.00000000	-0.04467266
22.38755522	0.00000001	0.00000000	-0.04466767
22.39005522	0.00000001	0.00000000	-0.04466269
22.39255521	0.00000001	0.00000000	-0.04465770
22.39505521	0.00000001	0.00000000	-0.04465271
22.39755520	0.00000001	0.00000000	-0.04464773
22.40005520	0.00000001	0.00000000	-0.04464275
22.40255519	0.00000001	0.00000000	-0.04463777
22.40505519	0.00000001	0.00000000	-0.04463278
22.40755518	0.00000001	0.00000000	-0.04462780
22.41005518	0.00000001	0.00000000	-0.04462283
22.41255517	0.00000001	0.00000000	-0.04461785
22.41505517	0.00000001	0.00000000	-0.04461287
22.41755516	0.00000001	0.00000000	-0.04460790
22.42005516	0.00000001	0.00000000	-0.04460292
22.42255515	0.00000001	0.00000000	-0.04459795
22.42505515	0.00000001	0.00000000	-0.04459298
22.42755514	0.00000001	0.00000000	-0.04458801
22.43005514	0.00000001	0.00000000	-0.04458304
22.43255513	0.00000001	0.00000000	-0.04457807
22.43505513	0.00000001	0.00000000	-0.04457310
22.43755512	0.00000001	0.00000000	-0.04456814
22.44005512	0.00000001	0.00000000	-0.04456317
22.44255511	0.00000001	0.00000000	-0.04455821
22.44505511	0.00000001	0.00000000	-0.04455324
22.44755510	0.00000001	0.00000000	-0.04454828
22.45005510	0.00000001	0.00000000	-0.04454332
22.45255509	0.00000001	0.00000000	-0.04453836
22.45505509	0.00000001	0.00000000	-0.04453340
22.45755508	0.00000001	0.00000000	-0.04452844
22.46005508	0.00000001	0.00000000	-0.04452349
22.46255507	0.00000001	0.00000000	-0.04451853
22.46505507	0.00000001	0.00000000	-0.04451358
22.46755506	0.00000001	0.00000000	-0.04450863
22.47005506	0.00000001	0.00000000	-0.04450367
22.47255505	0.00000001	0.00000000	-0.04449872
22.47505505	0.00000001	0.00000000	-0.04449377
22.47755504	0.00000001	0.00000000	-0.04448882
22.48005504	0.00000001	0.00000000	-0.04448388
22.48255503	0.00000001	0.00000000	-0.04447893
22.48505503	0.00000001	0.00000000	-0.04447398
22.48755502	0.00000001	0.00000000	-0.04446904
22.49005502	0.00000001	0.00000000	-0.04446410
22.49255501	0.00000001	0.00000000	-0.04445916
22.49505501	0.00000001	0.00000000	-0.04445421
22.49755500	0.00000001	0.00000000	-0.04444927
22.50005500	0.00000001	0.00000000	-0.04444434
22.50255499	0.00000001	0.00000000	-0.04443940
22.50505499	0.00000001	0.00000000	-0.04443446
22.50755498	0.00000001	0.00000000	-0.04442953
22.51005498	0.00000001	0.00000000	-0.04442459
22.51255497	0.00000001	0.00000000	-0.04441966
22.51505497	0.00000001	0.00000000	-0.04441473
22.51755496	0.00000001	0.00000000	-0.04440980
22.52005496	0.00000001	0.00000000	-0.04440486
22.52255495	0.00000001	0.00000000	-0.04439994
22.52505495	0.00000001	0.00000000	-0.04439501
22.52755494	0.00000001	0.00000000	-0.04439008
22.53005494	0.00000001	0.00000000	-0.04438516
22.53255493	0.00000001	0.00000000	-0.04438023
22.53505493	0.00000001	0.00000000	-0.04437531
22.53755492	0.00000001	0.00000000	-0.04437039
22.54005492	0.00000001	0.00000000	-0.04436546
22.54255491	0.00000001	0.00000000	-0.04436054
22.54505491	0.00000001	0.00000000	-0.04435562
22.54755490	0.00000001	0.00000000	-0.04435071
22.55005490	0.00000001	0.00000000	-0.04434579
22.55255489	0.00000001	0.00000000	-0.04434087
22.55505489	0.00000001	0.00000000	-0.04433596
22.55755488	0.00000001	0.00000000	-0.04433105
22.56005488	0.00000001	0.00000000	-0.04432613
22.56255487	0.00000001	0.00000000	-0.04432122
22.56505487	0.00000001	0.00000000	-0.04431631
22.56755486	0.00000001	0.00000000	-0.04431140
22.57005486	0.00000001	0.00000000	-0.04430649
22.57255485	0.00000001	0.00000000	-0.04430159
22.57505485	0.00000001	0.00000000	-0.04429668
22.57755484	0.00000001	0.00000000	-0.04429178
22.58005484	0.00000001	0.00000000	-0.04428687
22.58255483	0.00000001	0.00000000	-0.04428197
22.58505483	0.00000001	0.00000000	-0.04427707
22.58755482	0.00000001	0.00000000	-0.04427217
22.59005482	0.00000001	0.00000000	-0.04426727
22.59255481	0.00000001	0.00000000	-0.04426237
22.59505481	0.00000001	0.00000000	-0.04425747
22.59755480	0.00000001	0.00000000	-0.04425258
22.60005480	0.00000001	0.00000000	-0.04424768
22.60255479	0.00000001	0.00000000	-0.04424279
22.60505479	0.00000001	0.00000000	-0.04423789
22.60755478	0.00000001	0.00000000	-0.04423300
22.61005478	0.00000001	0.00000000	-0.04422811
22.61255477	0.00000001	0.00000000	-0.04422322
22.61505477	0.00000001	0.00000000	-0.04421833
22.61755476	0.00000001	0.00000000	-0.04421344
22.62005476	0.00000001	0.00000000	-0.04420856
22.62255475	0.00000001	0.00000000	-0.04420367
22.62505475	0.00000001	0.00000000	-0.04419879
22.62755474	0.00000001	0.00000000	-0.04419390
22.63005474	0.00000001	0.00000000	-0.04418902
22.63255473	0.00000001	0.00000000	-0.04418414
22.63505473	0.00000001	0.00000000	-0.04417926
22.63755472	0.00000001	0.00000000	-0.04417438
22.64005472	0.00000001	0.00000000	-0.04416950
22.64255471	0.00000001	0.00000000	-0.04416463
22.64505471	0.00000001	0.00000000	-0.04415975
22.64755470	0.00000001	0.00000000	-0.04415488
22.65005470	0.00000001	0.00000000	-0.04415000
22.65255469	0.00000001	0.00000000	-0.04414513
22.65505469	0.00000001	0.00000000	-0.04414026
22.65755468	0.00000001	0.00000000	-0.04413539
22.66005468	0.00000001	0.00000000	-0.04413052
22.66255467	0.00000001	0.00000000	-0.04412565
22.66505467	0.00000001	0.00000000	-0.04412078
22.66755466	0.00000001	0.00000000	-0.04411592
22.67005466	0.00000001	0.00000000	-0.04411105
22.67255465	0.00000001	0.00000000	-0.04410619
22.67505465	0.00000001	0.00000000	-0.04410133
22.67755464	0.00000001	0.00000000	-0.04409647
22.68005464	0.00000001	0.00000000	-0.04409160
22.68255463	0.00000001	0.00000000	-0.04408674
22.68505463	0.00000001	0.00000000	-0.04408189
22.68755462	0.00000001	0.00000000	-0.04407703
22.69005462	0.00000001	0.00000000	-0.04407217
22.69255461	0.00000001	0.00000000	-0.04406732
22.69505461	0.00000001	0.00000000	-0.04406246
22.69755460	0.00000001	0.00000000	-0.04405761
22.70005460	0.00000001	0.00000000	-0.04405276
22.70255459	0.00000001	0.00000000	-0.04404791
22.70505459	0.00000001	0.00000000	-0.04404306
22.70755458	0.00000001	0.00000000	-0.04403821
22.71005458	0.00000001	0.00000000	-0.04403336
22.71255457	0.00000001	0.00000000	-0.04402851
22.71505457	0.00000001	0.00000000	-0.04402367
22.71755456	0.00000001	0.00000000	-0.04401882
22.72005456	0.00000001	0.00000000	-0.04401398
22.72255455	0.00000001	0.00000000	-0.04400914
22.72505455	0.00000001	0.00000000	-0.04400429
22.72755454	0.00000001	0.00000000	-0.04399945
22.73005454	0.00000001	0.00000000	-0.04399462
22.73255453	0.00000001	0.00000000	-0.04398978
22.73505453	0.00000001	0.00000000	-0.04398494
22.73755452	0.00000001	0.00000000	-0.04398010
22.74005452	0.00000001	0.00000000	-0.04397527
22.74255451	0.00000001	0.00000000	-0.04397043
22.74505451	0.00000001	0.00000000	-0.04396560
22.74755450	0.00000001	0.00000000	-0.04396077
22.75005450	0.00000001	0.00000000	-0.04395594
22.75255449	0.00000001	0.00000000	-0.04395111
22.75505449	0.00000001	0.00000000	-0.04394628
22.75755448	0.00000001	0.00000000	-0.04394145
22.76005448	0.00000001	0.00000000	-0.04393663
22.76255447	0.00000001	0.00000000	-0.04393180
22.76505447	0.00000001	0.00000000	-0.04392698
22.76755446	0.00000001	0.00000000	-0.04392215
22.77005446	0.00000001	0.00000000	-0.04391733
22.77255445	0.00000001	0.00000000	-0.04391251
22.77505445	0.00000001	0.00000000	-0.04390769
22.77755444	0.00000001	0.00000000	-0.04390287
22.78005444	0.00000001	0.00000000	-0.04389805
22.78255443	0.00000001	0.00000000	-0.04389323
22.78505443	0.00000001	0.00000000	-0.04388842
22.78755442	0.00000001	0.00000000	-0.04388360
22.79005442	0.00000001	0.00000000	-0.04387879
22.79255441	0.00000001	0.00000000	-0.04387398
22.79505441	0.00000001	0.00000000	-0.04386916
22.79755440	0.00000001	0.00000000	-0.04386435
22.80005440	0.00000001	0.00000000	-0.04385954
22.80255439	0.00000001	0.00000000	-0.04385474
22.80505439	0.00000001	0.00000000	-0.04384993
22.80755438	0.00000001	0.00000000	-0.04384512
22.81005438	0.00000001	0.00000000	-0.04384032
22.81255437	0.00000001	0.00000000	-0.04383551
22.81505437	0.00000001	0.00000000	-0.04383071
22.81755436	0.00000001	0.00000000	-0.04382591
22.82005436	0.00000001	0.00000000	-0.04382111
22.82255435	0.00000001	0.00000000	-0.04381630
22.82505435	0.00000001	0.00000000	-0.04381151
22.82755434	0.00000001	0.00000000	-0.04380671
22.83005434	0.00000001	0.00000000	-0.04380191
22.83255433	0.00000001	0.00000000	-0.04379711
22.83505433	0.00000001	0.00000000	-0.04379232
22.83755432	0.00000001	0.00000000	-0.04378753
22.84005432	0.00000001	0.00000000	-0.04378273
22.84255431	0.00000001	0.00000000	-0.04377794
22.84505431	0.00000001	0.00000000	-0.04377315
22.84755430	0.00000001	0.00000000	-0.04376836
22.85005430	0.00000001	0.00000000	-0.04376357
22.85255429	0.00000001	0.00000000	-0.04375878
22.85505429	0.00000001	0.00000000	-0.04375400
22.85755428	0.00000001	0.00000000	-0.04374921
22.86005428	0.00000001	0.00000000	-0.04374443
22.86255427	0.00000001	0.00000000	-0.04373964
22.86505427	0.00000001	0.00000000	-0.04373486
22.86755426	0.00000001	0.00000000	-0.04373008
22.87005426	0.00000001	0.00000000	-0.04372530
22.87255425	0.00000001	0.00000000	-0.04372052
22.87505425	0.00000001	0.00000000	-0.04371574
22.87755424	0.00000001	0.00000000	-0.04371097
22.88005424	0.00000001	0.00000000	-0.04370619
22.88255423	0.00000001	0.00000000	-0.04370142
22.88505423	0.00000001	0.00000000	-0.04369664
22.88755422	0.00000001	0.00000000	-0.04369187
22.89005422	0.00000001	0.00000000	-0.04368710
22.89255421	0.00000001	0.00000000	-0.04368233
22.89505421	0.00000001	0.00000000	-0.04367756
22.89755420	0.00000001	0.00000000	-0.04367279
22.90005420	0.00000001	0.00000000	-0.04366802
22.90255419	0.00000001	0.00000000	-0.04366325
22.90505419	0.00000001	0.00000000	-0.04365849
22.90755418	0.00000001	0.00000000	-0.04365372
22.91005418	0.00000001	0.00000000	-0.04364896
22.91255417	0.00000001	0.00000000	-0.04364420
22.91505417	0.00000001	0.00000000	-0.04363943
22.91755416	0.00000001	0.00000000	-0.04363467
22.92005416	0.00000001	0.00000000	-0.04362991
22.92255415	0.00000001	0.00000000	-0.04362516
22.92505415	0.00000001	0.00000000	-0.04362040
22.92755414	0.00000001	0.00000000	-0.04361564
22.93005414	0.00000001	0.00000000	-0.04361089
22.93255413	0.00000001	0.00000000	-0.04360613
22.93505413	0.00000001	0.00000000	-0.04360138
22.93755412	0.00000001	0.00000000	-0.04359663
22.94005412	0.00000000	0.00000000	-0.04359188
22.94255411	0.00000000	0.00000000	-0.04358713
22.94505411	0.00000000	0.00000000	-0.04358238
22.94755410	0.00000000	0.00000000	-0.04357763
22.95005410	0.00000000	0.00000000	-0.04357288
22.95255409	0.00000000	0.00000000	-0.04356814
22.95505409	0.00000000	0.00000000	-0.04356339
22.95755408	0.00000000	0.00000000	-0.04355865
22.96005408	0.00000000	0.00000000	-0.04355390
22.96255407	0.00000000	0.00000000	-0.04354916
22.96505407	0.00000000	0.00000000	-0.04354442
22.96755406	0.00000000	0.00000000	-0.04353968
22.97005406	0.00000000	0.00000000	-0.04353494
22.97255405	0.00000000	0.00000000	-0.04353021
22.97505405	0.00000000	0.00000000	-0.04352547
22.97755404	0.00000000	0.00000000	-0.04352073
22.98005404	0.00000000	0.00000000	-0.04351600
22.98255403	0.00000000	0.00000000	-0.04351127
22.98505403	0.00000000	0.00000000	-0.04350653
22.98755402	0.00000000	0.00000000	-0.04350180
22.99005402	0.00000000	0.00000000	-0.04349707
22.99255401	0.00000000	0.00000000	-0.04349234
22.99505401	0.00000000	0.00000000	-0.04348761
22.99755400	0.00000000	0.00000000	-0.04348289
23.00005400	0.00000000	0.00000000	-0.04347816
23.00255399	0.00000000	0.00000000	-0.04347343
23.00505399	0.00000000	0.00000000	-0.04346871
23.00755398	0.00000000	0.00000000	-0.04346399
23.01005398	0.00000000	0.00000000	-0.04345926
23.01255397	0.00000000	0.00000000	-0.04345454
23.01505397	0.00000000	0.00000000	-0.04344982
23.01755396	0.00000000	0.00000000	-0.04344510
23.02005396	0.00000000	0.00000000	-0.04344038
23.02255395	0.00000000	0.00000000	-0.04343567
23.02505395	0.00000000	0.00000000	-0.04343095
23.02755394	0.00000000	0.00000000	-0.04342624
23.03005394	0.00000000	0.00000000	-0.04342152
23.03255393	0.00000000	0.00000000	-0.04341681
23.03505393	0.00000000	0.00000000	-0.04341210
23.03755392	0.00000000	0.00000000	-0.04340739
23.04005392	0.00000000	0.00000000	-0.04340268
23.04255391	0.00000000	0.00000000	-0.04339797
23.04505391	0.00000000	0.00000000	-0.04339326
23.04755390	0.00000000	0.00000000	-0.04338855
23.05005390	0.00000000	0.00000000	-0.04338385
23.05255389	0.00000000	0.00000000	-0.04337914
23.05505389	0.00000000	0.00000000	-0.04337444
23.05755388	0.00000000	0.00000000	-0.04336973
23.06005388	0.00000000	0.00000000	-0.04336503
23.06255387	0.00000000	0.00000000	-0.04336033
23.06505387	0.00000000	0.00000000	-0.04335563
23.06755386	0.00000000	0.00000000	-0.04335093
23.07005386	0.00000000	0.00000000	-0.04334624
23.07255385	0.00000000	0.00000000	-0.04334154
23.07505385	0.00000000	0.00000000	-0.04333684
23.07755384	0.00000000	0.00000000	-0.04333215
23.08005384	0.00000000	0.00000000	-0.04332746
23.08255383	0.00000000	0.00000000	-0.04332276
23.08505383	0.00000000	0.00000000	-0.04331807
23.08755382	0.00000000	0.00000000	-0.04331338
23.09005382	0.00000000	0.00000000	-0.04330869
23.09255381	0.00000000	0.00000000	-0.04330400
23.09505381	0.00000000	0.00000000	-0.04329931
23.09755380	0.00000000	0.00000000	-0.04329463
23.10005380	0.00000000	0.00000000	-0.04328994
23.10255379	0.00000000	0.00000000	-0.04328526
23.10505379	0.00000000	0.00000000	-0.04328057
23.10755378	0.00000000	0.00000000	-0.04327589
23.11005378	0.00000000	0.00000000	-0.04327121
23.11255377	0.00000000	0.00000000	-0.04326653
23.11505377	0.00000000	0.00000000	-0.04326185
23.11755376	0.00000000	0.00000000	-0.04325717
23.12005376	0.00000000	0.00000000	-0.04325249
23.12255375	0.00000000	0.00000000	-0.04324782
23.12505375	0.00000000	0.00000000	-0.04324314
23.12755374	0.00000000	0.00000000	-0.04323847
23.13005374	0.00000000	0.00000000	-0.04323379
23.13255373	0.00000000	0.00000000	-0.04322912
23.13505373	0.00000000	0.00000000	-0.04322445
23.13755372	0.00000000	0.00000000	-0.04321978
23.14005372	0.00000000	0.00000000	-0.04321511
23.14255371	0.00000000	0.00000000	-0.04321044
23.14505371	0.00000000	0.00000000	-0.04320578
23.14755370	0.00000000	0.00000000	-0.04320111
23.15005370	0.00000000	0.00000000	-0.04319644
23.15255369	0.00000000	0.00000000	-0.04319178
23.15505369	0.00000000	0.00000000	-0.04318712
23.15755368	0.00000000	0.00000000	-0.04318245
23.16005368	0.00000000	0.00000000	-0.04317779
23.16255367	0.00000000	0.00000000	-0.04317313
23.16505367	0.00000000	0.00000000	-0.04316847
23.16755366	0.00000000	0.00000000	-0.04316381
23.17005366	0.00000000	0.00000000	-0.04315916
23.17255365	0.00000000	0.00000000	-0.04315450
23.17505365	0.00000000	0.00000000	-0.04314985
23.17755364	0.00000000	0.00000000	-0.04314519
23.18005364	0.00000000	0.00000000	-0.04314054
23.18255363	0.00000000	0.00000000	-0.04313589
23.18505363	0.00000000	0.00000000	-0.04313124
23.18755362	0.00000000	0.00000000	-0.04312658
23.19005362	0.00000000	0.00000000	-0.04312194
23.19255361	0.00000000	0.00000000	-0.04311729
23.19505361	0.00000000	0.00000000	-0.04311264
23.19755360	0.00000000	0.00000000	-0.04310799
23.20005360	0.00000000	0.00000000	-0.04310335
23.20255359	0.00000000	0.00000000	-0.04309870
23.20505359	0.00000000	0.00000000	-0.04309406
23.20755358	0.00000000	0.00000000	-0.04308942
23.21005358	0.00000000	0.00000000	-0.04308478
23.21255357	0.00000000	0.00000000	-0.04308014
23.21505357	0.00000000	0.00000000	-0.04307550
23.21755356	0.00000000	0.00000000	-0.04307086
23.22005356	0.00000000	0.00000000	-0.04306622
23.22255355	0.00000000	0.00000000	-0.04306159
23.22505355	0.00000000	0.00000000	-0.04305695
23.22755354	0.00000000	0.00000000	-0.04305232
23.23005354	0.00000000	0.00000000	-0.04304768
23.23255353	0.00000000	0.00000000	-0.04304305
23.23505353	0.00000000	0.00000000	-0.04303842
23.23755352	0.00000000	0.00000000	-0.04303379
23.24005352	0.00000000	0.00000000	-0.04302916
23.24255351	0.00000000	0.00000000	-0.04302453
23.24505351	0.00000000	0.00000000	-0.04301991
23.24755350	0.00000000	0.00000000	-0.04301528
23.25005350	0.00000000	0.00000000	-0.04301065
23.25255349	0.00000000	0.00000000	-0.04300603
23.25505349	0.00000000	0.00000000	-0.04300141
23.25755348	0.00000000	0.00000000	-0.04299678
23.26005348	0.00000000	0.00000000	-0.04299216
23.26255347	0.00000000	0.00000000	-0.04298754
23.26505347	0.00000000	0.00000000	-0.04298292
23.26755346	0.00000000	0.00000000	-0.04297830
23.27005346	0.00000000	0.00000000	-0.04297369
23.27255345	0.00000000	0.00000000	-0.04296907
23.27505345	0.00000000	0.00000000	-0.04296446
23.27755344	0.00000000	0.00000000	-0.04295984
23.28005344	0.00000000	0.00000000	-0.04295523
23.28255343	0.00000000	0.00000000	-0.04295062
23.28505343	0.00000000	0.00000000	-0.04294600
23.28755342	0.00000000	0.00000000	-0.04294139
23.29005342	0.00000000	0.00000000	-0.04293678
23.29255341	0.00000000	0.00000000	-0.04293218
23.29505341	0.00000000	0.00000000	-0.04292757
23.29755340	0.00000000	0.00000000	-0.04292296
23.30005340	0.00000000	0.00000000	-0.04291836
23.30255339	0.00000000	0.00000000	-0.04291375
23.30505339	0.00000000	0.00000000	-0.04290915
23.30755338	0.00000000	0.00000000	-0.04290455
23.31005338	0.00000000	0.00000000	-0.04289994
23.31255337	0.00000000	0.00000000	-0.04289534
23.31505337	0.00000000	0.00000000	-0.04289074
23.31755336	0.00000000	0.00000000	-0.04288615
23.32005336	0.00000000	0.00000000	-0.04288155
23.32255335	0.00000000	0.00000000	-0.04287695
23.32505335	0.00000000	0.00000000	-0.04287236
23.32755334	0.00000000	0.00000000	-0.04286776
23.33005334	0.00000000	0.00000000	-0.04286317
23.33255333	0.00000000	0.00000000	-0.04285858
23.33505333	0.00000000	0.00000000	-0.04285398
23.33755332	0.00000000	0.00000000	-0.04284939
23.34005332	0.00000000	0.00000000	-0.04284480
23.34255331	0.00000000	0.00000000	-0.04284021
23.34505331	0.00000000	0.00000000	-0.04283563
23.34755330	0.00000000	0.00000000	-0.04283104
23.35005330	0.00000000	0.00000000	-0.04282645
23.35255329	0.00000000	0.00000000	-0.04282187
23.35505329	0.00000000	0.00000000	-0.04281729
23.35755328	0.00000000	0.00000000	-0.04281270
23.36005328	0.00000000	0.00000000	-0.04280812
23.36255327	0.00000000	0.00000000	-0.04280354
23.36505327	0.00000000	0.00000000	-0.04279896
23.36755326	0.00000000	0.00000000	-0.04279438
23.37005326	0.00000000	0.00000000	-0.04278980
23.37255325	0.00000000	0.00000000	-0.04278523
23.37505325	0.00000000	0.00000000	-0.04278065
23.37755324	0.00000000	0.00000000	-0.04277608
23.38005324	0.00000000	0.00000000	-0.04277150
23.38255323	0.00000000	0.00000000	-0.04276693
23.38505323	0.00000000	0.00000000	-0.04276236
23.38755322	0.00000000	0.00000000	-0.04275779
23.39005322	0.00000000	0.00000000	-0.04275322
23.39255321	0.00000000	0.00000000	-0.04274865
23.39505321	0.00000000	0.00000000	-0.04274408
23.39755320	0.00000000	0.00000000	-0.04273951
23.40005320	0.00000000	0.00000000	-0.04273495
23.40255319	0.00000000	0.00000000	-0.04273038
23.40505319	0.00000000	0.00000000	-0.04272582
23.40755318	0.00000000	0.00000000	-0.04272125
23.41005318	0.00000000	0.00000000	-0.04271669
23.41255317	0.00000000	0.00000000	-0.04271213
23.41505317	0.00000000	0.00000000	-0.04270757
23.41755316	0.00000000	0.00000000	-0.04270301
23.42005316	0.00000000	0.00000000	-0.04269845
23.42255315	0.00000000	0.00000000	-0.04269389
23.42505315	0.00000000	0.00000000	-0.04268934
23.42755314	0.00000000	0.00000000	-0.04268478
23.43005314	0.00000000	0.00000000	-0.04268023
23.43255313	0.00000000	0.00000000	-0.04267567
23.43505313	0.00000000	0.00000000	-0.04267112
23.43755312	0.00000000	0.00000000	-0.04266657
23.44005312	0.00000000	0.00000000	-0.04266202
23.44255311	0.00000000	0.00000000	-0.04265747
23.44505311	0.00000000	0.00000000	-0.04265292
23.44755310	0.00000000	0.00000000	-0.04264837
23.45005310	0.00000000	0.00000000	-0.04264383
23.45255309	0.00000000	0.00000000	-0.04263928
23.45505309	0.00000000	0.00000000	-0.04263474
23.45755308	0.00000000	0.00000000	-0.04263019
23.46005308	0.00000000	0.00000000	-0.04262565
23.46255307	0.00000000	0.00000000	-0.04262111
23.46505307	0.00000000	0.00000000	-0.04261657
23.46755306	0.00000000	0.00000000	-0.04261203
23.47005306	0.00000000	0.00000000	-0.04260749
23.47255305	0.00000000	0.00000000	-0.04260295
23.47505305	0.00000000	0.00000000	-0.04259841
23.47755304	0.00000000	0.00000000	-0.04259388
23.48005304	0.00000000	0.00000000	-0.04258934
23.48255303	0.00000000	0.00000000	-0.04258481
23.48505303	0.00000000	0.00000000	-0.04258027
23.48755302	0.00000000	0.00000000	-0.04257574
23.49005302	0.00000000	0.00000000	-0.04257121
23.49255301	0.00000000	0.00000000	-0.04256668
23.49505301	0.00000000	0.00000000	-0.04256215
23.49755300	0.00000000	0.00000000	-0.04255762
23.50005300	0.00000000	0.00000000	-0.04255310
23.50255299	0.00000000	0.00000000	-0.04254857
23.50505299	0.00000000	0.00000000	-0.04254404
23.50755298	0.00000000	0.00000000	-0.04253952
23.51005298	0.00000000	0.00000000	-0.04253500
23.51255297	0.00000000	0.00000000	-0.04253047
23.51505297	0.00000000	0.00000000	-0.04252595
23.51755296	0.00000000	0.00000000	-0.04252143
23.52005296	0.00000000	0.00000000	-0.04251691
23.52255295	0.00000000	0.00000000	-0.04251239
23.52505295	0.00000000	0.00000000	-0.04250787
23.52755294	0.00000000	0.00000000	-0.04250336
23.53005294	0.00000000	0.00000000	-0.04249884
23.53255293	0.00000000	0.00000000	-0.04249433
23.53505293	0.00000000	0.00000000	-0.04248981
23.53755292	0.00000000	0.00000000	-0.04248530
23.54005292	0.00000000	0.00000000	-0.04248079
23.54255291	0.00000000	0.00000000	-0.04247628
23.54505291	0.00000000	0.00000000	-0.04247177
23.54755290	0.00000000	0.00000000	-0.04246726
23.55005290	0.00000000	0.00000000	-0.04246275
23.55255289	0.00000000	0.00000000	-0.04245824
23.55505289	0.00000000	0.00000000	-0.04245374
23.55755288	0.00000000	0.00000000	-0.04244923
23.56005288	0.00000000	0.00000000	-0.04244473
23.56255287	0.00000000	0.00000000	-0.04244022
23.56505287	0.00000000	0.00000000	-0.04243572
23.56755286	0.00000000	0.00000000	-0.04243122
23.57005286	0.00000000	0.00000000	-0.04242672
23.57255285	0.00000000	0.00000000	-0.04242222
23.57505285	0.00000000	0.00000000	-0.04241772
23.57755284	0.00000000	0.00000000	-0.04241322
23.58005284	0.00000000	0.00000000	-0.04240873
23.58255283	0.00000000	0.00000000	-0.04240423
23.58505283	0.00000000	0.00000000	-0.04239974
23.58755282	0.00000000	0.00000000	-0.04239524
23.59005282	0.00000000	0.00000000	-0.04239075
23.59255281	0.00000000	0.00000000	-0.04238626
23.59505281	0.00000000	0.00000000	-0.04238177
23.59755280	0.00000000	0.00000000	-0.04237728
23.60005280	0.00000000	0.00000000	-0.04237279
23.60255279	0.00000000	0.00000000	-0.04236830
23.60505279	0.00000000	0.00000000	-0.04236381
23.60755278	0.00000000	0.00000000	-0.04235932
23.61005278	0.00000000	0.00000000	-0.04235484
23.61255277	0.00000000	0.00000000	-0.04235036
23.61505277	0.00000000	0.00000000	-0.04234587
23.61755276	0.00000000	0.00000000	-0.04234139
23.62005276	0.00000000	0.00000000	-0.04233691
23.62255275	0.00000000	0.00000000	-0.04233243
23.62505275	0.00000000	0.00000000	-0.04232795
23.62755274	0.00000000	0.00000000	-0.04232347
23.63005274	0.00000000	0.00000000	-0.04231899
23.63255273	0.00000000	0.00000000	-0.04231451
23.63505273	0.00000000	0.00000000	-0.04231004
23.63755272	0.00000000	0.00000000	-0.04230556
23.64005272	0.00000000	0.00000000	-0.04230109
23.64255271	0.00000000	0.00000000	-0.04229662
23.64505271	0.00000000	0.00000000	-0.04229215
23.64755270	0.00000000	0.00000000	-0.04228767
23.65005270	0.00000000	0.00000000	-0.04228320
23.65255269	0.00000000	0.00000000	-0.04227873
23.65505269	0.00000000	0.00000000	-0.04227427
23.65755268	0.00000000	0.00000000	-0.04226980
23.66005268	0.00000000	0.00000000	-0.04226533
23.66255267	0.00000000	0.00000000	-0.04226087
23.66505267	0.00000000	0.00000000	-0.04225640
23.66755266	0.00000000	0.00000000	-0.04225194
23.67005266	0.00000000	0.00000000	-0.04224748
23.67255265	0.00000000	0.00000000	-0.04224302
23.67505265	0.00000000	0.00000000	-0.04223855
23.67755264	0.00000000	0.00000000	-0.04223409
23.68005264	0.00000000	0.00000000	-0.04222964
23.68255263	0.00000000	0.00000000	-0.04222518
23.68505263	0.00000000	0.00000000	-0.04222072
23.68755262	0.00000000	0.00000000	-0.04221627
23.69005262	0.00000000	0.00000000	-0.04221181
23.69255261	0.00000000	0.00000000	-0.04220736
23.69505261	0.00000000	0.00000000	-0.04220290
23.69755260	0.00000000	0.00000000	-0.04219845
23.70005260	0.00000000	0.00000000	-0.04219400
23.70255259	0.00000000	0.00000000	-0.04218955
23.70505259	0.00000000	0.00000000	-0.04218510
23.70755258	0.00000000	0.00000000	-0.04218065
23.71005258	0.00000000	0.00000000	-0.04217620
23.71255257	0.00000000	0.00000000	-0.04217176
23.71505257	0.00000000	0.00000000	-0.04216731
23.71755256	0.00000000	0.00000000	-0.04216287
23.72005256	0.00000000	0.00000000	-0.04215842
23.72255255	0.00000000	0.00000000	-0.04215398
23.72505255	0.00000000	0.00000000	-0.04214954
23.72755254	0.00000000	0.00000000	-0.04214510
23.73005254	0.00000000	0.00000000	-0.04214066
23.73255253	0.00000000	0.00000000	-0.04213622
23.73505253	0.00000000	0.00000000	-0.04213178
23.73755252	0.00000000	0.00000000	-0.04212734
23.74005252	0.00000000	0.00000000	-0.04212291
23.74255251	0.00000000	0.00000000	-0.04211847
23.74505251	0.00000000	0.00000000	-0.04211404
23.74755250	0.00000000	0.00000000	-0.04210960
23.75005250	0.00000000	0.00000000	-0.04210517
23.75255249	0.00000000	0.00000000	-0.04210074
23.75505249	0.00000000	0.00000000	-0.04209631
23.75755248	0.00000000	0.00000000	-0.04209188
23.76005248	0.00000000	0.00000000	-0.04208745
23.76255247	0.00000000	0.00000000	-0.04208302
23.76505247	0.00000000	0.00000000	-0.04207859
23.76755246	0.00000000	0.00000000	-0.04207417
23.77005246	0.00000000	0.00000000	-0.04206974
23.77255245	0.00000000	0.00000000	-0.04206532
23.77505245	0.00000000	0.00000000	-0.04206090
23.77755244	0.00000000	0.00000000	-0.04205647
23.78005244	0.00000000	0.00000000	-0.04205205
23.78255243	0.00000000	0.00000000	-0.04204763
23.78505243	0.00000000	0.00000000	-0.04204321
23.78755242	0.00000000	0.00000000	-0.04203879
23.79005242	0.00000000	0.00000000	-0.04203438
23.79255241	0.00000000	0.00000000	-0.04202996
23.79505241	0.00000000	0.00000000	-0.04202554
23.79755240	0.00000000	0.00000000	-0.04202113
23.80005240	0.00000000	0.00000000	-0.04201671
23.80255239	0.00000000	0.00000000	-0.04201230
23.80505239	0.00000000	0.00000000	-0.04200789
23.80755238	0.00000000	0.00000000	-0.04200348
23.81005238	0.00000000	0.00000000	-0.04199907
23.81255237	0.00000000	0.00000000	-0.04199466
23.81505237	0.00000000	0.00000000	-0.04199025
23.81755236	0.00000000	0.00000000	-0.04198584
23.82005236	0.00000000	0.00000000	-0.04198144
23.82255235	0.00000000	0.00000000	-0.04197703
23.82505235	0.00000000	0.00000000	-0.04197263
23.82755234	0.00000000	0.00000000	-0.04196822
23.83005234	0.00000000	0.00000000	-0.04196382
23.83255233	0.00000000	0.00000000	-0.04195942
23.83505233	0.00000000	0.00000000	-0.04195502
23.83755232	0.00000000	0.00000000	-0.04195062
23.84005232	0.00000000	0.00000000	-0.04194622
23.84255231	0.00000000	0.00000000	-0.04194182
23.84505231	0.00000000	0.00000000	-0.04193742
23.84755230	0.00000000	0.00000000	-0.04193302
23.85005230	0.00000000	0.00000000	-0.04192863
23.85255229	0.00000000	0.00000000	-0.04192423
23.85505229	0.00000000	0.00000000	-0.04191984
23.85755228	0.00000000	0.00000000	-0.04191545
23.86005228	0.00000000	0.00000000	-0.04191106
23.86255227	0.00000000	0.00000000	-0.04190667
23.86505227	0.00000000	0.00000000	-0.04190228
23.86755226	0.00000000	0.00000000	-0.04189789
23.87005226	0.00000000	0.00000000	-0.04189350
23.87255225	0.00000000	0.00000000	-0.04188911
23.87505225	0.00000000	0.00000000	-0.04188473
23.87755224	0.00000000	0.00000000	-0.04188034
23.88005224	0.00000000	0.00000000	-0.04187596
23.88255223	0.00000000	0.00000000	-0.04187157
23.88505223	0.00000000	0.00000000	-0.04186719
23.88755222	0.00000000	0.00000000	-0.04186281
23.89005222	0.00000000	0.00000000	-0.04185843
23.89255221	0.00000000	0.00000000	-0.04185405
23.89505221	0.00000000	0.00000000	-0.04184967
23.89755220	0.00000000	0.00000000	-0.04184529
23.90005220	0.00000000	0.00000000	-0.04184091
23.90255219	0.00000000	0.00000000	-0.04183654
23.90505219	0.00000000	0.00000000	-0.04183216
23.90755218	0.00000000	0.00000000	-0.04182779
23.91005218	0.00000000	0.00000000	-0.04182341
23.91255217	0.00000000	0.00000000	-0.04181904
23.91505217	0.00000000	0.00000000	-0.04181467
23.91755216	0.00000000	0.00000000	-0.04181030
23.92005216	0.00000000	0.00000000	-0.04180593
23.92255215	0.00000000	0.00000000	-0.04180156
23.92505215	0.00000000	0.00000000	-0.04179719
23.92755214	0.00000000	0.00000000	-0.04179283
23.93005214	0.00000000	0.00000000	-0.04178846
23.93255213	0.00000000	0.00000000	-0.04178409
23.93505213	0.00000000	0.00000000	-0.04177973
23.93755212	0.00000000	0.00000000	-0.04177537
23.94005212	0.00000000	0.00000000	-0.04177100
23.94255211	0.00000000	0.00000000	-0.04176664
23.94505211	0.00000000	0.00000000	-0.04176228
23.94755210	0.00000000	0.00000000	-0.04175792
23.95005210	0.00000000	0.00000000	-0.04175356
23.95255209	0.00000000	0.00000000	-0.04174920
23.95505209	0.00000000	0.00000000	-0.04174485
23.95755208	0.00000000	0.00000000	-0.04174049
23.96005208	0.00000000	0.00000000	-0.04173614
23.96255207	0.00000000	0.00000000	-0.04173178
23.96505207	0.00000000	0.00000000	-0.04172743
23.96755206	0.00000000	0.00000000	-0.04172308
23.97005206	0.00000000	0.00000000	-0.04171872
23.97255205	0.00000000	0.00000000	-0.04171437
23.97505205	0.00000000	0.00000000	-0.04171002
23.97755204	0.00000000	0.00000000	-0.04170568
23.98005204	0.00000000	0.00000000	-0.04170133
23.98255203	0.00000000	0.00000000	-0.04169698
23.98505203	0.00000000	0.00000000	-0.04169263
23.98755202	0.00000000	0.00000000	-0.04168829
23.99005202	0.00000000	0.00000000	-0.04168394
23.99255201	0.00000000	0.00000000	-0.04167960
23.99505201	0.00000000	0.00000000	-0.04167526
23.99755200	0.00000000	0.00000000	-0.04167092
24.00005200	0.00000000	0.00000000	-0.04166658
24.00255199	0.00000000	0.00000000	-0.04166224
24.00505199	0.00000000	0.00000000	-0.04165790
24.00755198	0.00000000	0.00000000	-0.04165356
24.01005198	0.00000000	0.00000000	-0.04164922
24.01255197	0.00000000	0.00000000	-0.04164489
24.01505197	0.00000000	0.00000000	-0.04164055
24.01755196	0.00000000	0.00000000	-0.04163622
24.02005196	0.00000000	0.00000000	-0.04163188
24.02255195	0.00000000	0.00000000	-0.04162755
24.02505195	0.00000000	0.00000000	-0.04162322
24.02755194	0.00000000	0.00000000	-0.04161889
24.03005194	0.00000000	0.00000000	-0.04161456
24.03255193	0.00000000	0.00000000	-0.04161023
24.03505193	0.00000000	0.00000000	-0.04160590
24.03755192	0.00000000	0.00000000	-0.04160157
24.04005192	0.00000000	0.00000000	-0.04159725
24.04255191	0.00000000	0.00000000	-0.04159292
24.04505191	0.00000000	0.00000000	-0.04158860
24.04755190	0.00000000	0.00000000	-0.04158427
24.05005190	0.00000000	0.00000000	-0.04157995
24.05255189	0.00000000	0.00000000	-0.04157563
24.05505189	0.00000000	0.00000000	-0.04157131
24.05755188	0.00000000	0.00000000	-0.04156699
24.06005188	0.00000000	0.00000000	-0.04156267
24.06255187	0.00000000	0.00000000	-0.04155835
24.06505187	0.00000000	0.00000000	-0.04155403
24.06755186	0.00000000	0.00000000	-0.04154972
24.07005186	0.00000000	0.00000000	-0.04154540
24.07255185	0.00000000	0.00000000	-0.04154109
24.07505185	0.00000000	0.00000000	-0.04153677
24.07755184	0.00000000	0.00000000	-0.04153246
24.08005184	0.00000000	0.00000000	-0.04152815
24.08255183	0.00000000	0.00000000	-0.04152384
24.08505183	0.00000000	0.00000000	-0.04151953
24.08755182	0.00000000	0.00000000	-0.04151522
24.09005182	0.00000000	0.00000000	-0.04151091
24.09255181	0.00000000	0.00000000	-0.04150660
24.09505181	0.00000000	0.00000000	-0.04150230
24.09755180	0.00000000	0.00000000	-0.04149799
24.10005180	0.00000000	0.00000000	-0.04149369
24.10255179	0.00000000	0.00000000	-0.04148938
24.10505179	0.00000000	0.00000000	-0.04148508
24.10755178	0.00000000	0.00000000	-0.04148078
24.11005178	0.00000000	0.00000000	-0.04147648
24.11255177	0.00000000	0.00000000	-0.04147218
24.11505177	0.00000000	0.00000000	-0.04146788
24.11755176	0.00000000	0.00000000	-0.04146358
24.12005176	0.00000000	0.00000000	-0.04145928
24.12255175	0.00000000	0.00000000	-0.04145498
24.12505175	0.00000000	0.00000000	-0.04145069
24.12755174	0.00000000	0.00000000	-0.04144639
24.13005174	0.00000000	0.00000000	-0.04144210
24.13255173	0.00000000	0.00000000	-0.04143781
24.13505173	0.00000000	0.00000000	-0.04143351
24.13755172	0.00000000	0.00000000	-0.04142922
24.14005172	0.00000000	0.00000000	-0.04142493
24.14255171	0.00000000	0.00000000	-0.04142064
24.14505171	0.00000000	0.00000000	-0.04141635
24.14755170	0.00000000	0.00000000	-0.04141207
24.15005170	0.00000000	0.00000000	-0.04140778
24.15255169	0.00000000	0.00000000	-0.04140349
24.15505169	0.00000000	0.00000000	-0.04139921
24.15755168	0.00000000	0.00000000	-0.04139492
24.16005168	0.00000000	0.00000000	-0.04139064
24.16255167	0.00000000	0.00000000	-0.04138636
24.16505167	0.00000000	0.00000000	-0.04138208
24.16755166	0.00000000	0.00000000	-0.04137780
24.17005166	0.00000000	0.00000000	-0.04137352
24.17255165	0.00000000	0.00000000	-0.04136924
24.17505165	0.00000000	0.00000000	-0.04136496
24.17755164	0.00000000	0.00000000	-0.04136068
24.18005164	0.00000000	0.00000000	-0.04135640
24.18255163	0.00000000	0.00000000	-0.04135213
24.18505163	0.00000000	0.00000000	-0.04134785
24.18755162	0.00000000	0.00000000	-0.04134358
24.19005162	0.00000000	0.00000000	-0.04133931
24.19255161	0.00000000	0.00000000	-0.04133504
24.19505161	0.00000000	0.00000000	-0.04133077
24.19755160	0.00000000	0.00000000	-0.04132650
24.20005160	0.00000000	0.00000000	-0.04132223
24.20255159	0.00000000	0.00000000	-0.04131796
24.20505159	0.00000000	0.00000000	-0.04131369
24.20755158	0.00000000	0.00000000	-0.04130942
24.21005158	0.00000000	0.00000000	-0.04130516
24.21255157	0.00000000	0.00000000	-0.04130089
24.21505157	0.00000000	0.00000000	-0.04129663
24.21755156	0.00000000	0.00000000	-0.04129237
24.22005156	0.00000000	0.00000000	-0.04128810
24.22255155	0.00000000	0.00000000	-0.04128384
24.22505155	0.00000000	0.00000000	-0.04127958
24.22755154	0.00000000	0.00000000	-0.04127532
24.23005154	0.00000000	0.00000000	-0.04127106
24.23255153	0.00000000	0.00000000	-0.04126681
24.23505153	0.00000000	0.00000000	-0.04126255
24.23755152	0.00000000	0.00000000	-0.04125829
24.24005152	0.00000000	0.00000000	-0.04125404
24.24255151	0.00000000	0.00000000	-0.04124978
24.24505151	0.00000000	0.00000000	-0.04124553
24.24755150	0.00000000	0.00000000	-0.04124128
24.25005150	0.00000000	0.00000000	-0.04123703
24.25255149	0.00000000	0.00000000	-0.04123278
24.25505149	0.00000000	0.00000000	-0.04122853
24.25755148	0.00000000	0.00000000	-0.04122428
24.26005148	0.00000000	0.00000000	-0.04122003
24.26255147	0.00000000	0.00000000	-0.04121578
24.26505147	0.00000000	0.00000000	-0.04121153
24.26755146	0.00000000	0.00000000	-0.04120729
24.27005146	0.00000000	0.00000000	-0.04120304
24.27255145	0.00000000	0.00000000	-0.04119880
24.27505145	0.00000000	0.00000000	-0.04119456
24.27755144	0.00000000	0.00000000	-0.04119032
24.28005144	0.00000000	0.00000000	-0.04118607
24.28255143	0.00000000	0.00000000	-0.04118183
24.28505143	0.00000000	0.00000000	-0.04117759
24.28755142	0.00000000	0.00000000	-0.04117336
24.29005142	0.00000000	0.00000000	-0.04116912
24.29255141	0.00000000	0.00000000	-0.04116488
24.29505141	0.00000000	0.00000000	-0.04116065
24.29755140	0.00000000	0.00000000	-0.04115641
24.30005140	0.00000000	0.00000000	-0.04115218
24.30255139	0.00000000	0.00000000	-0.04114794
24.30505139	0.00000000	0.00000000	-0.04114371
24.30755138	0.00000000	0.00000000	-0.04113948
24.31005138	0.00000000	0.00000000	-0.04113525
24.31255137	0.00000000	0.00000000	-0.04113102
24.31505137	0.00000000	0.00000000	-0.04112679
24.31755136	0.00000000	0.00000000	-0.04112256
24.32005136	0.00000000	0.00000000	-0.04111833
24.32255135	0.00000000	0.00000000	-0.04111411
24.32505135	0.00000000	0.00000000	-0.04110988
24.32755134	0.00000000	0.00000000	-0.04110566
24.33005134	0.00000000	0.00000000	-0.04110143
24.33255133	0.00000000	0.00000000	-0.04109721
24.33505133	0.00000000	0.00000000	-0.04109299
24.33755132	0.00000000	0.00000000	-0.04108877
24.34005132	0.00000000	0.00000000	-0.04108455
24.34255131	0.00000000	0.00000000	-0.04108033
24.34505131	0.00000000	0.00000000	-0.04107611
24.34755130	0.00000000	0.00000000	-0.04107189
24.35005130	0.00000000	0.00000000	-0.04106768
24.35255129	0.00000000	0.00000000	-0.04106346
24.35505129	0.00000000	0.00000000	-0.04105924
24.35755128	0.00000000	0.00000000	-0.04105503
24.36005128	0.00000000	0.00000000	-0.04105082
24.36255127	0.00000000	0.00000000	-0.04104660
24.36505127	0.00000000	0.00000000	-0.04104239
24.36755126	0.00000000	0.00000000	-0.04103818
24.37005126	0.00000000	0.00000000	-0.04103397
24.37255125	0.00000000	0.00000000	-0.04102976
24.37505125	0.00000000	0.00000000	-0.04102555
24.37755124	0.00000000	0.00000000	-0.04102135
24.38005124	0.00000000	0.00000000	-0.04101714
24.38255123	0.00000000	0.00000000	-0.04101294
24.38505123	0.00000000	0.00000000	-0.04100873
24.38755122	0.00000000	0.00000000	-0.04100453
24.39005122	0.00000000	0.00000000	-0.04100032
24.39255121	0.00000000	0.00000000	-0.04099612
24.39505121	0.00000000	0.00000000	-0.04099192
24.39755120	0.00000000	0.00000000	-0.04098772
24.40005120	0.00000000	0.00000000	-0.04098352
24.40255119	0.00000000	0.00000000	-0.04097932
24.40505119	0.00000000	0.00000000	-0.04097512
24.40755118	0.00000000	0.00000000	-0.04097093
24.41005118	0.00000000	0.00000000	-0.04096673
24.41255117	0.00000000	0.00000000	-0.04096254
24.41505117	0.00000000	0.00000000	-0.04095834
24.41755116	0.00000000	0.00000000	-0.04095415
24.42005116	0.00000000	0.00000000	-0.04094996
24.42255115	0.00000000	0.00000000	-0.04094576
24.42505115	0.00000000	0.00000000	-0.04094157
24.42755114	0.00000000	0.00000000	-0.04093738
24.43005114	0.00000000	0.00000000	-0.04093319
24.43255113	0.00000000	0.00000000	-0.04092900
24.43505113	0.00000000	0.00000000	-0.04092482
24.43755112	0.00000000	0.00000000	-0.04092063
24.44005112	0.00000000	0.00000000	-0.04091644
24.44255111	0.00000000	0.00000000	-0.04091226
24.44505111	0.00000000	0.00000000	-0.04090808
24.44755110	0.00000000	0.00000000	-0.04090389
24.45005110	0.00000000	0.00000000	-0.04089971
24.45255109	0.00000000	0.00000000	-0.04089553
24.45505109	0.00000000	0.00000000	-0.04089135
24.45755108	0.00000000	0.00000000	-0.04088717
24.46005108	0.00000000	0.00000000	-0.04088299
24.46255107	0.00000000	0.00000000	-0.04087881
24.46505107	0.00000000	0.00000000	-0.04087463
24.46755106	0.00000000	0.00000000	-0.04087046
24.47005106	0.00000000	0.00000000	-0.04086628
24.47255105	0.00000000	0.00000000	-0.04086211
24.47505105	0.00000000	0.00000000	-0.04085793
24.47755104	0.00000000	0.00000000	-0.04085376
24.48005104	0.00000000	0.00000000	-0.04084959
24.48255103	0.00000000	0.00000000	-0.04084542
24.48505103	0.00000000	0.00000000	-0.04084125
24.48755102	0.00000000	0.00000000	-0.04083708
24.49005102	0.00000000	0.00000000	-0.04083291
24.49255101	0.00000000	0.00000000	-0.04082874
24.49505101	0.00000000	0.00000000	-0.04082457
24.49755100	0.00000000	0.00000000	-0.04082041
24.50005100	0.00000000	0.00000000	-0.04081624
24.50255099	0.00000000	0.00000000	-0.04081208
24.50505099	0.00000000	0.00000000	-0.04080791
24.50755098	0.00000000	0.00000000	-0.04080375
24.51005098	0.00000000	0.00000000	-0.04079959
24.51255097	0.00000000	0.00000000	-0.04079543
24.51505097	0.00000000	0.00000000	-0.04079127
24.51755096	0.00000000	0.00000000	-0.04078711
24.52005096	0.00000000	0.00000000	-0.04078295
24.52255095	0.00000000	0.00000000	-0.04077879
24.52505095	0.00000000	0.00000000	-0.04077463
24.52755094	0.00000000	0.00000000	-0.04077048
24.53005094	0.00000000	0.00000000	-0.04076632
24.53255093	0.00000000	0.00000000	-0.04076217
24.53505093	0.00000000	0.00000000	-0.04075802
24.53755092	0.00000000	0.00000000	-0.04075386
24.54005092	0.00000000	0.00000000	-0.04074971
24.54255091	0.00000000	0.00000000	-0.04074556
24.54505091	0.00000000	0.00000000	-0.04074141
24.54755090	0.00000000	0.00000000	-0.04073726
24.55005090	0.00000000	0.00000000	-0.04073311
24.55255089	0.00000000	0.00000000	-0.04072897
24.55505089	0.00000000	0.00000000	-0.04072482
24.55755088	0.00000000	0.00000000	-0.04072067
24.56005088	0.00000000	0.00000000	-0.04071653
24.56255087	0.00000000	0.00000000	-0.04071238
24.56505087	0.00000000	0.00000000	-0.04070824
24.56755086	0.00000000	0.00000000	-0.04070410
24.57005086	0.00000000	0.00000000	-0.04069996
24.57255085	0.00000000	0.00000000	-0.04069582
24.57505085	0.00000000	0.00000000	-0.04069168
24.57755084	0.00000000	0.00000000	-0.04068754
24.58005084	0.00000000	0.00000000	-0.04068340
24.58255083	0.00000000	0.00000000	-0.04067926
24.58505083	0.00000000	0.00000000	-0.04067512
24.58755082	0.00000000	0.00000000	-0.04067099
24.59005082	0.00000000	0.00000000	-0.04066685
24.59255081	0.00000000	0.00000000	-0.04066272
24.59505081	0.00000000	0.00000000	-0.04065859
24.59755080	0.00000000	0.00000000	-0.04065445
24.60005080	0.00000000	0.00000000	-0.04065032
24.60255079	0.00000000	0.00000000	-0.04064619
24.60505079	0.00000000	0.00000000	-0.04064206
24.60755078	0.00000000	0.00000000	-0.04063793
24.61005078	0.00000000	0.00000000	-0.04063380
24.61255077	0.00000000	0.00000000	-0.04062968
24.61505077	0.00000000	0.00000000	-0.04062555
24.61755076	0.00000000	0.00000000	-0.04062143
24.62005076	0.00000000	0.00000000	-0.04061730
24.62255075	0.00000000	0.00000000	-0.04061318
24.62505075	0.00000000	0.00000000	-0.04060905
24.62755074	0.00000000	0.00000000	-0.04060493
24.63005074	0.00000000	0.00000000	-0.04060081
24.63255073	0.00000000	0.00000000	-0.04059669
24.63505073	0.00000000	0.00000000	-0.04059257
24.63755072	0.00000000	0.00000000	-0.04058845
24.64005072	0.00000000	0.00000000	-0.04058433
24.64255071	0.00000000	0.00000000	-0.04058021
24.64505071	0.00000000	0.00000000	-0.04057610
24.64755070	0.00000000	0.00000000	-0.04057198
24.65005070	0.00000000	0.00000000	-0.04056787
24.65255069	0.00000000	0.00000000	-0.04056375
24.65505069	0.00000000	0.00000000	-0.04055964
24.65755068	0.00000000	0.00000000	-0.04055553
24.66005068	0.00000000	0.00000000	-0.04055142
24.66255067	0.00000000	0.00000000	-0.04054731
24.66505067	0.00000000	0.00000000	-0.04054320
24.66755066	0.00000000	0.00000000	-0.04053909
24.67005066	0.00000000	0.00000000	-0.04053498
24.67255065	0.00000000	0.00000000	-0.04053087
24.67505065	0.00000000	0.00000000	-0.04052677
24.67755064	0.00000000	0.00000000	-0.04052266
24.68005064	0.00000000	0.00000000	-0.04051856
24.68255063	0.00000000	0.00000000	-0.04051445
24.68505063	0.00000000	0.00000000	-0.04051035
24.68755062	0.00000000	0.00000000	-0.04050625
24.69005062	0.00000000	0.00000000	-0.04050214
24.69255061	0.00000000	0.00000000	-0.04049804
24.69505061	0.00000000	0.00000000	-0.04049394
24.69755060	0.00000000	0.00000000	-0.04048985
24.70005060	0.00000000	0.00000000	-0.04048575
24.70255059	0.00000000	0.00000000	-0.04048165
24.70505059	0.00000000	0.00000000	-0.04047755
24.70755058	0.00000000	0.00000000	-0.04047346
24.71005058	0.00000000	0.00000000	-0.04046936
24.71255057	0.00000000	0.00000000	-0.04046527
24.71505057	0.00000000	0.00000000	-0.04046118
24.71755056	0.00000000	0.00000000	-0.04045708
24.72005056	0.00000000	0.00000000	-0.04045299
24.72255055	0.00000000	0.00000000	-0.04044890
24.72505055	0.00000000	0.00000000	-0.04044481
24.72755054	0.00000000	0.00000000	-0.04044072
24.73005054	0.00000000	0.00000000	-0.04043663
24.73255053	0.00000000	0.00000000	-0.04043255
24.73505053	0.00000000	0.00000000	-0.04042846
24.73755052	0.00000000	0.00000000	-0.04042437
24.74005052	0.00000000	0.00000000	-0.04042029
24.74255051	0.00000000	0.00000000	-0.04041621
24.74505051	0.00000000	0.00000000	-0.04041212
24.74755050	0.00000000	0.00000000	-0.04040804
24.75005050	0.00000000	0.00000000	-0.04040396
24.75255049	0.00000000	0.00000000	-0.04039988
24.75505049	0.00000000	0.00000000	-0.04039580
24.75755048	0.00000000	0.00000000	-0.04039172
24.76005048	0.00000000	0.00000000	-0.04038764
24.76255047	0.00000000	0.00000000	-0.04038356
24.76505047	0.00000000	0.00000000	-0.04037949
24.76755046	0.00000000	0.00000000	-0.04037541
24.77005046	0.00000000	0.00000000	-0.04037133
24.77255045	0.00000000	0.00000000	-0.04036726
24.77505045	0.00000000	0.00000000	-0.04036319
24.77755044	0.00000000	0.00000000	-0.04035911
24.78005044	0.00000000	0.00000000	-0.04035504
24.78255043	0.00000000	0.00000000	-0.04035097
24.78505043	0.00000000	0.00000000	-0.04034690
24.78755042	0.00000000	0.00000000	-0.04034283
24.79005042	0.00000000	0.00000000	-0.04033876
24.79255041	0.00000000	0.00000000	-0.04033470
24.79505041	0.00000000	0.00000000	-0.04033063
24.79755040	0.00000000	0.00000000	-0.04032656
24.80005040	0.00000000	0.00000000	-0.04032250
24.80255039	0.00000000	0.00000000	-0.04031843
24.80505039	0.00000000	0.00000000	-0.04031437
24.80755038	0.00000000	0.00000000	-0.04031031
24.81005038	0.00000000	0.00000000	-0.04030625
24.81255037	0.00000000	0.00000000	-0.04030219
24.81505037	0.00000000	0.00000000	-0.04029812
24.81755036	0.00000000	0.00000000	-0.04029407
24.82005036	0.00000000	0.00000000	-0.04029001
24.82255035	0.00000000	0.00000000	-0.04028595
24.82505035	0.00000000	0.00000000	-0.04028189
24.82755034	0.00000000	0.00000000	-0.04027784
24.83005034	0.00000000	0.00000000	-0.04027378
24.83255033	0.00000000	0.00000000	-0.04026973
24.83505033	0.00000000	0.00000000	-0.04026567
24.83755032	0.00000000	0.00000000	-0.04026162
24.84005032	0.00000000	0.00000000	-0.04025757
24.84255031	0.00000000	0.00000000	-0.04025352
24.84505031	0.00000000	0.00000000	-0.04024947
24.84755030	0.00000000	0.00000000	-0.04024542
24.85005030	0.00000000	0.00000000	-0.04024137
24.85255029	0.00000000	0.00000000	-0.04023732
24.85505029	0.00000000	0.00000000	-0.04023327
24.85755028	0.00000000	0.00000000	-0.04022923
24.86005028	0.00000000	0.00000000	-0.04022518
24.86255027	0.00000000	0.00000000	-0.04022114
24.86505027	0.00000000	0.00000000	-0.04021709
24.86755026	0.00000000	0.00000000	-0.04021305
24.87005026	0.00000000	0.00000000	-0.04020901
24.87255025	0.00000000	0.00000000	-0.04020496
24.87505025	0.00000000	0.00000000	-0.04020092
24.87755024	0.00000000	0.00000000	-0.04019688
24.88005024	0.00000000	0.00000000	-0.04019284
24.88255023	0.00000000	0.00000000	-0.04018881
24.88505023	0.00000000	0.00000000	-0.04018477
24.88755022	0.00000000	0.00000000	-0.04018073
24.89005022	0.00000000	0.00000000	-0.04017670
24.89255021	0.00000000	0.00000000	-0.04017266
24.89505021	0.00000000	0.00000000	-0.04016863
24.89755020	0.00000000	0.00000000	-0.04016459
24.90005020	0.00000000	0.00000000	-0.04016056
24.90255019	0.00000000	0.00000000	-0.04015653
24.90505019	0.00000000	0.00000000	-0.04015250
24.90755018	0.00000000	0.00000000	-0.04014847
24.91005018	0.00000000	0.00000000	-0.04014444
24.91255017	0.00000000	0.00000000	-0.04014041
24.91505017	0.00000000	0.00000000	-0.04013638
24.91755016	0.00000000	0.00000000	-0.04013236
24.92005016	0.00000000	0.00000000	-0.04012833
24.92255015	0.00000000	0.00000000	-0.04012430
24.92505015	0.00000000	0.00000000	-0.04012028
24.92755014	0.00000000	0.00000000	-0.04011626
24.93005014	0.00000000	0.00000000	-0.04011223
24.93255013	0.00000000	0.00000000	-0.04010821
24.93505013	0.00000000	0.00000000	-0.04010419
24.93755012	0.00000000	0.00000000	-0.04010017
24.94005012	0.00000000	0.00000000	-0.04009615
24.94255011	0.00000000	0.00000000	-0.04009213
24.94505011	0.00000000	0.00000000	-0.04008811
24.94755010	0.00000000	0.00000000	-0.04008410
24.95005010	0.00000000	0.00000000	-0.04008008
24.95255009	0.00000000	0.00000000	-0.04007606
24.95505009	0.00000000	0.00000000	-0.04007205
24.95755008	0.00000000	0.00000000	-0.04006804
24.96005008	0.00000000	0.00000000	-0.04006402
24.96255007	0.00000000	0.00000000	-0.04006001
24.96505007	0.00000000	0.00000000	-0.04005600
24.96755006	0.00000000	0.00000000	-0.04005199
24.97005006	0.00000000	0.00000000	-0.04004798
24.97255005	0.00000000	0.00000000	-0.04004397
24.97505005	0.00000000	0.00000000	-0.04003996
24.97755004	0.00000000	0.00000000	-0.04003595
24.98005004	0.00000000	0.00000000	-0.04003195
24.98255003	0.00000000	0.00000000	-0.04002794
24.98505003	0.00000000	0.00000000	-0.04002393
24.98755002	0.00000000	0.00000000	-0.04001993
24.99005002	0.00000000	0.00000000	-0.04001593
24.99255001	0.00000000	0.00000000	-0.04001192
24.99505001	0.00000000	0.00000000	-0.04000792
24.99755000	0.00000000	0.00000000	-0.04000392
25.00005000	0.00000000	0.00000000	-0.03999992
25.00254999	0.00000000	0.00000000	-0.03999592
25.00504999	0.00000000	0.00000000	-0.03999192
25.00754998	0.00000000	0.00000000	-0.03998792
25.01004998	0.00000000	0.00000000	-0.03998393
25.01254997	0.00000000	0.00000000	-0.03997993
25.01504997	0.00000000	0.00000000	-0.03997593
25.01754996	0.00000000	0.00000000	-0.03997194
25.02004996	0.00000000	0.00000000	-0.03996795
25.02254995	0.00000000	0.00000000	-0.03996395
25.02504995	0.00000000	0.00000000	-0.03995996
25.02754994	0.00000000	0.00000000	-0.03995597
25.03004994	0.00000000	0.00000000	-0.03995198
25.03254993	0.00000000	0.00000000	-0.03994799
25.03504993	0.00000000	0.00000000	-0.03994400
25.03754992	0.00000000	0.00000000	-0.03994001
25.04004992	0.00000000	0.00000000	-0.03993602
25.04254991	0.00000000	0.00000000	-0.03993204
25.04504991	0.00000000	0.00000000	-0.03992805
25.04754990	0.00000000	0.00000000	-0.03992406
25.05004990	0.00000000	0.00000000	-0.03992008
25.05254989	0.00000000	0.00000000	-0.03991610
25.05504989	0.00000000	0.00000000	-0.03991211
25.05754988	0.00000000	0.00000000	-0.03990813
25.06004988	0.00000000	0.00000000	-0.03990415
25.06254987	0.00000000	0.00000000	-0.03990017
25.06504987	0.00000000	0.00000000	-0.03989619
25.06754986	0.00000000	0.00000000	-0.03989221
25.07004986	0.00000000	0.00000000	-0.03988823
25.07254985	0.00000000	0.00000000	-0.03988426
25.07504985	0.00000000	0.00000000	-0.03988028
25.07754984	0.00000000	0.00000000	-0.03987630
25.08004984	0.00000000	0.00000000	-0.03987233
25.08254983	0.00000000	0.00000000	-0.03986835
25.08504983	0.00000000	0.00000000	-0.03986438
25.08754982	0.00000000	0.00000000	-0.03986041
25.09004982	0.00000000	0.00000000	-0.03985644
25.09254981	0.00000000	0.00000000	-0.03985247
25.09504981	0.00000000	0.00000000	-0.03984850
25.09754980	0.00000000	0.00000000	-0.03984453
25.10004980	0.00000000	0.00000000	-0.03984056
25.10254979	0.00000000	0.00000000	-0.03983659
25.10504979	0.00000000	0.00000000	-0.03983262
25.10754978	0.00000000	0.00000000	-0.03982866
25.11004978	0.00000000	0.00000000	-0.03982469
25.11254977	0.00000000	0.00000000	-0.03982073
25.11504977	0.00000000	0.00000000	-0.03981676
25.11754976	0.00000000	0.00000000	-0.03981280
25.12004976	0.00000000	0.00000000	-0.03980884
25.12254975	0.00000000	0.00000000	-0.03980488
25.12504975	0.00000000	0.00000000	-0.03980092
25.12754974	0.00000000	0.00000000	-0.03979696
25.13004974	0.00000000	0.00000000	-0.03979300
25.13254973	0.00000000	0.00000000	-0.03978904
25.13504973	0.00000000	0.00000000	-0.03978508
25.13754972	0.00000000	0.00000000	-0.03978112
25.14004972	0.00000000	0.00000000	-0.03977717
25.14254971	0.00000000	0.00000000	-0.03977321
25.14504971	0.00000000	0.00000000	-0.03976926
25.14754970	0.00000000	0.00000000	-0.03976531
25.15004970	0.00000000	0.00000000	-0.03976135
25.15254969	0.00000000	0.00000000	-0.03975740
25.15504969	0.00000000	0.00000000	-0.03975345
25.15754968	0.00000000	0.00000000	-0.03974950
25.16004968	0.00000000	0.00000000	-0.03974555
25.16254967	0.00000000	0.00000000	-0.03974160
25.16504967	0.00000000	0.00000000	-0.03973765
25.16754966	0.00000000	0.00000000	-0.03973371
25.17004966	0.00000000	0.00000000	-0.03972976
25.17254965	0.00000000	0.00000000	-0.03972581
25.17504965	0.00000000	0.00000000	-0.03972187
25.17754964	0.00000000	0.00000000	-0.03971792
25.18004964	0.00000000	0.00000000	-0.03971398
25.18254963	0.00000000	0.00000000	-0.03971004
25.18504963	0.00000000	0.00000000	-0.03970610
25.18754962	0.00000000	0.00000000	-0.03970216
25.19004962	0.00000000	0.00000000	-0.03969821
25.19254961	0.00000000	0.00000000	-0.03969428
25.19504961	0.00000000	0.00000000	-0.03969034
25.19754960	0.00000000	0.00000000	-0.03968640
25.20004960	0.00000000	0.00000000	-0.03968246
25.20254959	0.00000000	0.00000000	-0.03967853
25.20504959	0.00000000	0.00000000	-0.03967459
25.20754958	0.00000000	0.00000000	-0.03967065
25.21004958	0.00000000	0.00000000	-0.03966672
25.21254957	0.00000000	0.00000000	-0.03966279
25.21504957	0.00000000	0.00000000	-0.03965886
25.21754956	0.00000000	0.00000000	-0.03965492
25.22004956	0.00000000	0.00000000	-0.03965099
25.22254955	0.00000000	0.00000000	-0.03964706
25.22504955	0.00000000	0.00000000	-0.03964313
25.22754954	0.00000000	0.00000000	-0.03963920
25.23004954	0.00000000	0.00000000	-0.03963528
25.23254953	0.00000000	0.00000000	-0.03963135
25.23504953	0.00000000	0.00000000	-0.03962742
25.23754952	0.00000000	0.00000000	-0.03962350
25.24004952	0.00000000	0.00000000	-0.03961957
25.24254951	0.00000000	0.00000000	-0.03961565
25.24504951	0.00000000	0.00000000	-0.03961173
25.24754950	0.00000000	0.00000000	-0.03960780
25.25004950	0.00000000	0.00000000	-0.03960388
25.25254949	0.00000000	0.00000000	-0.03959996
25.25504949	0.00000000	0.00000000	-0.03959604
25.25754948	0.00000000	0.00000000	-0.03959212
25.26004948	0.00000000	0.00000000	-0.03958820
25.26254947	0.00000000	0.00000000	-0.03958429
25.26504947	0.00000000	0.00000000	-0.03958037
25.26754946	0.00000000	0.00000000	-0.03957645
25.27004946	0.00000000	0.00000000	-0.03957254
25.27254945	0.00000000	0.00000000	-0.03956862
25.27504945	0.00000000	0.00000000	-0.03956471
25.27754944	0.00000000	0.00000000	-0.03956080
25.28004944	0.00000000	0.00000000	-0.03955688
25.28254943	0.00000000	0.00000000	-0.03955297
25.28504943	0.00000000	0.00000000	-0.03954906
25.28754942	0.00000000	0.00000000	-0.03954515
25.29004942	0.00000000	0.00000000	-0.03954124
25.29254941	0.00000000	0.00000000	-0.03953734
25.29504941	0.00000000	0.00000000	-0.03953343
25.29754940	0.00000000	0.00000000	-0.03952952
25.30004940	0.00000000	0.00000000	-0.03952561
25.30254939	0.00000000	0.00000000	-0.03952171
25.30504939	0.00000000	0.00000000	-0.03951780
25.30754938	0.00000000	0.00000000	-0.03951390
25.31004938	0.00000000	0.00000000	-0.03951000
25.31254937	0.00000000	0.00000000	-0.03950610
25.31504937	0.00000000	0.00000000	-0.03950219
25.31754936	0.00000000	0.00000000	-0.03949829
25.32004936	0.00000000	0.00000000	-0.03949439
25.32254935	0.00000000	0.00000000	-0.03949049
25.32504935	0.00000000	0.00000000	-0.03948660
25.32754934	0.00000000	0.00000000	-0.03948270
25.33004934	0.00000000	0.00000000	-0.03947880
25.33254933	0.00000000	0.00000000	-0.03947491
25.33504933	0.00000000	0.00000000	-0.03947101
25.33754932	0.00000000	0.00000000	-0.03946712
25.34004932	0.00000000	0.00000000	-0.03946322
25.34254931	0.00000000	0.00000000	-0.03945933
25.34504931	0.00000000	0.00000000	-0.03945544
25.34754930	0.00000000	0.00000000	-0.03945155
25.35004930	0.00000000	0.00000000	-0.03944766
25.35254929	0.00000000	0.00000000	-0.03944377
25.35504929	0.00000000	0.00000000	-0.03943988
25.35754928	0.00000000	0.00000000	-0.03943599
25.36004928	0.00000000	0.00000000	-0.03943210
25.36254927	0.00000000	0.00000000	-0.03942821
25.36504927	0.00000000	0.00000000	-0.03942433
25.36754926	0.00000000	0.00000000	-0.03942044
25.37004926	0.00000000	0.00000000	-0.03941656
25.37254925	0.00000000	0.00000000	-0.03941267
25.37504925	0.00000000	0.00000000	-0.03940879
25.37754924	0.00000000	0.00000000	-0.03940491
25.38004924	0.00000000	0.00000000	-0.03940103
25.38254923	0.00000000	0.00000000	-0.03939715
25.38504923	0.00000000	0.00000000	-0.03939327
25.38754922	0.00000000	0.00000000	-0.03938939
25.39004922	0.00000000	0.00000000	-0.03938551
25.39254921	0.00000000	0.00000000	-0.03938163
25.39504921	0.00000000	0.00000000	-0.03937775
25.39754920	0.00000000	0.00000000	-0.03937388
25.40004920	0.00000000	0.00000000	-0.03937000
25.40254919	0.00000000	0.00000000	-0.03936613
25.40504919	0.00000000	0.00000000	-0.03936225
25.40754918	0.00000000	0.00000000	-0.03935838
25.41004918	0.00000000	0.00000000	-0.03935451
25.41254917	0.00000000	0.00000000	-0.03935064
25.41504917	0.00000000	0.00000000	-0.03934677
25.41754916	0.00000000	0.00000000	-0.03934290
25.42004916	0.00000000	0.00000000	-0.03933903
25.42254915	0.00000000	0.00000000	-0.03933516
25.42504915	0.00000000	0.00000000	-0.03933129
25.42754914	0.00000000	0.00000000	-0.03932742
25.43004914	0.00000000	0.00000000	-0.03932356
25.43254913	0.00000000	0.00000000	-0.03931969
25.43504913	0.00000000	0.00000000	-0.03931583
25.43754912	0.00000000	0.00000000	-0.03931196
25.44004912	0.00000000	0.00000000	-0.03930810
25.44254911	0.00000000	0.00000000	-0.03930424
25.44504911	0.00000000	0.00000000	-0.03930038
25.44754910	0.00000000	0.00000000	-0.03929652
25.45004910	0.00000000	0.00000000	-0.03929266
25.45254909	0.00000000	0.00000000	-0.03928880
25.45504909	0.00000000	0.00000000	-0.03928494
25.45754908	0.00000000	0.00000000	-0.03928108
25.46004908	0.00000000	0.00000000	-0.03927722
25.46254907	0.00000000	0.00000000	-0.03927337
25.46504907	0.00000000	0.00000000	-0.03926951
25.46754906	0.00000000	0.00000000	-0.03926566
25.47004906	0.00000000	0.00000000	-0.03926180
25.47254905	0.00000000	0.00000000	-0.03925795
25.47504905	0.00000000	0.00000000	-0.03925410
25.47754904	0.00000000	0.00000000	-0.03925024
25.48004904	0.00000000	0.00000000	-0.03924639
25.48254903	0.00000000	0.00000000	-0.03924254
25.48504903	0.00000000	0.00000000	-0.03923869
25.48754902	0.00000000	0.00000000	-0.03923484
25.49004902	0.00000000	0.00000000	-0.03923100
25.49254901	0.00000000	0.00000000	-0.03922715
25.49504901	0.00000000	0.00000000	-0.03922330
25.49754900	0.00000000	0.00000000	-0.03921946
25.50004900	0.00000000	0.00000000	-0.03921561
25.50254899	0.00000000	0.00000000	-0.03921177
25.50504899	0.00000000	0.00000000	-0.03920792
25.50754898	0.00000000	0.00000000	-0.03920408
25.51004898	0.00000000	0.00000000	-0.03920024
25.51254897	0.00000000	0.00000000	-0.03919640
25.51504897	0.00000000	0.00000000	-0.03919256
25.51754896	0.00000000	0.00000000	-0.03918872
25.52004896	0.00000000	0.00000000	-0.03918488
25.52254895	0.00000000	0.00000000	-0.03918104
25.52504895	0.00000000	0.00000000	-0.03917720
25.52754894	0.00000000	0.00000000	-0.03917337
25.53004894	0.00000000	0.00000000	-0.03916953
25.53254893	0.00000000	0.00000000	-0.03916569
25.53504893	0.00000000	0.00000000	-0.03916186
25.53754892	0.00000000	0.00000000	-0.03915803
25.54004892	0.00000000	0.00000000	-0.03915419
25.54254891	0.00000000	0.00000000	-0.03915036
25.54504891	0.00000000	0.00000000	-0.03914653
25.54754890	0.00000000	0.00000000	-0.03914270
25.55004890	0.00000000	0.00000000	-0.03913887
25.55254889	0.00000000	0.00000000	-0.03913504
25.55504889	0.00000000	0.00000000	-0.03913121
25.55754888	0.00000000	0.00000000	-0.03912738
25.56004888	0.00000000	0.00000000	-0.03912356
25.56254887	0.00000000	0.00000000	-0.03911973
25.56504887	0.00000000	0.00000000	-0.03911590
25.56754886	0.00000000	0.00000000	-0.03911208
25.57004886	0.00000000	0.00000000	-0.03910826
25.57254885	0.00000000	0.00000000	-0.03910443
25.57504885	0.00000000	0.00000000	-0.03910061
25.57754884	0.00000000	0.00000000	-0.03909679
25.58004884	0.00000000	0.00000000	-0.03909297
25.58254883	0.00000000	0.00000000	-0.03908915
25.58504883	0.00000000	0.00000000	-0.03908533
25.58754882	0.00000000	0.00000000	-0.03908151
25.59004882	0.00000000	0.00000000	-0.03907769
25.59254881	0.00000000	0.00000000	-0.03907387
25.59504881	0.00000000	0.00000000	-0.03907006
25.59754880	0.00000000	0.00000000	-0.03906624
25.60004880	0.00000000	0.00000000	-0.03906243
25.60254879	0.00000000	0.00000000	-0.03905861
25.60504879	0.00000000	0.00000000	-0.03905480
25.60754878	0.00000000	0.00000000	-0.03905098
25.61004878	0.00000000	0.00000000	-0.03904717
25.61254877	0.00000000	0.00000000	-0.03904336
25.61504877	0.00000000	0.00000000	-0.03903955
25.61754876	0.00000000	0.00000000	-0.03903574
25.62004876	0.00000000	0.00000000	-0.03903193
25.62254875	0.00000000	0.00000000	-0.03902812
25.62504875	0.00000000	0.00000000	-0.03902432
25.62754874	0.00000000	0.00000000	-0.03902051
25.63004874	0.00000000	0.00000000	-0.03901670
25.63254873	0.00000000	0.00000000	-0.03901290
25.63504873	0.00000000	0.00000000	-0.03900909
25.63754872	0.00000000	0.00000000	-0.03900529
25.64004872	0.00000000	0.00000000	-0.03900149
25.64254871	0.00000000	0.00000000	-0.03899768
25.64504871	0.00000000	0.00000000	-0.03899388
25.64754870	0.00000000	0.00000000	-0.03899008
25.65004870	0.00000000	0.00000000	-0.03898628
25.65254869	0.00000000	0.00000000	-0.03898248
25.65504869	0.00000000	0.00000000	-0.03897868
25.65754868	0.00000000	0.00000000	-0.03897488
25.66004868	0.00000000	0.00000000	-0.03897109
25.66254867	0.00000000	0.00000000	-0.03896729
25.66504867	0.00000000	0.00000000	-0.03896350
25.66754866	0.00000000	0.00000000	-0.03895970
25.67004866	0.00000000	0.00000000	-0.03895591
25.67254865	0.00000000	0.00000000	-0.03895211
25.67504865	0.00000000	0.00000000	-0.03894832
25.67754864	0.00000000	0.00000000	-0.03894453
25.68004864	0.00000000	0.00000000	-0.03894074
25.68254863	0.00000000	0.00000000	-0.03893695
25.68504863	0.00000000	0.00000000	-0.03893316
25.68754862	0.00000000	0.00000000	-0.03892937
25.69004862	0.00000000	0.00000000	-0.03892558
25.69254861	0.00000000	0.00000000	-0.03892179
25.69504861	0.00000000	0.00000000	-0.03891800
25.69754860	0.00000000	0.00000000	-0.03891422
25.70004860	0.00000000	0.00000000	-0.03891043
25.70254859	0.00000000	0.00000000	-0.03890665
25.70504859	0.00000000	0.00000000	-0.03890286
25.70754858	0.00000000	0.00000000	-0.03889908
25.71004858	0.00000000	0.00000000	-0.03889530
25.71254857	0.00000000	0.00000000	-0.03889152
25.71504857	0.00000000	0.00000000	-0.03888774
25.71754856	0.00000000	0.00000000	-0.03888395
25.72004856	0.00000000	0.00000000	-0.03888018
25.72254855	0.00000000	0.00000000	-0.03887640
25.72504855	0.00000000	0.00000000	-0.03887262
25.72754854	0.00000000	0.00000000	-0.03886884
25.73004854	0.00000000	0.00000000	-0.03886506
25.73254853	0.00000000	0.00000000	-0.03886129
25.73504853	0.00000000	0.00000000	-0.03885751
25.73754852	0.00000000	0.00000000	-0.03885374
25.74004852	0.00000000	0.00000000	-0.03884997
25.74254851	0.00000000	0.00000000	-0.03884619
25.74504851	0.00000000	0.00000000	-0.03884242
25.74754850	0.00000000	0.00000000	-0.03883865
25.75004850	0.00000000	0.00000000	-0.03883488
25.75254849	0.00000000	0.00000000	-0.03883111
25.75504849	0.00000000	0.00000000	-0.03882734
25.75754848	0.00000000	0.00000000	-0.03882357
25.76004848	0.00000000	0.00000000	-0.03881980
25.76254847	0.00000000	0.00000000	-0.03881604
25.76504847	0.00000000	0.00000000	-0.03881227
25.76754846	0.00000000	0.00000000	-0.03880850
25.77004846	0.00000000	0.00000000	-0.03880474
25.77254845	0.00000000	0.00000000	-0.03880097
25.77504845	0.00000000	0.00000000	-0.03879721
25.77754844	0.00000000	0.00000000	-0.03879345
25.78004844	0.00000000	0.00000000	-0.03878969
25.78254843	0.00000000	0.00000000	-0.03878593
25.78504843	0.00000000	0.00000000	-0.03878216
25.78754842	0.00000000	0.00000000	-0.03877841
25.79004842	0.00000000	0.00000000	-0.03877465
25.79254841	0.00000000	0.00000000	-0.03877089
25.79504841	0.00000000	0.00000000	-0.03876713
25.79754840	0.00000000	0.00000000	-0.03876337
25.80004840	0.00000000	0.00000000	-0.03875962
25.80254839	0.00000000	0.00000000	-0.03875586
25.80504839	0.00000000	0.00000000	-0.03875211
25.80754838	0.00000000	0.00000000	-0.03874835
25.81004838	0.00000000	0.00000000	-0.03874460
25.81254837	0.00000000	0.00000000	-0.03874085
25.81504837	0.00000000	0.00000000	-0.03873710
25.81754836	0.00000000	0.00000000	-0.03873334
25.82004836	0.00000000	0.00000000	-0.03872959
25.82254835	0.00000000	0.00000000	-0.03872584
25.82504835	0.00000000	0.00000000	-0.03872210
25.82754834	0.00000000	0.00000000	-0.03871835
25.83004834	0.00000000	0.00000000	-0.03871460
25.83254833	0.00000000	0.00000000	-0.03871085
25.83504833	0.00000000	0.00000000	-0.03870711
25.83754832	0.00000000	0.00000000	-0.03870336
25.84004832	0.00000000	0.00000000	-0.03869962
25.84254831	0.00000000	0.00000000	-0.03869587
25.84504831	0.00000000	0.00000000	-0.03869213
25.84754830	0.00000000	0.00000000	-0.03868839
25.85004830	0.00000000	0.00000000	-0.03868465
25.85254829	0.00000000	0.00000000	-0.03868091
25.85504829	0.00000000	0.00000000	-0.03867717
25.85754828	0.00000000	0.00000000	-0.03867343
25.86004828	0.00000000	0.00000000	-0.03866969
25.86254827	0.00000000	0.00000000	-0.03866595
25.86504827	0.00000000	0.00000000	-0.03866221
25.86754826	0.00000000	0.00000000	-0.03865848
25.87004826	0.00000000	0.00000000	-0.03865474
25.87254825	0.00000000	0.00000000	-0.03865101
25.87504825	0.00000000	0.00000000	-0.03864727
25.87754824	0.00000000	0.00000000	-0.03864354
25.88004824	0.00000000	0.00000000	-0.03863980
25.88254823	0.00000000	0.00000000	-0.03863607
25.88504823	0.00000000	0.00000000	-0.03863234
25.88754822	0.00000000	0.00000000	-0.03862861
25.89004822	0.00000000	0.00000000	-0.03862488
25.89254821	0.00000000	0.00000000	-0.03862115
25.89504821	0.00000000	0.00000000	-0.03861742
25.89754820	0.00000000	0.00000000	-0.03861369
25.90004820	0.00000000	0.00000000	-0.03860997
25.90254819	0.00000000	0.00000000	-0.03860624
25.90504819	0.00000000	0.00000000	-0.03860251
25.90754818	0.00000000	0.00000000	-0.03859879
25.91004818	0.00000000	0.00000000	-0.03859507
25.91254817	0.00000000	0.00000000	-0.03859134
25.91504817	0.00000000	0.00000000	-0.03858762
25.91754816	0.00000000	0.00000000	-0.03858390
25.92004816	0.00000000	0.00000000	-0.03858018
25.92254815	0.00000000	0.00000000	-0.03857645
25.92504815	0.00000000	0.00000000	-0.03857273
25.92754814	0.00000000	0.00000000	-0.03856902
25.93004814	0.00000000	0.00000000	-0.03856530
25.93254813	0.00000000	0.00000000	-0.03856158
25.93504813	0.00000000	0.00000000	-0.03855786
25.93754812	0.00000000	0.00000000	-0.03855415
25.94004812	0.00000000	0.00000000	-0.03855043
25.94254811	0.00000000	0.00000000	-0.03854671
25.94504811	0.00000000	0.00000000	-0.03854300
25.94754810	0.00000000	0.00000000	-0.03853929
25.95004810	0.00000000	0.00000000	-0.03853557
25.95254809	0.00000000	0.00000000	-0.03853186
25.95504809	0.00000000	0.00000000	-0.03852815
25.95754808	0.00000000	0.00000000	-0.03852444
25.96004808	0.00000000	0.00000000	-0.03852073
25.96254807	0.00000000	0.00000000	-0.03851702
25.96504807	0.00000000	0.00000000	-0.03851331
25.96754806	0.00000000	0.00000000	-0.03850960
25.97004806	0.00000000	0.00000000	-0.03850590
25.97254805	0.00000000	0.00000000	-0.03850219
25.97504805	0.00000000	0.00000000	-0.03849849
25.97754804	0.00000000	0.00000000	-0.03849478
25.98004804	0.00000000	0.00000000	-0.03849108
25.98254803	0.00000000	0.00000000	-0.03848737
25.98504803	0.00000000	0.00000000	-0.03848367
25.98754802	0.00000000	0.00000000	-0.03847997
25.99004802	0.00000000	0.00000000	-0.03847627
25.99254801	0.00000000	0.00000000	-0.03847257
25.99504801	0.00000000	0.00000000	-0.03846887
25.99754800	0.00000000	0.00000000	-0.03846517
26.00004800	0.00000000	0.00000000	-0.03846147
26.00254799	0.00000000	0.00000000	-0.03845777
26.00504799	0.00000000	0.00000000	-0.03845407
26.00754798	0.00000000	0.00000000	-0.03845038
26.01004798	0.00000000	0.00000000	-0.03844668
26.01254797	0.00000000	0.00000000	-0.03844299
26.01504797	0.00000000	0.00000000	-0.03843929
26.01754796	0.00000000	0.00000000	-0.03843560
26.02004796	0.00000000	0.00000000	-0.03843190
26.02254795	0.00000000	0.00000000	-0.03842821
26.02504795	0.00000000	0.00000000	-0.03842452
26.02754794	0.00000000	0.00000000	-0.03842083
26.03004794	0.00000000	0.00000000	-0.03841714
26.03254793	0.00000000	0.00000000	-0.03841345
26.03504793	0.00000000	0.00000000	-0.03840976
26.03754792	0.00000000	0.00000000	-0.03840607
26.04004792	0.00000000	0.00000000	-0.03840239
26.04254791	0.00000000	0.00000000	-0.03839870
26.04504791	0.00000000	0.00000000	-0.03839501
26.04754790	0.00000000	0.00000000	-0.03839133
26.05004790	0.00000000	0.00000000	-0.03838765
26.05254789	0.00000000	0.00000000	-0.03838396
26.05504789	0.00000000	0.00000000	-0.03838028
26.05754788	0.00000000	0.00000000	-0.03837660
26.06004788	0.00000000	0.00000000	-0.03837291
26.06254787	0.00000000	0.00000000	-0.03836923
26.06504787	0.00000000	0.00000000	-0.03836555
26.06754786	0.00000000	0.00000000	-0.03836187
26.07004786	0.00000000	0.00000000	-0.03835820
26.07254785	0.00000000	0.00000000	-0.03835452
26.07504785	0.00000000	0.00000000	-0.03835084
26.07754784	0.00000000	0.00000000	-0.03834716
26.08004784	0.00000000	0.00000000	-0.03834349
26.08254783	0.00000000	0.00000000	-0.03833981
26.08504783	0.00000000	0.00000000	-0.03833614
26.08754782	0.00000000	0.00000000	-0.03833246
26.09004782	0.00000000	0.00000000	-0.03832879
26.09254781	0.00000000	0.00000000	-0.03832512
26.09504781	0.00000000	0.00000000	-0.03832145
26.09754780	0.00000000	0.00000000	-0.03831778
26.10004780	0.00000000	0.00000000	-0.03831411
26.10254779	0.00000000	0.00000000	-0.03831044
26.10504779	0.00000000	0.00000000	-0.03830677
26.10754778	0.00000000	0.00000000	-0.03830310
26.11004778	0.00000000	0.00000000	-0.03829943
26.11254777	0.00000000	0.00000000	-0.03829577
26.11504777	0.00000000	0.00000000	-0.03829210
26.11754776	0.00000000	0.00000000	-0.03828843
26.12004776	0.00000000	0.00000000	-0.03828477
26.12254775	0.00000000	0.00000000	-0.03828111
26.12504775	0.00000000	0.00000000	-0.03827744
26.12754774	0.00000000	0.00000000	-0.03827378
26.13004774	0.00000000	0.00000000	-0.03827012
26.13254773	0.00000000	0.00000000	-0.03826646
26.13504773	0.00000000	0.00000000	-0.03826280
26.13754772	0.00000000	0.00000000	-0.03825914
26.14004772	0.00000000	0.00000000	-0.03825548
26.14254771	0.00000000	0.00000000	-0.03825182
26.14504771	0.00000000	0.00000000	-0.03824816
26.14754770	0.00000000	0.00000000	-0.03824450
26.15004770	0.00000000	0.00000000	-0.03824085
26.15254769	0.00000000	0.00000000	-0.03823719
26.15504769	0.00000000	0.00000000	-0.03823354
26.15754768	0.00000000	0.00000000	-0.03822988
26.16004768	0.00000000	0.00000000	-0.03822623
26.16254767	0.00000000	0.00000000	-0.03822258
26.16504767	0.00000000	0.00000000	-0.03821893
26.16754766	0.00000000	0.00000000	-0.03821527
26.17004766	0.00000000	0.00000000	-0.03821162
26.17254765	0.00000000	0.00000000	-0.03820797
26.17504765	0.00000000	0.00000000	-0.03820432
26.17754764	0.00000000	0.00000000	-0.03820068
26.18004764	0.00000000	0.00000000	-0.03819703
26.18254763	0.00000000	0.00000000	-0.03819338
26.18504763	0.00000000	0.00000000	-0.03818973
26.18754762	0.00000000	0.00000000	-0.03818609
26.19004762	0.00000000	0.00000000	-0.03818244
26.19254761	0.00000000	0.00000000	-0.03817880
26.19504761	0.00000000	0.00000000	-0.03817515
26.19754760	0.00000000	0.00000000	-0.03817151
26.20004760	0.00000000	0.00000000	-0.03816787
26.20254759	0.00000000	0.00000000	-0.03816423
26.20504759	0.00000000	0.00000000	-0.03816059
26.20754758	0.00000000	0.00000000	-0.03815695
26.21004758	0.00000000	0.00000000	-0.03815331
26.21254757	0.00000000	0.00000000	-0.03814967
26.21504757	0.00000000	0.00000000	-0.03814603
26.21754756	0.00000000	0.00000000	-0.03814239
26.22004756	0.00000000	0.00000000	-0.03813876
26.22254755	0.00000000	0.00000000	-0.03813512
26.22504755	0.00000000	0.00000000	-0.03813148
26.22754754	0.00000000	0.00000000	-0.03812785
26.23004754	0.00000000	0.00000000	-0.03812422
26.23254753	0.00000000	0.00000000	-0.03812058
26.23504753	0.00000000	0.00000000	-0.03811695
26.23754752	0.00000000	0.00000000	-0.03811332
26.24004752	0.00000000	0.00000000	-0.03810969
26.24254751	0.00000000	0.00000000	-0.03810606
26.24504751	0.00000000	0.00000000	-0.03810243
26.24754750	0.00000000	0.00000000	-0.03809880
26.25004750	0.00000000	0.00000000	-0.03809517
26.25254749	0.00000000	0.00000000	-0.03809154
26.25504749	0.00000000	0.00000000	-0.03808791
26.25754748	0.00000000	0.00000000	-0.03808429
26.26004748	0.00000000	0.00000000	-0.03808066
26.26254747	0.00000000	0.00000000	-0.03807704
26.26504747	0.00000000	0.00000000	-0.03807341
26.26754746	0.00000000	0.00000000	-0.03806979
26.27004746	0.00000000	0.00000000	-0.03806617
26.27254745	0.00000000	0.00000000	-0.03806254
26.27504745	0.00000000	0.00000000	-0.03805892
26.27754744	0.00000000	0.00000000	-0.03805530
26.28004744	0.00000000	0.00000000	-0.03805168
26.28254743	0.00000000	0.00000000	-0.03804806
26.28504743	0.00000000	0.00000000	-0.03804444
26.28754742	0.00000000	0.00000000	-0.03804083
26.29004742	0.00000000	0.00000000	-0.03803721
26.29254741	0.00000000	0.00000000	-0.03803359
26.29504741	0.00000000	0.00000000	-0.03802998
26.29754740	0.00000000	0.00000000	-0.03802636
26.30004740	0.00000000	0.00000000	-0.03802275
26.30254739	0.00000000	0.00000000	-0.03801913
26.30504739	0.00000000	0.00000000	-0.03801552
26.30754738	0.00000000	0.00000000	-0.03801191
26.31004738	0.00000000	0.00000000	-0.03800829
26.31254737	0.00000000	0.00000000	-0.03800468
26.31504737	0.00000000	0.00000000	-0.03800107
26.31754736	0.00000000	0.00000000	-0.03799746
26.32004736	0.00000000	0.00000000	-0.03799385
26.32254735	0.00000000	0.00000000	-0.03799024
26.32504735	0.00000000	0.00000000	-0.03798664
26.32754734	0.00000000	0.00000000	-0.03798303
26.33004734	0.00000000	0.00000000	-0.03797942
26.33254733	0.00000000	0.00000000	-0.03797582
26.33504733	0.00000000	0.00000000	-0.03797221
26.33754732	0.00000000	0.00000000	-0.03796861
26.34004732	0.00000000	0.00000000	-0.03796500
26.34254731	0.00000000	0.00000000	-0.03796140
26.34504731	0.00000000	0.00000000	-0.03795780
26.34754730	0.00000000	0.00000000	-0.03795420
26.35004730	0.00000000	0.00000000	-0.03795060
26.35254729	0.00000000	0.00000000	-0.03794700
26.35504729	0.00000000	0.00000000	-0.03794340
26.35754728	0.00000000	0.00000000	-0.03793980
26.36004728	0.00000000	0.00000000	-0.03793620
26.36254727	0.00000000	0.00000000	-0.03793260
26.36504727	0.00000000	0.00000000	-0.03792900
26.36754726	0.00000000	0.00000000	-0.03792541
26.37004726	0.00000000	0.00000000	-0.03792181
26.37254725	0.00000000	0.00000000	-0.03791822
26.37504725	0.00000000	0.00000000	-0.03791462
26.37754724	0.00000000	0.00000000	-0.03791103
26.38004724	0.00000000	0.00000000	-0.03790744
26.38254723	0.00000000	0.00000000	-0.03790385
26.38504723	0.00000000	0.00000000	-0.03790025
26.38754722	0.00000000	0.00000000	-0.03789666
26.39004722	0.00000000	0.00000000	-0.03789307
26.39254721	0.00000000	0.00000000	-0.03788948
26.39504721	0.00000000	0.00000000	-0.03788590
26.39754720	0.00000000	0.00000000	-0.03788231
26.40004720	0.00000000	0.00000000	-0.03787872
26.40254719	0.00000000	0.00000000	-0.03787513
26.40504719	0.00000000	0.00000000	-0.03787155
26.40754718	0.00000000	0.00000000	-0.03786796
26.41004718	0.00000000	0.00000000	-0.03786438
26.41254717	0.00000000	0.00000000	-0.03786079
26.41504717	0.00000000	0.00000000	-0.03785721
26.41754716	0.00000000	0.00000000	-0.03785363
26.42004716	0.00000000	0.00000000	-0.03785005
26.42254715	0.00000000	0.00000000	-0.03784646
26.42504715	0.00000000	0.00000000	-0.03784288
26.42754714	0.00000000	0.00000000	-0.03783930
26.43004714	0.00000000	0.00000000	-0.03783573
26.43254713	0.00000000	0.00000000	-0.03783215
26.43504713	0.00000000	0.00000000	-0.03782857
26.43754712	0.00000000	0.00000000	-0.03782499
26.44004712	0.00000000	0.00000000	-0.03782142
26.44254711	0.00000000	0.00000000	-0.03781784
26.44504711	0.00000000	0.00000000	-0.03781426
26.44754710	0.00000000	0.00000000	-0.03781069
26.45004710	0.00000000	0.00000000	-0.03780712
26.45254709	0.00000000	0.00000000	-0.03780354
26.45504709	0.00000000	0.00000000	-0.03779997
26.45754708	0.00000000	0.00000000	-0.03779640
26.46004708	0.00000000	0.00000000	-0.03779283
26.46254707	0.00000000	0.00000000	-0.03778926
26.46504707	0.00000000	0.00000000	-0.03778569
26.46754706	0.00000000	0.00000000	-0.03778212
26.47004706	0.00000000	0.00000000	-0.03777855
26.47254705	0.00000000	0.00000000	-0.03777498
26.47504705	0.00000000	0.00000000	-0.03777142
26.47754704	0.00000000	0.00000000	-0.03776785
26.48004704	0.00000000	0.00000000	-0.03776428
26.48254703	0.00000000	0.00000000	-0.03776072
26.48504703	0.00000000	0.00000000	-0.03775715
26.48754702	0.00000000	0.00000000	-0.03775359
26.49004702	0.00000000	0.00000000	-0.03775003
26.49254701	0.00000000	0.00000000	-0.03774647
26.49504701	0.00000000	0.00000000	-0.03774290
26.49754700	0.00000000	0.00000000	-0.03773934
26.50004700	0.00000000	0.00000000	-0.03773578
26.50254699	0.00000000	0.00000000	-0.03773222
26.50504699	0.00000000	0.00000000	-0.03772866
26.50754698	0.00000000	0.00000000	-0.03772511
26.51004698	0.00000000	0.00000000	-0.03772155
26.51254697	0.00000000	0.00000000	-0.03771799
26.51504697	0.00000000	0.00000000	-0.03771443
26.51754696	0.00000000	0.00000000	-0.03771088
26.52004696	0.00000000	0.00000000	-0.03770732
26.52254695	0.00000000	0.00000000	-0.03770377
26.52504695	0.00000000	0.00000000	-0.03770022
26.52754694	0.00000000	0.00000000	-0.03769666
26.53004694	0.00000000	0.00000000	-0.03769311
26.53254693	0.00000000	0.00000000	-0.03768956
26.53504693	0.00000000	0.00000000	-0.03768601
26.53754692	0.00000000	0.00000000	-0.03768246
26.54004692	0.00000000	0.00000000	-0.03767891
26.54254691	0.00000000	0.00000000	-0.03767536
26.54504691	0.00000000	0.00000000	-0.03767181
26.54754690	0.00000000	0.00000000	-0.03766826
26.55004690	0.00000000	0.00000000	-0.03766472
26.55254689	0.00000000	0.00000000	-0.03766117
26.55504689	0.00000000	0.00000000	-0.03765763
26.55754688	0.00000000	0.00000000	-0.03765408
26.56004688	0.00000000	0.00000000	-0.03765054
26.56254687	0.00000000	0.00000000	-0.03764699
26.56504687	0.00000000	0.00000000	-0.03764345
26.56754686	0.00000000	0.00000000	-0.03763991
26.57004686	0.00000000	0.00000000	-0.03763637
26.57254685	0.00000000	0.00000000	-0.03763282
26.57504685	0.00000000	0.00000000	-0.03762928
26.57754684	0.00000000	0.00000000	-0.03762574
26.58004684	0.00000000	0.00000000	-0.03762221
26.58254683	0.00000000	0.00000000	-0.03761867
26.58504683	0.00000000	0.00000000	-0.03761513
26.58754682	0.00000000	0.00000000	-0.03761159
26.59004682	0.00000000	0.00000000	-0.03760806
26.59254681	0.00000000	0.00000000	-0.03760452
26.59504681	0.00000000	0.00000000	-0.03760099
26.59754680	0.00000000	0.00000000	-0.03759745
26.60004680	0.00000000	0.00000000	-0.03759392
26.60254679	0.00000000	0.00000000	-0.03759039
26.60504679	0.00000000	0.00000000	-0.03758685
26.60754678	0.00000000	0.00000000	-0.03758332
26.61004678	0.00000000	0.00000000	-0.03757979
26.61254677	0.00000000	0.00000000	-0.03757626
26.61504677	0.00000000	0.00000000	-0.03757273
26.61754676	0.00000000	0.00000000	-0.03756920
26.62004676	0.00000000	0.00000000	-0.03756567
26.62254675	0.00000000	0.00000000	-0.03756215
26.62504675	0.00000000	0.00000000	-0.03755862
26.62754674	0.00000000	0.00000000	-0.03755509
26.63004674	0.00000000	0.00000000	-0.03755157
26.63254673	0.00000000	0.00000000	-0.03754804
26.63504673	0.00000000	0.00000000	-0.03754452
26.63754672	0.00000000	0.00000000	-0.03754099
26.64004672	0.00000000	0.00000000	-0.03753747
26.64254671	0.00000000	0.00000000	-0.03753395
26.64504671	0.00000000	0.00000000	-0.03753043
26.64754670	0.00000000	0.00000000	-0.03752691
26.65004670	0.00000000	0.00000000	-0.03752339
26.65254669	0.00000000	0.00000000	-0.03751987
26.65504669	0.00000000	0.00000000	-0.03751635
26.65754668	0.00000000	0.00000000	-0.03751283
26.66004668	0.00000000	0.00000000	-0.03750931
26.66254667	0.00000000	0.00000000	-0.03750579
26.66504667	0.00000000	0.00000000	-0.03750228
26.66754666	0.00000000	0.00000000	-0.03749876
26.67004666	0.00000000	0.00000000	-0.03749525
26.67254665	0.00000000	0.00000000	-0.03749173
26.67504665	0.00000000	0.00000000	-0.03748822
26.67754664	0.00000000	0.00000000	-0.03748471
26.68004664	0.00000000	0.00000000	-0.03748119
26.68254663	0.00000000	0.00000000	-0.03747768
26.68504663	0.00000000	0.00000000	-0.03747417
26.68754662	0.00000000	0.00000000	-0.03747066
26.69004662	0.00000000	0.00000000	-0.03746715
26.69254661	0.00000000	0.00000000	-0.03746364
26.69504661	0.00000000	0.00000000	-0.03746013
26.69754660	0.00000000	0.00000000	-0.03745663
26.70004660	0.00000000	0.00000000	-0.03745312
26.70254659	0.00000000	0.00000000	-0.03744961
26.70504659	0.00000000	0.00000000	-0.03744611
26.70754658	0.00000000	0.00000000	-0.03744260
26.71004658	0.00000000	0.00000000	-0.03743910
26.71254657	0.00000000	0.00000000	-0.03743559
26.71504657	0.00000000	0.00000000	-0.03743209
26.71754656	0.00000000	0.00000000	-0.03742859
26.72004656	0.00000000	0.00000000	-0.03742508
26.72254655	0.00000000	0.00000000	-0.03742158
26.72504655	0.00000000	0.00000000	-0.03741808
26.72754654	0.00000000	0.00000000	-0.03741458
26.73004654	0.00000000	0.00000000	-0.03741108
26.73254653	0.00000000	0.00000000	-0.03740758
26.73504653	0.00000000	0.00000000	-0.03740409
26.73754652	0.00000000	0.00000000	-0.03740059
26.74004652	0.00000000	0.00000000	-0.03739709
26.74254651	0.00000000	0.00000000	-0.03739360
26.74504651	0.00000000	0.00000000	-0.03739010
26.74754650	0.00000000	0.00000000	-0.03738661
26.75004650	0.00000000	0.00000000	-0.03738311
26.75254649	0.00000000	0.00000000	-0.03737962
26.75504649	0.00000000	0.00000000	-0.03737613
26.75754648	0.00000000	0.00000000	-0.03737263
26.76004648	0.00000000	0.00000000	-0.03736914
26.76254647	0.00000000	0.00000000	-0.03736565
26.76504647	0.00000000	0.00000000	-0.03736216
26.76754646	0.00000000	0.00000000	-0.03735867
26.77004646	0.00000000	0.00000000	-0.03735518
26.77254645	0.00000000	0.00000000	-0.03735170
26.77504645	0.00000000	0.00000000	-0.03734821
26.77754644	0.00000000	0.00000000	-0.03734472
26.78004644	0.00000000	0.00000000	-0.03734123
26.78254643	0.00000000	0.00000000	-0.03733775
26.78504643	0.00000000	0.00000000	-0.03733426
26.78754642	0.00000000	0.00000000	-0.03733078
26.79004642	0.00000000	0.00000000	-0.03732730
26.79254641	0.00000000	0.00000000	-0.03732381
26.79504641	0.00000000	0.00000000	-0.03732033
26.79754640	0.00000000	0.00000000	-0.03731685
26.80004640	0.00000000	0.00000000	-0.03731337
26.80254639	0.00000000	0.00000000	-0.03730989
26.80504639	0.00000000	0.00000000	-0.03730641
26.80754638	0.00000000	0.00000000	-0.03730293
26.81004638	0.00000000	0.00000000	-0.03729945
26.81254637	0.00000000	0.00000000	-0.03729597
26.81504637	0.00000000	0.00000000	-0.03729250
26.81754636	0.00000000	0.00000000	-0.03728902
26.82004636	0.00000000	0.00000000	-0.03728554
26.82254635	0.00000000	0.00000000	-0.03728207
26.82504635	0.00000000	0.00000000	-0.03727859
26.82754634	0.00000000	0.00000000	-0.03727512
26.83004634	0.00000000	0.00000000	-0.03727165
26.83254633	0.00000000	0.00000000	-0.03726817
26.83504633	0.00000000	0.00000000	-0.03726470
26.83754632	0.00000000	0.00000000	-0.03726123
26.84004632	0.00000000	0.00000000	-0.03725776
26.84254631	0.00000000	0.00000000	-0.03725429
26.84504631	0.00000000	0.00000000	-0.03725082
26.84754630	0.00000000	0.00000000	-0.03724735
26.85004630	0.00000000	0.00000000	-0.03724388
26.85254629	0.00000000	0.00000000	-0.03724042
26.85504629	0.00000000	0.00000000	-0.03723695
26.85754628	0.00000000	0.00000000	-0.03723348
26.86004628	0.00000000	0.00000000	-0.03723002
26.86254627	0.00000000	0.00000000	-0.03722655
26.86504627	0.00000000	0.00000000	-0.03722309
26.86754626	0.00000000	0.00000000	-0.03721963
26.87004626	0.00000000	0.00000000	-0.03721616
26.87254625	0.00000000	0.00000000	-0.03721270
26.87504625	0.00000000	0.00000000	-0.03720924
26.87754624	0.00000000	0.00000000	-0.03720578
26.88004624	0.00000000	0.00000000	-0.03720232
26.88254623	0.00000000	0.00000000	-0.03719886
26.88504623	0.00000000	0.00000000	-0.03719540
26.88754622	0.00000000	0.00000000	-0.03719194
26.89004622	0.00000000	0.00000000	-0.03718848
26.89254621	0.00000000	0.00000000	-0.03718502
26.89504621	0.00000000	0.00000000	-0.03718157
26.89754620	0.00000000	0.00000000	-0.03717811
26.90004620	0.00000000	0.00000000	-0.03717466
26.90254619	0.00000000	0.00000000	-0.03717120
26.90504619	0.00000000	0.00000000	-0.03716775
26.90754618	0.00000000	0.00000000	-0.03716430
26.91004618	0.00000000	0.00000000	-0.03716084
26.91254617	0.00000000	0.00000000	-0.03715739
26.91504617	0.00000000	0.00000000	-0.03715394
26.91754616	0.00000000	0.00000000	-0.03715049
26.92004616	0.00000000	0.00000000	-0.03714704
26.92254615	0.00000000	0.00000000	-0.03714359
26.92504615	0.00000000	0.00000000	-0.03714014
26.92754614	0.00000000	0.00000000	-0.03713669
26.93004614	0.00000000	0.00000000	-0.03713324
26.93254613	0.00000000	0.00000000	-0.03712980
26.93504613	0.00000000	0.00000000	-0.03712635
26.93754612	0.00000000	0.00000000	-0.03712291
26.94004612	0.00000000	0.00000000	-0.03711946
26.94254611	0.00000000	0.00000000	-0.03711602
26.94504611	0.00000000	0.00000000	-0.03711257
26.94754610	0.00000000	0.00000000	-0.03710913
26.95004610	0.00000000	0.00000000	-0.03710569
26.95254609	0.00000000	0.00000000	-0.03710225
26.95504609	0.00000000	0.00000000	-0.03709881
26.95754608	0.00000000	0.00000000	-0.03709536
26.96004608	0.00000000	0.00000000	-0.03709192
26.96254607	0.00000000	0.00000000	-0.03708849
26.96504607	0.00000000	0.00000000	-0.03708505
26.96754606	0.00000000	0.00000000	-0.03708161
26.97004606	0.00000000	0.00000000	-0.03707817
26.97254605	0.00000000	0.00000000	-0.03707474
26.97504605	0.00000000	0.00000000	-0.03707130
26.97754604	0.00000000	0.00000000	-0.03706786
26.98004604	0.00000000	0.00000000	-0.03706443
26.98254603	0.00000000	0.00000000	-0.03706099
26.98504603	0.00000000	0.00000000	-0.03705756
26.98754602	0.00000000	0.00000000	-0.03705413
26.99004602	0.00000000	0.00000000	-0.03705070
26.99254601	0.00000000	0.00000000	-0.03704726
26.99504601	0.00000000	0.00000000	-0.03704383
26.99754600	0.00000000	0.00000000	-0.03704040
27.00004600	0.00000000	0.00000000	-0.03703697
27.00254599	0.00000000	0.00000000	-0.03703354
27.00504599	0.00000000	0.00000000	-0.03703012
27.00754598	0.00000000	0.00000000	-0.03702669
27.01004598	0.00000000	0.00000000	-0.03702326
27.01254597	0.00000000	0.00000000	-0.03701984
27.01504597	0.00000000	0.00000000	-0.03701641
27.01754596	0.00000000	0.00000000	-0.03701298
27.02004596	0.00000000	0.00000000	-0.03700956
27.02254595	0.00000000	0.00000000	-0.03700614
27.02504595	0.00000000	0.00000000	-0.03700271
27.02754594	0.00000000	0.00000000	-0.03699929
27.03004594	0.00000000	0.00000000	-0.03699587
27.03254593	0.00000000	0.00000000	-0.03699245
27.03504593	0.00000000	0.00000000	-0.03698903
27.03754592	0.00000000	0.00000000	-0.03698561
27.04004592	0.00000000	0.00000000	-0.03698219
27.04254591	0.00000000	0.00000000	-0.03697877
27.04504591	0.00000000	0.00000000	-0.03697535
27.04754590	0.00000000	0.00000000	-0.03697193
27.05004590	0.00000000	0.00000000	-0.03696851
27.05254589	0.00000000	0.00000000	-0.03696510
27.05504589	0.00000000	0.00000000	-0.03696168
27.05754588	0.00000000	0.00000000	-0.03695827
27.06004588	0.00000000	0.00000000	-0.03695485
27.06254587	0.00000000	0.00000000	-0.03695144
27.06504587	0.00000000	0.00000000	-0.03694803
27.06754586	0.00000000	0.00000000	-0.03694461
27.07004586	0.00000000	0.00000000	-0.03694120
27.07254585	0.00000000	0.00000000	-0.03693779
27.07504585	0.00000000	0.00000000	-0.03693438
27.07754584	0.00000000	0.00000000	-0.03693097
27.08004584	0.00000000	0.00000000	-0.03692756
27.08254583	0.00000000	0.00000000	-0.03692415
27.08504583	0.00000000	0.00000000	-0.03692074
27.08754582	0.00000000	0.00000000	-0.03691733
27.09004582	0.00000000	0.00000000	-0.03691393
27.09254581	0.00000000	0.00000000	-0.03691052
27.09504581	0.00000000	0.00000000	-0.03690712
27.09754580	0.00000000	0.00000000	-0.03690371
27.10004580	0.00000000	0.00000000	-0.03690031
27.10254579	0.00000000	0.00000000	-0.03689690
27.10504579	0.00000000	0.00000000	-0.03689350
27.10754578	0.00000000	0.00000000	-0.03689010
27.11004578	0.00000000	0.00000000	-0.03688670
27.11254577	0.00000000	0.00000000	-0.03688329
27.11504577	0.00000000	0.00000000	-0.03687989
27.11754576	0.00000000	0.00000000	-0.03687649
27.12004576	0.00000000	0.00000000	-0.03687309
27.12254575	0.00000000	0.00000000	-0.03686970
27.12504575	0.00000000	0.00000000	-0.03686630
27.12754574	0.00000000	0.00000000	-0.03686290
27.13004574	0.00000000	0.00000000	-0.03685950
27.13254573	0.00000000	0.00000000	-0.03685611
27.13504573	0.00000000	0.00000000	-0.03685271
27.13754572	0.00000000	0.00000000	-0.03684932
27.14004572	0.00000000	0.00000000	-0.03684592
27.14254571	0.00000000	0.00000000	-0.03684253
27.14504571	0.00000000	0.00000000	-0.03683913
27.14754570	0.00000000	0.00000000	-0.03683574
27.15004570	0.00000000	0.00000000	-0.03683235
27.15254569	0.00000000	0.00000000	-0.03682896
27.15504569	0.00000000	0.00000000	-0.03682557
27.15754568	0.00000000	0.00000000	-0.03682218
27.16004568	0.00000000	0.00000000	-0.03681879
27.16254567	0.00000000	0.00000000	-0.03681540
27.16504567	0.00000000	0.00000000	-0.03681201
27.16754566	0.00000000	0.00000000	-0.03680862
27.17004566	0.00000000	0.00000000	-0.03680524
27.17254565	0.00000000	0.00000000	-0.03680185
27.17504565	0.00000000	0.00000000	-0.03679847
27.17754564	0.00000000	0.00000000	-0.03679508
27.18004564	0.00000000	0.00000000	-0.03679170
27.18254563	0.00000000	0.00000000	-0.03678831
27.18504563	0.00000000	0.00000000	-0.03678493
27.18754562	0.00000000	0.00000000	-0.03678155
27.19004562	0.00000000	0.00000000	-0.03677817
27.19254561	0.00000000	0.00000000	-0.03677478
27.19504561	0.00000000	0.00000000	-0.03677140
27.19754560	0.00000000	0.00000000	-0.03676802
27.20004560	0.00000000	0.00000000	-0.03676464
27.20254559	0.00000000	0.00000000	-0.03676127
27.20504559	0.00000000	0.00000000	-0.03675789
27.20754558	0.00000000	0.00000000	-0.03675451
27.21004558	0.00000000	0.00000000	-0.03675113
27.21254557	0.00000000	0.00000000	-0.03674776
27.21504557	0.00000000	0.00000000	-0.03674438
27.21754556	0.00000000	0.00000000	-0.03674101
27.22004556	0.00000000	0.00000000	-0.03673763
27.22254555	0.00000000	0.00000000	-0.03673426
27.22504555	0.00000000	0.00000000	-0.03673088
27.22754554	0.00000000	0.00000000	-0.03672751
27.23004554	0.00000000	0.00000000	-0.03672414
27.23254553	0.00000000	0.00000000	-0.03672077
27.23504553	0.00000000	0.00000000	-0.03671740
27.23754552	0.00000000	0.00000000	-0.03671403
27.24004552	0.00000000	0.00000000	-0.03671066
27.24254551	0.00000000	0.00000000	-0.03670729
27.24504551	0.00000000	0.00000000	-0.03670392
27.24754550	0.00000000	0.00000000	-0.03670055
27.25004550	0.00000000	0.00000000	-0.03669719
27.25254549	0.00000000	0.00000000	-0.03669382
27.25504549	0.00000000	0.00000000	-0.03669045
27.25754548	0.00000000	0.00000000	-0.03668709
27.26004548	0.00000000	0.00000000	-0.03668372
27.26254547	0.00000000	0.00000000	-0.03668036
27.26504547	0.00000000	0.00000000	-0.03667700
27.26754546	0.00000000	0.00000000	-0.03667363
27.27004546	0.00000000	0.00000000	-0.03667027
27.27254545	0.00000000	0.00000000	-0.03666691
27.27504545	0.00000000	0.00000000	-0.03666355
27.27754544	0.00000000	0.00000000	-0.03666019
27.28004544	0.00000000	0.00000000	-0.03665683
27.28254543	0.00000000	0.00000000	-0.03665347
27.28504543	0.00000000	0.00000000	-0.03665011
27.28754542	0.00000000	0.00000000	-0.03664676
27.29004542	0.00000000	0.00000000	-0.03664340
27.29254541	0.00000000	0.00000000	-0.03664004
27.29504541	0.00000000	0.00000000	-0.03663669
27.29754540	0.00000000	0.00000000	-0.03663333
27.30004540	0.00000000	0.00000000	-0.03662998
27.30254539	0.00000000	0.00000000	-0.03662662
27.30504539	0.00000000	0.00000000	-0.03662327
27.30754538	0.00000000	0.00000000	-0.03661992
27.31004538	0.00000000	0.00000000	-0.03661656
27.31254537	0.00000000	0.00000000	-0.03661321
27.31504537	0.00000000	0.00000000	-0.03660986
27.31754536	0.00000000	0.00000000	-0.03660651
27.32004536	0.00000000	0.00000000	-0.03660316
27.32254535	0.00000000	0.00000000	-0.03659981
27.32504535	0.00000000	0.00000000	-0.03659646
27.32754534	0.00000000	0.00000000	-0.03659311
27.33004534	0.00000000	0.00000000	-0.03658977
27.33254533	0.00000000	0.00000000	-0.03658642
27.33504533	0.00000000	0.00000000	-0.03658307
27.33754532	0.00000000	0.00000000	-0.03657973
27.34004532	0.00000000	0.00000000	-0.03657638
27.34254531	0.00000000	0.00000000	-0.03657304
27.34504531	0.00000000	0.00000000	-0.03656970
27.34754530	0.00000000	0.00000000	-0.03656635
27.35004530	0.00000000	0.00000000	-0.03656301
27.35254529	0.00000000	0.00000000	-0.03655967
27.35504529	0.00000000	0.00000000	-0.03655633
27.35754528	0.00000000	0.00000000	-0.03655299
27.36004528	0.00000000	0.00000000	-0.03654965
27.36254527	0.00000000	0.00000000	-0.03654631
27.36504527	0.00000000	0.00000000	-0.03654297
27.36754526	0.00000000	0.00000000	-0.03653963
27.37004526	0.00000000	0.00000000	-0.03653629
27.37254525	0.00000000	0.00000000	-0.03653296
27.37504525	0.00000000	0.00000000	-0.03652962
27.37754524	0.00000000	0.00000000	-0.03652628
27.38004524	0.00000000	0.00000000	-0.03652295
27.38254523	0.00000000	0.00000000	-0.03651961
27.38504523	0.00000000	0.00000000	-0.03651628
27.38754522	0.00000000	0.00000000	-0.03651295
27.39004522	0.00000000	0.00000000	-0.03650961
27.39254521	0.00000000	0.00000000	-0.03650628
27.39504521	0.00000000	0.00000000	-0.03650295
27.39754520	0.00000000	0.00000000	-0.03649962
27.40004520	0.00000000	0.00000000	-0.03649629
27.40254519	0.00000000	0.00000000	-0.03649296
27.40504519	0.00000000	0.00000000	-0.03648963
27.40754518	0.00000000	0.00000000	-0.03648630
27.41004518	0.00000000	0.00000000	-0.03648298
27.41254517	0.00000000	0.00000000	-0.03647965
27.41504517	0.00000000	0.00000000	-0.03647632
27.41754516	0.00000000	0.00000000	-0.03647300
27.42004516	0.00000000	0.00000000	-0.03646967
27.42254515	0.00000000	0.00000000	-0.03646635
27.42504515	0.00000000	0.00000000	-0.03646302
27.42754514	0.00000000	0.00000000	-0.03645970
27.43004514	0.00000000	0.00000000	-0.03645637
27.43254513	0.00000000	0.00000000	-0.03645305
27.43504513	0.00000000	0.00000000	-0.03644973
27.43754512	0.00000000	0.00000000	-0.03644641
27.44004512	0.00000000	0.00000000	-0.03644309
27.44254511	0.00000000	0.00000000	-0.03643977
27.44504511	0.00000000	0.00000000	-0.03643645
27.44754510	0.00000000	0.00000000	-0.03643313
27.45004510	0.00000000	0.00000000	-0.03642981
27.45254509	0.00000000	0.00000000	-0.03642650
27.45504509	0.00000000	0.00000000	-0.03642318
27.45754508	0.00000000	0.00000000	-0.03641986
27.46004508	0.00000000	0.00000000	-0.03641655
27.46254507	0.00000000	0.00000000	-0.03641323
27.46504507	0.00000000	0.00000000	-0.03640992
27.46754506	0.00000000	0.00000000	-0.03640660
27.47004506	0.00000000	0.00000000	-0.03640329
27.47254505	0.00000000	0.00000000	-0.03639998
27.47504505	0.00000000	0.00000000	-0.03639666
27.47754504	0.00000000	0.00000000	-0.03639335
27.48004504	0.00000000	0.00000000	-0.03639004
27.48254503	0.00000000	0.00000000	-0.03638673
27.48504503	0.00000000	0.00000000	-0.03638342
27.48754502	0.00000000	0.00000000	-0.03638011
27.49004502	0.00000000	0.00000000	-0.03637680
27.49254501	0.00000000	0.00000000	-0.03637350
27.49504501	0.00000000	0.00000000	-0.03637019
27.49754500	0.00000000	0.00000000	-0.03636688
27.50004500	0.00000000	0.00000000	-0.03636358
27.50254499	0.00000000	0.00000000	-0.03636027
27.50504499	0.00000000	0.00000000	-0.03635697
27.50754498	0.00000000	0.00000000	-0.03635366
27.51004498	0.00000000	0.00000000	-0.03635036
27.51254497	0.00000000	0.00000000	-0.03634706
27.51504497	0.00000000	0.00000000	-0.03634375
27.51754496	0.00000000	0.00000000	-0.03634045
27.52004496	0.00000000	0.00000000	-0.03633715
27.52254495	0.00000000	0.00000000	-0.03633385
27.52504495	0.00000000	0.00000000	-0.03633055
27.52754494	0.00000000	0.00000000	-0.03632725
27.53004494	0.00000000	0.00000000	-0.03632395
27.53254493	0.00000000	0.00000000	-0.03632065
27.53504493	0.00000000	0.00000000	-0.03631735
27.53754492	0.00000000	0.00000000	-0.03631406
27.54004492	0.00000000	0.00000000	-0.03631076
27.54254491	0.00000000	0.00000000	-0.03630747
27.54504491	0.00000000	0.00000000	-0.03630417
27.54754490	0.00000000	0.00000000	-0.03630088
27.55004490	0.00000000	0.00000000	-0.03629758
27.55254489	0.00000000	0.00000000	-0.03629429
27.55504489	0.00000000	0.00000000	-0.03629100
27.55754488	0.00000000	0.00000000	-0.03628770
27.56004488	0.00000000	0.00000000	-0.03628441
27.56254487	0.00000000	0.00000000	-0.03628112
27.56504487	0.00000000	0.00000000	-0.03627783
27.56754486	0.00000000	0.00000000	-0.03627454
27.57004486	0.00000000	0.00000000	-0.03627125
27.57254485	0.00000000	0.00000000	-0.03626796
27.57504485	0.00000000	0.00000000	-0.03626467
27.57754484	0.00000000	0.00000000	-0.03626139
27.58004484	0.00000000	0.00000000	-0.03625810
27.58254483	0.00000000	0.00000000	-0.03625481
27.58504483	0.00000000	0.00000000	-0.03625153
27.58754482	0.00000000	0.00000000	-0.03624824
27.59004482	0.00000000	0.00000000	-0.03624496
27.59254481	0.00000000	0.00000000	-0.03624167
27.59504481	0.00000000	0.00000000	-0.03623839
27.59754480	0.00000000	0.00000000	-0.03623511
27.60004480	0.00000000	0.00000000	-0.03623183
27.60254479	0.00000000	0.00000000	-0.03622854
27.60504479	0.00000000	0.00000000	-0.03622526
27.60754478	0.00000000	0.00000000	-0.03622198
27.61004478	0.00000000	0.00000000	-0.03621870
27.61254477	0.00000000	0.00000000	-0.03621542
27.61504477	0.00000000	0.00000000	-0.03621214
27.61754476	0.00000000	0.00000000	-0.03620887
27.62004476	0.00000000	0.00000000	-0.03620559
27.62254475	0.00000000	0.00000000	-0.03620231
27.62504475	0.00000000	0.00000000	-0.03619904
27.62754474	0.00000000	0.00000000	-0.03619576
27.63004474	0.00000000	0.00000000	-0.03619249
27.63254473	0.00000000	0.00000000	-0.03618921
27.63504473	0.00000000	0.00000000	-0.03618594
27.63754472	0.00000000	0.00000000	-0.03618266
27.64004472	0.00000000	0.00000000	-0.03617939
27.64254471	0.00000000	0.00000000	-0.03617612
27.64504471	0.00000000	0.00000000	-0.03617285
27.64754470	0.00000000	0.00000000	-0.03616958
27.65004470	0.00000000	0.00000000	-0.03616631
27.65254469	0.00000000	0.00000000	-0.03616304
27.65504469	0.00000000	0.00000000	-0.03615977
27.65754468	0.00000000	0.00000000	-0.03615650
27.66004468	0.00000000	0.00000000	-0.03615323
27.66254467	0.00000000	0.00000000	-0.03614996
27.66504467	0.00000000	0.00000000	-0.03614670
27.66754466	0.00000000	0.00000000	-0.03614343
27.67004466	0.00000000	0.00000000	-0.03614017
27.67254465	0.00000000	0.00000000	-0.03613690
27.67504465	0.00000000	0.00000000	-0.03613364
27.67754464	0.00000000	0.00000000	-0.03613037
27.68004464	0.00000000	0.00000000	-0.03612711
27.68254463	0.00000000	0.00000000	-0.03612385
27.68504463	0.00000000	0.00000000	-0.03612058
27.68754462	0.00000000	0.00000000	-0.03611732
27.69004462	0.00000000	0.00000000	-0.03611406
27.69254461	0.00000000	0.00000000	-0.03611080
27.69504461	0.00000000	0.00000000	-0.03610754
27.69754460	0.00000000	0.00000000	-0.03610428
27.70004460	0.00000000	0.00000000	-0.03610102
27.70254459	0.00000000	0.00000000	-0.03609777
27.70504459	0.00000000	0.00000000	-0.03609451
27.70754458	0.00000000	0.00000000	-0.03609125
27.71004458	0.00000000	0.00000000	-0.03608800
27.71254457	0.00000000	0.00000000	-0.03608474
27.71504457	0.00000000	0.00000000	-0.03608149
27.71754456	0.00000000	0.00000000	-0.03607823
27.72004456	0.00000000	0.00000000	-0.03607498
27.72254455	0.00000000	0.00000000	-0.03607172
27.72504455	0.00000000	0.00000000	-0.03606847
27.72754454	0.00000000	0.00000000	-0.03606522
27.73004454	0.00000000	0.00000000	-0.03606197
27.73254453	0.00000000	0.00000000	-0.03605872
27.73504453	0.00000000	0.00000000	-0.03605547
27.73754452	0.00000000	0.00000000	-0.03605222
27.74004452	0.00000000	0.00000000	-0.03604897
27.74254451	0.00000000	0.00000000	-0.03604572
27.74504451	0.00000000	0.00000000	-0.03604247
27.74754450	0.00000000	0.00000000	-0.03603923
27.75004450	0.00000000	0.00000000	-0.03603598
27.75254449	0.00000000	0.00000000	-0.03603273
27.75504449	0.00000000	0.00000000	-0.03602949
27.75754448	0.00000000	0.00000000	-0.03602624
27.76004448	0.00000000	0.00000000	-0.03602300
27.76254447	0.00000000	0.00000000	-0.03601975
27.76504447	0.00000000	0.00000000	-0.03601651
27.76754446	0.00000000	0.00000000	-0.03601327
27.77004446	0.00000000	0.00000000	-0.03601003
27.77254445	0.00000000	0.00000000	-0.03600678
27.77504445	0.00000000	0.00000000	-0.03600354
27.77754444	0.00000000	0.00000000	-0.03600030
27.78004444	0.00000000	0.00000000	-0.03599706
27.78254443	0.00000000	0.00000000	-0.03599382
27.78504443	0.00000000	0.00000000	-0.03599058
27.78754442	0.00000000	0.00000000	-0.03598735
27.79004442	0.00000000	0.00000000	-0.03598411
27.79254441	0.00000000	0.00000000	-0.03598087
27.79504441	0.00000000	0.00000000	-0.03597764
27.79754440	0.00000000	0.00000000	-0.03597440
27.80004440	0.00000000	0.00000000	-0.03597117
27.80254439	0.00000000	0.00000000	-0.03596793
27.80504439	0.00000000	0.00000000	-0.03596470
27.80754438	0.00000000	0.00000000	-0.03596146
27.81004438	0.00000000	0.00000000	-0.03595823
27.81254437	0.00000000	0.00000000	-0.03595500
27.81504437	0.00000000	0.00000000	-0.03595177
27.81754436	0.00000000	0.00000000	-0.03594854
27.82004436	0.00000000	0.00000000	-0.03594531
27.82254435	0.00000000	0.00000000	-0.03594208
27.82504435	0.00000000	0.00000000	-0.03593885
27.82754434	0.00000000	0.00000000	-0.03593562
27.83004434	0.00000000	0.00000000	-0.03593239
27.83254433	0.00000000	0.00000000	-0.03592916
27.83504433	0.00000000	0.00000000	-0.03592594
27.83754432	0.00000000	0.00000000	-0.03592271
27.84004432	0.00000000	0.00000000	-0.03591948
27.84254431	0.00000000	0.00000000	-0.03591626
27.84504431	0.00000000	0.00000000	-0.03591303
27.84754430	0.00000000	0.00000000	-0.03590981
27.85004430	0.00000000	0.00000000	-0.03590659
27.85254429	0.00000000	0.00000000	-0.03590336
27.85504429	0.00000000	0.00000000	-0.03590014
27.85754428	0.00000000	0.00000000	-0.03589692
27.86004428	0.00000000	0.00000000	-0.03589370
27.86254427	0.00000000	0.00000000	-0.03589048
27.86504427	0.00000000	0.00000000	-0.03588726
27.86754426	0.00000000	0.00000000	-0.03588404
27.87004426	0.00000000	0.00000000	-0.03588082
27.87254425	0.00000000	0.00000000	-0.03587760
27.87504425	0.00000000	0.00000000	-0.03587438
27.87754424	0.00000000	0.00000000	-0.03587117
27.88004424	0.00000000	0.00000000	-0.03586795
27.88254423	0.00000000	0.00000000	-0.03586473
27.88504423	0.00000000	0.00000000	-0.03586152
27.88754422	0.00000000	0.00000000	-0.03585830
27.89004422	0.00000000	0.00000000	-0.03585509
27.89254421	0.00000000	0.00000000	-0.03585187
27.89504421	0.00000000	0.00000000	-0.03584866
27.89754420	0.00000000	0.00000000	-0.03584545
27.90004420	0.00000000	0.00000000	-0.03584224
27.90254419	0.00000000	0.00000000	-0.03583903
27.90504419	0.00000000	0.00000000	-0.03583581
27.90754418	0.00000000	0.00000000	-0.03583260
27.91004418	0.00000000	0.00000000	-0.03582940
27.91254417	0.00000000	0.00000000	-0.03582619
27.91504417	0.00000000	0.00000000	-0.03582298
27.91754416	0.00000000	0.00000000	-0.03581977
27.92004416	0.00000000	0.00000000	-0.03581656
27.92254415	0.00000000	0.00000000	-0.03581336
27.92504415	0.00000000	0.00000000	-0.03581015
27.92754414	0.00000000	0.00000000	-0.03580694
27.93004414	0.00000000	0.00000000	-0.03580374
27.93254413	0.00000000	0.00000000	-0.03580053
27.93504413	0.00000000	0.00000000	-0.03579733
27.93754412	0.00000000	0.00000000	-0.03579413
27.94004412	0.00000000	0.00000000	-0.03579092
27.94254411	0.00000000	0.00000000	-0.03578772
27.94504411	0.00000000	0.00000000	-0.03578452
27.94754410	0.00000000	0.00000000	-0.03578132
27.95004410	0.00000000	0.00000000	-0.03577812
27.95254409	0.00000000	0.00000000	-0.03577492
27.95504409	0.00000000	0.00000000	-0.03577172
27.95754408	0.00000000	0.00000000	-0.03576852
27.96004408	0.00000000	0.00000000	-0.03576532
27.96254407	0.00000000	0.00000000	-0.03576213
27.96504407	0.00000000	0.00000000	-0.03575893
27.96754406	0.00000000	0.00000000	-0.03575573
27.97004406	0.00000000	0.00000000	-0.03575254
27.97254405	0.00000000	0.00000000	-0.03574934
27.97504405	0.00000000	0.00000000	-0.03574615
27.97754404	0.00000000	0.00000000	-0.03574295
27.98004404	0.00000000	0.00000000	-0.03573976
27.98254403	0.00000000	0.00000000	-0.03573656
27.98504403	0.00000000	0.00000000	-0.03573337
27.98754402	0.00000000	0.00000000	-0.03573018
27.99004402	0.00000000	0.00000000	-0.03572699
27.99254401	0.00000000	0.00000000	-0.03572380
27.99504401	0.00000000	0.00000000	-0.03572061
27.99754400	0.00000000	0.00000000	-0.03571742
28.00004400	0.00000000	0.00000000	-0.03571423
28.00254399	0.00000000	0.00000000	-0.03571104
28.00504399	0.00000000	0.00000000	-0.03570785
28.00754398	0.00000000	0.00000000	-0.03570467
28.01004398	0.00000000	0.00000000	-0.03570148
28.01254397	0.00000000	0.00000000	-0.03569829
28.01504397	0.00000000	0.00000000	-0.03569511
28.01754396	0.00000000	0.00000000	-0.03569192
28.02004396	0.00000000	0.00000000	-0.03568874
28.02254395	0.00000000	0.00000000	-0.03568555
28.02504395	0.00000000	0.00000000	-0.03568237
28.02754394	0.00000000	0.00000000	-0.03567919
28.03004394	0.00000000	0.00000000	-0.03567601
28.03254393	0.00000000	0.00000000	-0.03567282
28.03504393	0.00000000	0.00000000	-0.03566964
28.03754392	0.00000000	0.00000000	-0.03566646
28.04004392	0.00000000	0.00000000	-0.03566328
28.04254391	0.00000000	0.00000000	-0.03566010
28.04504391	0.00000000	0.00000000	-0.03565692
28.04754390	0.00000000	0.00000000	-0.03565375
28.05004390	0.00000000	0.00000000	-0.03565057
28.05254389	0.00000000	0.00000000	-0.03564739
28.05504389	0.00000000	0.00000000	-0.03564421
28.05754388	0.00000000	0.00000000	-0.03564104
28.06004388	0.00000000	0.00000000	-0.03563786
28.06254387	0.00000000	0.00000000	-0.03563469
28.06504387	0.00000000	0.00000000	-0.03563151
28.06754386	0.00000000	0.00000000	-0.03562834
28.07004386	0.00000000	0.00000000	-0.03562517
28.07254385	0.00000000	0.00000000	-0.03562199
28.07504385	0.00000000	0.00000000	-0.03561882
28.07754384	0.00000000	0.00000000	-0.03561565
28.08004384	0.00000000	0.00000000	-0.03561248
28.08254383	0.00000000	0.00000000	-0.03560931
28.08504383	0.00000000	0.00000000	-0.03560614
28.08754382	0.00000000	0.00000000	-0.03560297
28.09004382	0.00000000	0.00000000	-0.03559980
28.09254381	0.00000000	0.00000000	-0.03559663
28.09504381	0.00000000	0.00000000	-0.03559347
28.09754380	0.00000000	0.00000000	-0.03559030
28.10004380	0.00000000	0.00000000	-0.03558713
28.10254379	0.00000000	0.00000000	-0.03558397
28.10504379	0.00000000	0.00000000	-0.03558080
28.10754378	0.00000000	0.00000000	-0.03557764
28.11004378	0.00000000	0.00000000	-0.03557447
28.11254377	0.00000000	0.00000000	-0.03557131
28.11504377	0.00000000	0.00000000	-0.03556815
28.11754376	0.00000000	0.00000000	-0.03556498
28.12004376	0.00000000	0.00000000	-0.03556182
28.12254375	0.00000000	0.00000000	-0.03555866
28.12504375	0.00000000	0.00000000	-0.03555550
28.12754374	0.00000000	0.00000000	-0.03555234
28.13004374	0.00000000	0.00000000	-0.03554918
28.13254373	0.00000000	0.00000000	-0.03554602
28.13504373	0.00000000	0.00000000	-0.03554286
28.13754372	0.00000000	0.00000000	-0.03553970
28.14004372	0.00000000	0.00000000	-0.03553655
28.14254371	0.00000000	0.00000000	-0.03553339
28.14504371	0.00000000	0.00000000	-0.03553023
28.14754370	0.00000000	0.00000000	-0.03552708
28.15004370	0.00000000	0.00000000	-0.03552392
28.15254369	0.00000000	0.00000000	-0.03552077
28.15504369	0.00000000	0.00000000	-0.03551761
28.15754368	0.00000000	0.00000000	-0.03551446
28.16004368	0.00000000	0.00000000	-0.03551131
28.16254367	0.00000000	0.00000000	-0.03550816
28.16504367	0.00000000	0.00000000	-0.03550500
28.16754366	0.00000000	0.00000000	-0.03550185
28.17004366	0.00000000	0.00000000	-0.03549870
28.17254365	0.00000000	0.00000000	-0.03549555
28.17504365	0.00000000	0.00000000	-0.03549240
28.17754364	0.00000000	0.00000000	-0.03548925
28.18004364	0.00000000	0.00000000	-0.03548611
28.18254363	0.00000000	0.00000000	-0.03548296
28.18504363	0.00000000	0.00000000	-0.03547981
28.18754362	0.00000000	0.00000000	-0.03547666
28.19004362	0.00000000	0.00000000	-0.03547352
28.19254361	0.00000000	0.00000000	-0.03547037
28.19504361	0.00000000	0.00000000	-0.03546723
28.19754360	0.00000000	0.00000000	-0.03546408
28.20004360	0.00000000	0.00000000	-0.03546094
28.20254359	0.00000000	0.00000000	-0.03545779
28.20504359	0.00000000	0.00000000	-0.03545465
28.20754358	0.00000000	0.00000000	-0.03545151
28.21004358	0.00000000	0.00000000	-0.03544837
28.21254357	0.00000000	0.00000000	-0.03544523
28.21504357	0.00000000	0.00000000	-0.03544209
28.21754356	0.00000000	0.00000000	-0.03543895
28.22004356	0.00000000	0.00000000	-0.03543581
28.22254355	0.00000000	0.00000000	-0.03543267
28.22504355	0.00000000	0.00000000	-0.03542953
28.22754354	0.00000000	0.00000000	-0.03542639
28.23004354	0.00000000	0.00000000	-0.03542325
28.23254353	0.00000000	0.00000000	-0.03542012
28.23504353	0.00000000	0.00000000	-0.03541698
28.23754352	0.00000000	0.00000000	-0.03541385
28.24004352	0.00000000	0.00000000	-0.03541071
28.24254351	0.00000000	0.00000000	-0.03540758
28.24504351	0.00000000	0.00000000	-0.03540444
28.24754350	0.00000000	0.00000000	-0.03540131
28.25004350	0.00000000	0.00000000	-0.03539818
28.25254349	0.00000000	0.00000000	-0.03539504
28.25504349	0.00000000	0.00000000	-0.03539191
28.25754348	0.00000000	0.00000000	-0.03538878
28.26004348	0.00000000	0.00000000	-0.03538565
28.26254347	0.00000000	0.00000000	-0.03538252
28.26504347	0.00000000	0.00000000	-0.03537939
28.26754346	0.00000000	0.00000000	-0.03537626
28.27004346	0.00000000	0.00000000	-0.03537313
28.27254345	0.00000000	0.00000000	-0.03537000
28.27504345	0.00000000	0.00000000	-0.03536688
28.27754344	0.00000000	0.00000000	-0.03536375
28.28004344	0.00000000	0.00000000	-0.03536062
28.28254343	0.00000000	0.00000000	-0.03535750
28.28504343	0.00000000	0.00000000	-0.03535437
28.28754342	0.00000000	0.00000000	-0.03535125
28.29004342	0.00000000	0.00000000	-0.03534813
28.29254341	0.00000000	0.00000000	-0.03534500
28.29504341	0.00000000	0.00000000	-0.03534188
28.29754340	0.00000000	0.00000000	-0.03533876
28.30004340	0.00000000	0.00000000	-0.03533563
28.30254339	0.00000000	0.00000000	-0.03533251
28.30504339	0.00000000	0.00000000	-0.03532939
28.30754338	0.00000000	0.00000000	-0.03532627
28.31004338	0.00000000	0.00000000	-0.03532315
28.31254337	0.00000000	0.00000000	-0.03532003
28.31504337	0.00000000	0.00000000	-0.03531692
28.31754336	0.00000000	0.00000000	-0.03531380
28.32004336	0.00000000	0.00000000	-0.03531068
28.32254335	0.00000000	0.00000000	-0.03530756
28.32504335	0.00000000	0.00000000	-0.03530445
28.32754334	0.00000000	0.00000000	-0.03530133
28.33004334	0.00000000	0.00000000	-0.03529822
28.33254333	0.00000000	0.00000000	-0.03529510
28.33504333	0.00000000	0.00000000	-0.03529199
28.33754332	0.00000000	0.00000000	-0.03528887
28.34004332	0.00000000	0.00000000	-0.03528576
28.34254331	0.00000000	0.00000000	-0.03528265
28.34504331	0.00000000	0.00000000	-0.03527954
28.34754330	0.00000000	0.00000000	-0.03527643
28.35004330	0.00000000	0.00000000	-0.03527331
28.35254329	0.00000000	0.00000000	-0.03527020
28.35504329	0.00000000	0.00000000	-0.03526709
28.35754328	0.00000000	0.00000000	-0.03526399
28.36004328	0.00000000	0.00000000	-0.03526088
28.36254327	0.00000000	0.00000000	-0.03525777
28.36504327	0.00000000	0.00000000	-0.03525466
28.36754326	0.00000000	0.00000000	-0.03525155
28.37004326	0.00000000	0.00000000	-0.03524845
28.37254325	0.00000000	0.00000000	-0.03524534
28.37504325	0.00000000	0.00000000	-0.03524224
28.37754324	0.00000000	0.00000000	-0.03523913
28.38004324	0.00000000	0.00000000	-0.03523603
28.38254323	0.00000000	0.00000000	-0.03523292
28.38504323	0.00000000	0.00000000	-0.03522982
28.38754322	0.00000000	0.00000000	-0.03522672
28.39004322	0.00000000	0.00000000	-0.03522362
28.39254321	0.00000000	0.00000000	-0.03522052
28.39504321	0.00000000	0.00000000	-0.03521741
28.39754320	0.00000000	0.00000000	-0.03521431
28.40004320	0.00000000	0.00000000	-0.03521121
28.40254319	0.00000000	0.00000000	-0.03520811
28.40504319	0.00000000	0.00000000	-0.03520502
28.40754318	0.00000000	0.00000000	-0.03520192
28.41004318	0.00000000	0.00000000	-0.03519882
28.41254317	0.00000000	0.00000000	-0.03519572
28.41504317	0.00000000	0.00000000	-0.03519263
28.41754316	0.00000000	0.00000000	-0.03518953
28.42004316	0.00000000	0.00000000	-0.03518643
28.42254315	0.00000000	0.00000000	-0.03518334
28.42504315	0.00000000	0.00000000	-0.03518025
28.42754314	0.00000000	0.00000000	-0.03517715
28.43004314	0.00000000	0.00000000	-0.03517406
28.43254313	0.00000000	0.00000000	-0.03517097
28.43504313	0.00000000	0.00000000	-0.03516787
28.43754312	0.00000000	0.00000000	-0.03516478
28.44004312	0.00000000	0.00000000	-0.03516169
28.44254311	0.00000000	0.00000000	-0.03515860
28.44504311	0.00000000	0.00000000	-0.03515551
28.44754310	0.00000000	0.00000000	-0.03515242
28.45004310	0.00000000	0.00000000	-0.03514933
28.45254309	0.00000000	0.00000000	-0.03514624
28.45504309	0.00000000	0.00000000	-0.03514316
28.45754308	0.00000000	0.00000000	-0.03514007
28.46004308	0.00000000	0.00000000	-0.03513698
28.46254307	0.00000000	0.00000000	-0.03513390
28.46504307	0.00000000	0.00000000	-0.03513081
28.46754306	0.00000000	0.00000000	-0.03512772
28.47004306	0.00000000	0.00000000	-0.03512464
28.47254305	0.00000000	0.00000000	-0.03512156
28.47504305	0.00000000	0.00000000	-0.03511847
28.47754304	0.00000000	0.00000000	-0.03511539
28.48004304	0.00000000	0.00000000	-0.03511231
28.48254303	0.00000000	0.00000000	-0.03510922
28.48504303	0.00000000	0.00000000	-0.03510614
28.48754302	0.00000000	0.00000000	-0.03510306
28.49004302	0.00000000	0.00000000	-0.03509998
28.49254301	0.00000000	0.00000000	-0.03509690
28.49504301	0.00000000	0.00000000	-0.03509382
28.49754300	0.00000000	0.00000000	-0.03509074
28.50004300	0.00000000	0.00000000	-0.03508767
28.50254299	0.00000000	0.00000000	-0.03508459
28.50504299	0.00000000	0.00000000	-0.03508151
28.50754298	0.00000000	0.00000000	-0.03507844
28.51004298	0.00000000	0.00000000	-0.03507536
28.51254297	0.00000000	0.00000000	-0.03507228
28.51504297	0.00000000	0.00000000	-0.03506921
28.51754296	0.00000000	0.00000000	-0.03506613
28.52004296	0.00000000	0.00000000	-0.03506306
28.52254295	0.00000000	0.00000000	-0.03505999
28.52504295	0.00000000	0.00000000	-0.03505691
28.52754294	0.00000000	0.00000000	-0.03505384
28.53004294	0.00000000	0.00000000	-0.03505077
28.53254293	0.00000000	0.00000000	-0.03504770
28.53504293	0.00000000	0.00000000	-0.03504463
28.53754292	0.00000000	0.00000000	-0.03504156
28.54004292	0.00000000	0.00000000	-0.03503849
28.54254291	0.00000000	0.00000000	-0.03503542
28.54504291	0.00000000	0.00000000	-0.03503235
28.54754290	0.00000000	0.00000000	-0.03502928
28.55004290	0.00000000	0.00000000	-0.03502622
28.55254289	0.00000000	0.00000000	-0.03502315
28.55504289	0.00000000	0.00000000	-0.03502008
28.55754288	0.00000000	0.00000000	-0.03501702
28.56004288	0.00000000	0.00000000	-0.03501395
28.56254287	0.00000000	0.00000000	-0.03501089
28.56504287	0.00000000	0.00000000	-0.03500782
28.56754286	0.00000000	0.00000000	-0.03500476
28.57004286	0.00000000	0.00000000	-0.03500170
28.57254285	0.00000000	0.00000000	-0.03499864
28.57504285	0.00000000	0.00000000	-0.03499557
28.57754284	0.00000000	0.00000000	-0.03499251
28.58004284	0.00000000	0.00000000	-0.03498945
28.58254283	0.00000000	0.00000000	-0.03498639
28.58504283	0.00000000	0.00000000	-0.03498333
28.58754282	0.00000000	0.00000000	-0.03498027
28.59004282	0.00000000	0.00000000	-0.03497721
28.59254281	0.00000000	0.00000000	-0.03497415
28.59504281	0.00000000	0.00000000	-0.03497110
28.59754280	0.00000000	0.00000000	-0.03496804
28.60004280	0.00000000	0.00000000	-0.03496498
28.60254279	0.00000000	0.00000000	-0.03496193
28.60504279	0.00000000	0.00000000	-0.03495887
28.60754278	0.00000000	0.00000000	-0.03495582
28.61004278	0.00000000	0.00000000	-0.03495276
28.61254277	0.00000000	0.00000000	-0.03494971
28.61504277	0.00000000	0.00000000	-0.03494665
28.61754276	0.00000000	0.00000000	-0.03494360
28.62004276	0.00000000	0.00000000	-0.03494055
28.62254275	0.00000000	0.00000000	-0.03493750
28.62504275	0.00000000	0.00000000	-0.03493445
28.62754274	0.00000000	0.00000000	-0.03493139
28.63004274	0.00000000	0.00000000	-0.03492834
28.63254273	0.00000000	0.00000000	-0.03492529
28.63504273	0.00000000	0.00000000	-0.03492225
28.63754272	0.00000000	0.00000000	-0.03491920
28.64004272	0.00000000	0.00000000	-0.03491615
28.64254271	0.00000000	0.00000000	-0.03491310
28.64504271	0.00000000	0.00000000	-0.03491005
28.64754270	0.00000000	0.00000000	-0.03490701
28.65004270	0.00000000	0.00000000	-0.03490396
28.65254269	0.00000000	0.00000000	-0.03490092
28.65504269	0.00000000	0.00000000	-0.03489787
28.65754268	0.00000000	0.00000000	-0.03489483
28.66004268	0.00000000	0.00000000	-0.03489178
28.66254267	0.00000000	0.00000000	-0.03488874
28.66504267	0.00000000	0.00000000	-0.03488570
28.66754266	0.00000000	0.00000000	-0.03488265
28.67004266	0.00000000	0.00000000	-0.03487961
28.67254265	0.00000000	0.00000000	-0.03487657
28.67504265	0.00000000	0.00000000	-0.03487353
28.67754264	0.00000000	0.00000000	-0.03487049
28.68004264	0.00000000	0.00000000	-0.03486745
28.68254263	0.00000000	0.00000000	-0.03486441
28.68504263	0.00000000	0.00000000	-0.03486137
28.68754262	0.00000000	0.00000000	-0.03485834
28.69004262	0.00000000	0.00000000	-0.03485530
28.69254261	0.00000000	0.00000000	-0.03485226
28.69504261	0.00000000	0.00000000	-0.03484923
28.69754260	0.00000000	0.00000000	-0.03484619
28.70004260	0.00000000	0.00000000	-0.03484315
28.70254259	0.00000000	0.00000000	-0.03484012
28.70504259	0.00000000	0.00000000	-0.03483708
28.70754258	0.00000000	0.00000000	-0.03483405
28.71004258	0.00000000	0.00000000	-0.03483102
28.71254257	0.00000000	0.00000000	-0.03482798
28.71504257	0.00000000	0.00000000	-0.03482495
28.71754256	0.00000000	0.00000000	-0.03482192
28.72004256	0.00000000	0.00000000	-0.03481889
28.72254255	0.00000000	0.00000000	-0.03481586
28.72504255	0.00000000	0.00000000	-0.03481283
28.72754254	0.00000000	0.00000000	-0.03480980
28.73004254	0.00000000	0.00000000	-0.03480677
28.73254253	0.00000000	0.00000000	-0.03480374
28.73504253	0.00000000	0.00000000	-0.03480071
28.73754252	0.00000000	0.00000000	-0.03479769
28.74004252	0.00000000	0.00000000	-0.03479466
28.74254251	0.00000000	0.00000000	-0.03479163
28.74504251	0.00000000	0.00000000	-0.03478861
28.74754250	0.00000000	0.00000000	-0.03478558
28.75004250	0.00000000	0.00000000	-0.03478256
28.75254249	0.00000000	0.00000000	-0.03477953
28.75504249	0.00000000	0.00000000	-0.03477651
28.75754248	0.00000000	0.00000000	-0.03477349
28.76004248	0.00000000	0.00000000	-0.03477046
28.76254247	0.00000000	0.00000000	-0.03476744
28.76504247	0.00000000	0.00000000	-0.03476442
28.76754246	0.00000000	0.00000000	-0.03476140
28.77004246	0.00000000	0.00000000	-0.03475838
28.77254245	0.00000000	0.00000000	-0.03475536
28.77504245	0.00000000	0.00000000	-0.03475234
28.77754244	0.00000000	0.00000000	-0.03474932
28.78004244	0.00000000	0.00000000	-0.03474630
28.78254243	0.00000000	0.00000000	-0.03474328
28.78504243	0.00000000	0.00000000	-0.03474026
28.78754242	0.00000000	0.00000000	-0.03473725
28.79004242	0.00000000	0.00000000	-0.03473423
28.79254241	0.00000000	0.00000000	-0.03473122
28.79504241	0.00000000	0.00000000	-0.03472820
28.79754240	0.00000000	0.00000000	-0.03472519
28.80004240	0.00000000	0.00000000	-0.03472217
28.80254239	0.00000000	0.00000000	-0.03471916
28.80504239	0.00000000	0.00000000	-0.03471614
28.80754238	0.00000000	0.00000000	-0.03471313
28.81004238	0.00000000	0.00000000	-0.03471012
28.81254237	0.00000000	0.00000000	-0.03470711
28.81504237	0.00000000	0.00000000	-0.03470410
28.81754236	0.00000000	0.00000000	-0.03470109
28.82004236	0.00000000	0.00000000	-0.03469808
28.82254235	0.00000000	0.00000000	-0.03469507
28.82504235	0.00000000	0.00000000	-0.03469206
28.82754234	0.00000000	0.00000000	-0.03468905
28.83004234	0.00000000	0.00000000	-0.03468604
28.83254233	0.00000000	0.00000000	-0.03468303
28.83504233	0.00000000	0.00000000	-0.03468003
28.83754232	0.00000000	0.00000000	-0.03467702
28.84004232	0.00000000	0.00000000	-0.03467401
28.84254231	0.00000000	0.00000000	-0.03467101
28.84504231	0.00000000	0.00000000	-0.03466800
28.84754230	0.00000000	0.00000000	-0.03466500
28.85004230	0.00000000	0.00000000	-0.03466199
28.85254229	0.00000000	0.00000000	-0.03465899
28.85504229	0.00000000	0.00000000	-0.03465599
28.85754228	0.00000000	0.00000000	-0.03465299
28.86004228	0.00000000	0.00000000	-0.03464998
28.86254227	0.00000000	0.00000000	-0.03464698
28.86504227	0.00000000	0.00000000	-0.03464398
28.86754226	0.00000000	0.00000000	-0.03464098
28.87004226	0.00000000	0.00000000	-0.03463798
28.87254225	0.00000000	0.00000000	-0.03463498
28.87504225	0.00000000	0.00000000	-0.03463198
28.87754224	0.00000000	0.00000000	-0.03462899
28.88004224	0.00000000	0.00000000	-0.03462599
28.88254223	0.00000000	0.00000000	-0.03462299
28.88504223	0.00000000	0.00000000	-0.03461999
28.88754222	0.00000000	0.00000000	-0.03461700
28.89004222	0.00000000	0.00000000	-0.03461400
28.89254221	0.00000000	0.00000000	-0.03461101
28.89504221	0.00000000	0.00000000	-0.03460801
28.89754220	0.00000000	0.00000000	-0.03460502
28.90004220	0.00000000	0.00000000	-0.03460203
28.90254219	0.00000000	0.00000000	-0.03459903
28.90504219	0.00000000	0.00000000	-0.03459604
28.90754218	0.00000000	0.00000000	-0.03459305
28.91004218	0.00000000	0.00000000	-0.03459006
28.91254217	0.00000000	0.00000000	-0.03458707
28.91504217	0.00000000	0.00000000	-0.03458408
28.91754216	0.00000000	0.00000000	-0.03458109
28.92004216	0.00000000	0.00000000	-0.03457810
28.92254215	0.00000000	0.00000000	-0.03457511
28.92504215	0.00000000	0.00000000	-0.03457212
28.92754214	0.00000000	0.00000000	-0.03456913
28.93004214	0.00000000	0.00000000	-0.03456614
28.93254213	0.00000000	0.00000000	-0.03456316
28.93504213	0.00000000	0.00000000	-0.03456017
28.93754212	0.00000000	0.00000000	-0.03455719
28.94004212	0.00000000	0.00000000	-0.03455420
28.94254211	0.00000000	0.00000000	-0.03455122
28.94504211	0.00000000	0.00000000	-0.03454823
28.94754210	0.00000000	0.00000000	-0.03454525
28.95004210	0.00000000	0.00000000	-0.03454226
28.95254209	0.00000000	0.00000000	-0.03453928
28.95504209	0.00000000	0.00000000	-0.03453630
28.95754208	0.00000000	0.00000000	-0.03453332
28.96004208	0.00000000	0.00000000	-0.03453034
28.96254207	0.00000000	0.00000000	-0.03452736
28.96504207	0.00000000	0.00000000	-0.03452438
28.96754206	0.00000000	0.00000000	-0.03452140
28.97004206	0.00000000	0.00000000	-0.03451842
28.97254205	0.00000000	0.00000000	-0.03451544
28.97504205	0.00000000	0.00000000	-0.03451246
28.97754204	0.00000000	0.00000000	-0.03450948
28.98004204	0.00000000	0.00000000	-0.03450651
28.98254203	0.00000000	0.00000000	-0.03450353
28.98504203	0.00000000	0.00000000	-0.03450055
28.98754202	0.00000000	0.00000000	-0.03449758
28.99004202	0.00000000	0.00000000	-0.03449460
28.99254201	0.00000000	0.00000000	-0.03449163
28.99504201	0.00000000	0.00000000	-0.03448865
28.99754200	0.00000000	0.00000000	-0.03448568
29.00004200	0.00000000	0.00000000	-0.03448271
29.00254199	0.00000000	0.00000000	-0.03447974
29.00504199	0.00000000	0.00000000	-0.03447676
29.00754198	0.00000000	0.00000000	-0.03447379
29.01004198	0.00000000	0.00000000	-0.03447082
29.01254197	0.00000000	0.00000000	-0.03446785
29.01504197	0.00000000	0.00000000	-0.03446488
29.01754196	0.00000000	0.00000000	-0.03446191
29.02004196	0.00000000	0.00000000	-0.03445894
29.02254195	0.00000000	0.00000000	-0.03445598
29.02504195	0.00000000	0.00000000	-0.03445301
29.02754194	0.00000000	0.00000000	-0.03445004
29.03004194	0.00000000	0.00000000	-0.03444707
29.03254193	0.00000000	0.00000000	-0.03444411
29.03504193	0.00000000	0.00000000	-0.03444114
29.03754192	0.00000000	0.00000000	-0.03443818
29.04004192	0.00000000	0.00000000	-0.03443521
29.04254191	0.00000000	0.00000000	-0.03443225
29.04504191	0.00000000	0.00000000	-0.03442928
29.04754190	0.00000000	0.00000000	-0.03442632
29.05004190	0.00000000	0.00000000	-0.03442336
29.05254189	0.00000000	0.00000000	-0.03442040
29.05504189	0.00000000	0.00000000	-0.03441743
29.05754188	0.00000000	0.00000000	-0.03441447
29.06004188	0.00000000	0.00000000	-0.03441151
29.06254187	0.00000000	0.00000000	-0.03440855
29.06504187	0.00000000	0.00000000	-0.03440559
29.06754186	0.00000000	0.00000000	-0.03440263
29.07004186	0.00000000	0.00000000	-0.03439968
29.07254185	0.00000000	0.00000000	-0.03439672
29.07504185	0.00000000	0.00000000	-0.03439376
29.07754184	0.00000000	0.00000000	-0.03439080
29.08004184	0.00000000	0.00000000	-0.03438785
29.08254183	0.00000000	0.00000000	-0.03438489
29.08504183	0.00000000	0.00000000	-0.03438193
29.08754182	0.00000000	0.00000000	-0.03437898
29.09004182	0.00000000	0.00000000	-0.03437602
29.09254181	0.00000000	0.00000000	-0.03437307
29.09504181	0.00000000	0.00000000	-0.03437012
29.09754180	0.00000000	0.00000000	-0.03436716
29.10004180	0.00000000	0.00000000	-0.03436421
29.10254179	0.00000000	0.00000000	-0.03436126
29.10504179	0.00000000	0.00000000	-0.03435831
29.10754178	0.00000000	0.00000000	-0.03435536
29.11004178	0.00000000	0.00000000	-0.03435241
29.11254177	0.00000000	0.00000000	-0.03434946
29.11504177	0.00000000	0.00000000	-0.03434651
29.11754176	0.00000000	0.00000000	-0.03434356
29.12004176	0.00000000	0.00000000	-0.03434061
29.12254175	0.00000000	0.00000000	-0.03433766
29.12504175	0.00000000	0.00000000	-0.03433471
29.12754174	0.00000000	0.00000000	-0.03433177
29.13004174	0.00000000	0.00000000	-0.03432882
29.13254173	0.00000000	0.00000000	-0.03432588
29.13504173	0.00000000	0.00000000	-0.03432293
29.13754172	0.00000000	0.00000000	-0.03431999
29.14004172	0.00000000	0.00000000	-0.03431704
29.14254171	0.00000000	0.00000000	-0.03431410
29.14504171	0.00000000	0.00000000	-0.03431115
29.14754170	0.00000000	0.00000000	-0.03430821
29.15004170	0.00000000	0.00000000	-0.03430527
29.15254169	0.00000000	0.00000000	-0.03430233
29.15504169	0.00000000	0.00000000	-0.03429939
29.15754168	0.00000000	0.00000000	-0.03429644
29.16004168	0.00000000	0.00000000	-0.03429350
29.16254167	0.00000000	0.00000000	-0.03429056
29.16504167	0.00000000	0.00000000	-0.03428762
29.16754166	0.00000000	0.00000000	-0.03428469
29.17004166	0.00000000	0.00000000	-0.03428175
29.17254165	0.00000000	0.00000000	-0.03427881
29.17504165	0.00000000	0.00000000	-0.03427587
29.17754164	0.00000000	0.00000000	-0.03427294
29.18004164	0.00000000	0.00000000	-0.03427000
29.18254163	0.00000000	0.00000000	-0.03426706
29.18504163	0.00000000	0.00000000	-0.03426413
29.18754162	0.00000000	0.00000000	-0.03426119
29.19004162	0.00000000	0.00000000	-0.03425826
29.19254161	0.00000000	0.00000000	-0.03425532
29.19504161	0.00000000	0.00000000	-0.03425239
29.19754160	0.00000000	0.00000000	-0.03424946
29.20004160	0.00000000	0.00000000	-0.03424653
29.20254159	0.00000000	0.00000000	-0.03424359
29.20504159	0.00000000	0.00000000	-0.03424066
29.20754158	0.00000000	0.00000000	-0.03423773
29.21004158	0.00000000	0.00000000	-0.03423480
29.21254157	0.00000000	0.00000000	-0.03423187
29.21504157	0.00000000	0.00000000	-0.03422894
29.21754156	0.00000000	0.00000000	-0.03422601
29.22004156	0.00000000	0.00000000	-0.03422309
29.22254155	0.00000000	0.00000000	-0.03422016
29.22504155	0.00000000	0.00000000	-0.03421723
29.22754154	0.00000000	0.00000000	-0.03421430
29.23004154	0.00000000	0.00000000	-0.03421138
29.23254153	0.00000000	0.00000000	-0.03420845
29.23504153	0.00000000	0.00000000	-0.03420553
29.23754152	0.00000000	0.00000000	-0.03420260
29.24004152	0.00000000	0.00000000	-0.03419968
29.24254151	0.00000000	0.00000000	-0.03419675
29.24504151	0.00000000	0.00000000	-0.03419383
29.24754150	0.00000000	0.00000000	-0.03419091
29.25004150	0.00000000	0.00000000	-0.03418799
29.25254149	0.00000000	0.00000000	-0.03418506
29.25504149	0.00000000	0.00000000	-0.03418214
29.25754148	0.00000000	0.00000000	-0.03417922
29.26004148	0.00000000	0.00000000	-0.03417630
29.26254147	0.00000000	0.00000000	-0.03417338
29.26504147	0.00000000	0.00000000	-0.03417046
29.26754146	0.00000000	0.00000000	-0.03416754
29.27004146	0.00000000	0.00000000	-0.03416463
29.27254145	0.00000000	0.00000000	-0.03416171
29.27504145	0.00000000	0.00000000	-0.03415879
29.27754144	0.00000000	0.00000000	-0.03415587
29.28004144	0.00000000	0.00000000	-0.03415296
29.28254143	0.00000000	0.00000000	-0.03415004
29.28504143	0.00000000	0.00000000	-0.03414713
29.28754142	0.00000000	0.00000000	-0.03414421
29.29004142	0.00000000	0.00000000	-0.03414130
29.29254141	0.00000000	0.00000000	-0.03413838
29.29504141	0.00000000	0.00000000	-0.03413547
29.29754140	0.00000000	0.00000000	-0.03413256
29.30004140	0.00000000	0.00000000	-0.03412964
29.30254139	0.00000000	0.00000000	-0.03412673
29.30504139	0.00000000	0.00000000	-0.03412382
29.30754138	0.00000000	0.00000000	-0.03412091
29.31004138	0.00000000	0.00000000	-0.03411800
29.31254137	0.00000000	0.00000000	-0.03411509
29.31504137	0.00000000	0.00000000	-0.03411218
29.31754136	0.00000000	0.00000000	-0.03410927
29.32004136	0.00000000	0.00000000	-0.03410636
29.32254135	0.00000000	0.00000000	-0.03410346
29.32504135	0.00000000	0.00000000	-0.03410055
29.32754134	0.00000000	0.00000000	-0.03409764
29.33004134	0.00000000	0.00000000	-0.03409474
29.33254133	0.00000000	0.00000000	-0.03409183
29.33504133	0.00000000	0.00000000	-0.03408892
29.33754132	0.00000000	0.00000000	-0.03408602
29.34004132	0.00000000	0.00000000	-0.03408311
29.34254131	0.00000000	0.00000000	-0.03408021
29.34504131	0.00000000	0.00000000	-0.03407731
29.34754130	0.00000000	0.00000000	-0.03407440
29.35004130	0.00000000	0.00000000	-0.03407150
29.35254129	0.00000000	0.00000000	-0.03406860
29.35504129	0.00000000	0.00000000	-0.03406570
29.35754128	0.00000000	0.00000000	-0.03406280
29.36004128	0.00000000	0.00000000	-0.03405990
29.36254127	0.00000000	0.00000000	-0.03405700
29.36504127	0.00000000	0.00000000	-0.03405410
29.36754126	0.00000000	0.00000000	-0.03405120
29.37004126	0.00000000	0.00000000	-0.03404830
29.37254125	0.00000000	0.00000000	-0.03404540
29.37504125	0.00000000	0.00000000	-0.03404251
29.37754124	0.00000000	0.00000000	-0.03403961
29.38004124	0.00000000	0.00000000	-0.03403671
29.38254123	0.00000000	0.00000000	-0.03403382
29.38504123	0.00000000	0.00000000	-0.03403092
29.38754122	0.00000000	0.00000000	-0.03402803
29.39004122	0.00000000	0.00000000	-0.03402513
29.39254121	0.00000000	0.00000000	-0.03402224
29.39504121	0.00000000	0.00000000	-0.03401934
29.39754120	0.00000000	0.00000000	-0.03401645
29.40004120	0.00000000	0.00000000	-0.03401356
29.40254119	0.00000000	0.00000000	-0.03401067
29.40504119	0.00000000	0.00000000	-0.03400777
29.40754118	0.00000000	0.00000000	-0.03400488
29.41004118	0.00000000	0.00000000	-0.03400199
29.41254117	0.00000000	0.00000000	-0.03399910
29.41504117	0.00000000	0.00000000	-0.03399621
29.41754116	0.00000000	0.00000000	-0.03399332
29.42004116	0.00000000	0.00000000	-0.03399044
29.42254115	0.00000000	0.00000000	-0.03398755
29.42504115	0.00000000	0.00000000	-0.03398466
29.42754114	0.00000000	0.00000000	-0.03398177
29.43004114	0.00000000	0.00000000	-0.03397889
29.43254113	0.00000000	0.00000000	-0.03397600
29.43504113	0.00000000	0.00000000	-0.03397311
29.43754112	0.00000000	0.00000000	-0.03397023
29.44004112	0.00000000	0.00000000	-0.03396734
29.44254111	0.00000000	0.00000000	-0.03396446
29.44504111	0.00000000	0.00000000	-0.03396158
29.44754110	0.00000000	0.00000000	-0.03395869
29.45004110	0.00000000	0.00000000	-0.03395581
29.45254109	0.00000000	0.00000000	-0.03395293
29.45504109	0.00000000	0.00000000	-0.03395005
29.45754108	0.00000000	0.00000000	-0.03394716
29.46004108	0.00000000	0.00000000	-0.03394428
29.46254107	0.00000000	0.00000000	-0.03394140
29.46504107	0.00000000	0.00000000	-0.03393852
29.46754106	0.00000000	0.00000000	-0.03393564
29.47004106	0.00000000	0.00000000	-0.03393277
29.47254105	0.00000000	0.00000000	-0.03392989
29.47504105	0.00000000	0.00000000	-0.03392701
29.47754104	0.00000000	0.00000000	-0.03392413
29.48004104	0.00000000	0.00000000	-0.03392126
29.48254103	0.00000000	0.00000000	-0.03391838
29.48504103	0.00000000	0.00000000	-0.03391550
29.48754102	0.00000000	0.00000000	-0.03391263
29.49004102	0.00000000	0.00000000	-0.03390975
29.49254101	0.00000000	0.00000000	-0.03390688
29.49504101	0.00000000	0.00000000	-0.03390400
29.49754100	0.00000000	0.00000000	-0.03390113
29.50004100	0.00000000	0.00000000	-0.03389826
29.50254099	0.00000000	0.00000000	-0.03389539
29.50504099	0.00000000	0.00000000	-0.03389251
29.50754098	0.00000000	0.00000000	-0.03388964
29.51004098	0.00000000	0.00000000	-0.03388677
29.51254097	0.00000000	0.00000000	-0.03388390
29.51504097	0.00000000	0.00000000	-0.03388103
29.51754096	0.00000000	0.00000000	-0.03387816
29.52004096	0.00000000	0.00000000	-0.03387529
29.52254095	0.00000000	0.00000000	-0.03387242
29.52504095	0.00000000	0.00000000	-0.03386956
29.52754094	0.00000000	0.00000000	-0.03386669
29.53004094	0.00000000	0.00000000	-0.03386382
29.53254093	0.00000000	0.00000000	-0.03386095
29.53504093	0.00000000	0.00000000	-0.03385809
29.53754092	0.00000000	0.00000000	-0.03385522
29.54004092	0.00000000	0.00000000	-0.03385236
29.54254091	0.00000000	0.00000000	-0.03384949
29.54504091	0.00000000	0.00000000	-0.03384663
29.54754090	0.00000000	0.00000000	-0.03384376
29.55004090	0.00000000	0.00000000	-0.03384090
29.55254089	0.00000000	0.00000000	-0.03383804
29.55504089	0.00000000	0.00000000	-0.03383518
29.55754088	0.00000000	0.00000000	-0.03383231
29.56004088	0.00000000	0.00000000	-0.03382945
29.56254087	0.00000000	0.00000000	-0.03382659
29.56504087	0.00000000	0.00000000	-0.03382373
29.56754086	0.00000000	0.00000000	-0.03382087
29.57004086	0.00000000	0.00000000	-0.03381801
29.57254085	0.00000000	0.00000000	-0.03381515
29.57504085	0.00000000	0.00000000	-0.03381229
29.57754084	0.00000000	0.00000000	-0.03380944
29.58004084	0.00000000	0.00000000	-0.03380658
29.58254083	0.00000000	0.00000000	-0.03380372
29.58504083	0.00000000	0.00000000	-0.03380087
29.58754082	0.00000000	0.00000000	-0.03379801
29.59004082	0.00000000	0.00000000	-0.03379515
29.59254081	0.00000000	0.00000000	-0.03379230
29.59504081	0.00000000	0.00000000	-0.03378944
29.59754080	0.00000000	0.00000000	-0.03378659
29.60004080	0.00000000	0.00000000	-0.03378374
29.60254079	0.00000000	0.00000000	-0.03378088
29.60504079	0.00000000	0.00000000	-0.03377803
29.60754078	0.00000000	0.00000000	-0.03377518
29.61004078	0.00000000	0.00000000	-0.03377233
29.61254077	0.00000000	0.00000000	-0.03376948
29.61504077	0.00000000	0.00000000	-0.03376663
29.61754076	0.00000000	0.00000000	-0.03376378
29.62004076	0.00000000	0.00000000	-0.03376093
29.62254075	0.00000000	0.00000000	-0.03375808
29.62504075	0.00000000	0.00000000	-0.03375523
29.62754074	0.00000000	0.00000000	-0.03375238
29.63004074	0.00000000	0.00000000	-0.03374953
29.63254073	0.00000000	0.00000000	-0.03374668
29.63504073	0.00000000	0.00000000	-0.03374384
29.63754072	0.00000000	0.00000000	-0.03374099
29.64004072	0.00000000	0.00000000	-0.03373815
29.64254071	0.00000000	0.00000000	-0.03373530
29.64504071	0.00000000	0.00000000	-0.03373245
29.64754070	0.00000000	0.00000000	-0.03372961
29.65004070	0.00000000	0.00000000	-0.03372677
29.65254069	0.00000000	0.00000000	-0.03372392
29.65504069	0.00000000	0.00000000	-0.03372108
29.65754068	0.00000000	0.00000000	-0.03371824
29.66004068	0.00000000	0.00000000	-0.03371540
29.66254067	0.00000000	0.00000000	-0.03371255
29.66504067	0.00000000	0.00000000	-0.03370971
29.66754066	0.00000000	0.00000000	-0.03370687
29.67004066	0.00000000	0.00000000	-0.03370403
29.67254065	0.00000000	0.00000000	-0.03370119
29.67504065	0.00000000	0.00000000	-0.03369835
29.67754064	0.00000000	0.00000000	-0.03369551
29.68004064	0.00000000	0.00000000	-0.03369268
29.68254063	0.00000000	0.00000000	-0.03368984
29.68504063	0.00000000	0.00000000	-0.03368700
29.68754062	0.00000000	0.00000000	-0.03368416
29.69004062	0.00000000	0.00000000	-0.03368133
29.69254061	0.00000000	0.00000000	-0.03367849
29.69504061	0.00000000	0.00000000	-0.03367566
29.69754060	0.00000000	0.00000000	-0.03367282
29.70004060	0.00000000	0.00000000	-0.03366999
29.70254059	0.00000000	0.00000000	-0.03366715
29.70504059	0.00000000	0.00000000	-0.03366432
29.70754058	0.00000000	0.00000000	-0.03366149
29.71004058	0.00000000	0.00000000	-0.03365865
29.71254057	0.00000000	0.00000000	-0.03365582
29.71504057	0.00000000	0.00000000	-0.03365299
29.71754056	0.00000000	0.00000000	-0.03365016
29.72004056	0.00000000	0.00000000	-0.03364733
29.72254055	0.00000000	0.00000000	-0.03364450
29.72504055	0.00000000	0.00000000	-0.03364167
29.72754054	0.00000000	0.00000000	-0.03363884
29.73004054	0.00000000	0.00000000	-0.03363601
29.73254053	0.00000000	0.00000000	-0.03363318
29.73504053	0.00000000	0.00000000	-0.03363036
29.73754052	0.00000000	0.00000000	-0.03362753
29.74004052	0.00000000	0.00000000	-0.03362470
29.74254051	0.00000000	0.00000000	-0.03362188
29.74504051	0.00000000	0.00000000	-0.03361905
29.74754050	0.00000000	0.00000000	-0.03361622
29.75004050	0.00000000	0.00000000	-0.03361340
29.75254049	0.00000000	0.00000000	-0.03361058
29.75504049	0.00000000	0.00000000	-0.03360775
29.75754048	0.00000000	0.00000000	-0.03360493
29.76004048	0.00000000	0.00000000	-0.03360210
29.76254047	0.00000000	0.00000000	-0.03359928
29.76504047	0.00000000	0.00000000	-0.03359646
29.76754046	0.00000000	0.00000000	-0.03359364
29.77004046	0.00000000	0.00000000	-0.03359082
29.77254045	0.00000000	0.00000000	-0.03358800
29.77504045	0.00000000	0.00000000	-0.03358518
29.77754044	0.00000000	0.00000000	-0.03358236
29.78004044	0.00000000	0.00000000	-0.03357954
29.78254043	0.00000000	0.00000000	-0.03357672
29.78504043	0.00000000	0.00000000	-0.03357390
29.78754042	0.00000000	0.00000000	-0.03357108
29.79004042	0.00000000	0.00000000	-0.03356827
29.79254041	0.00000000	0.00000000	-0.03356545
29.79504041	0.00000000	0.00000000	-0.03356263
29.79754040	0.00000000	0.00000000	-0.03355982
29.80004040	0.00000000	0.00000000	-0.03355700
29.80254039	0.00000000	0.00000000	-0.03355419
29.80504039	0.00000000	0.00000000	-0.03355137
29.80754038	0.00000000	0.00000000	-0.03354856
29.81004038	0.00000000	0.00000000	-0.03354574
29.81254037	0.00000000	0.00000000	-0.03354293
29.81504037	0.00000000	0.00000000	-0.03354012
29.81754036	0.00000000	0.00000000	-0.03353731
29.82004036	0.00000000	0.00000000	-0.03353450
29.82254035	0.00000000	0.00000000	-0.03353168
29.82504035	0.00000000	0.00000000	-0.03352887
29.82754034	0.00000000	0.00000000	-0.03352606
29.83004034	0.00000000	0.00000000	-0.03352325
29.83254033	0.00000000	0.00000000	-0.03352044
29.83504033	0.00000000	0.00000000	-0.03351764
29.83754032	0.00000000	0.00000000	-0.03351483
29.84004032	0.00000000	0.00000000	-0.03351202
29.84254031	0.00000000	0.00000000	-0.03350921
29.84504031	0.00000000	0.00000000	-0.03350640
29.84754030	0.00000000	0.00000000	-0.03350360
29.85004030	0.00000000	0.00000000	-0.03350079
29.85254029	0.00000000	0.00000000	-0.03349799
29.85504029	0.00000000	0.00000000	-0.03349518
29.85754028	0.00000000	0.00000000	-0.03349238
29.86004028	0.00000000	0.00000000	-0.03348957
29.86254027	0.00000000	0.00000000	-0.03348677
29.86504027	0.00000000	0.00000000	-0.03348397
29.86754026	0.00000000	0.00000000	-0.03348116
29.87004026	0.00000000	0.00000000	-0.03347836
29.87254025	0.00000000	0.00000000	-0.03347556
29.87504025	0.00000000	0.00000000	-0.03347276
29.87754024	0.00000000	0.00000000	-0.03346996
29.88004024	0.00000000	0.00000000	-0.03346716
29.88254023	0.00000000	0.00000000	-0.03346436
29.88504023	0.00000000	0.00000000	-0.03346156
29.88754022	0.00000000	0.00000000	-0.03345876
29.89004022	0.00000000	0.00000000	-0.03345596
29.89254021	0.00000000	0.00000000	-0.03345316
29.89504021	0.00000000	0.00000000	-0.03345036
29.89754020	0.00000000	0.00000000	-0.03344757
29.90004020	0.00000000	0.00000000	-0.03344477
29.90254019	0.00000000	0.00000000	-0.03344197
29.90504019	0.00000000	0.00000000	-0.03343918
29.90754018	0.00000000	0.00000000	-0.03343638
29.91004018	0.00000000	0.00000000	-0.03343359
29.91254017	0.00000000	0.00000000	-0.03343080
29.91504017	0.00000000	0.00000000	-0.03342800
29.91754016	0.00000000	0.00000000	-0.03342521
29.92004016	0.00000000	0.00000000	-0.03342242
29.92254015	0.00000000	0.00000000	-0.03341962
29.92504015	0.00000000	0.00000000	-0.03341683
29.92754014	0.00000000	0.00000000	-0.03341404
29.93004014	0.00000000	0.00000000	-0.03341125
29.93254013	0.00000000	0.00000000	-0.03340846
29.93504013	0.00000000	0.00000000	-0.03340567
29.93754012	0.00000000	0.00000000	-0.03340288
29.94004012	0.00000000	0.00000000	-0.03340009
29.94254011	0.00000000	0.00000000	-0.03339730
29.94504011	0.00000000	0.00000000	-0.03339451
29.94754010	0.00000000	0.00000000	-0.03339172
29.95004010	0.00000000	0.00000000	-0.03338894
29.95254009	0.00000000	0.00000000	-0.03338615
29.95504009	0.00000000	0.00000000	-0.03338336
29.95754008	0.00000000	0.00000000	-0.03338058
29.96004008	0.00000000	0.00000000	-0.03337779
29.96254007	0.00000000	0.00000000	-0.03337501
29.96504007	0.00000000	0.00000000	-0.03337222
29.96754006	0.00000000	0.00000000	-0.03336944
29.97004006	0.00000000	0.00000000	-0.03336666
29.97254005	0.00000000	0.00000000	-0.03336387
29.97504005	0.00000000	0.00000000	-0.03336109
29.97754004	0.00000000	0.00000000	-0.03335831
29.98004004	0.00000000	0.00000000	-0.03335553
29.98254003	0.00000000	0.00000000	-0.03335274
29.98504003	0.00000000	0.00000000	-0.03334996
29.98754002	0.00000000	0.00000000	-0.03334718
29.99004002	0.00000000	0.00000000	-0.03334440
29.99254001	0.00000000	0.00000000	-0.03334162
29.99504001	0.00000000	0.00000000	-0.03333885
29.99754000	0.00000000	0.00000000	-0.03333607
30.00004000	0.00000000	0.00000000	-0.03333329
30.00253999	0.00000000	0.00000000	-0.03333051
30.00503999	0.00000000	0.00000000	-0.03332773
30.00753998	0.00000000	0.00000000	-0.03332496
30.01003998	0.00000000	0.00000000	-0.03332218
30.01253997	0.00000000	0.00000000	-0.03331941
30.01503997	0.00000000	0.00000000	-0.03331663
30.01753996	0.00000000	0.00000000	-0.03331386
30.02003996	0.00000000	0.00000000	-0.03331108
30.02253995	0.00000000	0.00000000	-0.03330831
30.02503995	0.00000000	0.00000000	-0.03330553
30.02753994	0.00000000	0.00000000	-0.03330276
30.03003994	0.00000000	0.00000000	-0.03329999
30.03253993	0.00000000	0.00000000	-0.03329722
30.03503993	0.00000000	0.00000000	-0.03329445
30.03753992	0.00000000	0.00000000	-0.03329167
30.04003992	0.00000000	0.00000000	-0.03328890
30.04253991	0.00000000	0.00000000	-0.03328613
30.04503991	0.00000000	0.00000000	-0.03328336
30.04753990	0.00000000	0.00000000	-0.03328059
30.05003990	0.00000000	0.00000000	-0.03327783
30.05253989	0.00000000	0.00000000	-0.03327506
30.05503989	0.00000000	0.00000000	-0.03327229
30.05753988	0.00000000	0.00000000	-0.03326952
30.06003988	0.00000000	0.00000000	-0.03326676
30.06253987	0.00000000	0.00000000	-0.03326399
30.06503987	0.00000000	0.00000000	-0.03326122
30.06753986	0.00000000	0.00000000	-0.03325846
30.07003986	0.00000000	0.00000000	-0.03325569
30.07253985	0.00000000	0.00000000	-0.03325293
30.07503985	0.00000000	0.00000000	-0.03325016
30.07753984	0.00000000	0.00000000	-0.03324740
30.08003984	0.00000000	0.00000000	-0.03324464
30.08253983	0.00000000	0.00000000	-0.03324187
30.08503983	0.00000000	0.00000000	-0.03323911
30.08753982	0.00000000	0.00000000	-0.03323635
30.09003982	0.00000000	0.00000000	-0.03323359
30.09253981	0.00000000	0.00000000	-0.03323083
30.09503981	0.00000000	0.00000000	-0.03322807
30.09753980	0.00000000	0.00000000	-0.03322531
30.10003980	0.00000000	0.00000000	-0.03322255
30.10253979	0.00000000	0.00000000	-0.03321979
30.10503979	0.00000000	0.00000000	-0.03321703
30.10753978	0.00000000	0.00000000	-0.03321427
30.11003978	0.00000000	0.00000000	-0.03321151
30.11253977	0.00000000	0.00000000	-0.03320876
30.11503977	0.00000000	0.00000000	-0.03320600
30.11753976	0.00000000	0.00000000	-0.03320324
30.12003976	0.00000000	0.00000000	-0.03320049
30.12253975	0.00000000	0.00000000	-0.03319773
30.12503975	0.00000000	0.00000000	-0.03319498
30.12753974	0.00000000	0.00000000	-0.03319222
30.13003974	0.00000000	0.00000000	-0.03318947
30.13253973	0.00000000	0.00000000	-0.03318671
30.13503973	0.00000000	0.00000000	-0.03318396
30.13753972	0.00000000	0.00000000	-0.03318121
30.14003972	0.00000000	0.00000000	-0.03317846
30.14253971	0.00000000	0.00000000	-0.03317570
30.14503971	0.00000000	0.00000000	-0.03317295
30.14753970	0.00000000	0.00000000	-0.03317020
30.15003970	0.00000000	0.00000000	-0.03316745
30.15253969	0.00000000	0.00000000	-0.03316470
30.15503969	0.00000000	0.00000000	-0.03316195
30.15753968	0.00000000	0.00000000	-0.03315920
30.16003968	0.00000000	0.00000000	-0.03315646
30.16253967	0.00000000	0.00000000	-0.03315371
30.16503967	0.00000000	0.00000000	-0.03315096
30.16753966	0.00000000	0.00000000	-0.03314821
30.17003966	0.00000000	0.00000000	-0.03314547
30.17253965	0.00000000	0.00000000	-0.03314272
30.17503965	0.00000000	0.00000000	-0.03313997
30.17753964	0.00000000	0.00000000	-0.03313723
30.18003964	0.00000000	0.00000000	-0.03313448
30.18253963	0.00000000	0.00000000	-0.03313174
30.18503963	0.00000000	0.00000000	-0.03312899
30.18753962	0.00000000	0.00000000	-0.03312625
30.19003962	0.00000000	0.00000000	-0.03312351
30.19253961	0.00000000	0.00000000	-0.03312076
30.19503961	0.00000000	0.00000000	-0.03311802
30.19753960	0.00000000	0.00000000	-0.03311528
30.20003960	0.00000000	0.00000000	-0.03311254
30.20253959	0.00000000	0.00000000	-0.03310980
30.20503959	0.00000000	0.00000000	-0.03310706
30.20753958	0.00000000	0.00000000	-0.03310432
30.21003958	0.00000000	0.00000000	-0.03310158
30.21253957	0.00000000	0.00000000	-0.03309884
30.21503957	0.00000000	0.00000000	-0.03309610
30.21753956	0.00000000	0.00000000	-0.03309336
30.22003956	0.00000000	0.00000000	-0.03309063
30.22253955	0.00000000	0.00000000	-0.03308789
30.22503955	0.00000000	0.00000000	-0.03308515
30.22753954	0.00000000	0.00000000	-0.03308241
30.23003954	0.00000000	0.00000000	-0.03307968
30.23253953	0.00000000	0.00000000	-0.03307694
30.23503953	0.00000000	0.00000000	-0.03307421
30.23753952	0.00000000	0.00000000	-0.03307147
30.24003952	0.00000000	0.00000000	-0.03306874
30.24253951	0.00000000	0.00000000	-0.03306601
30.24503951	0.00000000	0.00000000	-0.03306327
30.24753950	0.00000000	0.00000000	-0.03306054
30.25003950	0.00000000	0.00000000	-0.03305781
30.25253949	0.00000000	0.00000000	-0.03305508
30.25503949	0.00000000	0.00000000	-0.03305234
30.25753948	0.00000000	0.00000000	-0.03304961
30.26003948	0.00000000	0.00000000	-0.03304688
30.26253947	0.00000000	0.00000000	-0.03304415
30.26503947	0.00000000	0.00000000	-0.03304142
30.26753946	0.00000000	0.00000000	-0.03303869
30.27003946	0.00000000	0.00000000	-0.03303597
30.27253945	0.00000000	0.00000000	-0.03303324
30.27503945	0.00000000	0.00000000	-0.03303051
30.27753944	0.00000000	0.00000000	-0.03302778
30.28003944	0.00000000	0.00000000	-0.03302506
30.28253943	0.00000000	0.00000000	-0.03302233
30.28503943	0.00000000	0.00000000	-0.03301960
30.28753942	0.00000000	0.00000000	-0.03301688
30.29003942	0.00000000	0.00000000	-0.03301415
30.29253941	0.00000000	0.00000000	-0.03301143
30.29503941	0.00000000	0.00000000	-0.03300870
30.29753940	0.00000000	0.00000000	-0.03300598
30.30003940	0.00000000	0.00000000	-0.03300326
30.30253939	0.00000000	0.00000000	-0.03300053
30.30503939	0.00000000	0.00000000	-0.03299781
30.30753938	0.00000000	0.00000000	-0.03299509
30.31003938	0.00000000	0.00000000	-0.03299237
30.31253937	0.00000000	0.00000000	-0.03298965
30.31503937	0.00000000	0.00000000	-0.03298693
30.31753936	0.00000000	0.00000000	-0.03298421
30.32003936	0.00000000	0.00000000	-0.03298149
30.32253935	0.00000000	0.00000000	-0.03297877
30.32503935	0.00000000	0.00000000	-0.03297605
30.32753934	0.00000000	0.00000000	-0.03297333
30.33003934	0.00000000	0.00000000	-0.03297061
30.33253933	0.00000000	0.00000000	-0.03296790
30.33503933	0.00000000	0.00000000	-0.03296518
30.33753932	0.00000000	0.00000000	-0.03296246
30.34003932	0.00000000	0.00000000	-0.03295975
30.34253931	0.00000000	0.00000000	-0.03295703
30.34503931	0.00000000	0.00000000	-0.03295432
30.34753930	0.00000000	0.00000000	-0.03295160
30.35003930	0.00000000	0.00000000	-0.03294889
30.35253929	0.00000000	0.00000000	-0.03294617
30.35503929	0.00000000	0.00000000	-0.03294346
30.35753928	0.00000000	0.00000000	-0.03294075
30.36003928	0.00000000	0.00000000	-0.03293803
30.36253927	0.00000000	0.00000000	-0.03293532
30.36503927	0.00000000	0.00000000	-0.03293261
30.36753926	0.00000000	0.00000000	-0.03292990
30.37003926	0.00000000	0.00000000	-0.03292719
30.37253925	0.00000000	0.00000000	-0.03292448
30.37503925	0.00000000	0.00000000	-0.03292177
30.37753924	0.00000000	0.00000000	-0.03291906
30.38003924	0.00000000	0.00000000	-0.03291635
30.38253923	0.00000000	0.00000000	-0.03291364
30.38503923	0.00000000	0.00000000	-0.03291093
30.38753922	0.00000000	0.00000000	-0.03290823
30.39003922	0.00000000	0.00000000	-0.03290552
30.39253921	0.00000000	0.00000000	-0.03290281
30.39503921	0.00000000	0.00000000	-0.03290011
30.39753920	0.00000000	0.00000000	-0.03289740
30.40003920	0.00000000	0.00000000	-0.03289469
30.40253919	0.00000000	0.00000000	-0.03289199
30.40503919	0.00000000	0.00000000	-0.03288929
30.40753918	0.00000000	0.00000000	-0.03288658
30.41003918	0.00000000	0.00000000	-0.03288388
30.41253917	0.00000000	0.00000000	-0.03288117
30.41503917	0.00000000	0.00000000	-0.03287847
30.41753916	0.00000000	0.00000000	-0.03287577
30.42003916	0.00000000	0.00000000	-0.03287307
30.42253915	0.00000000	0.00000000	-0.03287037
30.42503915	0.00000000	0.00000000	-0.03286767
30.42753914	0.00000000	0.00000000	-0.03286496
30.43003914	0.00000000	0.00000000	-0.03286226
30.43253913	0.00000000	0.00000000	-0.03285957
30.43503913	0.00000000	0.00000000	-0.03285687
30.43753912	0.00000000	0.00000000	-0.03285417
30.44003912	0.00000000	0.00000000	-0.03285147
30.44253911	0.00000000	0.00000000	-0.03284877
30.44503911	0.00000000	0.00000000	-0.03284607
30.44753910	0.00000000	0.00000000	-0.03284338
30.45003910	0.00000000	0.00000000	-0.03284068
30.45253909	0.00000000	0.00000000	-0.03283798
30.45503909	0.00000000	0.00000000	-0.03283529
30.45753908	0.00000000	0.00000000	-0.03283259
30.46003908	0.00000000	0.00000000	-0.03282990
30.46253907	0.00000000	0.00000000	-0.03282720
30.46503907	0.00000000	0.00000000	-0.03282451
30.46753906	0.00000000	0.00000000	-0.03282182
30.47003906	0.00000000	0.00000000	-0.03281912
30.47253905	0.00000000	0.00000000	-0.03281643
30.47503905	0.00000000	0.00000000	-0.03281374
30.47753904	0.00000000	0.00000000	-0.03281105
30.48003904	0.00000000	0.00000000	-0.03280836
30.48253903	0.00000000	0.00000000	-0.03280567
30.48503903	0.00000000	0.00000000	-0.03280298
30.48753902	0.00000000	0.00000000	-0.03280029
30.49003902	0.00000000	0.00000000	-0.03279760
30.49253901	0.00000000	0.00000000	-0.03279491
30.49503901	0.00000000	0.00000000	-0.03279222
30.49753900	0.00000000	0.00000000	-0.03278953
30.50003900	0.00000000	0.00000000	-0.03278684
30.50253899	0.00000000	0.00000000	-0.03278416
30.50503899	0.00000000	0.00000000	-0.03278147
30.50753898	0.00000000	0.00000000	-0.03277878
30.51003898	0.00000000	0.00000000	-0.03277610
30.51253897	0.00000000	0.00000000	-0.03277341
30.51503897	0.00000000	0.00000000	-0.03277073
30.51753896	0.00000000	0.00000000	-0.03276804
30.52003896	0.00000000	0.00000000	-0.03276536
30.52253895	0.00000000	0.00000000	-0.03276267
30.52503895	0.00000000	0.00000000	-0.03275999
30.52753894	0.00000000	0.00000000	-0.03275731
30.53003894	0.00000000	0.00000000	-0.03275463
30.53253893	0.00000000	0.00000000	-0.03275194
30.53503893	0.00000000	0.00000000	-0.03274926
30.53753892	0.00000000	0.00000000	-0.03274658
30.54003892	0.00000000	0.00000000	-0.03274390
30.54253891	0.00000000	0.00000000	-0.03274122
30.54503891	0.00000000	0.00000000	-0.03273854
30.54753890	0.00000000	0.00000000	-0.03273586
30.55003890	0.00000000	0.00000000	-0.03273318
30.55253889	0.00000000	0.00000000	-0.03273050
30.55503889	0.00000000	0.00000000	-0.03272783
30.55753888	0.00000000	0.00000000	-0.03272515
30.56003888	0.00000000	0.00000000	-0.03272247
30.56253887	0.00000000	0.00000000	-0.03271979
30.56503887	0.00000000	0.00000000	-0.03271712
30.56753886	0.00000000	0.00000000	-0.03271444
30.57003886	0.00000000	0.00000000	-0.03271177
30.57253885	0.00000000	0.00000000	-0.03270909
30.57503885	0.00000000	0.00000000	-0.03270642
30.57753884	0.00000000	0.00000000	-0.03270374
30.58003884	0.00000000	0.00000000	-0.03270107
30.58253883	0.00000000	0.00000000	-0.03269840
30.58503883	0.00000000	0.00000000	-0.03269572
30.58753882	0.00000000	0.00000000	-0.03269305
30.59003882	0.00000000	0.00000000	-0.03269038
30.59253881	0.00000000	0.00000000	-0.03268771
30.59503881	0.00000000	0.00000000	-0.03268504
30.59753880	0.00000000	0.00000000	-0.03268237
30.60003880	0.00000000	0.00000000	-0.03267970
30.60253879	0.00000000	0.00000000	-0.03267703
30.60503879	0.00000000	0.00000000	-0.03267436
30.60753878	0.00000000	0.00000000	-0.03267169
30.61003878	0.00000000	0.00000000	-0.03266902
30.61253877	0.00000000	0.00000000	-0.03266635
30.61503877	0.00000000	0.00000000	-0.03266369
30.61753876	0.00000000	0.00000000	-0.03266102
30.62003876	0.00000000	0.00000000	-0.03265835
30.62253875	0.00000000	0.00000000	-0.03265569
30.62503875	0.00000000	0.00000000	-0.03265302
30.62753874	0.00000000	0.00000000	-0.03265035
30.63003874	0.00000000	0.00000000	-0.03264769
30.63253873	0.00000000	0.00000000	-0.03264503
30.63503873	0.00000000	0.00000000	-0.03264236
30.63753872	0.00000000	0.00000000	-0.03263970
30.64003872	0.00000000	0.00000000	-0.03263703
30.64253871	0.00000000	0.00000000	-0.03263437
30.64503871	0.00000000	0.00000000	-0.03263171
30.64753870	0.00000000	0.00000000	-0.03262905
30.65003870	0.00000000	0.00000000	-0.03262639
30.65253869	0.00000000	0.00000000	-0.03262373
30.65503869	0.00000000	0.00000000	-0.03262106
30.65753868	0.00000000	0.00000000	-0.03261840
30.66003868	0.00000000	0.00000000	-0.03261574
30.66253867	0.00000000	0.00000000	-0.03261309
30.66503867	0.00000000	0.00000000	-0.03261043
30.66753866	0.00000000	0.00000000	-0.03260777
30.67003866	0.00000000	0.00000000	-0.03260511
30.67253865	0.00000000	0.00000000	-0.03260245
30.67503865	0.00000000	0.00000000	-0.03259980
30.67753864	0.00000000	0.00000000	-0.03259714
30.68003864	0.00000000	0.00000000	-0.03259448
30.68253863	0.00000000	0.00000000	-0.03259183
30.68503863	0.00000000	0.00000000	-0.03258917
30.68753862	0.00000000	0.00000000	-0.03258652
30.69003862	0.00000000	0.00000000	-0.03258386
30.69253861	0.00000000	0.00000000	-0.03258121
30.69503861	0.00000000	0.00000000	-0.03257855
30.69753860	0.00000000	0.00000000	-0.03257590
30.70003860	0.00000000	0.00000000	-0.03257325
30.70253859	0.00000000	0.00000000	-0.03257060
30.70503859	0.00000000	0.00000000	-0.03256794
30.70753858	0.00000000	0.00000000	-0.03256529
30.71003858	0.00000000	0.00000000	-0.03256264
30.71253857	0.00000000	0.00000000	-0.03255999
30.71503857	0.00000000	0.00000000	-0.03255734
30.71753856	0.00000000	0.00000000	-0.03255469
30.72003856	0.00000000	0.00000000	-0.03255204
30.72253855	0.00000000	0.00000000	-0.03254939
30.72503855	0.00000000	0.00000000	-0.03254675
30.72753854	0.00000000	0.00000000	-0.03254410
30.73003854	0.00000000	0.00000000	-0.03254145
30.73253853	0.00000000	0.00000000	-0.03253880
30.73503853	0.00000000	0.00000000	-0.03253616
30.73753852	0.00000000	0.00000000	-0.03253351
30.74003852	0.00000000	0.00000000	-0.03253086
30.74253851	0.00000000	0.00000000	-0.03252822
30.74503851	0.00000000	0.00000000	-0.03252557
30.74753850	0.00000000	0.00000000	-0.03252293
30.75003850	0.00000000	0.00000000	-0.03252028
30.75253849	0.00000000	0.00000000	-0.03251764
30.75503849	0.00000000	0.00000000	-0.03251500
30.75753848	0.00000000	0.00000000	-0.03251235
30.76003848	0.00000000	0.00000000	-0.03250971
30.76253847	0.00000000	0.00000000	-0.03250707
30.76503847	0.00000000	0.00000000	-0.03250443
30.76753846	0.00000000	0.00000000	-0.03250179
30.77003846	0.00000000	0.00000000	-0.03249915
30.77253845	0.00000000	0.00000000	-0.03249651
30.77503845	0.00000000	0.00000000	-0.03249387
30.77753844	0.00000000	0.00000000	-0.03249123
30.78003844	0.00000000	0.00000000	-0.03248859
30.78253843	0.00000000	0.00000000	-0.03248595
30.78503843	0.00000000	0.00000000	-0.03248331
30.78753842	0.00000000	0.00000000	-0.03248067
30.79003842	0.00000000	0.00000000	-0.03247804
30.79253841	0.00000000	0.00000000	-0.03247540
30.79503841	0.00000000	0.00000000	-0.03247276
30.79753840	0.00000000	0.00000000	-0.03247013
30.80003840	0.00000000	0.00000000	-0.03246749
30.80253839	0.00000000	0.00000000	-0.03246486
30.80503839	0.00000000	0.00000000	-0.03246222
30.80753838	0.00000000	0.00000000	-0.03245959
30.81003838	0.00000000	0.00000000	-0.03245695
30.81253837	0.00000000	0.00000000	-0.03245432
30.81503837	0.00000000	0.00000000	-0.03245169
30.81753836	0.00000000	0.00000000	-0.03244906
30.82003836	0.00000000	0.00000000	-0.03244642
30.82253835	0.00000000	0.00000000	-0.03244379
30.82503835	0.00000000	0.00000000	-0.03244116
30.82753834	0.00000000	0.00000000	-0.03243853
30.83003834	0.00000000	0.00000000	-0.03243590
30.83253833	0.00000000	0.00000000	-0.03243327
30.83503833	0.00000000	0.00000000	-0.03243064
30.83753832	0.00000000	0.00000000	-0.03242801
30.84003832	0.00000000	0.00000000	-0.03242538
30.84253831	0.00000000	0.00000000	-0.03242275
30.84503831	0.00000000	0.00000000	-0.03242013
30.84753830	0.00000000	0.00000000	-0.03241750
30.85003830	0.00000000	0.00000000	-0.03241487
30.85253829	0.00000000	0.00000000	-0.03241224
30.85503829	0.00000000	0.00000000	-0.03240962
30.85753828	0.00000000	0.00000000	-0.03240699
30.86003828	0.00000000	0.00000000	-0.03240437
30.86253827	0.00000000	0.00000000	-0.03240174
30.86503827	0.00000000	0.00000000	-0.03239912
30.86753826	0.00000000	0.00000000	-0.03239649
30.87003826	0.00000000	0.00000000	-0.03239387
30.87253825	0.00000000	0.00000000	-0.03239125
30.87503825	0.00000000	0.00000000	-0.03238862
30.87753824	0.00000000	0.00000000	-0.03238600
30.88003824	0.00000000	0.00000000	-0.03238338
30.88253823	0.00000000	0.00000000	-0.03238076
30.88503823	0.00000000	0.00000000	-0.03237814
30.88753822	0.00000000	0.00000000	-0.03237552
30.89003822	0.00000000	0.00000000	-0.03237290
30.89253821	0.00000000	0.00000000	-0.03237028
30.89503821	0.00000000	0.00000000	-0.03236766
30.89753820	0.00000000	0.00000000	-0.03236504
30.90003820	0.00000000	0.00000000	-0.03236242
30.90253819	0.00000000	0.00000000	-0.03235980
30.90503819	0.00000000	0.00000000	-0.03235718
30.90753818	0.00000000	0.00000000	-0.03235457
30.91003818	0.00000000	0.00000000	-0.03235195
30.91253817	0.00000000	0.00000000	-0.03234933
30.91503817	0.00000000	0.00000000	-0.03234672
30.91753816	0.00000000	0.00000000	-0.03234410
30.92003816	0.00000000	0.00000000	-0.03234149
30.92253815	0.00000000	0.00000000	-0.03233887
30.92503815	0.00000000	0.00000000	-0.03233626
30.92753814	0.00000000	0.00000000	-0.03233364
30.93003814	0.00000000	0.00000000	-0.03233103
30.93253813	0.00000000	0.00000000	-0.03232842
30.93503813	0.00000000	0.00000000	-0.03232580
30.93753812	0.00000000	0.00000000	-0.03232319
30.94003812	0.00000000	0.00000000	-0.03232058
30.94253811	0.00000000	0.00000000	-0.03231797
30.94503811	0.00000000	0.00000000	-0.03231536
30.94753810	0.00000000	0.00000000	-0.03231275
30.95003810	0.00000000	0.00000000	-0.03231014
30.95253809	0.00000000	0.00000000	-0.03230753
30.95503809	0.00000000	0.00000000	-0.03230492
30.95753808	0.00000000	0.00000000	-0.03230231
30.96003808	0.00000000	0.00000000	-0.03229970
30.96253807	0.00000000	0.00000000	-0.03229709
30.96503807	0.00000000	0.00000000	-0.03229449
30.96753806	0.00000000	0.00000000	-0.03229188
30.97003806	0.00000000	0.00000000	-0.03228927
30.97253805	0.00000000	0.00000000	-0.03228667
30.97503805	0.00000000	0.00000000	-0.03228406
30.97753804	0.00000000	0.00000000	-0.03228145
30.98003804	0.00000000	0.00000000	-0.03227885
30.98253803	0.00000000	0.00000000	-0.03227625
30.98503803	0.00000000	0.00000000	-0.03227364
30.98753802	0.00000000	0.00000000	-0.03227104
30.99003802	0.00000000	0.00000000	-0.03226843
30.99253801	0.00000000	0.00000000	-0.03226583
30.99503801	0.00000000	0.00000000	-0.03226323
30.99753800	0.00000000	0.00000000	-0.03226063
31.00003800	0.00000000	0.00000000	-0.03225802
31.00253799	0.00000000	0.00000000	-0.03225542
31.00503799	0.00000000	0.00000000	-0.03225282
31.00753798	0.00000000	0.00000000	-0.03225022
31.01003798	0.00000000	0.00000000	-0.03224762
31.01253797	0.00000000	0.00000000	-0.03224502
31.01503797	0.00000000	0.00000000	-0.03224242
31.01753796	0.00000000	0.00000000	-0.03223983
31.02003796	0.00000000	0.00000000	-0.03223723
31.02253795	0.00000000	0.00000000	-0.03223463
31.02503795	0.00000000	0.00000000	-0.03223203
31.02753794	0.00000000	0.00000000	-0.03222943
31.03003794	0.00000000	0.00000000	-0.03222684
31.03253793	0.00000000	0.00000000	-0.03222424
31.03503793	0.00000000	0.00000000	-0.03222165
31.03753792	0.00000000	0.00000000	-0.03221905
31.04003792	0.00000000	0.00000000	-0.03221646
31.04253791	0.00000000	0.00000000	-0.03221386
31.04503791	0.00000000	0.00000000	-0.03221127
31.04753790	0.00000000	0.00000000	-0.03220867
31.05003790	0.00000000	0.00000000	-0.03220608
31.05253789	0.00000000	0.00000000	-0.03220349
31.05503789	0.00000000	0.00000000	-0.03220089
31.05753788	0.00000000	0.00000000	-0.03219830
31.06003788	0.00000000	0.00000000	-0.03219571
31.06253787	0.00000000	0.00000000	-0.03219312
31.06503787	0.00000000	0.00000000	-0.03219053
31.06753786	0.00000000	0.00000000	-0.03218794
31.07003786	0.00000000	0.00000000	-0.03218535
31.07253785	0.00000000	0.00000000	-0.03218276
31.07503785	0.00000000	0.00000000	-0.03218017
31.07753784	0.00000000	0.00000000	-0.03217758
31.08003784	0.00000000	0.00000000	-0.03217499
31.08253783	0.00000000	0.00000000	-0.03217241
31.08503783	0.00000000	0.00000000	-0.03216982
31.08753782	0.00000000	0.00000000	-0.03216723
31.09003782	0.00000000	0.00000000	-0.03216464
31.09253781	0.00000000	0.00000000	-0.03216206
31.09503781	0.00000000	0.00000000	-0.03215947
31.09753780	0.00000000	0.00000000	-0.03215689
31.10003780	0.00000000	0.00000000	-0.03215430
31.10253779	0.00000000	0.00000000	-0.03215172
31.10503779	0.00000000	0.00000000	-0.03214913
31.10753778	0.00000000	0.00000000	-0.03214655
31.11003778	0.00000000	0.00000000	-0.03214397
31.11253777	0.00000000	0.00000000	-0.03214138
31.11503777	0.00000000	0.00000000	-0.03213880
31.11753776	0.00000000	0.00000000	-0.03213622
31.12003776	0.00000000	0.00000000	-0.03213364
31.12253775	0.00000000	0.00000000	-0.03213106
31.12503775	0.00000000	0.00000000	-0.03212848
31.12753774	0.00000000	0.00000000	-0.03212589
31.13003774	0.00000000	0.00000000	-0.03212331
31.13253773	0.00000000	0.00000000	-0.03212074
31.13503773	0.00000000	0.00000000	-0.03211816
31.13753772	0.00000000	0.00000000	-0.03211558
31.14003772	0.00000000	0.00000000	-0.03211300
31.14253771	0.00000000	0.00000000	-0.03211042
31.14503771	0.00000000	0.00000000	-0.03210784
31.14753770	0.00000000	0.00000000	-0.03210527
31.15003770	0.00000000	0.00000000	-0.03210269
31.15253769	0.00000000	0.00000000	-0.03210011
31.15503769	0.00000000	0.00000000	-0.03209754
31.15753768	0.00000000	0.00000000	-0.03209496
31.16003768	0.00000000	0.00000000	-0.03209239
31.16253767	0.00000000	0.00000000	-0.03208981
31.16503767	0.00000000	0.00000000	-0.03208724
31.16753766	0.00000000	0.00000000	-0.03208466
31.17003766	0.00000000	0.00000000	-0.03208209
31.17253765	0.00000000	0.00000000	-0.03207952
31.17503765	0.00000000	0.00000000	-0.03207695
31.17753764	0.00000000	0.00000000	-0.03207437
31.18003764	0.00000000	0.00000000	-0.03207180
31.18253763	0.00000000	0.00000000	-0.03206923
31.18503763	0.00000000	0.00000000	-0.03206666
31.18753762	0.00000000	0.00000000	-0.03206409
31.19003762	0.00000000	0.00000000	-0.03206152
31.19253761	0.00000000	0.00000000	-0.03205895
31.19503761	0.00000000	0.00000000	-0.03205638
31.19753760	0.00000000	0.00000000	-0.03205381
31.20003760	0.00000000	0.00000000	-0.03205124
31.20253759	0.00000000	0.00000000	-0.03204868
31.20503759	0.00000000	0.00000000	-0.03204611
31.20753758	0.00000000	0.00000000	-0.03204354
31.21003758	0.00000000	0.00000000	-0.03204097
31.21253757	0.00000000	0.00000000	-0.03203841
31.21503757	0.00000000	0.00000000	-0.03203584
31.21753756	0.00000000	0.00000000	-0.03203328
31.22003756	0.00000000	0.00000000	-0.03203071
31.22253755	0.00000000	0.00000000	-0.03202815
31.22503755	0.00000000	0.00000000	-0.03202558
31.22753754	0.00000000	0.00000000	-0.03202302
31.23003754	0.00000000	0.00000000	-0.03202045
31.23253753	0.00000000	0.00000000	-0.03201789
31.23503753	0.00000000	0.00000000	-0.03201533
31.23753752	0.00000000	0.00000000	-0.03201277
31.24003752	0.00000000	0.00000000	-0.03201020
31.24253751	0.00000000	0.00000000	-0.03200764
31.24503751	0.00000000	0.00000000	-0.03200508
31.24753750	0.00000000	0.00000000	-0.03200252
31.25003750	0.00000000	0.00000000	-0.03199996
31.25253749	0.00000000	0.00000000	-0.03199740
31.25503749	0.00000000	0.00000000	-0.03199484
31.25753748	0.00000000	0.00000000	-0.03199228
31.26003748	0.00000000	0.00000000	-0.03198972
31.26253747	0.00000000	0.00000000	-0.03198717
31.26503747	0.00000000	0.00000000	-0.03198461
31.26753746	0.00000000	0.00000000	-0.03198205
31.27003746	0.00000000	0.00000000	-0.03197949
31.27253745	0.00000000	0.00000000	-0.03197694
31.27503745	0.00000000	0.00000000	-0.03197438
31.27753744	0.00000000	0.00000000	-0.03197183
31.28003744	0.00000000	0.00000000	-0.03196927
31.28253743	0.00000000	0.00000000	-0.03196672
31.28503743	0.00000000	0.00000000	-0.03196416
31.28753742	0.00000000	0.00000000	-0.03196161
31.29003742	0.00000000	0.00000000	-0.03195905
31.29253741	0.00000000	0.00000000	-0.03195650
31.29503741	0.00000000	0.00000000	-0.03195395
31.29753740	0.00000000	0.00000000	-0.03195140
31.30003740	0.00000000	0.00000000	-0.03194884
31.30253739	0.00000000	0.00000000	-0.03194629
31.30503739	0.00000000	0.00000000	-0.03194374
31.30753738	0.00000000	0.00000000	-0.03194119
31.31003738	0.00000000	0.00000000	-0.03193864
31.31253737	0.00000000	0.00000000	-0.03193609
31.31503737	0.00000000	0.00000000	-0.03193354
31.31753736	0.00000000	0.00000000	-0.03193099
31.32003736	0.00000000	0.00000000	-0.03192844
31.32253735	0.00000000	0.00000000	-0.03192589
31.32503735	0.00000000	0.00000000	-0.03192335
31.32753734	0.00000000	0.00000000	-0.03192080
31.33003734	0.00000000	0.00000000	-0.03191825
31.33253733	0.00000000	0.00000000	-0.03191570
31.33503733	0.00000000	0.00000000	-0.03191316
31.33753732	0.00000000	0.00000000	-0.03191061
31.34003732	0.00000000	0.00000000	-0.03190807
31.34253731	0.00000000	0.00000000	-0.03190552
31.34503731	0.00000000	0.00000000	-0.03190298
31.34753730	0.00000000	0.00000000	-0.03190043
31.35003730	0.00000000	0.00000000	-0.03189789
31.35253729	0.00000000	0.00000000	-0.03189535
31.35503729	0.00000000	0.00000000	-0.03189280
31.35753728	0.00000000	0.00000000	-0.03189026
31.36003728	0.00000000	0.00000000	-0.03188772
31.36253727	0.00000000	0.00000000	-0.03188518
31.36503727	0.00000000	0.00000000	-0.03188263
31.36753726	0.00000000	0.00000000	-0.03188009
31.37003726	0.00000000	0.00000000	-0.03187755
31.37253725	0.00000000	0.00000000	-0.03187501
31.37503725	0.00000000	0.00000000	-0.03187247
31.37753724	0.00000000	0.00000000	-0.03186993
31.38003724	0.00000000	0.00000000	-0.03186739
31.38253723	0.00000000	0.00000000	-0.03186486
31.38503723	0.00000000	0.00000000	-0.03186232
31.38753722	0.00000000	0.00000000	-0.03185978
31.39003722	0.00000000	0.00000000	-0.03185724
31.39253721	0.00000000	0.00000000	-0.03185470
31.39503721	0.00000000	0.00000000	-0.03185217
31.39753720	0.00000000	0.00000000	-0.03184963
31.40003720	0.00000000	0.00000000	-0.03184710
31.40253719	0.00000000	0.00000000	-0.03184456
31.40503719	0.00000000	0.00000000	-0.03184203
31.40753718	0.00000000	0.00000000	-0.03183949
31.41003718	0.00000000	0.00000000	-0.03183696
31.41253717	0.00000000	0.00000000	-0.03183442
31.41503717	0.00000000	0.00000000	-0.03183189
31.41753716	0.00000000	0.00000000	-0.03182936
31.42003716	0.00000000	0.00000000	-0.03182682
31.42253715	0.00000000	0.00000000	-0.03182429
31.42503715	0.00000000	0.00000000	-0.03182176
31.42753714	0.00000000	0.00000000	-0.03181923
31.43003714	0.00000000	0.00000000	-0.03181670
31.43253713	0.00000000	0.00000000	-0.03181417
31.43503713	0.00000000	0.00000000	-0.03181164
31.43753712	0.00000000	0.00000000	-0.03180911
31.44003712	0.00000000	0.00000000	-0.03180658
31.44253711	0.00000000	0.00000000	-0.03180405
31.44503711	0.00000000	0.00000000	-0.03180152
31.44753710	0.00000000	0.00000000	-0.03179899
31.45003710	0.00000000	0.00000000	-0.03179646
31.45253709	0.00000000	0.00000000	-0.03179394
31.45503709	0.00000000	0.00000000	-0.03179141
31.45753708	0.00000000	0.00000000	-0.03178888
31.46003708	0.00000000	0.00000000	-0.03178636
31.46253707	0.00000000	0.00000000	-0.03178383
31.46503707	0.00000000	0.00000000	-0.03178131
31.46753706	0.00000000	0.00000000	-0.03177878
31.47003706	0.00000000	0.00000000	-0.03177626
31.47253705	0.00000000	0.00000000	-0.03177373
31.47503705	0.00000000	0.00000000	-0.03177121
31.47753704	0.00000000	0.00000000	-0.03176869
31.48003704	0.00000000	0.00000000	-0.03176616
31.48253703	0.00000000	0.00000000	-0.03176364
31.48503703	0.00000000	0.00000000	-0.03176112
31.48753702	0.00000000	0.00000000	-0.03175860
31.49003702	0.00000000	0.00000000	-0.03175608
31.49253701	0.00000000	0.00000000	-0.03175355
31.49503701	0.00000000	0.00000000	-0.03175103
31.49753700	0.00000000	0.00000000	-0.03174851
31.50003700	0.00000000	0.00000000	-0.03174599
31.50253699	0.00000000	0.00000000	-0.03174348
31.50503699	0.00000000	0.00000000	-0.03174096
31.50753698	0.00000000	0.00000000	-0.03173844
31.51003698	0.00000000	0.00000000	-0.03173592
31.51253697	0.00000000	0.00000000	-0.03173340
31.51503697	0.00000000	0.00000000	-0.03173088
31.51753696	0.00000000	0.00000000	-0.03172837
31.52003696	0.00000000	0.00000000	-0.03172585
31.52253695	0.00000000	0.00000000	-0.03172334
31.52503695	0.00000000	0.00000000	-0.03172082
31.52753694	0.00000000	0.00000000	-0.03171830
31.53003694	0.00000000	0.00000000	-0.03171579
31.53253693	0.00000000	0.00000000	-0.03171327
31.53503693	0.00000000	0.00000000	-0.03171076
31.53753692	0.00000000	0.00000000	-0.03170825
31.54003692	0.00000000	0.00000000	-0.03170573
31.54253691	0.00000000	0.00000000	-0.03170322
31.54503691	0.00000000	0.00000000	-0.03170071
31.54753690	0.00000000	0.00000000	-0.03169820
31.55003690	0.00000000	0.00000000	-0.03169568
31.55253689	0.00000000	0.00000000	-0.03169317
31.55503689	0.00000000	0.00000000	-0.03169066
31.55753688	0.00000000	0.00000000	-0.03168815
31.56003688	0.00000000	0.00000000	-0.03168564
31.56253687	0.00000000	0.00000000	-0.03168313
31.56503687	0.00000000	0.00000000	-0.03168062
31.56753686	0.00000000	0.00000000	-0.03167811
31.57003686	0.00000000	0.00000000	-0.03167560
31.57253685	0.00000000	0.00000000	-0.03167310
31.57503685	0.00000000	0.00000000	-0.03167059
31.57753684	0.00000000	0.00000000	-0.03166808
31.58003684	0.00000000	0.00000000	-0.03166557
31.58253683	0.00000000	0.00000000	-0.03166307
31.58503683	0.00000000	0.00000000	-0.03166056
31.58753682	0.00000000	0.00000000	-0.03165806
31.59003682	0.00000000	0.00000000	-0.03165555
31.59253681	0.00000000	0.00000000	-0.03165305
31.59503681	0.00000000	0.00000000	-0.03165054
31.59753680	0.00000000	0.00000000	-0.03164804
31.60003680	0.00000000	0.00000000	-0.03164553
31.60253679	0.00000000	0.00000000	-0.03164303
31.60503679	0.00000000	0.00000000	-0.03164053
31.60753678	0.00000000	0.00000000	-0.03163802
31.61003678	0.00000000	0.00000000	-0.03163552
31.61253677	0.00000000	0.00000000	-0.03163302
31.61503677	0.00000000	0.00000000	-0.03163052
31.61753676	0.00000000	0.00000000	-0.03162802
31.62003676	0.00000000	0.00000000	-0.03162552
31.62253675	0.00000000	0.00000000	-0.03162302
31.62503675	0.00000000	0.00000000	-0.03162052
31.62753674	0.00000000	0.00000000	-0.03161802
31.63003674	0.00000000	0.00000000	-0.03161552
31.63253673	0.00000000	0.00000000	-0.03161302
31.63503673	0.00000000	0.00000000	-0.03161052
31.63753672	0.00000000	0.00000000	-0.03160802
31.64003672	0.00000000	0.00000000	-0.03160553
31.64253671	0.00000000	0.00000000	-0.03160303
31.64503671	0.00000000	0.00000000	-0.03160053
31.64753670	0.00000000	0.00000000	-0.03159804
31.65003670	0.00000000	0.00000000	-0.03159554
31.65253669	0.00000000	0.00000000	-0.03159304
31.65503669	0.00000000	0.00000000	-0.03159055
31.65753668	0.00000000	0.00000000	-0.03158805
31.66003668	0.00000000	0.00000000	-0.03158556
31.66253667	0.00000000	0.00000000	-0.03158307
31.66503667	0.00000000	0.00000000	-0.03158057
31.66753666	0.00000000	0.00000000	-0.03157808
31.67003666	0.00000000	0.00000000	-0.03157559
31.67253665	0.00000000	0.00000000	-0.03157309
31.67503665	0.00000000	0.00000000	-0.03157060
31.67753664	0.00000000	0.00000000	-0.03156811
31.68003664	0.00000000	0.00000000	-0.03156562
31.68253663	0.00000000	0.00000000	-0.03156313
31.68503663	0.00000000	0.00000000	-0.03156064
31.68753662	0.00000000	0.00000000	-0.03155815
31.69003662	0.00000000	0.00000000	-0.03155566
31.69253661	0.00000000	0.00000000	-0.03155317
31.69503661	0.00000000	0.00000000	-0.03155068
31.69753660	0.00000000	0.00000000	-0.03154819
31.70003660	0.00000000	0.00000000	-0.03154570
31.70253659	0.00000000	0.00000000	-0.03154322
31.70503659	0.00000000	0.00000000	-0.03154073
31.70753658	0.00000000	0.00000000	-0.03153824
31.71003658	0.00000000	0.00000000	-0.03153576
31.71253657	0.00000000	0.00000000	-0.03153327
31.71503657	0.00000000	0.00000000	-0.03153079
31.71753656	0.00000000	0.00000000	-0.03152830
31.72003656	0.00000000	0.00000000	-0.03152581
31.72253655	0.00000000	0.00000000	-0.03152333
31.72503655	0.00000000	0.00000000	-0.03152085
31.72753654	0.00000000	0.00000000	-0.03151836
31.73003654	0.00000000	0.00000000	-0.03151588
31.73253653	0.00000000	0.00000000	-0.03151340
31.73503653	0.00000000	0.00000000	-0.03151091
31.73753652	0.00000000	0.00000000	-0.03150843
31.74003652	0.00000000	0.00000000	-0.03150595
31.74253651	0.00000000	0.00000000	-0.03150347
31.74503651	0.00000000	0.00000000	-0.03150099
31.74753650	0.00000000	0.00000000	-0.03149851
31.75003650	0.00000000	0.00000000	-0.03149603
31.75253649	0.00000000	0.00000000	-0.03149355
31.75503649	0.00000000	0.00000000	-0.03149107
31.75753648	0.00000000	0.00000000	-0.03148859
31.76003648	0.00000000	0.00000000	-0.03148611
31.76253647	0.00000000	0.00000000	-0.03148363
31.76503647	0.00000000	0.00000000	-0.03148115
31.76753646	0.00000000	0.00000000	-0.03147868
31.77003646	0.00000000	0.00000000	-0.03147620
31.77253645	0.00000000	0.00000000	-0.03147372
31.77503645	0.00000000	0.00000000	-0.03147125
31.77753644	0.00000000	0.00000000	-0.03146877
31.78003644	0.00000000	0.00000000	-0.03146629
31.78253643	0.00000000	0.00000000	-0.03146382
31.78503643	0.00000000	0.00000000	-0.03146135
31.78753642	0.00000000	0.00000000	-0.03145887
31.79003642	0.00000000	0.00000000	-0.03145640
31.79253641	0.00000000	0.00000000	-0.03145392
31.79503641	0.00000000	0.00000000	-0.03145145
31.79753640	0.00000000	0.00000000	-0.03144898
31.80003640	0.00000000	0.00000000	-0.03144650
31.80253639	0.00000000	0.00000000	-0.03144403
31.80503639	0.00000000	0.00000000	-0.03144156
31.80753638	0.00000000	0.00000000	-0.03143909
31.81003638	0.00000000	0.00000000	-0.03143662
31.81253637	0.00000000	0.00000000	-0.03143415
31.81503637	0.00000000	0.00000000	-0.03143168
31.81753636	0.00000000	0.00000000	-0.03142921
31.82003636	0.00000000	0.00000000	-0.03142674
31.82253635	0.00000000	0.00000000	-0.03142427
31.82503635	0.00000000	0.00000000	-0.03142180
31.82753634	0.00000000	0.00000000	-0.03141933
31.83003634	0.00000000	0.00000000	-0.03141687
31.83253633	0.00000000	0.00000000	-0.03141440
31.83503633	0.00000000	0.00000000	-0.03141193
31.83753632	0.00000000	0.00000000	-0.03140947
31.84003632	0.00000000	0.00000000	-0.03140700
31.84253631	0.00000000	0.00000000	-0.03140453
31.84503631	0.00000000	0.00000000	-0.03140207
31.84753630	0.00000000	0.00000000	-0.03139960
31.85003630	0.00000000	0.00000000	-0.03139714
31.85253629	0.00000000	0.00000000	-0.03139467
31.85503629	0.00000000	0.00000000	-0.03139221
31.85753628	0.00000000	0.00000000	-0.03138975
31.86003628	0.00000000	0.00000000	-0.03138728
31.86253627	0.00000000	0.00000000	-0.03138482
31.86503627	0.00000000	0.00000000	-0.03138236
31.86753626	0.00000000	0.00000000	-0.03137990
31.87003626	0.00000000	0.00000000	-0.03137744
31.87253625	0.00000000	0.00000000	-0.03137497
31.87503625	0.00000000	0.00000000	-0.03137251
31.87753624	0.00000000	0.00000000	-0.03137005
31.88003624	0.00000000	0.00000000	-0.03136759
31.88253623	0.00000000	0.00000000	-0.03136513
31.88503623	0.00000000	0.00000000	-0.03136267
31.88753622	0.00000000	0.00000000	-0.03136022
31.89003622	0.00000000	0.00000000	-0.03135776
31.89253621	0.00000000	0.00000000	-0.03135530
31.89503621	0.00000000	0.00000000	-0.03135284
31.89753620	0.00000000	0.00000000	-0.03135038
31.90003620	0.00000000	0.00000000	-0.03134793
31.90253619	0.00000000	0.00000000	-0.03134547
31.90503619	0.00000000	0.00000000	-0.03134301
31.90753618	0.00000000	0.00000000	-0.03134056
31.91003618	0.00000000	0.00000000	-0.03133810
31.91253617	0.00000000	0.00000000	-0.03133565
31.91503617	0.00000000	0.00000000	-0.03133319
31.91753616	0.00000000	0.00000000	-0.03133074
31.92003616	0.00000000	0.00000000	-0.03132829
31.92253615	0.00000000	0.00000000	-0.03132583
31.92503615	0.00000000	0.00000000	-0.03132338
31.92753614	0.00000000	0.00000000	-0.03132093
31.93003614	0.00000000	0.00000000	-0.03131847
31.93253613	0.00000000	0.00000000	-0.03131602
31.93503613	0.00000000	0.00000000	-0.03131357
31.93753612	0.00000000	0.00000000	-0.03131112
31.94003612	0.00000000	0.00000000	-0.03130867
31.94253611	0.00000000	0.00000000	-0.03130622
31.94503611	0.00000000	0.00000000	-0.03130377
31.94753610	0.00000000	0.00000000	-0.03130132
31.95003610	0.00000000	0.00000000	-0.03129887
31.95253609	0.00000000	0.00000000	-0.03129642
31.95503609	0.00000000	0.00000000	-0.03129397
31.95753608	0.00000000	0.00000000	-0.03129152
31.96003608	0.00000000	0.00000000	-0.03128908
31.96253607	0.00000000	0.00000000	-0.03128663
31.96503607	0.00000000	0.00000000	-0.03128418
31.96753606	0.00000000	0.00000000	-0.03128174
31.97003606	0.00000000	0.00000000	-0.03127929
31.97253605	0.00000000	0.00000000	-0.03127684
31.97503605	0.00000000	0.00000000	-0.03127440
31.97753604	0.00000000	0.00000000	-0.03127195
31.98003604	0.00000000	0.00000000	-0.03126951
31.98253603	0.00000000	0.00000000	-0.03126706
31.98503603	0.00000000	0.00000000	-0.03126462
31.98753602	0.00000000	0.00000000	-0.03126218
31.99003602	0.00000000	0.00000000	-0.03125973
31.99253601	0.00000000	0.00000000	-0.03125729
31.99503601	0.00000000	0.00000000	-0.03125485
31.99753600	0.00000000	0.00000000	-0.03125241
32.00003600	0.00000000	0.00000000	-0.03124996
32.00253600	0.00000000	0.00000000	-0.03124752
32.00503599	0.00000000	0.00000000	-0.03124508
32.00753598	0.00000000	0.00000000	-0.03124264
32.01003598	0.00000000	0.00000000	-0.03124020
32.01253597	0.00000000	0.00000000	-0.03123776
32.01503597	0.00000000	0.00000000	-0.03123532
32.01753597	0.00000000	0.00000000	-0.03123288
32.02003596	0.00000000	0.00000000	-0.03123045
32.02253596	0.00000000	0.00000000	-0.03122801
32.02503595	0.00000000	0.00000000	-0.03122557
32.02753594	0.00000000	0.00000000	-0.03122313
32.03003594	0.00000000	0.00000000	-0.03122070
32.03253593	0.00000000	0.00000000	-0.03121826
32.03503593	0.00000000	0.00000000	-0.03121582
32.03753593	0.00000000	0.00000000	-0.03121339
32.04003592	0.00000000	0.00000000	-0.03121095
32.04253592	0.00000000	0.00000000	-0.03120852
32.04503591	0.00000000	0.00000000	-0.03120608
32.04753590	0.00000000	0.00000000	-0.03120365
32.05003590	0.00000000	0.00000000	-0.03120121
32.05253589	0.00000000	0.00000000	-0.03119878
32.05503589	0.00000000	0.00000000	-0.03119635
32.05753589	0.00000000	0.00000000	-0.03119391
32.06003588	0.00000000	0.00000000	-0.03119148
32.06253588	0.00000000	0.00000000	-0.03118905
32.06503587	0.00000000	0.00000000	-0.03118662
32.06753586	0.00000000	0.00000000	-0.03118419
32.07003586	0.00000000	0.00000000	-0.03118175
32.07253585	0.00000000	0.00000000	-0.03117932
32.07503585	0.00000000	0.00000000	-0.03117689
32.07753584	0.00000000	0.00000000	-0.03117446
32.08003584	0.00000000	0.00000000	-0.03117203
32.08253584	0.00000000	0.00000000	-0.03116961
32.08503583	0.00000000	0.00000000	-0.03116718
32.08753582	0.00000000	0.00000000	-0.03116475
32.09003582	0.00000000	0.00000000	-0.03116232
32.09253581	0.00000000	0.00000000	-0.03115989
32.09503581	0.00000000	0.00000000	-0.03115747
32.09753580	0.00000000	0.00000000	-0.03115504
32.10003580	0.00000000	0.00000000	-0.03115261
32.10253580	0.00000000	0.00000000	-0.03115019
32.10503579	0.00000000	0.00000000	-0.03114776
32.10753578	0.00000000	0.00000000	-0.03114534
32.11003578	0.00000000	0.00000000	-0.03114291
32.11253577	0.00000000	0.00000000	-0.03114049
32.11503577	0.00000000	0.00000000	-0.03113806
32.11753576	0.00000000	0.00000000	-0.03113564
32.12003576	0.00000000	0.00000000	-0.03113322
32.12253576	0.00000000	0.00000000	-0.03113079
32.12503575	0.00000000	0.00000000	-0.03112837
32.12753574	0.00000000	0.00000000	-0.03112595
32.13003574	0.00000000	0.00000000	-0.03112353
32.13253573	0.00000000	0.00000000	-0.03112110
32.13503573	0.00000000	0.00000000	-0.03111868
32.13753572	0.00000000	0.00000000	-0.03111626
32.14003572	0.00000000	0.00000000	-0.03111384
32.14253572	0.00000000	0.00000000	-0.03111142
32.14503571	0.00000000	0.00000000	-0.03110900
32.14753570	0.00000000	0.00000000	-0.03110658
32.15003570	0.00000000	0.00000000	-0.03110416
32.15253569	0.00000000	0.00000000	-0.03110175
32.15503569	0.00000000	0.00000000	-0.03109933
32.15753568	0.00000000	0.00000000	-0.03109691
32.16003568	0.00000000	0.00000000	-0.03109449
32.16253568	0.00000000	0.00000000	-0.03109208
32.16503567	0.00000000	0.00000000	-0.03108966
32.16753566	0.00000000	0.00000000	-0.03108724
32.17003566	0.00000000	0.00000000	-0.03108483
32.17253565	0.00000000	0.00000000	-0.03108241
32.17503565	0.00000000	0.00000000	-0.03108000
32.17753564	0.00000000	0.00000000	-0.03107758
32.18003564	0.00000000	0.00000000	-0.03107517
32.18253564	0.00000000	0.00000000	-0.03107275
32.18503563	0.00000000	0.00000000	-0.03107034
32.18753562	0.00000000	0.00000000	-0.03106793
32.19003562	0.00000000	0.00000000	-0.03106551
32.19253561	0.00000000	0.00000000	-0.03106310
32.19503561	0.00000000	0.00000000	-0.03106069
32.19753560	0.00000000	0.00000000	-0.03105828
32.20003560	0.00000000	0.00000000	-0.03105587
32.20253560	0.00000000	0.00000000	-0.03105346
32.20503559	0.00000000	0.00000000	-0.03105104
32.20753559	0.00000000	0.00000000	-0.03104863
32.21003558	0.00000000	0.00000000	-0.03104622
32.21253557	0.00000000	0.00000000	-0.03104382
32.21503557	0.00000000	0.00000000	-0.03104141
32.21753556	0.00000000	0.00000000	-0.03103900
32.22003556	0.00000000	0.00000000	-0.03103659
32.22253556	0.00000000	0.00000000	-0.03103418
32.22503555	0.00000000	0.00000000	-0.03103177
32.22753555	0.00000000	0.00000000	-0.03102937
32.23003554	0.00000000	0.00000000	-0.03102696
32.23253553	0.00000000	0.00000000	-0.03102455
32.23503553	0.00000000	0.00000000	-0.03102215
32.23753552	0.00000000	0.00000000	-0.03101974
32.24003552	0.00000000	0.00000000	-0.03101734
32.24253552	0.00000000	0.00000000	-0.03101493
32.24503551	0.00000000	0.00000000	-0.03101253
32.24753551	0.00000000	0.00000000	-0.03101012
32.25003550	0.00000000	0.00000000	-0.03100772
32.25253549	0.00000000	0.00000000	-0.03100531
32.25503549	0.00000000	0.00000000	-0.03100291
32.25753548	0.00000000	0.00000000	-0.03100051
32.26003548	0.00000000	0.00000000	-0.03099811
32.26253547	0.00000000	0.00000000	-0.03099570
32.26503547	0.00000000	0.00000000	-0.03099330
32.26753547	0.00000000	0.00000000	-0.03099090
32.27003546	0.00000000	0.00000000	-0.03098850
32.27253545	0.00000000	0.00000000	-0.03098610
32.27503545	0.00000000	0.00000000	-0.03098370
32.27753544	0.00000000	0.00000000	-0.03098130
32.28003544	0.00000000	0.00000000	-0.03097890
32.28253543	0.00000000	0.00000000	-0.03097650
32.28503543	0.00000000	0.00000000	-0.03097410
32.28753543	0.00000000	0.00000000	-0.03097170
32.29003542	0.00000000	0.00000000	-0.03096931
32.29253541	0.00000000	0.00000000	-0.03096691
32.29503541	0.00000000	0.00000000	-0.03096451
32.29753540	0.00000000	0.00000000	-0.03096211
32.30003540	0.00000000	0.00000000	-0.03095972
32.30253539	0.00000000	0.00000000	-0.03095732
32.30503539	0.00000000	0.00000000	-0.03095493
32.30753539	0.00000000	0.00000000	-0.03095253
32.31003538	0.00000000	0.00000000	-0.03095014
32.31253537	0.00000000	0.00000000	-0.03094774
32.31503537	0.00000000	0.00000000	-0.03094535
32.31753536	0.00000000	0.00000000	-0.03094295
32.32003536	0.00000000	0.00000000	-0.03094056
32.32253535	0.00000000	0.00000000	-0.03093817
32.32503535	0.00000000	0.00000000	-0.03093577
32.32753535	0.00000000	0.00000000	-0.03093338
32.33003534	0.00000000	0.00000000	-0.03093099
32.33253533	0.00000000	0.00000000	-0.03092860
32.33503533	0.00000000	0.00000000	-0.03092621
32.33753532	0.00000000	0.00000000	-0.03092382
32.34003532	0.00000000	0.00000000	-0.03092143
32.34253531	0.00000000	0.00000000	-0.03091904
32.34503531	0.00000000	0.00000000	-0.03091665
32.34753531	0.00000000	0.00000000	-0.03091426
32.35003530	0.00000000	0.00000000	-0.03091187
32.35253529	0.00000000	0.00000000	-0.03090948
32.35503529	0.00000000	0.00000000	-0.03090709
32.35753528	0.00000000	0.00000000	-0.03090470
32.36003528	0.00000000	0.00000000	-0.03090231
32.36253527	0.00000000	0.00000000	-0.03089993
32.36503527	0.00000000	0.00000000	-0.03089754
32.36753527	0.00000000	0.00000000	-0.03089515
32.37003526	0.00000000	0.00000000	-0.03089277
32.37253525	0.00000000	0.00000000	-0.03089038
32.37503525	0.00000000	0.00000000	-0.03088800
32.37753524	0.00000000	0.00000000	-0.03088561
32.38003524	0.00000000	0.00000000	-0.03088323
32.38253523	0.00000000	0.00000000	-0.03088084
32.38503523	0.00000000	0.00000000	-0.03087846
32.38753523	0.00000000	0.00000000	-0.03087608
32.39003522	0.00000000	0.00000000	-0.03087369
32.39253521	0.00000000	0.00000000	-0.03087131
32.39503521	0.00000000	0.00000000	-0.03086893
32.39753520	0.00000000	0.00000000	-0.03086655
32.40003520	0.00000000	0.00000000	-0.03086416
32.40253519	0.00000000	0.00000000	-0.03086178
32.40503519	0.00000000	0.00000000	-0.03085940
32.40753519	0.00000000	0.00000000	-0.03085702
32.41003518	0.00000000	0.00000000	-0.03085464
32.41253518	0.00000000	0.00000000	-0.03085226
32.41503517	0.00000000	0.00000000	-0.03084988
32.41753516	0.00000000	0.00000000	-0.03084750
32.42003516	0.00000000	0.00000000	-0.03084512
32.42253515	0.00000000	0.00000000	-0.03084275
32.42503515	0.00000000	0.00000000	-0.03084037
32.42753515	0.00000000	0.00000000	-0.03083799
32.43003514	0.00000000	0.00000000	-0.03083561
32.43253514	0.00000000	0.00000000	-0.03083324
32.43503513	0.00000000	0.00000000	-0.03083086
32.43753512	0.00000000	0.00000000	-0.03082848
32.44003512	0.00000000	0.00000000	-0.03082611
32.44253511	0.00000000	0.00000000	-0.03082373
32.44503511	0.00000000	0.00000000	-0.03082136
32.44753511	0.00000000	0.00000000	-0.03081898
32.45003510	0.00000000	0.00000000	-0.03081661
32.45253510	0.00000000	0.00000000	-0.03081423
32.45503509	0.00000000	0.00000000	-0.03081186
32.45753508	0.00000000	0.00000000	-0.03080949
32.46003508	0.00000000	0.00000000	-0.03080711
32.46253507	0.00000000	0.00000000	-0.03080474
32.46503507	0.00000000	0.00000000	-0.03080237
32.46753506	0.00000000	0.00000000	-0.03080000
32.47003506	0.00000000	0.00000000	-0.03079763
32.47253506	0.00000000	0.00000000	-0.03079526
32.47503505	0.00000000	0.00000000	-0.03079288
32.47753504	0.00000000	0.00000000	-0.03079051
32.48003504	0.00000000	0.00000000	-0.03078814
32.48253503	0.00000000	0.00000000	-0.03078577
32.48503503	0.00000000	0.00000000	-0.03078341
32.48753502	0.00000000	0.00000000	-0.03078104
32.49003502	0.00000000	0.00000000	-0.03077867
32.49253502	0.00000000	0.00000000	-0.03077630
32.49503501	0.00000000	0.00000000	-0.03077393
32.49753500	0.00000000	0.00000000	-0.03077156
32.50003500	0.00000000	0.00000000	-0.03076920
32.50253499	0.00000000	0.00000000	-0.03076683
32.50503499	0.00000000	0.00000000	-0.03076446
32.50753498	0.00000000	0.00000000	-0.03076210
32.51003498	0.00000000	0.00000000	-0.03075973
32.51253498	0.00000000	0.00000000	-0.03075737
32.51503497	0.00000000	0.00000000	-0.03075500
32.51753496	0.00000000	0.00000000	-0.03075264
32.52003496	0.00000000	0.00000000	-0.03075027
32.52253495	0.00000000	0.00000000	-0.03074791
32.52503495	0.00000000	0.00000000	-0.03074555
32.52753494	0.00000000	0.00000000	-0.03074318
32.53003494	0.00000000	0.00000000	-0.03074082
32.53253494	0.00000000	0.00000000	-0.03073846
32.53503493	0.00000000	0.00000000	-0.03073610
32.53753492	0.00000000	0.00000000	-0.03073374
32.54003492	0.00000000	0.00000000	-0.03073137
32.54253491	0.00000000	0.00000000	-0.03072901
32.54503491	0.00000000	0.00000000	-0.03072665
32.54753490	0.00000000	0.00000000	-0.03072429
32.55003490	0.00000000	0.00000000	-0.03072193
32.55253490	0.00000000	0.00000000	-0.03071957
32.55503489	0.00000000	0.00000000	-0.03071721
32.55753488	0.00000000	0.00000000	-0.03071486
32.56003488	0.00000000	0.00000000	-0.03071250
32.56253487	0.00000000	0.00000000	-0.03071014
32.56503487	0.00000000	0.00000000	-0.03070778
32.56753486	0.00000000	0.00000000	-0.03070543
32.57003486	0.00000000	0.00000000	-0.03070307
32.57253486	0.00000000	0.00000000	-0.03070071
32.57503485	0.00000000	0.00000000	-0.03069836
32.57753484	0.00000000	0.00000000	-0.03069600
32.58003484	0.00000000	0.00000000	-0.03069364
32.58253483	0.00000000	0.00000000	-0.03069129
32.58503483	0.00000000	0.00000000	-0.03068893
32.58753482	0.00000000	0.00000000	-0.03068658
32.59003482	0.00000000	0.00000000	-0.03068423
32.59253482	0.00000000	0.00000000	-0.03068187
32.59503481	0.00000000	0.00000000	-0.03067952
32.59753481	0.00000000	0.00000000	-0.03067717
32.60003480	0.00000000	0.00000000	-0.03067481
32.60253479	0.00000000	0.00000000	-0.03067246
32.60503479	0.00000000	0.00000000	-0.03067011
32.60753478	0.00000000	0.00000000	-0.03066776
32.61003478	0.00000000	0.00000000	-0.03066541
32.61253478	0.00000000	0.00000000	-0.03066306
32.61503477	0.00000000	0.00000000	-0.03066071
32.61753477	0.00000000	0.00000000	-0.03065836
32.62003476	0.00000000	0.00000000	-0.03065601
32.62253475	0.00000000	0.00000000	-0.03065366
32.62503475	0.00000000	0.00000000	-0.03065131
32.62753474	0.00000000	0.00000000	-0.03064896
32.63003474	0.00000000	0.00000000	-0.03064661
32.63253474	0.00000000	0.00000000	-0.03064426
32.63503473	0.00000000	0.00000000	-0.03064192
32.63753473	0.00000000	0.00000000	-0.03063957
32.64003472	0.00000000	0.00000000	-0.03063722
32.64253471	0.00000000	0.00000000	-0.03063488
32.64503471	0.00000000	0.00000000	-0.03063253
32.64753470	0.00000000	0.00000000	-0.03063018
32.65003470	0.00000000	0.00000000	-0.03062784
32.65253469	0.00000000	0.00000000	-0.03062549
32.65503469	0.00000000	0.00000000	-0.03062315
32.65753469	0.00000000	0.00000000	-0.03062080
32.66003468	0.00000000	0.00000000	-0.03061846
32.66253467	0.00000000	0.00000000	-0.03061612
32.66503467	0.00000000	0.00000000	-0.03061377
32.66753466	0.00000000	0.00000000	-0.03061143
32.67003466	0.00000000	0.00000000	-0.03060909
32.67253465	0.00000000	0.00000000	-0.03060675
32.67503465	0.00000000	0.00000000	-0.03060441
32.67753465	0.00000000	0.00000000	-0.03060206
32.68003464	0.00000000	0.00000000	-0.03059972
32.68253463	0.00000000	0.00000000	-0.03059738
32.68503463	0.00000000	0.00000000	-0.03059504
32.68753462	0.00000000	0.00000000	-0.03059270
32.69003462	0.00000000	0.00000000	-0.03059036
32.69253461	0.00000000	0.00000000	-0.03058802
32.69503461	0.00000000	0.00000000	-0.03058568
32.69753461	0.00000000	0.00000000	-0.03058335
32.70003460	0.00000000	0.00000000	-0.03058101
32.70253459	0.00000000	0.00000000	-0.03057867
32.70503459	0.00000000	0.00000000	-0.03057633
32.70753458	0.00000000	0.00000000	-0.03057400
32.71003458	0.00000000	0.00000000	-0.03057166
32.71253457	0.00000000	0.00000000	-0.03056932
32.71503457	0.00000000	0.00000000	-0.03056699
32.71753457	0.00000000	0.00000000	-0.03056465
32.72003456	0.00000000	0.00000000	-0.03056231
32.72253455	0.00000000	0.00000000	-0.03055998
32.72503455	0.00000000	0.00000000	-0.03055765
32.72753454	0.00000000	0.00000000	-0.03055531
32.73003454	0.00000000	0.00000000	-0.03055298
32.73253453	0.00000000	0.00000000	-0.03055064
32.73503453	0.00000000	0.00000000	-0.03054831
32.73753453	0.00000000	0.00000000	-0.03054598
32.74003452	0.00000000	0.00000000	-0.03054365
32.74253451	0.00000000	0.00000000	-0.03054131
32.74503451	0.00000000	0.00000000	-0.03053898
32.74753450	0.00000000	0.00000000	-0.03053665
32.75003450	0.00000000	0.00000000	-0.03053432
32.75253449	0.00000000	0.00000000	-0.03053199
32.75503449	0.00000000	0.00000000	-0.03052966
32.75753449	0.00000000	0.00000000	-0.03052733
32.76003448	0.00000000	0.00000000	-0.03052500
32.76253447	0.00000000	0.00000000	-0.03052267
32.76503447	0.00000000	0.00000000	-0.03052034
32.76753446	0.00000000	0.00000000	-0.03051801
32.77003446	0.00000000	0.00000000	-0.03051568
32.77253445	0.00000000	0.00000000	-0.03051336
32.77503445	0.00000000	0.00000000	-0.03051103
32.77753445	0.00000000	0.00000000	-0.03050870
32.78003444	0.00000000	0.00000000	-0.03050637
32.78253443	0.00000000	0.00000000	-0.03050405
32.78503443	0.00000000	0.00000000	-0.03050172
32.78753442	0.00000000	0.00000000	-0.03049940
32.79003442	0.00000000	0.00000000	-0.03049707
32.79253441	0.00000000	0.00000000	-0.03049475
32.79503441	0.00000000	0.00000000	-0.03049242
32.79753441	0.00000000	0.00000000	-0.03049010
32.80003440	0.00000000	0.00000000	-0.03048777
32.80253440	0.00000000	0.00000000	-0.03048545
32.80503439	0.00000000	0.00000000	-0.03048313
32.80753438	0.00000000	0.00000000	-0.03048080
32.81003438	0.00000000	0.00000000	-0.03047848
32.81253437	0.00000000	0.00000000	-0.03047616
32.81503437	0.00000000	0.00000000	-0.03047384
32.81753437	0.00000000	0.00000000	-0.03047152
32.82003436	0.00000000	0.00000000	-0.03046919
32.82253436	0.00000000	0.00000000	-0.03046687
32.82503435	0.00000000	0.00000000	-0.03046455
32.82753434	0.00000000	0.00000000	-0.03046223
32.83003434	0.00000000	0.00000000	-0.03045991
32.83253433	0.00000000	0.00000000	-0.03045759
32.83503433	0.00000000	0.00000000	-0.03045527
32.83753433	0.00000000	0.00000000	-0.03045296
32.84003432	0.00000000	0.00000000	-0.03045064
32.84253432	0.00000000	0.00000000	-0.03044832
32.84503431	0.00000000	0.00000000	-0.03044600
32.84753430	0.00000000	0.00000000	-0.03044369
32.85003430	0.00000000	0.00000000	-0.03044137
32.85253429	0.00000000	0.00000000	-0.03043905
32.85503429	0.00000000	0.00000000	-0.03043674
32.85753428	0.00000000	0.00000000	-0.03043442
32.86003428	0.00000000	0.00000000	-0.03043210
32.86253428	0.00000000	0.00000000	-0.03042979
32.86503427	0.00000000	0.00000000	-0.03042747
32.86753426	0.00000000	0.00000000	-0.03042516
32.87003426	0.00000000	0.00000000	-0.03042285
32.87253425	0.00000000	0.00000000	-0.03042053
32.87503425	0.00000000	0.00000000	-0.03041822
32.87753424	0.00000000	0.00000000	-0.03041591
32.88003424	0.00000000	0.00000000	-0.03041359
32.88253424	0.00000000	0.00000000	-0.03041128
32.88503423	0.00000000	0.00000000	-0.03040897
32.88753422	0.00000000	0.00000000	-0.03040666
32.89003422	0.00000000	0.00000000	-0.03040435
32.89253421	0.00000000	0.00000000	-0.03040204
32.89503421	0.00000000	0.00000000	-0.03039973
32.89753420	0.00000000	0.00000000	-0.03039742
32.90003420	0.00000000	0.00000000	-0.03039511
32.90253420	0.00000000	0.00000000	-0.03039280
32.90503419	0.00000000	0.00000000	-0.03039049
32.90753418	0.00000000	0.00000000	-0.03038818
32.91003418	0.00000000	0.00000000	-0.03038587
32.91253417	0.00000000	0.00000000	-0.03038356
32.91503417	0.00000000	0.00000000	-0.03038125
32.91753416	0.00000000	0.00000000	-0.03037895
32.92003416	0.00000000	0.00000000	-0.03037664
32.92253416	0.00000000	0.00000000	-0.03037433
32.92503415	0.00000000	0.00000000	-0.03037203
32.92753414	0.00000000	0.00000000	-0.03036972
32.93003414	0.00000000	0.00000000	-0.03036741
32.93253413	0.00000000	0.00000000	-0.03036511
32.93503413	0.00000000	0.00000000	-0.03036280
32.93753412	0.00000000	0.00000000	-0.03036050
32.94003412	0.00000000	0.00000000	-0.03035820
32.94253412	0.00000000	0.00000000	-0.03035589
32.94503411	0.00000000	0.00000000	-0.03035359
32.94753410	0.00000000	0.00000000	-0.03035129
32.95003410	0.00000000	0.00000000	-0.03034898
32.95253409	0.00000000	0.00000000	-0.03034668
32.95503409	0.00000000	0.00000000	-0.03034438
32.95753408	0.00000000	0.00000000	-0.03034208
32.96003408	0.00000000	0.00000000	-0.03033977
32.96253408	0.00000000	0.00000000	-0.03033747
32.96503407	0.00000000	0.00000000	-0.03033517
32.96753406	0.00000000	0.00000000	-0.03033287
32.97003406	0.00000000	0.00000000	-0.03033057
32.97253405	0.00000000	0.00000000	-0.03032827
32.97503405	0.00000000	0.00000000	-0.03032597
32.97753404	0.00000000	0.00000000	-0.03032367
32.98003404	0.00000000	0.00000000	-0.03032138
32.98253404	0.00000000	0.00000000	-0.03031908
32.98503403	0.00000000	0.00000000	-0.03031678
32.98753403	0.00000000	0.00000000	-0.03031448
32.99003402	0.00000000	0.00000000	-0.03031218
32.99253401	0.00000000	0.00000000	-0.03030989
32.99503401	0.00000000	0.00000000	-0.03030759
32.99753400	0.00000000	0.00000000	-0.03030529
33.00003400	0.00000000	0.00000000	-0.03030300
33.00253400	0.00000000	0.00000000	-0.03030070
33.00503399	0.00000000	0.00000000	-0.03029841
33.00753399	0.00000000	0.00000000	-0.03029611
33.01003398	0.00000000	0.00000000	-0.03029382
33.01253397	0.00000000	0.00000000	-0.03029153
33.01503397	0.00000000	0.00000000	-0.03028923
33.01753396	0.00000000	0.00000000	-0.03028694
33.02003396	0.00000000	0.00000000	-0.03028464
33.02253396	0.00000000	0.00000000	-0.03028235
33.02503395	0.00000000	0.00000000	-0.03028006
33.02753395	0.00000000	0.00000000	-0.03027777
33.03003394	0.00000000	0.00000000	-0.03027548
33.03253393	0.00000000	0.00000000	-0.03027318
33.03503393	0.00000000	0.00000000	-0.03027089
33.03753392	0.00000000	0.00000000	-0.03026860
33.04003392	0.00000000	0.00000000	-0.03026631
33.04253391	0.00000000	0.00000000	-0.03026402
33.04503391	0.00000000	0.00000000	-0.03026173
33.04753391	0.00000000	0.00000000	-0.03025944
33.05003390	0.00000000	0.00000000	-0.03025716
33.05253389	0.00000000	0.00000000	-0.03025487
33.05503389	0.00000000	0.00000000	-0.03025258
33.05753388	0.00000000	0.00000000	-0.03025029
33.06003388	0.00000000	0.00000000	-0.03024800
33.06253387	0.00000000	0.00000000	-0.03024572
33.06503387	0.00000000	0.00000000	-0.03024343
33.06753387	0.00000000	0.00000000	-0.03024114
33.07003386	0.00000000	0.00000000	-0.03023886
33.07253385	0.00000000	0.00000000	-0.03023657
33.07503385	0.00000000	0.00000000	-0.03023429
33.07753384	0.00000000	0.00000000	-0.03023200
33.08003384	0.00000000	0.00000000	-0.03022972
33.08253383	0.00000000	0.00000000	-0.03022743
33.08503383	0.00000000	0.00000000	-0.03022515
33.08753383	0.00000000	0.00000000	-0.03022286
33.09003382	0.00000000	0.00000000	-0.03022058
33.09253381	0.00000000	0.00000000	-0.03021830
33.09503381	0.00000000	0.00000000	-0.03021601
33.09753380	0.00000000	0.00000000	-0.03021373
33.10003380	0.00000000	0.00000000	-0.03021145
33.10253379	0.00000000	0.00000000	-0.03020917
33.10503379	0.00000000	0.00000000	-0.03020689
33.10753379	0.00000000	0.00000000	-0.03020461
33.11003378	0.00000000	0.00000000	-0.03020232
33.11253377	0.00000000	0.00000000	-0.03020004
33.11503377	0.00000000	0.00000000	-0.03019776
33.11753376	0.00000000	0.00000000	-0.03019549
33.12003376	0.00000000	0.00000000	-0.03019321
33.12253375	0.00000000	0.00000000	-0.03019093
33.12503375	0.00000000	0.00000000	-0.03018865
33.12753375	0.00000000	0.00000000	-0.03018637
33.13003374	0.00000000	0.00000000	-0.03018409
33.13253373	0.00000000	0.00000000	-0.03018181
33.13503373	0.00000000	0.00000000	-0.03017954
33.13753372	0.00000000	0.00000000	-0.03017726
33.14003372	0.00000000	0.00000000	-0.03017498
33.14253371	0.00000000	0.00000000	-0.03017271
33.14503371	0.00000000	0.00000000	-0.03017043
33.14753371	0.00000000	0.00000000	-0.03016816
33.15003370	0.00000000	0.00000000	-0.03016588
33.15253369	0.00000000	0.00000000	-0.03016361
33.15503369	0.00000000	0.00000000	-0.03016133
33.15753368	0.00000000	0.00000000	-0.03015906
33.16003368	0.00000000	0.00000000	-0.03015678
33.16253367	0.00000000	0.00000000	-0.03015451
33.16503367	0.00000000	0.00000000	-0.03015224
33.16753367	0.00000000	0.00000000	-0.03014997
33.17003366	0.00000000	0.00000000	-0.03014769
33.17253365	0.00000000	0.00000000	-0.03014542
33.17503365	0.00000000	0.00000000	-0.03014315
33.17753364	0.00000000	0.00000000	-0.03014088
33.18003364	0.00000000	0.00000000	-0.03013861
33.18253363	0.00000000	0.00000000	-0.03013634
33.18503363	0.00000000	0.00000000	-0.03013407
33.18753363	0.00000000	0.00000000	-0.03013180
33.19003362	0.00000000	0.00000000	-0.03012953
33.19253362	0.00000000	0.00000000	-0.03012726
33.19503361	0.00000000	0.00000000	-0.03012499
33.19753360	0.00000000	0.00000000	-0.03012272
33.20003360	0.00000000	0.00000000	-0.03012045
33.20253359	0.00000000	0.00000000	-0.03011818
33.20503359	0.00000000	0.00000000	-0.03011592
33.20753359	0.00000000	0.00000000	-0.03011365
33.21003358	0.00000000	0.00000000	-0.03011138
33.21253358	0.00000000	0.00000000	-0.03010912
33.21503357	0.00000000	0.00000000	-0.03010685
33.21753356	0.00000000	0.00000000	-0.03010458
33.22003356	0.00000000	0.00000000	-0.03010232
33.22253355	0.00000000	0.00000000	-0.03010005
33.22503355	0.00000000	0.00000000	-0.03009779
33.22753355	0.00000000	0.00000000	-0.03009552
33.23003354	0.00000000	0.00000000	-0.03009326
33.23253354	0.00000000	0.00000000	-0.03009099
33.23503353	0.00000000	0.00000000	-0.03008873
33.23753352	0.00000000	0.00000000	-0.03008647
33.24003352	0.00000000	0.00000000	-0.03008421
33.24253351	0.00000000	0.00000000	-0.03008194
33.24503351	0.00000000	0.00000000	-0.03007968
33.24753350	0.00000000	0.00000000	-0.03007742
33.25003350	0.00000000	0.00000000	-0.03007516
33.25253350	0.00000000	0.00000000	-0.03007290
33.25503349	0.00000000	0.00000000	-0.03007064
33.25753348	0.00000000	0.00000000	-0.03006838
33.26003348	0.00000000	0.00000000	-0.03006612
33.26253347	0.00000000	0.00000000	-0.03006386
33.26503347	0.00000000	0.00000000	-0.03006160
33.26753346	0.00000000	0.00000000	-0.03005934
33.27003346	0.00000000	0.00000000	-0.03005708
33.27253346	0.00000000	0.00000000	-0.03005482
33.27503345	0.00000000	0.00000000	-0.03005256
33.27753344	0.00000000	0.00000000	-0.03005030
33.28003344	0.00000000	0.00000000	-0.03004805
33.28253343	0.00000000	0.00000000	-0.03004579
33.28503343	0.00000000	0.00000000	-0.03004353
33.28753342	0.00000000	0.00000000	-0.03004128
33.29003342	0.00000000	0.00000000	-0.03003902
33.29253342	0.00000000	0.00000000	-0.03003676
33.29503341	0.00000000	0.00000000	-0.03003451
33.29753340	0.00000000	0.00000000	-0.03003225
33.30003340	0.00000000	0.00000000	-0.03003000
33.30253339	0.00000000	0.00000000	-0.03002775
33.30503339	0.00000000	0.00000000	-0.03002549
33.30753338	0.00000000	0.00000000	-0.03002324
33.31003338	0.00000000	0.00000000	-0.03002098
33.31253338	0.00000000	0.00000000	-0.03001873
33.31503337	0.00000000	0.00000000	-0.03001648
33.31753336	0.00000000	0.00000000	-0.03001423
33.32003336	0.00000000	0.00000000	-0.03001197
33.32253335	0.00000000	0.00000000	-0.03000972
33.32503335	0.00000000	0.00000000	-0.03000747
33.32753334	0.00000000	0.00000000	-0.03000522
33.33003334	0.00000000	0.00000000	-0.03000297
33.33253334	0.00000000	0.00000000	-0.03000072
33.33503333	0.00000000	0.00000000	-0.02999847
33.33753332	0.00000000	0.00000000	-0.02999622
33.34003332	0.00000000	0.00000000	-0.02999397
33.34253331	0.00000000	0.00000000	-0.02999172
33.34503331	0.00000000	0.00000000	-0.02998947
33.34753330	0.00000000	0.00000000	-0.02998723
33.35003330	0.00000000	0.00000000	-0.02998498
33.35253330	0.00000000	0.00000000	-0.02998273
33.35503329	0.00000000	0.00000000	-0.02998048
33.35753328	0.00000000	0.00000000	-0.02997824
33.36003328	0.00000000	0.00000000	-0.02997599
33.36253327	0.00000000	0.00000000	-0.02997374
33.36503327	0.00000000	0.00000000	-0.02997150
33.36753326	0.00000000	0.00000000	-0.02996925
33.37003326	0.00000000	0.00000000	-0.02996701
33.37253326	0.00000000	0.00000000	-0.02996476
33.37503325	0.00000000	0.00000000	-0.02996252
33.37753324	0.00000000	0.00000000	-0.02996027
33.38003324	0.00000000	0.00000000	-0.02995803
33.38253323	0.00000000	0.00000000	-0.02995579
33.38503323	0.00000000	0.00000000	-0.02995354
33.38753322	0.00000000	0.00000000	-0.02995130
33.39003322	0.00000000	0.00000000	-0.02994906
33.39253322	0.00000000	0.00000000	-0.02994681
33.39503321	0.00000000	0.00000000	-0.02994457
33.39753321	0.00000000	0.00000000	-0.02994233
33.40003320	0.00000000	0.00000000	-0.02994009
33.40253319	0.00000000	0.00000000	-0.02993785
33.40503319	0.00000000	0.00000000	-0.02993561
33.40753318	0.00000000	0.00000000	-0.02993337
33.41003318	0.00000000	0.00000000	-0.02993113
33.41253318	0.00000000	0.00000000	-0.02992889
33.41503317	0.00000000	0.00000000	-0.02992665
33.41753317	0.00000000	0.00000000	-0.02992441
33.42003316	0.00000000	0.00000000	-0.02992217
33.42253315	0.00000000	0.00000000	-0.02991993
33.42503315	0.00000000	0.00000000	-0.02991770
33.42753314	0.00000000	0.00000000	-0.02991546
33.43003314	0.00000000	0.00000000	-0.02991322
33.43253313	0.00000000	0.00000000	-0.02991099
33.43503313	0.00000000	0.00000000	-0.02990875
33.43753313	0.00000000	0.00000000	-0.02990651
33.44003312	0.00000000	0.00000000	-0.02990428
33.44253311	0.00000000	0.00000000	-0.02990204
33.44503311	0.00000000	0.00000000	-0.02989981
33.44753310	0.00000000	0.00000000	-0.02989757
33.45003310	0.00000000	0.00000000	-0.02989534
33.45253309	0.00000000	0.00000000	-0.02989310
33.45503309	0.00000000	0.00000000	-0.02989087
33.45753309	0.00000000	0.00000000	-0.02988864
33.46003308	0.00000000	0.00000000	-0.02988640
33.46253307	0.00000000	0.00000000	-0.02988417
33.46503307	0.00000000	0.00000000	-0.02988194
33.46753306	0.00000000	0.00000000	-0.02987970
33.47003306	0.00000000	0.00000000	-0.02987747
33.47253305	0.00000000	0.00000000	-0.02987524
33.47503305	0.00000000	0.00000000	-0.02987301
33.47753305	0.00000000	0.00000000	-0.02987078
33.48003304	0.00000000	0.00000000	-0.02986855
33.48253303	0.00000000	0.00000000	-0.02986632
33.48503303	0.00000000	0.00000000	-0.02986409
33.48753302	0.00000000	0.00000000	-0.02986186
33.49003302	0.00000000	0.00000000	-0.02985963
33.49253301	0.00000000	0.00000000	-0.02985740
33.49503301	0.00000000	0.00000000	-0.02985517
33.49753301	0.00000000	0.00000000	-0.02985294
33.50003300	0.00000000	0.00000000	-0.02985072
33.50253299	0.00000000	0.00000000	-0.02984849
33.50503299	0.00000000	0.00000000	-0.02984626
33.50753298	0.00000000	0.00000000	-0.02984404
33.51003298	0.00000000	0.00000000	-0.02984181
33.51253297	0.00000000	0.00000000	-0.02983958
33.51503297	0.00000000	0.00000000	-0.02983736
33.51753297	0.00000000	0.00000000	-0.02983513
33.52003296	0.00000000	0.00000000	-0.02983291
33.52253295	0.00000000	0.00000000	-0.02983068
33.52503295	0.00000000	0.00000000	-0.02982846
33.52753294	0.00000000	0.00000000	-0.02982623
33.53003294	0.00000000	0.00000000	-0.02982401
33.53253293	0.00000000	0.00000000	-0.02982179
33.53503293	0.00000000	0.00000000	-0.02981956
33.53753293	0.00000000	0.00000000	-0.02981734
33.54003292	0.00000000	0.00000000	-0.02981512
33.54253291	0.00000000	0.00000000	-0.02981289
33.54503291	0.00000000	0.00000000	-0.02981067
33.54753290	0.00000000	0.00000000	-0.02980845
33.55003290	0.00000000	0.00000000	-0.02980623
33.55253289	0.00000000	0.00000000	-0.02980401
33.55503289	0.00000000	0.00000000	-0.02980179
33.55753289	0.00000000	0.00000000	-0.02979957
33.56003288	0.00000000	0.00000000	-0.02979735
33.56253287	0.00000000	0.00000000	-0.02979513
33.56503287	0.00000000	0.00000000	-0.02979291
33.56753286	0.00000000	0.00000000	-0.02979069
33.57003286	0.00000000	0.00000000	-0.02978847
33.57253285	0.00000000	0.00000000	-0.02978625
33.57503285	0.00000000	0.00000000	-0.02978404
33.57753285	0.00000000	0.00000000	-0.02978182
33.58003284	0.00000000	0.00000000	-0.02977960
33.58253284	0.00000000	0.00000000	-0.02977738
33.58503283	0.00000000	0.00000000	-0.02977517
33.58753282	0.00000000	0.00000000	-0.02977295
33.59003282	0.00000000	0.00000000	-0.02977074
33.59253281	0.00000000	0.00000000	-0.02976852
33.59503281	0.00000000	0.00000000	-0.02976631
33.59753281	0.00000000	0.00000000	-0.02976409
33.60003280	0.00000000	0.00000000	-0.02976188
33.60253280	0.00000000	0.00000000	-0.02975966
33.60503279	0.00000000	0.00000000	-0.02975745
33.60753278	0.00000000	0.00000000	-0.02975523
33.61003278	0.00000000	0.00000000	-0.02975302
33.61253277	0.00000000	0.00000000	-0.02975081
33.61503277	0.00000000	0.00000000	-0.02974860
33.61753276	0.00000000	0.00000000	-0.02974638
33.62003276	0.00000000	0.00000000	-0.02974417
33.62253276	0.00000000	0.00000000	-0.02974196
33.62503275	0.00000000	0.00000000	-0.02973975
33.62753274	0.00000000	0.00000000	-0.02973754
33.63003274	0.00000000	0.00000000	-0.02973533
33.63253273	0.00000000	0.00000000	-0.02973312
33.63503273	0.00000000	0.00000000	-0.02973091
33.63753272	0.00000000	0.00000000	-0.02972870
33.64003272	0.00000000	0.00000000	-0.02972649
33.64253272	0.00000000	0.00000000	-0.02972428
33.64503271	0.00000000	0.00000000	-0.02972207
33.64753270	0.00000000	0.00000000	-0.02971986
33.65003270	0.00000000	0.00000000	-0.02971765
33.65253269	0.00000000	0.00000000	-0.02971545
33.65503269	0.00000000	0.00000000	-0.02971324
33.65753268	0.00000000	0.00000000	-0.02971103
33.66003268	0.00000000	0.00000000	-0.02970882
33.66253268	0.00000000	0.00000000	-0.02970662
33.66503267	0.00000000	0.00000000	-0.02970441
33.66753266	0.00000000	0.00000000	-0.02970221
33.67003266	0.00000000	0.00000000	-0.02970000
33.67253265	0.00000000	0.00000000	-0.02969780
33.67503265	0.00000000	0.00000000	-0.02969559
33.67753264	0.00000000	0.00000000	-0.02969339
33.68003264	0.00000000	0.00000000	-0.02969118
33.68253264	0.00000000	0.00000000	-0.02968898
33.68503263	0.00000000	0.00000000	-0.02968678
33.68753262	0.00000000	0.00000000	-0.02968457
33.69003262	0.00000000	0.00000000	-0.02968237
33.69253261	0.00000000	0.00000000	-0.02968017
33.69503261	0.00000000	0.00000000	-0.02967797
33.69753260	0.00000000	0.00000000	-0.02967576
33.70003260	0.00000000	0.00000000	-0.02967356
33.70253260	0.00000000	0.00000000	-0.02967136
33.70503259	0.00000000	0.00000000	-0.02966916
33.70753258	0.00000000	0.00000000	-0.02966696
33.71003258	0.00000000	0.00000000	-0.02966476
33.71253257	0.00000000	0.00000000	-0.02966256
33.71503257	0.00000000	0.00000000	-0.02966036
33.71753256	0.00000000	0.00000000	-0.02965816
33.72003256	0.00000000	0.00000000	-0.02965596
33.72253256	0.00000000	0.00000000	-0.02965376
33.72503255	0.00000000	0.00000000	-0.02965157
33.72753254	0.00000000	0.00000000	-0.02964937
33.73003254	0.00000000	0.00000000	-0.02964717
33.73253253	0.00000000	0.00000000	-0.02964497
33.73503253	0.00000000	0.00000000	-0.02964278
33.73753252	0.00000000	0.00000000	-0.02964058
33.74003252	0.00000000	0.00000000	-0.02963838
33.74253252	0.00000000	0.00000000	-0.02963619
33.74503251	0.00000000	0.00000000	-0.02963399
33.74753250	0.00000000	0.00000000	-0.02963180
33.75003250	0.00000000	0.00000000	-0.02962960
33.75253249	0.00000000	0.00000000	-0.02962741
33.75503249	0.00000000	0.00000000	-0.02962521
33.75753248	0.00000000	0.00000000	-0.02962302
33.76003248	0.00000000	0.00000000	-0.02962082
33.76253248	0.00000000	0.00000000	-0.02961863
33.76503247	0.00000000	0.00000000	-0.02961644
33.76753246	0.00000000	0.00000000	-0.02961425
33.77003246	0.00000000	0.00000000	-0.02961205
33.77253245	0.00000000	0.00000000	-0.02960986
33.77503245	0.00000000	0.00000000	-0.02960767
33.77753244	0.00000000	0.00000000	-0.02960548
33.78003244	0.00000000	0.00000000	-0.02960329
33.78253244	0.00000000	0.00000000	-0.02960110
33.78503243	0.00000000	0.00000000	-0.02959891
33.78753243	0.00000000	0.00000000	-0.02959672
33.79003242	0.00000000	0.00000000	-0.02959453
33.79253241	0.00000000	0.00000000	-0.02959234
33.79503241	0.00000000	0.00000000	-0.02959015
33.79753240	0.00000000	0.00000000	-0.02958796
33.80003240	0.00000000	0.00000000	-0.02958577
33.80253240	0.00000000	0.00000000	-0.02958358
33.80503239	0.00000000	0.00000000	-0.02958139
33.80753239	0.00000000	0.00000000	-0.02957921
33.81003238	0.00000000	0.00000000	-0.02957702
33.81253237	0.00000000	0.00000000	-0.02957483
33.81503237	0.00000000	0.00000000	-0.02957265
33.81753236	0.00000000	0.00000000	-0.02957046
33.82003236	0.00000000	0.00000000	-0.02956827
33.82253235	0.00000000	0.00000000	-0.02956609
33.82503235	0.00000000	0.00000000	-0.02956390
33.82753235	0.00000000	0.00000000	-0.02956172
33.83003234	0.00000000	0.00000000	-0.02955953
33.83253233	0.00000000	0.00000000	-0.02955735
33.83503233	0.00000000	0.00000000	-0.02955517
33.83753232	0.00000000	0.00000000	-0.02955298
33.84003232	0.00000000	0.00000000	-0.02955080
33.84253231	0.00000000	0.00000000	-0.02954862
33.84503231	0.00000000	0.00000000	-0.02954643
33.84753231	0.00000000	0.00000000	-0.02954425
33.85003230	0.00000000	0.00000000	-0.02954207
33.85253229	0.00000000	0.00000000	-0.02953989
33.85503229	0.00000000	0.00000000	-0.02953771
33.85753228	0.00000000	0.00000000	-0.02953553
33.86003228	0.00000000	0.00000000	-0.02953334
33.86253227	0.00000000	0.00000000	-0.02953116
33.86503227	0.00000000	0.00000000	-0.02952898
33.86753227	0.00000000	0.00000000	-0.02952680
33.87003226	0.00000000	0.00000000	-0.02952462
33.87253225	0.00000000	0.00000000	-0.02952245
33.87503225	0.00000000	0.00000000	-0.02952027
33.87753224	0.00000000	0.00000000	-0.02951809
33.88003224	0.00000000	0.00000000	-0.02951591
33.88253223	0.00000000	0.00000000	-0.02951373
33.88503223	0.00000000	0.00000000	-0.02951156
33.88753223	0.00000000	0.00000000	-0.02950938
33.89003222	0.00000000	0.00000000	-0.02950720
33.89253221	0.00000000	0.00000000	-0.02950502
33.89503221	0.00000000	0.00000000	-0.02950285
33.89753220	0.00000000	0.00000000	-0.02950067
33.90003220	0.00000000	0.00000000	-0.02949850
33.90253219	0.00000000	0.00000000	-0.02949632
33.90503219	0.00000000	0.00000000	-0.02949415
33.90753219	0.00000000	0.00000000	-0.02949197
33.91003218	0.00000000	0.00000000	-0.02948980
33.91253217	0.00000000	0.00000000	-0.02948762
33.91503217	0.00000000	0.00000000	-0.02948545
33.91753216	0.00000000	0.00000000	-0.02948328
33.92003216	0.00000000	0.00000000	-0.02948110
33.92253215	0.00000000	0.00000000	-0.02947893
33.92503215	0.00000000	0.00000000	-0.02947676
33.92753215	0.00000000	0.00000000	-0.02947459
33.93003214	0.00000000	0.00000000	-0.02947242
33.93253213	0.00000000	0.00000000	-0.02947024
33.93503213	0.00000000	0.00000000	-0.02946807
33.93753212	0.00000000	0.00000000	-0.02946590
33.94003212	0.00000000	0.00000000	-0.02946373
33.94253211	0.00000000	0.00000000	-0.02946156
33.94503211	0.00000000	0.00000000	-0.02945939
33.94753211	0.00000000	0.00000000	-0.02945722
33.95003210	0.00000000	0.00000000	-0.02945505
33.95253209	0.00000000	0.00000000	-0.02945288
33.95503209	0.00000000	0.00000000	-0.02945072
33.95753208	0.00000000	0.00000000	-0.02944855
33.96003208	0.00000000	0.00000000	-0.02944638
33.96253207	0.00000000	0.00000000	-0.02944421
33.96503207	0.00000000	0.00000000	-0.02944204
33.96753207	0.00000000	0.00000000	-0.02943988
33.97003206	0.00000000	0.00000000	-0.02943771
33.97253206	0.00000000	0.00000000	-0.02943555
33.97503205	0.00000000	0.00000000	-0.02943338
33.97753204	0.00000000	0.00000000	-0.02943121
33.98003204	0.00000000	0.00000000	-0.02942905
33.98253203	0.00000000	0.00000000	-0.02942688
33.98503203	0.00000000	0.00000000	-0.02942472
33.98753203	0.00000000	0.00000000	-0.02942255
33.99003202	0.00000000	0.00000000	-0.02942039
33.99253202	0.00000000	0.00000000	-0.02941823
33.99503201	0.00000000	0.00000000	-0.02941606
33.99753200	0.00000000	0.00000000	-0.02941390
34.00003200	0.00000000	0.00000000	-0.02941174
34.00253199	0.00000000	0.00000000	-0.02940957
34.00503199	0.00000000	0.00000000	-0.02940741
34.00753198	0.00000000	0.00000000	-0.02940525
34.01003198	0.00000000	0.00000000	-0.02940309
34.01253198	0.00000000	0.00000000	-0.02940093
34.01503197	0.00000000	0.00000000	-0.02939877
34.01753196	0.00000000	0.00000000	-0.02939661
34.02003196	0.00000000	0.00000000	-0.02939445
34.02253195	0.00000000	0.00000000	-0.02939229
34.02503195	0.00000000	0.00000000	-0.02939013
34.02753194	0.00000000	0.00000000	-0.02938797
34.03003194	0.00000000	0.00000000	-0.02938581
34.03253194	0.00000000	0.00000000	-0.02938365
34.03503193	0.00000000	0.00000000	-0.02938149
34.03753192	0.00000000	0.00000000	-0.02937933
34.04003192	0.00000000	0.00000000	-0.02937718
34.04253191	0.00000000	0.00000000	-0.02937502
34.04503191	0.00000000	0.00000000	-0.02937286
34.04753190	0.00000000	0.00000000	-0.02937070
34.05003190	0.00000000	0.00000000	-0.02936855
34.05253190	0.00000000	0.00000000	-0.02936639
34.05503189	0.00000000	0.00000000	-0.02936424
34.05753188	0.00000000	0.00000000	-0.02936208
34.06003188	0.00000000	0.00000000	-0.02935993
34.06253187	0.00000000	0.00000000	-0.02935777
34.06503187	0.00000000	0.00000000	-0.02935562
34.06753186	0.00000000	0.00000000	-0.02935346
34.07003186	0.00000000	0.00000000	-0.02935131
34.07253186	0.00000000	0.00000000	-0.02934915
34.07503185	0.00000000	0.00000000	-0.02934700
34.07753184	0.00000000	0.00000000	-0.02934485
34.08003184	0.00000000	0.00000000	-0.02934270
34.08253183	0.00000000	0.00000000	-0.02934054
34.08503183	0.00000000	0.00000000	-0.02933839
34.08753182	0.00000000	0.00000000	-0.02933624
34.09003182	0.00000000	0.00000000	-0.02933409
34.09253182	0.00000000	0.00000000	-0.02933194
34.09503181	0.00000000	0.00000000	-0.02932979
34.09753180	0.00000000	0.00000000	-0.02932764
34.10003180	0.00000000	0.00000000	-0.02932549
34.10253179	0.00000000	0.00000000	-0.02932334
34.10503179	0.00000000	0.00000000	-0.02932119
34.10753178	0.00000000	0.00000000	-0.02931904
34.11003178	0.00000000	0.00000000	-0.02931689
34.11253178	0.00000000	0.00000000	-0.02931474
34.11503177	0.00000000	0.00000000	-0.02931259
34.11753176	0.00000000	0.00000000	-0.02931044
34.12003176	0.00000000	0.00000000	-0.02930830
34.12253175	0.00000000	0.00000000	-0.02930615
34.12503175	0.00000000	0.00000000	-0.02930400
34.12753174	0.00000000	0.00000000	-0.02930186
34.13003174	0.00000000	0.00000000	-0.02929971
34.13253174	0.00000000	0.00000000	-0.02929756
34.13503173	0.00000000	0.00000000	-0.02929542
34.13753172	0.00000000	0.00000000	-0.02929327
34.14003172	0.00000000	0.00000000	-0.02929113
34.14253171	0.00000000	0.00000000	-0.02928898
34.14503171	0.00000000	0.00000000	-0.02928684
34.14753170	0.00000000	0.00000000	-0.02928469
34.15003170	0.00000000	0.00000000	-0.02928255
34.15253170	0.00000000	0.00000000	-0.02928041
34.15503169	0.00000000	0.00000000	-0.02927826
34.15753168	0.00000000	0.00000000	-0.02927612
34.16003168	0.00000000	0.00000000	-0.02927398
34.16253167	0.00000000	0.00000000	-0.02927184
34.16503167	0.00000000	0.00000000	-0.02926969
34.16753166	0.00000000	0.00000000	-0.02926755
34.17003166	0.00000000	0.00000000	-0.02926541
34.17253166	0.00000000	0.00000000	-0.02926327
34.17503165	0.00000000	0.00000000	-0.02926113
34.17753165	0.00000000	0.00000000	-0.02925899
34.18003164	0.00000000	0.00000000	-0.02925685
34.18253163	0.00000000	0.00000000	-0.02925471
34.18503163	0.00000000	0.00000000	-0.02925257
34.18753162	0.00000000	0.00000000	-0.02925043
34.19003162	0.00000000	0.00000000	-0.02924829
34.19253162	0.00000000	0.00000000	-0.02924615
34.19503161	0.00000000	0.00000000	-0.02924401
34.19753161	0.00000000	0.00000000	-0.02924188
34.20003160	0.00000000	0.00000000	-0.02923974
34.20253159	0.00000000	0.00000000	-0.02923760
34.20503159	0.00000000	0.00000000	-0.02923546
34.20753158	0.00000000	0.00000000	-0.02923333
34.21003158	0.00000000	0.00000000	-0.02923119
34.21253157	0.00000000	0.00000000	-0.02922906
34.21503157	0.00000000	0.00000000	-0.02922692
34.21753157	0.00000000	0.00000000	-0.02922478
34.22003156	0.00000000	0.00000000	-0.02922265
34.22253155	0.00000000	0.00000000	-0.02922052
34.22503155	0.00000000	0.00000000	-0.02921838
34.22753154	0.00000000	0.00000000	-0.02921625
34.23003154	0.00000000	0.00000000	-0.02921411
34.23253153	0.00000000	0.00000000	-0.02921198
34.23503153	0.00000000	0.00000000	-0.02920985
34.23753153	0.00000000	0.00000000	-0.02920771
34.24003152	0.00000000	0.00000000	-0.02920558
34.24253151	0.00000000	0.00000000	-0.02920345
34.24503151	0.00000000	0.00000000	-0.02920132
34.24753150	0.00000000	0.00000000	-0.02919918
34.25003150	0.00000000	0.00000000	-0.02919705
34.25253149	0.00000000	0.00000000	-0.02919492
34.25503149	0.00000000	0.00000000	-0.02919279
34.25753149	0.00000000	0.00000000	-0.02919066
34.26003148	0.00000000	0.00000000	-0.02918853
34.26253147	0.00000000	0.00000000	-0.02918640
34.26503147	0.00000000	0.00000000	-0.02918427
34.26753146	0.00000000	0.00000000	-0.02918214
34.27003146	0.00000000	0.00000000	-0.02918001
34.27253145	0.00000000	0.00000000	-0.02917789
34.27503145	0.00000000	0.00000000	-0.02917576
34.27753145	0.00000000	0.00000000	-0.02917363
34.28003144	0.00000000	0.00000000	-0.02917150
34.28253143	0.00000000	0.00000000	-0.02916937
34.28503143	0.00000000	0.00000000	-0.02916725
34.28753142	0.00000000	0.00000000	-0.02916512
34.29003142	0.00000000	0.00000000	-0.02916299
34.29253141	0.00000000	0.00000000	-0.02916087
34.29503141	0.00000000	0.00000000	-0.02915874
34.29753141	0.00000000	0.00000000	-0.02915662
34.30003140	0.00000000	0.00000000	-0.02915449
34.30253139	0.00000000	0.00000000	-0.02915237
34.30503139	0.00000000	0.00000000	-0.02915024
34.30753138	0.00000000	0.00000000	-0.02914812
34.31003138	0.00000000	0.00000000	-0.02914599
34.31253137	0.00000000	0.00000000	-0.02914387
34.31503137	0.00000000	0.00000000	-0.02914175
34.31753137	0.00000000	0.00000000	-0.02913963
34.32003136	0.00000000	0.00000000	-0.02913750
34.32253135	0.00000000	0.00000000	-0.02913538
34.32503135	0.00000000	0.00000000	-0.02913326
34.32753134	0.00000000	0.00000000	-0.02913114
34.33003134	0.00000000	0.00000000	-0.02912902
34.33253133	0.00000000	0.00000000	-0.02912689
34.33503133	0.00000000	0.00000000	-0.02912477
34.33753133	0.00000000	0.00000000	-0.02912265
34.34003132	0.00000000	0.00000000	-0.02912053
34.34253131	0.00000000	0.00000000	-0.02911841
34.34503131	0.00000000	0.00000000	-0.02911629
34.34753130	0.00000000	0.00000000	-0.02911417
34.35003130	0.00000000	0.00000000	-0.02911205
34.35253129	0.00000000	0.00000000	-0.02910994
34.35503129	0.00000000	0.00000000	-0.02910782
34.35753129	0.00000000	0.00000000	-0.02910570
34.36003128	0.00000000	0.00000000	-0.02910358
34.36253127	0.00000000	0.00000000	-0.02910146
34.36503127	0.00000000	0.00000000	-0.02909935
34.36753126	0.00000000	0.00000000	-0.02909723
34.37003126	0.00000000	0.00000000	-0.02909511
34.37253125	0.00000000	0.00000000	-0.02909300
34.37503125	0.00000000	0.00000000	-0.02909088
34.37753125	0.00000000	0.00000000	-0.02908877
34.38003124	0.00000000	0.00000000	-0.02908665
34.38253124	0.00000000	0.00000000	-0.02908454
34.38503123	0.00000000	0.00000000	-0.02908242
34.38753122	0.00000000	0.00000000	-0.02908031
34.39003122	0.00000000	0.00000000	-0.02907819
34.39253121	0.00000000	0.00000000	-0.02907608
34.39503121	0.00000000	0.00000000	-0.02907397
34.39753120	0.00000000	0.00000000	-0.02907185
34.40003120	0.00000000	0.00000000	-0.02906974
34.40253120	0.00000000	0.00000000	-0.02906763
34.40503119	0.00000000	0.00000000	-0.02906552
34.40753118	0.00000000	0.00000000	-0.02906340
34.41003118	0.00000000	0.00000000	-0.02906129
34.41253117	0.00000000	0.00000000	-0.02905918
34.41503117	0.00000000	0.00000000	-0.02905707
34.41753116	0.00000000	0.00000000	-0.02905496
34.42003116	0.00000000	0.00000000	-0.02905285
34.42253116	0.00000000	0.00000000	-0.02905074
34.42503115	0.00000000	0.00000000	-0.02904863
34.42753114	0.00000000	0.00000000	-0.02904652
34.43003114	0.00000000	0.00000000	-0.02904441
34.43253113	0.00000000	0.00000000	-0.02904230
34.43503113	0.00000000	0.00000000	-0.02904019
34.43753112	0.00000000	0.00000000	-0.02903809
34.44003112	0.00000000	0.00000000	-0.02903598
34.44253112	0.00000000	0.00000000	-0.02903387
34.44503111	0.00000000	0.00000000	-0.02903176
34.44753110	0.00000000	0.00000000	-0.02902966
34.45003110	0.00000000	0.00000000	-0.02902755
34.45253109	0.00000000	0.00000000	-0.02902544
34.45503109	0.00000000	0.00000000	-0.02902334
34.45753108	0.00000000	0.00000000	-0.02902123
34.46003108	0.00000000	0.00000000	-0.02901913
34.46253108	0.00000000	0.00000000	-0.02901702
34.46503107	0.00000000	0.00000000	-0.02901492
34.46753106	0.00000000	0.00000000	-0.02901281
34.47003106	0.00000000	0.00000000	-0.02901071
34.47253105	0.00000000	0.00000000	-0.02900860
34.47503105	0.00000000	0.00000000	-0.02900650
34.47753104	0.00000000	0.00000000	-0.02900440
34.48003104	0.00000000	0.00000000	-0.02900229
34.48253104	0.00000000	0.00000000	-0.02900019
34.48503103	0.00000000	0.00000000	-0.02899809
34.48753102	0.00000000	0.00000000	-0.02899599
34.49003102	0.00000000	0.00000000	-0.02899389
34.49253101	0.00000000	0.00000000	-0.02899178
34.49503101	0.00000000	0.00000000	-0.02898968
34.49753100	0.00000000	0.00000000	-0.02898758
34.50003100	0.00000000	0.00000000	-0.02898548
34.50253100	0.00000000	0.00000000	-0.02898338
34.50503099	0.00000000	0.00000000	-0.02898128
34.50753098	0.00000000	0.00000000	-0.02897918
34.51003098	0.00000000	0.00000000	-0.02897708
34.51253097	0.00000000	0.00000000	-0.02897498
34.51503097	0.00000000	0.00000000	-0.02897288
34.51753096	0.00000000	0.00000000	-0.02897079
34.52003096	0.00000000	0.00000000	-0.02896869
34.52253096	0.00000000	0.00000000	-0.02896659
34.52503095	0.00000000	0.00000000	-0.02896449
34.52753094	0.00000000	0.00000000	-0.02896240
34.53003094	0.00000000	0.00000000	-0.02896030
34.53253093	0.00000000	0.00000000	-0.02895820
34.53503093	0.00000000	0.00000000	-0.02895611
34.53753092	0.00000000	0.00000000	-0.02895401
34.54003092	0.00000000	0.00000000	-0.02895191
34.54253092	0.00000000	0.00000000	-0.02894982
34.54503091	0.00000000	0.00000000	-0.02894772
34.54753090	0.00000000	0.00000000	-0.02894563
34.55003090	0.00000000	0.00000000	-0.02894353
34.55253089	0.00000000	0.00000000	-0.02894144
34.55503089	0.00000000	0.00000000	-0.02893935
34.55753088	0.00000000	0.00000000	-0.02893725
34.56003088	0.00000000	0.00000000	-0.02893516
34.56253088	0.00000000	0.00000000	-0.02893307
34.56503087	0.00000000	0.00000000	-0.02893097
34.56753087	0.00000000	0.00000000	-0.02892888
34.57003086	0.00000000	0.00000000	-0.02892679
34.57253085	0.00000000	0.00000000	-0.02892470
34.57503085	0.00000000	0.00000000	-0.02892261
34.57753084	0.00000000	0.00000000	-0.02892052
34.58003084	0.00000000	0.00000000	-0.02891842
34.58253084	0.00000000	0.00000000	-0.02891633
34.58503083	0.00000000	0.00000000	-0.02891424
34.58753083	0.00000000	0.00000000	-0.02891215
34.59003082	0.00000000	0.00000000	-0.02891006
34.59253081	0.00000000	0.00000000	-0.02890797
34.59503081	0.00000000	0.00000000	-0.02890589
34.59753080	0.00000000	0.00000000	-0.02890380
34.60003080	0.00000000	0.00000000	-0.02890171
34.60253079	0.00000000	0.00000000	-0.02889962
34.60503079	0.00000000	0.00000000	-0.02889753
34.60753079	0.00000000	0.00000000	-0.02889544
34.61003078	0.00000000	0.00000000	-0.02889336
34.61253077	0.00000000	0.00000000	-0.02889127
34.61503077	0.00000000	0.00000000	-0.02888918
34.61753076	0.00000000	0.00000000	-0.02888710
34.62003076	0.00000000	0.00000000	-0.02888501
34.62253075	0.00000000	0.00000000	-0.02888293
34.62503075	0.00000000	0.00000000	-0.02888084
34.62753075	0.00000000	0.00000000	-0.02887876
34.63003074	0.00000000	0.00000000	-0.02887667
34.63253073	0.00000000	0.00000000	-0.02887459
34.63503073	0.00000000	0.00000000	-0.02887250
34.63753072	0.00000000	0.00000000	-0.02887042
34.64003072	0.00000000	0.00000000	-0.02886833
34.64253071	0.00000000	0.00000000	-0.02886625
34.64503071	0.00000000	0.00000000	-0.02886417
34.64753071	0.00000000	0.00000000	-0.02886209
34.65003070	0.00000000	0.00000000	-0.02886000
34.65253069	0.00000000	0.00000000	-0.02885792
34.65503069	0.00000000	0.00000000	-0.02885584
34.65753068	0.00000000	0.00000000	-0.02885376
34.66003068	0.00000000	0.00000000	-0.02885168
34.66253067	0.00000000	0.00000000	-0.02884960
34.66503067	0.00000000	0.00000000	-0.02884752
34.66753067	0.00000000	0.00000000	-0.02884543
34.67003066	0.00000000	0.00000000	-0.02884335
34.67253065	0.00000000	0.00000000	-0.02884128
34.67503065	0.00000000	0.00000000	-0.02883920
34.67753064	0.00000000	0.00000000	-0.02883712
34.68003064	0.00000000	0.00000000	-0.02883504
34.68253063	0.00000000	0.00000000	-0.02883296
34.68503063	0.00000000	0.00000000	-0.02883088
34.68753063	0.00000000	0.00000000	-0.02882880
34.69003062	0.00000000	0.00000000	-0.02882673
34.69253061	0.00000000	0.00000000	-0.02882465
34.69503061	0.00000000	0.00000000	-0.02882257
34.69753060	0.00000000	0.00000000	-0.02882049
34.70003060	0.00000000	0.00000000	-0.02881842
34.70253059	0.00000000	0.00000000	-0.02881634
34.70503059	0.00000000	0.00000000	-0.02881427
34.70753059	0.00000000	0.00000000	-0.02881219
34.71003058	0.00000000	0.00000000	-0.02881012
34.71253057	0.00000000	0.00000000	-0.02880804
34.71503057	0.00000000	0.00000000	-0.02880597
34.71753056	0.00000000	0.00000000	-0.02880389
34.72003056	0.00000000	0.00000000	-0.02880182
34.72253055	0.00000000	0.00000000	-0.02879974
34.72503055	0.00000000	0.00000000	-0.02879767
34.72753055	0.00000000	0.00000000	-0.02879560
34.73003054	0.00000000	0.00000000	-0.02879352
34.73253053	0.00000000	0.00000000	-0.02879145
34.73503053	0.00000000	0.00000000	-0.02878938
34.73753052	0.00000000	0.00000000	-0.02878731
34.74003052	0.00000000	0.00000000	-0.02878524
34.74253051	0.00000000	0.00000000	-0.02878317
34.74503051	0.00000000	0.00000000	-0.02878109
34.74753051	0.00000000	0.00000000	-0.02877902
34.75003050	0.00000000	0.00000000	-0.02877695
34.75253049	0.00000000	0.00000000	-0.02877488
34.75503049	0.00000000	0.00000000	-0.02877281
34.75753048	0.00000000	0.00000000	-0.02877074
34.76003048	0.00000000	0.00000000	-0.02876867
34.76253047	0.00000000	0.00000000	-0.02876661
34.76503047	0.00000000	0.00000000	-0.02876454
34.76753047	0.00000000	0.00000000	-0.02876247
34.77003046	0.00000000	0.00000000	-0.02876040
34.77253046	0.00000000	0.00000000	-0.02875833
34.77503045	0.00000000	0.00000000	-0.02875627
34.77753044	0.00000000	0.00000000	-0.02875420
34.78003044	0.00000000	0.00000000	-0.02875213
34.78253043	0.00000000	0.00000000	-0.02875006
34.78503043	0.00000000	0.00000000	-0.02874800
34.78753042	0.00000000	0.00000000	-0.02874593
34.79003042	0.00000000	0.00000000	-0.02874387
34.79253042	0.00000000	0.00000000	-0.02874180
34.79503041	0.00000000	0.00000000	-0.02873974
34.79753040	0.00000000	0.00000000	-0.02873767
34.80003040	0.00000000	0.00000000	-0.02873561
34.80253039	0.00000000	0.00000000	-0.02873354
34.80503039	0.00000000	0.00000000	-0.02873148
34.80753038	0.00000000	0.00000000	-0.02872942
34.81003038	0.00000000	0.00000000	-0.02872735
34.81253038	0.00000000	0.00000000	-0.02872529
34.81503037	0.00000000	0.00000000	-0.02872323
34.81753036	0.00000000	0.00000000	-0.02872116
34.82003036	0.00000000	0.00000000	-0.02871910
34.82253035	0.00000000	0.00000000	-0.02871704
34.82503035	0.00000000	0.00000000	-0.02871498
34.82753034	0.00000000	0.00000000	-0.02871292
34.83003034	0.00000000	0.00000000	-0.02871086
34.83253034	0.00000000	0.00000000	-0.02870880
34.83503033	0.00000000	0.00000000	-0.02870674
34.83753032	0.00000000	0.00000000	-0.02870468
34.84003032	0.00000000	0.00000000	-0.02870262
34.84253031	0.00000000	0.00000000	-0.02870056
34.84503031	0.00000000	0.00000000	-0.02869850
34.84753030	0.00000000	0.00000000	-0.02869644
34.85003030	0.00000000	0.00000000	-0.02869438
34.85253030	0.00000000	0.00000000	-0.02869232
34.85503029	0.00000000	0.00000000	-0.02869026
34.85753028	0.00000000	0.00000000	-0.02868821
34.86003028	0.00000000	0.00000000	-0.02868615
34.86253027	0.00000000	0.00000000	-0.02868409
34.86503027	0.00000000	0.00000000	-0.02868203
34.86753026	0.00000000	0.00000000	-0.02867998
34.87003026	0.00000000	0.00000000	-0.02867792
34.87253026	0.00000000	0.00000000	-0.02867587
34.87503025	0.00000000	0.00000000	-0.02867381
34.87753024	0.00000000	0.00000000	-0.02867175
34.88003024	0.00000000	0.00000000	-0.02866970
34.88253023	0.00000000	0.00000000	-0.02866765
34.88503023	0.00000000	0.00000000	-0.02866559
34.88753022	0.00000000	0.00000000	-0.02866354
34.89003022	0.00000000	0.00000000	-0.02866148
34.89253022	0.00000000	0.00000000	-0.02865943
34.89503021	0.00000000	0.00000000	-0.02865738
34.89753020	0.00000000	0.00000000	-0.02865532
34.90003020	0.00000000	0.00000000	-0.02865327
34.90253019	0.00000000	0.00000000	-0.02865122
34.90503019	0.00000000	0.00000000	-0.02864917
34.90753018	0.00000000	0.00000000	-0.02864711
34.91003018	0.00000000	0.00000000	-0.02864506
34.91253018	0.00000000	0.00000000	-0.02864301
34.91503017	0.00000000	0.00000000	-0.02864096
34.91753016	0.00000000	0.00000000	-0.02863891
34.92003016	0.00000000	0.00000000	-0.02863686
34.92253015	0.00000000	0.00000000	-0.02863481
34.92503015	0.00000000	0.00000000	-0.02863276
34.92753014	0.00000000	0.00000000	-0.02863071
34.93003014	0.00000000	0.00000000	-0.02862866
34.93253014	0.00000000	0.00000000	-0.02862661
34.93503013	0.00000000	0.00000000	-0.02862456
34.93753012	0.00000000	0.00000000	-0.02862252
34.94003012	0.00000000	0.00000000	-0.02862047
34.94253011	0.00000000	0.00000000	-0.02861842
34.94503011	0.00000000	0.00000000	-0.02861637
34.94753010	0.00000000	0.00000000	-0.02861433
34.95003010	0.00000000	0.00000000	-0.02861228
34.95253010	0.00000000	0.00000000	-0.02861023
34.95503009	0.00000000	0.00000000	-0.02860819
34.95753009	0.00000000	0.00000000	-0.02860614
34.96003008	0.00000000	0.00000000	-0.02860409
34.96253007	0.00000000	0.00000000	-0.02860205
34.96503007	0.00000000	0.00000000	-0.02860000
34.96753006	0.00000000	0.00000000	-0.02859796
34.97003006	0.00000000	0.00000000	-0.02859591
34.97253006	0.00000000	0.00000000	-0.02859387
34.97503005	0.00000000	0.00000000	-0.02859183
34.97753005	0.00000000	0.00000000	-0.02858978
34.98003004	0.00000000	0.00000000	-0.02858774
34.98253003	0.00000000	0.00000000	-0.02858570
34.98503003	0.00000000	0.00000000	-0.02858365
34.98753002	0.00000000	0.00000000	-0.02858161
34.99003002	0.00000000	0.00000000	-0.02857957
34.99253001	0.00000000	0.00000000	-0.02857753
34.99503001	0.00000000	0.00000000	-0.02857549
34.99753001	0.00000000	0.00000000	-0.02857345
35.00003000	0.00000000	0.00000000	-0.02857140
35.00252999	0.00000000	0.00000000	-0.02856936
35.00502999	0.00000000	0.00000000	-0.02856732
35.00752998	0.00000000	0.00000000	-0.02856528
35.01002998	0.00000000	0.00000000	-0.02856324
35.01252997	0.00000000	0.00000000	-0.02856120
35.01502997	0.00000000	0.00000000	-0.02855916
35.01752997	0.00000000	0.00000000	-0.02855713
35.02002996	0.00000000	0.00000000	-0.02855509
35.02252995	0.00000000	0.00000000	-0.02855305
35.02502995	0.00000000	0.00000000	-0.02855101
35.02752994	0.00000000	0.00000000	-0.02854897
35.03002994	0.00000000	0.00000000	-0.02854694
35.03252993	0.00000000	0.00000000	-0.02854490
35.03502993	0.00000000	0.00000000	-0.02854286
35.03752993	0.00000000	0.00000000	-0.02854082
35.04002992	0.00000000	0.00000000	-0.02853879
35.04252991	0.00000000	0.00000000	-0.02853675
35.04502991	0.00000000	0.00000000	-0.02853472
35.04752990	0.00000000	0.00000000	-0.02853268
35.05002990	0.00000000	0.00000000	-0.02853065
35.05252989	0.00000000	0.00000000	-0.02852861
35.05502989	0.00000000	0.00000000	-0.02852658
35.05752989	0.00000000	0.00000000	-0.02852454
35.06002988	0.00000000	0.00000000	-0.02852251
35.06252987	0.00000000	0.00000000	-0.02852047
35.06502987	0.00000000	0.00000000	-0.02851844
35.06752986	0.00000000	0.00000000	-0.02851641
35.07002986	0.00000000	0.00000000	-0.02851438
35.07252985	0.00000000	0.00000000	-0.02851234
35.07502985	0.00000000	0.00000000	-0.02851031
35.07752985	0.00000000	0.00000000	-0.02850828
35.08002984	0.00000000	0.00000000	-0.02850625
35.08252983	0.00000000	0.00000000	-0.02850422
35.08502983	0.00000000	0.00000000	-0.02850218
35.08752982	0.00000000	0.00000000	-0.02850015
35.09002982	0.00000000	0.00000000	-0.02849812
35.09252981	0.00000000	0.00000000	-0.02849609
35.09502981	0.00000000	0.00000000	-0.02849406
35.09752981	0.00000000	0.00000000	-0.02849203
35.10002980	0.00000000	0.00000000	-0.02849000
35.10252979	0.00000000	0.00000000	-0.02848798
35.10502979	0.00000000	0.00000000	-0.02848595
35.10752978	0.00000000	0.00000000	-0.02848392
35.11002978	0.00000000	0.00000000	-0.02848189
35.11252977	0.00000000	0.00000000	-0.02847986
35.11502977	0.00000000	0.00000000	-0.02847783
35.11752977	0.00000000	0.00000000	-0.02847581
35.12002976	0.00000000	0.00000000	-0.02847378
35.12252975	0.00000000	0.00000000	-0.02847175
35.12502975	0.00000000	0.00000000	-0.02846973
35.12752974	0.00000000	0.00000000	-0.02846770
35.13002974	0.00000000	0.00000000	-0.02846567
35.13252973	0.00000000	0.00000000	-0.02846365
35.13502973	0.00000000	0.00000000	-0.02846162
35.13752973	0.00000000	0.00000000	-0.02845960
35.14002972	0.00000000	0.00000000	-0.02845757
35.14252971	0.00000000	0.00000000	-0.02845555
35.14502971	0.00000000	0.00000000	-0.02845353
35.14752970	0.00000000	0.00000000	-0.02845150
35.15002970	0.00000000	0.00000000	-0.02844948
35.15252969	0.00000000	0.00000000	-0.02844745
35.15502969	0.00000000	0.00000000	-0.02844543
35.15752969	0.00000000	0.00000000	-0.02844341
35.16002968	0.00000000	0.00000000	-0.02844139
35.16252968	0.00000000	0.00000000	-0.02843936
35.16502967	0.00000000	0.00000000	-0.02843734
35.16752966	0.00000000	0.00000000	-0.02843532
35.17002966	0.00000000	0.00000000	-0.02843330
35.17252965	0.00000000	0.00000000	-0.02843128
35.17502965	0.00000000	0.00000000	-0.02842926
35.17752964	0.00000000	0.00000000	-0.02842724
35.18002964	0.00000000	0.00000000	-0.02842522
35.18252964	0.00000000	0.00000000	-0.02842320
35.18502963	0.00000000	0.00000000	-0.02842118
35.18752962	0.00000000	0.00000000	-0.02841916
35.19002962	0.00000000	0.00000000	-0.02841714
35.19252961	0.00000000	0.00000000	-0.02841512
35.19502961	0.00000000	0.00000000	-0.02841310
35.19752960	0.00000000	0.00000000	-0.02841108
35.20002960	0.00000000	0.00000000	-0.02840907
35.20252960	0.00000000	0.00000000	-0.02840705
35.20502959	0.00000000	0.00000000	-0.02840503
35.20752958	0.00000000	0.00000000	-0.02840302
35.21002958	0.00000000	0.00000000	-0.02840100
35.21252957	0.00000000	0.00000000	-0.02839898
35.21502957	0.00000000	0.00000000	-0.02839697
35.21752956	0.00000000	0.00000000	-0.02839495
35.22002956	0.00000000	0.00000000	-0.02839293
35.22252956	0.00000000	0.00000000	-0.02839092
35.22502955	0.00000000	0.00000000	-0.02838890
35.22752954	0.00000000	0.00000000	-0.02838689
35.23002954	0.00000000	0.00000000	-0.02838488
35.23252953	0.00000000	0.00000000	-0.02838286
35.23502953	0.00000000	0.00000000	-0.02838085
35.23752952	0.00000000	0.00000000	-0.02837883
35.24002952	0.00000000	0.00000000	-0.02837682
35.24252952	0.00000000	0.00000000	-0.02837481
35.24502951	0.00000000	0.00000000	-0.02837280
35.24752950	0.00000000	0.00000000	-0.02837078
35.25002950	0.00000000	0.00000000	-0.02836877
35.25252949	0.00000000	0.00000000	-0.02836676
35.25502949	0.00000000	0.00000000	-0.02836475
35.25752948	0.00000000	0.00000000	-0.02836274
35.26002948	0.00000000	0.00000000	-0.02836073
35.26252948	0.00000000	0.00000000	-0.02835871
35.26502947	0.00000000	0.00000000	-0.02835670
35.26752946	0.00000000	0.00000000	-0.02835469
35.27002946	0.00000000	0.00000000	-0.02835268
35.27252945	0.00000000	0.00000000	-0.02835067
35.27502945	0.00000000	0.00000000	-0.02834867
35.27752944	0.00000000	0.00000000	-0.02834666
35.28002944	0.00000000	0.00000000	-0.02834465
35.28252944	0.00000000	0.00000000	-0.02834264
35.28502943	0.00000000	0.00000000	-0.02834063
35.28752942	0.00000000	0.00000000	-0.02833862
35.29002942	0.00000000	0.00000000	-0.02833662
35.29252941	0.00000000	0.00000000	-0.02833461
35.29502941	0.00000000	0.00000000	-0.02833260
35.29752940	0.00000000	0.00000000	-0.02833059
35.30002940	0.00000000	0.00000000	-0.02832859
35.30252940	0.00000000	0.00000000	-0.02832658
35.30502939	0.00000000	0.00000000	-0.02832458
35.30752938	0.00000000	0.00000000	-0.02832257
35.31002938	0.00000000	0.00000000	-0.02832057
35.31252937	0.00000000	0.00000000	-0.02831856
35.31502937	0.00000000	0.00000000	-0.02831656
35.31752936	0.00000000	0.00000000	-0.02831455
35.32002936	0.00000000	0.00000000	-0.02831255
35.32252936	0.00000000	0.00000000	-0.02831054
35.32502935	0.00000000	0.00000000	-0.02830854
35.32752934	0.00000000	0.00000000	-0.02830654
35.33002934	0.00000000	0.00000000	-0.02830453
35.33252933	0.00000000	0.00000000	-0.02830253
35.33502933	0.00000000	0.00000000	-0.02830053
35.33752932	0.00000000	0.00000000	-0.02829853
35.34002932	0.00000000	0.00000000	-0.02829652
35.34252932	0.00000000	0.00000000	-0.02829452
35.34502931	0.00000000	0.00000000	-0.02829252
35.34752930	0.00000000	0.00000000	-0.02829052
35.35002930	0.00000000	0.00000000	-0.02828852
35.35252929	0.00000000	0.00000000	-0.02828652
35.35502929	0.00000000	0.00000000	-0.02828452
35.35752928	0.00000000	0.00000000	-0.02828252
35.36002928	0.00000000	0.00000000	-0.02828052
35.36252927	0.00000000	0.00000000	-0.02827852
35.36502927	0.00000000	0.00000000	-0.02827652
35.36752927	0.00000000	0.00000000	-0.02827452
35.37002926	0.00000000	0.00000000	-0.02827252
35.37252925	0.00000000	0.00000000	-0.02827053
35.37502925	0.00000000	0.00000000	-0.02826853
35.37752924	0.00000000	0.00000000	-0.02826653
35.38002924	0.00000000	0.00000000	-0.02826453
35.38252923	0.00000000	0.00000000	-0.02826254
35.38502923	0.00000000	0.00000000	-0.02826054
35.38752923	0.00000000	0.00000000	-0.02825854
35.39002922	0.00000000	0.00000000	-0.02825655
35.39252921	0.00000000	0.00000000	-0.02825455
35.39502921	0.00000000	0.00000000	-0.02825255
35.39752920	0.00000000	0.00000000	-0.02825056
35.40002920	0.00000000	0.00000000	-0.02824856
35.40252919	0.00000000	0.00000000	-0.02824657
35.40502919	0.00000000	0.00000000	-0.02824457
35.40752919	0.00000000	0.00000000	-0.02824258
35.41002918	0.00000000	0.00000000	-0.02824059
35.41252917	0.00000000	0.00000000	-0.02823859
35.41502917	0.00000000	0.00000000	-0.02823660
35.41752916	0.00000000	0.00000000	-0.02823461
35.42002916	0.00000000	0.00000000	-0.02823261
35.42252915	0.00000000	0.00000000	-0.02823062
35.42502915	0.00000000	0.00000000	-0.02822863
35.42752915	0.00000000	0.00000000	-0.02822664
35.43002914	0.00000000	0.00000000	-0.02822465
35.43252913	0.00000000	0.00000000	-0.02822265
35.43502913	0.00000000	0.00000000	-0.02822066
35.43752912	0.00000000	0.00000000	-0.02821867
35.44002912	0.00000000	0.00000000	-0.02821668
35.44252911	0.00000000	0.00000000	-0.02821469
35.44502911	0.00000000	0.00000000	-0.02821270
35.44752911	0.00000000	0.00000000	-0.02821071
35.45002910	0.00000000	0.00000000	-0.02820872
35.45252909	0.00000000	0.00000000	-0.02820673
35.45502909	0.00000000	0.00000000	-0.02820474
35.45752908	0.00000000	0.00000000	-0.02820275
35.46002908	0.00000000	0.00000000	-0.02820077
35.46252907	0.00000000	0.00000000	-0.02819878
35.46502907	0.00000000	0.00000000	-0.02819679
35.46752907	0.00000000	0.00000000	-0.02819480
35.47002906	0.00000000	0.00000000	-0.02819282
35.47252905	0.00000000	0.00000000	-0.02819083
35.47502905	0.00000000	0.00000000	-0.02818884
35.47752904	0.00000000	0.00000000	-0.02818686
35.48002904	0.00000000	0.00000000	-0.02818487
35.48252903	0.00000000	0.00000000	-0.02818288
35.48502903	0.00000000	0.00000000	-0.02818090
35.48752903	0.00000000	0.00000000	-0.02817891
35.49002902	0.00000000	0.00000000	-0.02817693
35.49252901	0.00000000	0.00000000	-0.02817494
35.49502901	0.00000000	0.00000000	-0.02817296
35.49752900	0.00000000	0.00000000	-0.02817097
35.50002900	0.00000000	0.00000000	-0.02816899
35.50252899	0.00000000	0.00000000	-0.02816701
35.50502899	0.00000000	0.00000000	-0.02816502
35.50752899	0.00000000	0.00000000	-0.02816304
35.51002898	0.00000000	0.00000000	-0.02816106
35.51252897	0.00000000	0.00000000	-0.02815908
35.51502897	0.00000000	0.00000000	-0.02815709
35.51752896	0.00000000	0.00000000	-0.02815511
35.52002896	0.00000000	0.00000000	-0.02815313
35.52252895	0.00000000	0.00000000	-0.02815115
35.52502895	0.00000000	0.00000000	-0.02814917
35.52752895	0.00000000	0.00000000	-0.02814719
35.53002894	0.00000000	0.00000000	-0.02814521
35.53252893	0.00000000	0.00000000	-0.02814323
35.53502893	0.00000000	0.00000000	-0.02814125
35.53752892	0.00000000	0.00000000	-0.02813927
35.54002892	0.00000000	0.00000000	-0.02813729
35.54252891	0.00000000	0.00000000	-0.02813531
35.54502891	0.00000000	0.00000000	-0.02813333
35.54752891	0.00000000	0.00000000	-0.02813135
35.55002890	0.00000000	0.00000000	-0.02812937
35.55252890	0.00000000	0.00000000	-0.02812739
35.55502889	0.00000000	0.00000000	-0.02812542
35.55752888	0.00000000	0.00000000	-0.02812344
35.56002888	0.00000000	0.00000000	-0.02812146
35.56252887	0.00000000	0.00000000	-0.02811949
35.56502887	0.00000000	0.00000000	-0.02811751
35.56752886	0.00000000	0.00000000	-0.02811553
35.57002886	0.00000000	0.00000000	-0.02811356
35.57252886	0.00000000	0.00000000	-0.02811158
35.57502885	0.00000000	0.00000000	-0.02810960
35.57752884	0.00000000	0.00000000	-0.02810763
35.58002884	0.00000000	0.00000000	-0.02810565
35.58252883	0.00000000	0.00000000	-0.02810368
35.58502883	0.00000000	0.00000000	-0.02810171
35.58752882	0.00000000	0.00000000	-0.02809973
35.59002882	0.00000000	0.00000000	-0.02809776
35.59252882	0.00000000	0.00000000	-0.02809578
35.59502881	0.00000000	0.00000000	-0.02809381
35.59752880	0.00000000	0.00000000	-0.02809184
35.60002880	0.00000000	0.00000000	-0.02808986
35.60252879	0.00000000	0.00000000	-0.02808789
35.60502879	0.00000000	0.00000000	-0.02808592
35.60752878	0.00000000	0.00000000	-0.02808395
35.61002878	0.00000000	0.00000000	-0.02808198
35.61252878	0.00000000	0.00000000	-0.02808001
35.61502877	0.00000000	0.00000000	-0.02807803
35.61752876	0.00000000	0.00000000	-0.02807606
35.62002876	0.00000000	0.00000000	-0.02807409
35.62252875	0.00000000	0.00000000	-0.02807212
35.62502875	0.00000000	0.00000000	-0.02807015
35.62752874	0.00000000	0.00000000	-0.02806818
35.63002874	0.00000000	0.00000000	-0.02806621
35.63252874	0.00000000	0.00000000	-0.02806424
35.63502873	0.00000000	0.00000000	-0.02806228
35.63752872	0.00000000	0.00000000	-0.02806031
35.64002872	0.00000000	0.00000000	-0.02805834
35.64252871	0.00000000	0.00000000	-0.02805637
35.64502871	0.00000000	0.00000000	-0.02805440
35.64752870	0.00000000	0.00000000	-0.02805244
35.65002870	0.00000000	0.00000000	-0.02805047
35.65252870	0.00000000	0.00000000	-0.02804850
35.65502869	0.00000000	0.00000000	-0.02804653
35.65752868	0.00000000	0.00000000	-0.02804457
35.66002868	0.00000000	0.00000000	-0.02804260
35.66252867	0.00000000	0.00000000	-0.02804064
35.66502867	0.00000000	0.00000000	-0.02803867
35.66752866	0.00000000	0.00000000	-0.02803671
35.67002866	0.00000000	0.00000000	-0.02803474
35.67252866	0.00000000	0.00000000	-0.02803278
35.67502865	0.00000000	0.00000000	-0.02803081
35.67752864	0.00000000	0.00000000	-0.02802885
35.68002864	0.00000000	0.00000000	-0.02802688
35.68252863	0.00000000	0.00000000	-0.02802492
35.68502863	0.00000000	0.00000000	-0.02802296
35.68752862	0.00000000	0.00000000	-0.02802099
35.69002862	0.00000000	0.00000000	-0.02801903
35.69252862	0.00000000	0.00000000	-0.02801707
35.69502861	0.00000000	0.00000000	-0.02801511
35.69752860	0.00000000	0.00000000	-0.02801314
35.70002860	0.00000000	0.00000000	-0.02801118
35.70252859	0.00000000	0.00000000	-0.02800922
35.70502859	0.00000000	0.00000000	-0.02800726
35.70752858	0.00000000	0.00000000	-0.02800530
35.71002858	0.00000000	0.00000000	-0.02800334
35.71252858	0.00000000	0.00000000	-0.02800138
35.71502857	0.00000000	0.00000000	-0.02799942
35.71752856	0.00000000	0.00000000	-0.02799746
35.72002856	0.00000000	0.00000000	-0.02799550
35.72252855	0.00000000	0.00000000	-0.02799354
35.72502855	0.00000000	0.00000000	-0.02799158
35.72752854	0.00000000	0.00000000	-0.02798962
35.73002854	0.00000000	0.00000000	-0.02798766
35.73252854	0.00000000	0.00000000	-0.02798570
35.73502853	0.00000000	0.00000000	-0.02798375
35.73752852	0.00000000	0.00000000	-0.02798179
35.74002852	0.00000000	0.00000000	-0.02797983
35.74252851	0.00000000	0.00000000	-0.02797788
35.74502851	0.00000000	0.00000000	-0.02797592
35.74752850	0.00000000	0.00000000	-0.02797396
35.75002850	0.00000000	0.00000000	-0.02797201
35.75252849	0.00000000	0.00000000	-0.02797005
35.75502849	0.00000000	0.00000000	-0.02796809
35.75752849	0.00000000	0.00000000	-0.02796614
35.76002848	0.00000000	0.00000000	-0.02796418
35.76252847	0.00000000	0.00000000	-0.02796223
35.76502847	0.00000000	0.00000000	-0.02796027
35.76752846	0.00000000	0.00000000	-0.02795832
35.77002846	0.00000000	0.00000000	-0.02795637
35.77252845	0.00000000	0.00000000	-0.02795441
35.77502845	0.00000000	0.00000000	-0.02795246
35.77752845	0.00000000	0.00000000	-0.02795051
35.78002844	0.00000000	0.00000000	-0.02794855
35.78252843	0.00000000	0.00000000	-0.02794660
35.78502843	0.00000000	0.00000000	-0.02794465
35.78752842	0.00000000	0.00000000	-0.02794270
35.79002842	0.00000000	0.00000000	-0.02794074
35.79252841	0.00000000	0.00000000	-0.02793879
35.79502841	0.00000000	0.00000000	-0.02793684
35.79752841	0.00000000	0.00000000	-0.02793489
35.80002840	0.00000000	0.00000000	-0.02793294
35.80252839	0.00000000	0.00000000	-0.02793099
35.80502839	0.00000000	0.00000000	-0.02792904
35.80752838	0.00000000	0.00000000	-0.02792709
35.81002838	0.00000000	0.00000000	-0.02792514
35.81252837	0.00000000	0.00000000	-0.02792319
35.81502837	0.00000000	0.00000000	-0.02792124
35.81752837	0.00000000	0.00000000	-0.02791929
35.82002836	0.00000000	0.00000000	-0.02791734
35.82252835	0.00000000	0.00000000	-0.02791539
35.82502835	0.00000000	0.00000000	-0.02791345
35.82752834	0.00000000	0.00000000	-0.02791150
35.83002834	0.00000000	0.00000000	-0.02790955
35.83252833	0.00000000	0.00000000	-0.02790760
35.83502833	0.00000000	0.00000000	-0.02790566
35.83752833	0.00000000	0.00000000	-0.02790371
35.84002832	0.00000000	0.00000000	-0.02790176
35.84252831	0.00000000	0.00000000	-0.02789982
35.84502831	0.00000000	0.00000000	-0.02789787
35.84752830	0.00000000	0.00000000	-0.02789593
35.85002830	0.00000000	0.00000000	-0.02789398
35.85252829	0.00000000	0.00000000	-0.02789204
35.85502829	0.00000000	0.00000000	-0.02789009
35.85752829	0.00000000	0.00000000	-0.02788815
35.86002828	0.00000000	0.00000000	-0.02788620
35.86252827	0.00000000	0.00000000	-0.02788426
35.86502827	0.00000000	0.00000000	-0.02788231
35.86752826	0.00000000	0.00000000	-0.02788037
35.87002826	0.00000000	0.00000000	-0.02787843
35.87252825	0.00000000	0.00000000	-0.02787649
35.87502825	0.00000000	0.00000000	-0.02787454
35.87752825	0.00000000	0.00000000	-0.02787260
35.88002824	0.00000000	0.00000000	-0.02787066
35.88252823	0.00000000	0.00000000	-0.02786872
35.88502823	0.00000000	0.00000000	-0.02786677
35.88752822	0.00000000	0.00000000	-0.02786483
35.89002822	0.00000000	0.00000000	-0.02786289
35.89252821	0.00000000	0.00000000	-0.02786095
35.89502821	0.00000000	0.00000000	-0.02785901
35.89752821	0.00000000	0.00000000	-0.02785707
35.90002820	0.00000000	0.00000000	-0.02785513
35.90252819	0.00000000	0.00000000	-0.02785319
35.90502819	0.00000000	0.00000000	-0.02785125
35.90752818	0.00000000	0.00000000	-0.02784931
35.91002818	0.00000000	0.00000000	-0.02784737
35.91252817	0.00000000	0.00000000	-0.02784544
35.91502817	0.00000000	0.00000000	-0.02784350
35.91752817	0.00000000	0.00000000	-0.02784156
35.92002816	0.00000000	0.00000000	-0.02783962
35.92252815	0.00000000	0.00000000	-0.02783768
35.92502815	0.00000000	0.00000000	-0.02783575
35.92752814	0.00000000	0.00000000	-0.02783381
35.93002814	0.00000000	0.00000000	-0.02783187
35.93252813	0.00000000	0.00000000	-0.02782994
35.93502813	0.00000000	0.00000000	-0.02782800
35.93752813	0.00000000	0.00000000	-0.02782607
35.94002812	0.00000000	0.00000000	-0.02782413
35.94252812	0.00000000	0.00000000	-0.02782219
35.94502811	0.00000000	0.00000000	-0.02782026
35.94752810	0.00000000	0.00000000	-0.02781832
35.95002810	0.00000000	0.00000000	-0.02781639
35.95252809	0.00000000	0.00000000	-0.02781446
35.95502809	0.00000000	0.00000000	-0.02781252
35.95752808	0.00000000	0.00000000	-0.02781059
35.96002808	0.00000000	0.00000000	-0.02780865
35.96252808	0.00000000	0.00000000	-0.02780672
35.96502807	0.00000000	0.00000000	-0.02780479
35.96752806	0.00000000	0.00000000	-0.02780286
35.97002806	0.00000000	0.00000000	-0.02780092
35.97252805	0.00000000	0.00000000	-0.02779899
35.97502805	0.00000000	0.00000000	-0.02779706
35.97752804	0.00000000	0.00000000	-0.02779513
35.98002804	0.00000000	0.00000000	-0.02779320
35.98252804	0.00000000	0.00000000	-0.02779127
35.98502803	0.00000000	0.00000000	-0.02778934
35.98752802	0.00000000	0.00000000	-0.02778740
35.99002802	0.00000000	0.00000000	-0.02778547
35.99252801	0.00000000	0.00000000	-0.02778354
35.99502801	0.00000000	0.00000000	-0.02778161
35.99752800	0.00000000	0.00000000	-0.02777969
36.00002800	0.00000000	0.00000000	-0.02777776
36.00252800	0.00000000	0.00000000	-0.02777583
36.00502799	0.00000000	0.00000000	-0.02777390
36.00752798	0.00000000	0.00000000	-0.02777197
36.01002798	0.00000000	0.00000000	-0.02777004
36.01252797	0.00000000	0.00000000	-0.02776811
36.01502797	0.00000000	0.00000000	-0.02776619
36.01752796	0.00000000	0.00000000	-0.02776426
36.02002796	0.00000000	0.00000000	-0.02776233
36.02252796	0.00000000	0.00000000	-0.02776041
36.02502795	0.00000000	0.00000000	-0.02775848
36.02752794	0.00000000	0.00000000	-0.02775655
36.03002794	0.00000000	0.00000000	-0.02775463
36.03252793	0.00000000	0.00000000	-0.02775270
36.03502793	0.00000000	0.00000000	-0.02775078
36.03752792	0.00000000	0.00000000	-0.02774885
36.04002792	0.00000000	0.00000000	-0.02774693
36.04252792	0.00000000	0.00000000	-0.02774500
36.04502791	0.00000000	0.00000000	-0.02774308
36.04752790	0.00000000	0.00000000	-0.02774115
36.05002790	0.00000000	0.00000000	-0.02773923
36.05252789	0.00000000	0.00000000	-0.02773731
36.05502789	0.00000000	0.00000000	-0.02773538
36.05752788	0.00000000	0.00000000	-0.02773346
36.06002788	0.00000000	0.00000000	-0.02773154
36.06252788	0.00000000	0.00000000	-0.02772961
36.06502787	0.00000000	0.00000000	-0.02772769
36.06752786	0.00000000	0.00000000	-0.02772577
36.07002786	0.00000000	0.00000000	-0.02772385
36.07252785	0.00000000	0.00000000	-0.02772193
36.07502785	0.00000000	0.00000000	-0.02772001
36.07752784	0.00000000	0.00000000	-0.02771809
36.08002784	0.00000000	0.00000000	-0.02771616
36.08252784	0.00000000	0.00000000	-0.02771424
36.08502783	0.00000000	0.00000000	-0.02771232
36.08752782	0.00000000	0.00000000	-0.02771040
36.09002782	0.00000000	0.00000000	-0.02770849
36.09252781	0.00000000	0.00000000	-0.02770657
36.09502781	0.00000000	0.00000000	-0.02770465
36.09752780	0.00000000	0.00000000	-0.02770273
36.10002780	0.00000000	0.00000000	-0.02770081
36.10252780	0.00000000	0.00000000	-0.02769889
36.10502779	0.00000000	0.00000000	-0.02769697
36.10752778	0.00000000	0.00000000	-0.02769506
36.11002778	0.00000000	0.00000000	-0.02769314
36.11252777	0.00000000	0.00000000	-0.02769122
36.11502777	0.00000000	0.00000000	-0.02768930
36.11752776	0.00000000	0.00000000	-0.02768739
36.12002776	0.00000000	0.00000000	-0.02768547
36.12252776	0.00000000	0.00000000	-0.02768356
36.12502775	0.00000000	0.00000000	-0.02768164
36.12752774	0.00000000	0.00000000	-0.02767972
36.13002774	0.00000000	0.00000000	-0.02767781
36.13252773	0.00000000	0.00000000	-0.02767589
36.13502773	0.00000000	0.00000000	-0.02767398
36.13752772	0.00000000	0.00000000	-0.02767206
36.14002772	0.00000000	0.00000000	-0.02767015
36.14252771	0.00000000	0.00000000	-0.02766824
36.14502771	0.00000000	0.00000000	-0.02766632
36.14752771	0.00000000	0.00000000	-0.02766441
36.15002770	0.00000000	0.00000000	-0.02766250
36.15252769	0.00000000	0.00000000	-0.02766058
36.15502769	0.00000000	0.00000000	-0.02765867
36.15752768	0.00000000	0.00000000	-0.02765676
36.16002768	0.00000000	0.00000000	-0.02765485
36.16252767	0.00000000	0.00000000	-0.02765293
36.16502767	0.00000000	0.00000000	-0.02765102
36.16752767	0.00000000	0.00000000	-0.02764911
36.17002766	0.00000000	0.00000000	-0.02764720
36.17252765	0.00000000	0.00000000	-0.02764529
36.17502765	0.00000000	0.00000000	-0.02764338
36.17752764	0.00000000	0.00000000	-0.02764147
36.18002764	0.00000000	0.00000000	-0.02763956
36.18252763	0.00000000	0.00000000	-0.02763765
36.18502763	0.00000000	0.00000000	-0.02763574
36.18752763	0.00000000	0.00000000	-0.02763383
36.19002762	0.00000000	0.00000000	-0.02763192
36.19252761	0.00000000	0.00000000	-0.02763001
36.19502761	0.00000000	0.00000000	-0.02762810
36.19752760	0.00000000	0.00000000	-0.02762620
36.20002760	0.00000000	0.00000000	-0.02762429
36.20252759	0.00000000	0.00000000	-0.02762238
36.20502759	0.00000000	0.00000000	-0.02762047
36.20752759	0.00000000	0.00000000	-0.02761857
36.21002758	0.00000000	0.00000000	-0.02761666
36.21252757	0.00000000	0.00000000	-0.02761475
36.21502757	0.00000000	0.00000000	-0.02761285
36.21752756	0.00000000	0.00000000	-0.02761094
36.22002756	0.00000000	0.00000000	-0.02760903
36.22252755	0.00000000	0.00000000	-0.02760713
36.22502755	0.00000000	0.00000000	-0.02760522
36.22752755	0.00000000	0.00000000	-0.02760332
36.23002754	0.00000000	0.00000000	-0.02760141
36.23252753	0.00000000	0.00000000	-0.02759951
36.23502753	0.00000000	0.00000000	-0.02759761
36.23752752	0.00000000	0.00000000	-0.02759570
36.24002752	0.00000000	0.00000000	-0.02759380
36.24252751	0.00000000	0.00000000	-0.02759189
36.24502751	0.00000000	0.00000000	-0.02758999
36.24752751	0.00000000	0.00000000	-0.02758809
36.25002750	0.00000000	0.00000000	-0.02758619
36.25252749	0.00000000	0.00000000	-0.02758428
36.25502749	0.00000000	0.00000000	-0.02758238
36.25752748	0.00000000	0.00000000	-0.02758048
36.26002748	0.00000000	0.00000000	-0.02757858
36.26252747	0.00000000	0.00000000	-0.02757668
36.26502747	0.00000000	0.00000000	-0.02757478
36.26752747	0.00000000	0.00000000	-0.02757287
36.27002746	0.00000000	0.00000000	-0.02757097
36.27252745	0.00000000	0.00000000	-0.02756907
36.27502745	0.00000000	0.00000000	-0.02756717
36.27752744	0.00000000	0.00000000	-0.02756527
36.28002744	0.00000000	0.00000000	-0.02756337
36.28252743	0.00000000	0.00000000	-0.02756148
36.28502743	0.00000000	0.00000000	-0.02755958
36.28752743	0.00000000	0.00000000	-0.02755768
36.29002742	0.00000000	0.00000000	-0.02755578
36.29252741	0.00000000	0.00000000	-0.02755388
36.29502741	0.00000000	0.00000000	-0.02755198
36.29752740	0.00000000	0.00000000	-0.02755009
36.30002740	0.00000000	0.00000000	-0.02754819
36.30252739	0.00000000	0.00000000	-0.02754629
36.30502739	0.00000000	0.00000000	-0.02754439
36.30752739	0.00000000	0.00000000	-0.02754250
36.31002738	0.00000000	0.00000000	-0.02754060
36.31252737	0.00000000	0.00000000	-0.02753871
36.31502737	0.00000000	0.00000000	-0.02753681
36.31752736	0.00000000	0.00000000	-0.02753491
36.32002736	0.00000000	0.00000000	-0.02753302
36.32252735	0.00000000	0.00000000	-0.02753112
36.32502735	0.00000000	0.00000000	-0.02752923
36.32752735	0.00000000	0.00000000	-0.02752733
36.33002734	0.00000000	0.00000000	-0.02752544
36.33252734	0.00000000	0.00000000	-0.02752355
36.33502733	0.00000000	0.00000000	-0.02752165
36.33752732	0.00000000	0.00000000	-0.02751976
36.34002732	0.00000000	0.00000000	-0.02751787
36.34252731	0.00000000	0.00000000	-0.02751597
36.34502731	0.00000000	0.00000000	-0.02751408
36.34752730	0.00000000	0.00000000	-0.02751219
36.35002730	0.00000000	0.00000000	-0.02751030
36.35252730	0.00000000	0.00000000	-0.02750840
36.35502729	0.00000000	0.00000000	-0.02750651
36.35752728	0.00000000	0.00000000	-0.02750462
36.36002728	0.00000000	0.00000000	-0.02750273
36.36252727	0.00000000	0.00000000	-0.02750084
36.36502727	0.00000000	0.00000000	-0.02749895
36.36752726	0.00000000	0.00000000	-0.02749706
36.37002726	0.00000000	0.00000000	-0.02749517
36.37252726	0.00000000	0.00000000	-0.02749328
36.37502725	0.00000000	0.00000000	-0.02749139
36.37752724	0.00000000	0.00000000	-0.02748950
36.38002724	0.00000000	0.00000000	-0.02748761
36.38252723	0.00000000	0.00000000	-0.02748572
36.38502723	0.00000000	0.00000000	-0.02748383
36.38752722	0.00000000	0.00000000	-0.02748194
36.39002722	0.00000000	0.00000000	-0.02748006
36.39252722	0.00000000	0.00000000	-0.02747817
36.39502721	0.00000000	0.00000000	-0.02747628
36.39752720	0.00000000	0.00000000	-0.02747439
36.40002720	0.00000000	0.00000000	-0.02747251
36.40252719	0.00000000	0.00000000	-0.02747062
36.40502719	0.00000000	0.00000000	-0.02746873
36.40752718	0.00000000	0.00000000	-0.02746685
36.41002718	0.00000000	0.00000000	-0.02746496
36.41252718	0.00000000	0.00000000	-0.02746308
36.41502717	0.00000000	0.00000000	-0.02746119
36.41752716	0.00000000	0.00000000	-0.02745931
36.42002716	0.00000000	0.00000000	-0.02745742
36.42252715	0.00000000	0.00000000	-0.02745554
36.42502715	0.00000000	0.00000000	-0.02745365
36.42752714	0.00000000	0.00000000	-0.02745177
36.43002714	0.00000000	0.00000000	-0.02744988
36.43252714	0.00000000	0.00000000	-0.02744800
36.43502713	0.00000000	0.00000000	-0.02744612
36.43752712	0.00000000	0.00000000	-0.02744423
36.44002712	0.00000000	0.00000000	-0.02744235
36.44252711	0.00000000	0.00000000	-0.02744047
36.44502711	0.00000000	0.00000000	-0.02743859
36.44752710	0.00000000	0.00000000	-0.02743670
36.45002710	0.00000000	0.00000000	-0.02743482
36.45252710	0.00000000	0.00000000	-0.02743294
36.45502709	0.00000000	0.00000000	-0.02743106
36.45752708	0.00000000	0.00000000	-0.02742918
36.46002708	0.00000000	0.00000000	-0.02742730
36.46252707	0.00000000	0.00000000	-0.02742542
36.46502707	0.00000000	0.00000000	-0.02742354
36.46752706	0.00000000	0.00000000	-0.02742166
36.47002706	0.00000000	0.00000000	-0.02741978
36.47252706	0.00000000	0.00000000	-0.02741790
36.47502705	0.00000000	0.00000000	-0.02741602
36.47752704	0.00000000	0.00000000	-0.02741414
36.48002704	0.00000000	0.00000000	-0.02741226
36.48252703	0.00000000	0.00000000	-0.02741038
36.48502703	0.00000000	0.00000000	-0.02740850
36.48752702	0.00000000	0.00000000	-0.02740663
36.49002702	0.00000000	0.00000000	-0.02740475
36.49252702	0.00000000	0.00000000	-0.02740287
36.49502701	0.00000000	0.00000000	-0.02740099
36.49752700	0.00000000	0.00000000	-0.02739912
36.50002700	0.00000000	0.00000000	-0.02739724
36.50252699	0.00000000	0.00000000	-0.02739536
36.50502699	0.00000000	0.00000000	-0.02739349
36.50752698	0.00000000	0.00000000	-0.02739161
36.51002698	0.00000000	0.00000000	-0.02738974
36.51252698	0.00000000	0.00000000	-0.02738786
36.51502697	0.00000000	0.00000000	-0.02738599
36.51752696	0.00000000	0.00000000	-0.02738411
36.52002696	0.00000000	0.00000000	-0.02738224
36.52252695	0.00000000	0.00000000	-0.02738036
36.52502695	0.00000000	0.00000000	-0.02737849
36.52752694	0.00000000	0.00000000	-0.02737661
36.53002694	0.00000000	0.00000000	-0.02737474
36.53252693	0.00000000	0.00000000	-0.02737287
36.53502693	0.00000000	0.00000000	-0.02737099
36.53752693	0.00000000	0.00000000	-0.02736912
36.54002692	0.00000000	0.00000000	-0.02736725
36.54252691	0.00000000	0.00000000	-0.02736538
36.54502691	0.00000000	0.00000000	-0.02736350
36.54752690	0.00000000	0.00000000	-0.02736163
36.55002690	0.00000000	0.00000000	-0.02735976
36.55252689	0.00000000	0.00000000	-0.02735789
36.55502689	0.00000000	0.00000000	-0.02735602
36.55752689	0.00000000	0.00000000	-0.02735415
36.56002688	0.00000000	0.00000000	-0.02735228
36.56252687	0.00000000	0.00000000	-0.02735041
36.56502687	0.00000000	0.00000000	-0.02734854
36.56752686	0.00000000	0.00000000	-0.02734667
36.57002686	0.00000000	0.00000000	-0.02734480
36.57252685	0.00000000	0.00000000	-0.02734293
36.57502685	0.00000000	0.00000000	-0.02734106
36.57752685	0.00000000	0.00000000	-0.02733919
36.58002684	0.00000000	0.00000000	-0.02733732
36.58252683	0.00000000	0.00000000	-0.02733545
36.58502683	0.00000000	0.00000000	-0.02733359
36.58752682	0.00000000	0.00000000	-0.02733172
36.59002682	0.00000000	0.00000000	-0.02732985
36.59252681	0.00000000	0.00000000	-0.02732798
36.59502681	0.00000000	0.00000000	-0.02732612
36.59752681	0.00000000	0.00000000	-0.02732425
36.60002680	0.00000000	0.00000000	-0.02732238
36.60252679	0.00000000	0.00000000	-0.02732052
36.60502679	0.00000000	0.00000000	-0.02731865
36.60752678	0.00000000	0.00000000	-0.02731679
36.61002678	0.00000000	0.00000000	-0.02731492
36.61252677	0.00000000	0.00000000	-0.02731306
36.61502677	0.00000000	0.00000000	-0.02731119
36.61752677	0.00000000	0.00000000	-0.02730933
36.62002676	0.00000000	0.00000000	-0.02730746
36.62252675	0.00000000	0.00000000	-0.02730560
36.62502675	0.00000000	0.00000000	-0.02730373
36.62752674	0.00000000	0.00000000	-0.02730187
36.63002674	0.00000000	0.00000000	-0.02730001
36.63252673	0.00000000	0.00000000	-0.02729814
36.63502673	0.00000000	0.00000000	-0.02729628
36.63752673	0.00000000	0.00000000	-0.02729442
36.64002672	0.00000000	0.00000000	-0.02729256
36.64252671	0.00000000	0.00000000	-0.02729069
36.64502671	0.00000000	0.00000000	-0.02728883
36.64752670	0.00000000	0.00000000	-0.02728697
36.65002670	0.00000000	0.00000000	-0.02728511
36.65252669	0.00000000	0.00000000	-0.02728325
36.65502669	0.00000000	0.00000000	-0.02728139
36.65752669	0.00000000	0.00000000	-0.02727953
36.66002668	0.00000000	0.00000000	-0.02727767
36.66252667	0.00000000	0.00000000	-0.02727581
36.66502667	0.00000000	0.00000000	-0.02727395
36.66752666	0.00000000	0.00000000	-0.02727209
36.67002666	0.00000000	0.00000000	-0.02727023
36.67252665	0.00000000	0.00000000	-0.02726837
36.67502665	0.00000000	0.00000000	-0.02726651
36.67752665	0.00000000	0.00000000	-0.02726465
36.68002664	0.00000000	0.00000000	-0.02726279
36.68252663	0.00000000	0.00000000	-0.02726094
36.68502663	0.00000000	0.00000000	-0.02725908
36.68752662	0.00000000	0.00000000	-0.02725722
36.69002662	0.00000000	0.00000000	-0.02725536
36.69252661	0.00000000	0.00000000	-0.02725351
36.69502661	0.00000000	0.00000000	-0.02725165
36.69752661	0.00000000	0.00000000	-0.02724979
36.70002660	0.00000000	0.00000000	-0.02724794
36.70252659	0.00000000	0.00000000	-0.02724608
36.70502659	0.00000000	0.00000000	-0.02724422
36.70752658	0.00000000	0.00000000	-0.02724237
36.71002658	0.00000000	0.00000000	-0.02724051
36.71252657	0.00000000	0.00000000	-0.02723866
36.71502657	0.00000000	0.00000000	-0.02723680
36.71752657	0.00000000	0.00000000	-0.02723495
36.72002656	0.00000000	0.00000000	-0.02723310
36.72252655	0.00000000	0.00000000	-0.02723124
36.72502655	0.00000000	0.00000000	-0.02722939
36.72752654	0.00000000	0.00000000	-0.02722753
36.73002654	0.00000000	0.00000000	-0.02722568
36.73252653	0.00000000	0.00000000	-0.02722383
36.73502653	0.00000000	0.00000000	-0.02722198
36.73752652	0.00000000	0.00000000	-0.02722012
36.74002652	0.00000000	0.00000000	-0.02721827
36.74252652	0.00000000	0.00000000	-0.02721642
36.74502651	0.00000000	0.00000000	-0.02721457
36.74752650	0.00000000	0.00000000	-0.02721272
36.75002650	0.00000000	0.00000000	-0.02721086
36.75252649	0.00000000	0.00000000	-0.02720901
36.75502649	0.00000000	0.00000000	-0.02720716
36.75752648	0.00000000	0.00000000	-0.02720531
36.76002648	0.00000000	0.00000000	-0.02720346
36.76252648	0.00000000	0.00000000	-0.02720161
36.76502647	0.00000000	0.00000000	-0.02719976
36.76752646	0.00000000	0.00000000	-0.02719791
36.77002646	0.00000000	0.00000000	-0.02719606
36.77252645	0.00000000	0.00000000	-0.02719422
36.77502645	0.00000000	0.00000000	-0.02719237
36.77752644	0.00000000	0.00000000	-0.02719052
36.78002644	0.00000000	0.00000000	-0.02718867
36.78252644	0.00000000	0.00000000	-0.02718682
36.78502643	0.00000000	0.00000000	-0.02718497
36.78752642	0.00000000	0.00000000	-0.02718313
36.79002642	0.00000000	0.00000000	-0.02718128
36.79252641	0.00000000	0.00000000	-0.02717943
36.79502641	0.00000000	0.00000000	-0.02717759
36.79752640	0.00000000	0.00000000	-0.02717574
36.80002640	0.00000000	0.00000000	-0.02717389
36.80252640	0.00000000	0.00000000	-0.02717205
36.80502639	0.00000000	0.00000000	-0.02717020
36.80752638	0.00000000	0.00000000	-0.02716836
36.81002638	0.00000000	0.00000000	-0.02716651
36.81252637	0.00000000	0.00000000	-0.02716467
36.81502637	0.00000000	0.00000000	-0.02716282
36.81752636	0.00000000	0.00000000	-0.02716098
36.82002636	0.00000000	0.00000000	-0.02715913
36.82252636	0.00000000	0.00000000	-0.02715729
36.82502635	0.00000000	0.00000000	-0.02715545
36.82752634	0.00000000	0.00000000	-0.02715360
36.83002634	0.00000000	0.00000000	-0.02715176
36.83252633	0.00000000	0.00000000	-0.02714992
36.83502633	0.00000000	0.00000000	-0.02714807
36.83752632	0.00000000	0.00000000	-0.02714623
36.84002632	0.00000000	0.00000000	-0.02714439
36.84252632	0.00000000	0.00000000	-0.02714255
36.84502631	0.00000000	0.00000000	-0.02714071
36.84752630	0.00000000	0.00000000	-0.02713886
36.85002630	0.00000000	0.00000000	-0.02713702
36.85252629	0.00000000	0.00000000	-0.02713518
36.85502629	0.00000000	0.00000000	-0.02713334
36.85752628	0.00000000	0.00000000	-0.02713150
36.86002628	0.00000000	0.00000000	-0.02712966
36.86252628	0.00000000	0.00000000	-0.02712782
36.86502627	0.00000000	0.00000000	-0.02712598
36.86752626	0.00000000	0.00000000	-0.02712414
36.87002626	0.00000000	0.00000000	-0.02712230
36.87252625	0.00000000	0.00000000	-0.02712046
36.87502625	0.00000000	0.00000000	-0.02711862
36.87752624	0.00000000	0.00000000	-0.02711679
36.88002624	0.00000000	0.00000000	-0.02711495
36.88252624	0.00000000	0.00000000	-0.02711311
36.88502623	0.00000000	0.00000000	-0.02711127
36.88752622	0.00000000	0.00000000	-0.02710944
36.89002622	0.00000000	0.00000000	-0.02710760
36.89252621	0.00000000	0.00000000	-0.02710576
36.89502621	0.00000000	0.00000000	-0.02710392
36.89752620	0.00000000	0.00000000	-0.02710209
36.90002620	0.00000000	0.00000000	-0.02710025
36.90252620	0.00000000	0.00000000	-0.02709842
36.90502619	0.00000000	0.00000000	-0.02709658
36.90752618	0.00000000	0.00000000	-0.02709474
36.91002618	0.00000000	0.00000000	-0.02709291
36.91252617	0.00000000	0.00000000	-0.02709107
36.91502617	0.00000000	0.00000000	-0.02708924
36.91752616	0.00000000	0.00000000	-0.02708741
36.92002616	0.00000000	0.00000000	-0.02708557
36.92252615	0.00000000	0.00000000	-0.02708374
36.92502615	0.00000000	0.00000000	-0.02708190
36.92752615	0.00000000	0.00000000	-0.02708007
36.93002614	0.00000000	0.00000000	-0.02707824
36.93252613	0.00000000	0.00000000	-0.02707640
36.93502613	0.00000000	0.00000000	-0.02707457
36.93752612	0.00000000	0.00000000	-0.02707274
36.94002612	0.00000000	0.00000000	-0.02707091
36.94252611	0.00000000	0.00000000	-0.02706907
36.94502611	0.00000000	0.00000000	-0.02706724
36.94752611	0.00000000	0.00000000	-0.02706541
36.95002610	0.00000000	0.00000000	-0.02706358
36.95252609	0.00000000	0.00000000	-0.02706175
36.95502609	0.00000000	0.00000000	-0.02705992
36.95752608	0.00000000	0.00000000	-0.02705809
36.96002608	0.00000000	0.00000000	-0.02705626
36.96252607	0.00000000	0.00000000	-0.02705443
36.96502607	0.00000000	0.00000000	-0.02705260
36.96752607	0.00000000	0.00000000	-0.02705077
36.97002606	0.00000000	0.00000000	-0.02704894
36.97252605	0.00000000	0.00000000	-0.02704711
36.97502605	0.00000000	0.00000000	-0.02704528
36.97752604	0.00000000	0.00000000	-0.02704345
36.98002604	0.00000000	0.00000000	-0.02704163
36.98252603	0.00000000	0.00000000	-0.02703980
36.98502603	0.00000000	0.00000000	-0.02703797
36.98752603	0.00000000	0.00000000	-0.02703614
36.99002602	0.00000000	0.00000000	-0.02703431
36.99252601	0.00000000	0.00000000	-0.02703249
36.99502601	0.00000000	0.00000000	-0.02703066
36.99752600	0.00000000	0.00000000	-0.02702883
37.00002600	0.00000000	0.00000000	-0.02702701
37.00252599	0.00000000	0.00000000	-0.02702518
37.00502599	0.00000000	0.00000000	-0.02702336
37.00752599	0.00000000	0.00000000	-0.02702153
37.01002598	0.00000000	0.00000000	-0.02701971
37.01252597	0.00000000	0.00000000	-0.02701788
37.01502597	0.00000000	0.00000000	-0.02701606
37.01752596	0.00000000	0.00000000	-0.02701423
37.02002596	0.00000000	0.00000000	-0.02701241
37.02252595	0.00000000	0.00000000	-0.02701058
37.02502595	0.00000000	0.00000000	-0.02700876
37.02752595	0.00000000	0.00000000	-0.02700694
37.03002594	0.00000000	0.00000000	-0.02700511
37.03252593	0.00000000	0.00000000	-0.02700329
37.03502593	0.00000000	0.00000000	-0.02700147
37.03752592	0.00000000	0.00000000	-0.02699964
37.04002592	0.00000000	0.00000000	-0.02699782
37.04252591	0.00000000	0.00000000	-0.02699600
37.04502591	0.00000000	0.00000000	-0.02699418
37.04752591	0.00000000	0.00000000	-0.02699236
37.05002590	0.00000000	0.00000000	-0.02699053
37.05252589	0.00000000	0.00000000	-0.02698871
37.05502589	0.00000000	0.00000000	-0.02698689
37.05752588	0.00000000	0.00000000	-0.02698507
37.06002588	0.00000000	0.00000000	-0.02698325
37.06252587	0.00000000	0.00000000	-0.02698143
37.06502587	0.00000000	0.00000000	-0.02697961
37.06752587	0.00000000	0.00000000	-0.02697779
37.07002586	0.00000000	0.00000000	-0.02697597
37.07252585	0.00000000	0.00000000	-0.02697415
37.07502585	0.00000000	0.00000000	-0.02697233
37.07752584	0.00000000	0.00000000	-0.02697052
37.08002584	0.00000000	0.00000000	-0.02696870
37.08252583	0.00000000	0.00000000	-0.02696688
37.08502583	0.00000000	0.00000000	-0.02696506
37.08752583	0.00000000	0.00000000	-0.02696324
37.09002582	0.00000000	0.00000000	-0.02696143
37.09252581	0.00000000	0.00000000	-0.02695961
37.09502581	0.00000000	0.00000000	-0.02695779
37.09752580	0.00000000	0.00000000	-0.02695598
37.10002580	0.00000000	0.00000000	-0.02695416
37.10252579	0.00000000	0.00000000	-0.02695234
37.10502579	0.00000000	0.00000000	-0.02695053
37.10752578	0.00000000	0.00000000	-0.02694871
37.11002578	0.00000000	0.00000000	-0.02694690
37.11252577	0.00000000	0.00000000	-0.02694508
37.11502577	0.00000000	0.00000000	-0.02694327
37.11752576	0.00000000	0.00000000	-0.02694145
37.12002576	0.00000000	0.00000000	-0.02693964
37.12252575	0.00000000	0.00000000	-0.02693782
37.12502575	0.00000000	0.00000000	-0.02693601
37.12752574	0.00000000	0.00000000	-0.02693419
37.13002574	0.00000000	0.00000000	-0.02693238
37.13252574	0.00000000	0.00000000	-0.02693057
37.13502573	0.00000000	0.00000000	-0.02692875
37.13752572	0.00000000	0.00000000	-0.02692694
37.14002572	0.00000000	0.00000000	-0.02692513
37.14252571	0.00000000	0.00000000	-0.02692332
37.14502571	0.00000000	0.00000000	-0.02692151
37.14752570	0.00000000	0.00000000	-0.02691969
37.15002570	0.00000000	0.00000000	-0.02691788
37.15252570	0.00000000	0.00000000	-0.02691607
37.15502569	0.00000000	0.00000000	-0.02691426
37.15752568	0.00000000	0.00000000	-0.02691245
37.16002568	0.00000000	0.00000000	-0.02691064
37.16252567	0.00000000	0.00000000	-0.02690883
37.16502567	0.00000000	0.00000000	-0.02690702
37.16752566	0.00000000	0.00000000	-0.02690521
37.17002566	0.00000000	0.00000000	-0.02690340
37.17252566	0.00000000	0.00000000	-0.02690159
37.17502565	0.00000000	0.00000000	-0.02689978
37.17752564	0.00000000	0.00000000	-0.02689797
37.18002564	0.00000000	0.00000000	-0.02689616
37.18252563	0.00000000	0.00000000	-0.02689435
37.18502563	0.00000000	0.00000000	-0.02689255
37.18752562	0.00000000	0.00000000	-0.02689074
37.19002562	0.00000000	0.00000000	-0.02688893
37.19252562	0.00000000	0.00000000	-0.02688712
37.19502561	0.00000000	0.00000000	-0.02688532
37.19752560	0.00000000	0.00000000	-0.02688351
37.20002560	0.00000000	0.00000000	-0.02688170
37.20252559	0.00000000	0.00000000	-0.02687990
37.20502559	0.00000000	0.00000000	-0.02687809
37.20752558	0.00000000	0.00000000	-0.02687628
37.21002558	0.00000000	0.00000000	-0.02687448
37.21252558	0.00000000	0.00000000	-0.02687267
37.21502557	0.00000000	0.00000000	-0.02687087
37.21752556	0.00000000	0.00000000	-0.02686906
37.22002556	0.00000000	0.00000000	-0.02686726
37.22252555	0.00000000	0.00000000	-0.02686545
37.22502555	0.00000000	0.00000000	-0.02686365
37.22752554	0.00000000	0.00000000	-0.02686184
37.23002554	0.00000000	0.00000000	-0.02686004
37.23252554	0.00000000	0.00000000	-0.02685824
37.23502553	0.00000000	0.00000000	-0.02685643
37.23752552	0.00000000	0.00000000	-0.02685463
37.24002552	0.00000000	0.00000000	-0.02685283
37.24252551	0.00000000	0.00000000	-0.02685103
37.24502551	0.00000000	0.00000000	-0.02684922
37.24752550	0.00000000	0.00000000	-0.02684742
37.25002550	0.00000000	0.00000000	-0.02684562
37.25252550	0.00000000	0.00000000	-0.02684382
37.25502549	0.00000000	0.00000000	-0.02684202
37.25752548	0.00000000	0.00000000	-0.02684022
37.26002548	0.00000000	0.00000000	-0.02683841
37.26252547	0.00000000	0.00000000	-0.02683661
37.26502547	0.00000000	0.00000000	-0.02683481
37.26752546	0.00000000	0.00000000	-0.02683301
37.27002546	0.00000000	0.00000000	-0.02683121
37.27252546	0.00000000	0.00000000	-0.02682941
37.27502545	0.00000000	0.00000000	-0.02682761
37.27752544	0.00000000	0.00000000	-0.02682581
37.28002544	0.00000000	0.00000000	-0.02682402
37.28252543	0.00000000	0.00000000	-0.02682222
37.28502543	0.00000000	0.00000000	-0.02682042
37.28752542	0.00000000	0.00000000	-0.02681862
37.29002542	0.00000000	0.00000000	-0.02681682
37.29252542	0.00000000	0.00000000	-0.02681502
37.29502541	0.00000000	0.00000000	-0.02681323
37.29752540	0.00000000	0.00000000	-0.02681143
37.30002540	0.00000000	0.00000000	-0.02680963
37.30252539	0.00000000	0.00000000	-0.02680784
37.30502539	0.00000000	0.00000000	-0.02680604
37.30752538	0.00000000	0.00000000	-0.02680424
37.31002538	0.00000000	0.00000000	-0.02680245
37.31252537	0.00000000	0.00000000	-0.02680065
37.31502537	0.00000000	0.00000000	-0.02679886
37.31752537	0.00000000	0.00000000	-0.02679706
37.32002536	0.00000000	0.00000000	-0.02679527
37.32252535	0.00000000	0.00000000	-0.02679347
37.32502535	0.00000000	0.00000000	-0.02679168
37.32752534	0.00000000	0.00000000	-0.02678988
37.33002534	0.00000000	0.00000000	-0.02678809
37.33252533	0.00000000	0.00000000	-0.02678629
37.33502533	0.00000000	0.00000000	-0.02678450
37.33752533	0.00000000	0.00000000	-0.02678271
37.34002532	0.00000000	0.00000000	-0.02678091
37.34252531	0.00000000	0.00000000	-0.02677912
37.34502531	0.00000000	0.00000000	-0.02677733
37.34752530	0.00000000	0.00000000	-0.02677554
37.35002530	0.00000000	0.00000000	-0.02677374
37.35252529	0.00000000	0.00000000	-0.02677195
37.35502529	0.00000000	0.00000000	-0.02677016
37.35752529	0.00000000	0.00000000	-0.02676837
37.36002528	0.00000000	0.00000000	-0.02676658
37.36252527	0.00000000	0.00000000	-0.02676479
37.36502527	0.00000000	0.00000000	-0.02676300
37.36752526	0.00000000	0.00000000	-0.02676120
37.37002526	0.00000000	0.00000000	-0.02675941
37.37252525	0.00000000	0.00000000	-0.02675762
37.37502525	0.00000000	0.00000000	-0.02675583
37.37752525	0.00000000	0.00000000	-0.02675405
37.38002524	0.00000000	0.00000000	-0.02675226
37.38252523	0.00000000	0.00000000	-0.02675047
37.38502523	0.00000000	0.00000000	-0.02674868
37.38752522	0.00000000	0.00000000	-0.02674689
37.39002522	0.00000000	0.00000000	-0.02674510
37.39252521	0.00000000	0.00000000	-0.02674331
37.39502521	0.00000000	0.00000000	-0.02674152
37.39752521	0.00000000	0.00000000	-0.02673974
37.40002520	0.00000000	0.00000000	-0.02673795
37.40252519	0.00000000	0.00000000	-0.02673616
37.40502519	0.00000000	0.00000000	-0.02673438
37.40752518	0.00000000	0.00000000	-0.02673259
37.41002518	0.00000000	0.00000000	-0.02673080
37.41252517	0.00000000	0.00000000	-0.02672902
37.41502517	0.00000000	0.00000000	-0.02672723
37.41752517	0.00000000	0.00000000	-0.02672544
37.42002516	0.00000000	0.00000000	-0.02672366
37.42252515	0.00000000	0.00000000	-0.02672187
37.42502515	0.00000000	0.00000000	-0.02672009
37.42752514	0.00000000	0.00000000	-0.02671830
37.43002514	0.00000000	0.00000000	-0.02671652
37.43252513	0.00000000	0.00000000	-0.02671474
37.43502513	0.00000000	0.00000000	-0.02671295
37.43752513	0.00000000	0.00000000	-0.02671117
37.44002512	0.00000000	0.00000000	-0.02670938
37.44252511	0.00000000	0.00000000	-0.02670760
37.44502511	0.00000000	0.00000000	-0.02670582
37.44752510	0.00000000	0.00000000	-0.02670403
37.45002510	0.00000000	0.00000000	-0.02670225
37.45252509	0.00000000	0.00000000	-0.02670047
37.45502509	0.00000000	0.00000000	-0.02669869
37.45752509	0.00000000	0.00000000	-0.02669691
37.46002508	0.00000000	0.00000000	-0.02669512
37.46252507	0.00000000	0.00000000	-0.02669334
37.46502507	0.00000000	0.00000000	-0.02669156
37.46752506	0.00000000	0.00000000	-0.02668978
37.47002506	0.00000000	0.00000000	-0.02668800
37.47252505	0.00000000	0.00000000	-0.02668622
37.47502505	0.00000000	0.00000000	-0.02668444
37.47752505	0.00000000	0.00000000	-0.02668266
37.48002504	0.00000000	0.00000000	-0.02668088
37.48252503	0.00000000	0.00000000	-0.02667910
37.48502503	0.00000000	0.00000000	-0.02667732
37.48752502	0.00000000	0.00000000	-0.02667554
37.49002502	0.00000000	0.00000000	-0.02667376
37.49252501	0.00000000	0.00000000	-0.02667198
37.49502501	0.00000000	0.00000000	-0.02667020
37.49752500	0.00000000	0.00000000	-0.02666843
37.50002500	0.00000000	0.00000000	-0.02666665
37.50252499	0.00000000	0.00000000	-0.02666487
37.50502499	0.00000000	0.00000000	-0.02666309
37.50752498	0.00000000	0.00000000	-0.02666132
37.51002498	0.00000000	0.00000000	-0.02665954
37.51252497	0.00000000	0.00000000	-0.02665776
37.51502497	0.00000000	0.00000000	-0.02665599
37.51752496	0.00000000	0.00000000	-0.02665421
37.52002496	0.00000000	0.00000000	-0.02665243
37.52252496	0.00000000	0.00000000	-0.02665066
37.52502495	0.00000000	0.00000000	-0.02664888
37.52752494	0.00000000	0.00000000	-0.02664711
37.53002494	0.00000000	0.00000000	-0.02664533
37.53252493	0.00000000	0.00000000	-0.02664356
37.53502493	0.00000000	0.00000000	-0.02664178
37.53752492	0.00000000	0.00000000	-0.02664001
37.54002492	0.00000000	0.00000000	-0.02663823
37.54252492	0.00000000	0.00000000	-0.02663646
37.54502491	0.00000000	0.00000000	-0.02663469
37.54752490	0.00000000	0.00000000	-0.02663291
37.55002490	0.00000000	0.00000000	-0.02663114
37.55252489	0.00000000	0.00000000	-0.02662937
37.55502489	0.00000000	0.00000000	-0.02662760
37.55752488	0.00000000	0.00000000	-0.02662582
37.56002488	0.00000000	0.00000000	-0.02662405
37.56252488	0.00000000	0.00000000	-0.02662228
37.56502487	0.00000000	0.00000000	-0.02662051
37.56752486	0.00000000	0.00000000	-0.02661874
37.57002486	0.00000000	0.00000000	-0.02661696
37.57252485	0.00000000	0.00000000	-0.02661519
37.57502485	0.00000000	0.00000000	-0.02661342
37.57752484	0.00000000	0.00000000	-0.02661165
37.58002484	0.00000000	0.00000000	-0.02660988
37.58252484	0.00000000	0.00000000	-0.02660811
37.58502483	0.00000000	0.00000000	-0.02660634
37.58752482	0.00000000	0.00000000	-0.02660457
37.59002482	0.00000000	0.00000000	-0.02660280
37.59252481	0.00000000	0.00000000	-0.02660103
37.59502481	0.00000000	0.00000000	-0.02659926
37.59752480	0.00000000	0.00000000	-0.02659750
37.60002480	0.00000000	0.00000000	-0.02659573
37.60252480	0.00000000	0.00000000	-0.02659396
37.60502479	0.00000000	0.00000000	-0.02659219
37.60752478	0.00000000	0.00000000	-0.02659042
37.61002478	0.00000000	0.00000000	-0.02658866
37.61252477	0.00000000	0.00000000	-0.02658689
37.61502477	0.00000000	0.00000000	-0.02658512
37.61752476	0.00000000	0.00000000	-0.02658335
37.62002476	0.00000000	0.00000000	-0.02658159
37.62252476	0.00000000	0.00000000	-0.02657982
37.62502475	0.00000000	0.00000000	-0.02657806
37.62752474	0.00000000	0.00000000	-0.02657629
37.63002474	0.00000000	0.00000000	-0.02657452
37.63252473	0.00000000	0.00000000	-0.02657276
37.63502473	0.00000000	0.00000000	-0.02657099
37.63752472	0.00000000	0.00000000	-0.02656923
37.64002472	0.00000000	0.00000000	-0.02656746
37.64252472	0.00000000	0.00000000	-0.02656570
37.64502471	0.00000000	0.00000000	-0.02656394
37.64752470	0.00000000	0.00000000	-0.02656217
37.65002470	0.00000000	0.00000000	-0.02656041
37.65252469	0.00000000	0.00000000	-0.02655864
37.65502469	0.00000000	0.00000000	-0.02655688
37.65752468	0.00000000	0.00000000	-0.02655512
37.66002468	0.00000000	0.00000000	-0.02655335
37.66252468	0.00000000	0.00000000	-0.02655159
37.66502467	0.00000000	0.00000000	-0.02654983
37.66752466	0.00000000	0.00000000	-0.02654807
37.67002466	0.00000000	0.00000000	-0.02654631
37.67252465	0.00000000	0.00000000	-0.02654454
37.67502465	0.00000000	0.00000000	-0.02654278
37.67752464	0.00000000	0.00000000	-0.02654102
37.68002464	0.00000000	0.00000000	-0.02653926
37.68252464	0.00000000	0.00000000	-0.02653750
37.68502463	0.00000000	0.00000000	-0.02653574
37.68752462	0.00000000	0.00000000	-0.02653398
37.69002462	0.00000000	0.00000000	-0.02653222
37.69252461	0.00000000	0.00000000	-0.02653046
37.69502461	0.00000000	0.00000000	-0.02652870
37.69752460	0.00000000	0.00000000	-0.02652694
37.70002460	0.00000000	0.00000000	-0.02652518
37.70252459	0.00000000	0.00000000	-0.02652342
37.70502459	0.00000000	0.00000000	-0.02652166
37.70752458	0.00000000	0.00000000	-0.02651991
37.71002458	0.00000000	0.00000000	-0.02651815
37.71252457	0.00000000	0.00000000	-0.02651639
37.71502457	0.00000000	0.00000000	-0.02651463
37.71752456	0.00000000	0.00000000	-0.02651287
37.72002456	0.00000000	0.00000000	-0.02651112
37.72252455	0.00000000	0.00000000	-0.02650936
37.72502455	0.00000000	0.00000000	-0.02650760
37.72752455	0.00000000	0.00000000	-0.02650585
37.73002454	0.00000000	0.00000000	-0.02650409
37.73252453	0.00000000	0.00000000	-0.02650233
37.73502453	0.00000000	0.00000000	-0.02650058
37.73752452	0.00000000	0.00000000	-0.02649882
37.74002452	0.00000000	0.00000000	-0.02649707
37.74252451	0.00000000	0.00000000	-0.02649531
37.74502451	0.00000000	0.00000000	-0.02649356
37.74752451	0.00000000	0.00000000	-0.02649180
37.75002450	0.00000000	0.00000000	-0.02649005
37.75252449	0.00000000	0.00000000	-0.02648829
37.75502449	0.00000000	0.00000000	-0.02648654
37.75752448	0.00000000	0.00000000	-0.02648479
37.76002448	0.00000000	0.00000000	-0.02648303
37.76252447	0.00000000	0.00000000	-0.02648128
37.76502447	0.00000000	0.00000000	-0.02647953
37.76752447	0.00000000	0.00000000	-0.02647777
37.77002446	0.00000000	0.00000000	-0.02647602
37.77252445	0.00000000	0.00000000	-0.02647427
37.77502445	0.00000000	0.00000000	-0.02647252
37.77752444	0.00000000	0.00000000	-0.02647077
37.78002444	0.00000000	0.00000000	-0.02646901
37.78252443	0.00000000	0.00000000	-0.02646726
37.78502443	0.00000000	0.00000000	-0.02646551
37.78752443	0.00000000	0.00000000	-0.02646376
37.79002442	0.00000000	0.00000000	-0.02646201
37.79252441	0.00000000	0.00000000	-0.02646026
37.79502441	0.00000000	0.00000000	-0.02645851
37.79752440	0.00000000	0.00000000	-0.02645676
37.80002440	0.00000000	0.00000000	-0.02645501
37.80252439	0.00000000	0.00000000	-0.02645326
37.80502439	0.00000000	0.00000000	-0.02645151
37.80752439	0.00000000	0.00000000	-0.02644976
37.81002438	0.00000000	0.00000000	-0.02644801
37.81252437	0.00000000	0.00000000	-0.02644626
37.81502437	0.00000000	0.00000000	-0.02644452
37.81752436	0.00000000	0.00000000	-0.02644277
37.82002436	0.00000000	0.00000000	-0.02644102
37.82252435	0.00000000	0.00000000	-0.02643927
37.82502435	0.00000000	0.00000000	-0.02643752
37.82752435	0.00000000	0.00000000	-0.02643578
37.83002434	0.00000000	0.00000000	-0.02643403
37.83252433	0.00000000	0.00000000	-0.02643228
37.83502433	0.00000000	0.00000000	-0.02643054
37.83752432	0.00000000	0.00000000	-0.02642879
37.84002432	0.00000000	0.00000000	-0.02642704
37.84252431	0.00000000	0.00000000	-0.02642530
37.84502431	0.00000000	0.00000000	-0.02642355
37.84752431	0.00000000	0.00000000	-0.02642181
37.85002430	0.00000000	0.00000000	-0.02642006
37.85252429	0.00000000	0.00000000	-0.02641832
37.85502429	0.00000000	0.00000000	-0.02641657
37.85752428	0.00000000	0.00000000	-0.02641483
37.86002428	0.00000000	0.00000000	-0.02641308
37.86252427	0.00000000	0.00000000	-0.02641134
37.86502427	0.00000000	0.00000000	-0.02640960
37.86752427	0.00000000	0.00000000	-0.02640785
37.87002426	0.00000000	0.00000000	-0.02640611
37.87252425	0.00000000	0.00000000	-0.02640437
37.87502425	0.00000000	0.00000000	-0.02640262
37.87752424	0.00000000	0.00000000	-0.02640088
37.88002424	0.00000000	0.00000000	-0.02639914
37.88252423	0.00000000	0.00000000	-0.02639740
37.88502423	0.00000000	0.00000000	-0.02639565
37.88752422	0.00000000	0.00000000	-0.02639391
37.89002422	0.00000000	0.00000000	-0.02639217
37.89252421	0.00000000	0.00000000	-0.02639043
37.89502421	0.00000000	0.00000000	-0.02638869
37.89752420	0.00000000	0.00000000	-0.02638695
37.90002420	0.00000000	0.00000000	-0.02638521
37.90252419	0.00000000	0.00000000	-0.02638347
37.90502419	0.00000000	0.00000000	-0.02638173
37.90752418	0.00000000	0.00000000	-0.02637999
37.91002418	0.00000000	0.00000000	-0.02637825
37.91252418	0.00000000	0.00000000	-0.02637651
37.91502417	0.00000000	0.00000000	-0.02637477
37.91752416	0.00000000	0.00000000	-0.02637303
37.92002416	0.00000000	0.00000000	-0.02637129
37.92252415	0.00000000	0.00000000	-0.02636955
37.92502415	0.00000000	0.00000000	-0.02636781
37.92752414	0.00000000	0.00000000	-0.02636608
37.93002414	0.00000000	0.00000000	-0.02636434
37.93252414	0.00000000	0.00000000	-0.02636260
37.93502413	0.00000000	0.00000000	-0.02636086
37.93752412	0.00000000	0.00000000	-0.02635913
37.94002412	0.00000000	0.00000000	-0.02635739
37.94252411	0.00000000	0.00000000	-0.02635565
37.94502411	0.00000000	0.00000000	-0.02635392
37.94752410	0.00000000	0.00000000	-0.02635218
37.95002410	0.00000000	0.00000000	-0.02635044
37.95252410	0.00000000	0.00000000	-0.02634871
37.95502409	0.00000000	0.00000000	-0.02634697
37.95752408	0.00000000	0.00000000	-0.02634524
37.96002408	0.00000000	0.00000000	-0.02634350
37.96252407	0.00000000	0.00000000	-0.02634177
37.96502407	0.00000000	0.00000000	-0.02634003
37.96752406	0.00000000	0.00000000	-0.02633830
37.97002406	0.00000000	0.00000000	-0.02633656
37.97252406	0.00000000	0.00000000	-0.02633483
37.97502405	0.00000000	0.00000000	-0.02633310
37.97752404	0.00000000	0.00000000	-0.02633136
37.98002404	0.00000000	0.00000000	-0.02632963
37.98252403	0.00000000	0.00000000	-0.02632790
37.98502403	0.00000000	0.00000000	-0.02632616
37.98752402	0.00000000	0.00000000	-0.02632443
37.99002402	0.00000000	0.00000000	-0.02632270
37.99252402	0.00000000	0.00000000	-0.02632097
37.99502401	0.00000000	0.00000000	-0.02631924
37.99752400	0.00000000	0.00000000	-0.02631750
38.00002400	0.00000000	0.00000000	-0.02631577
38.00252399	0.00000000	0.00000000	-0.02631404
38.00502399	0.00000000	0.00000000	-0.02631231
38.00752398	0.00000000	0.00000000	-0.02631058
38.01002398	0.00000000	0.00000000	-0.02630885
38.01252398	0.00000000	0.00000000	-0.02630712
38.01502397	0.00000000	0.00000000	-0.02630539
38.01752396	0.00000000	0.00000000	-0.02630366
38.02002396	0.00000000	0.00000000	-0.02630193
38.02252395	0.00000000	0.00000000	-0.02630020
38.02502395	0.00000000	0.00000000	-0.02629847
38.02752394	0.00000000	0.00000000	-0.02629674
38.03002394	0.00000000	0.00000000	-0.02629501
38.03252394	0.00000000	0.00000000	-0.02629329
38.03502393	0.00000000	0.00000000	-0.02629156
38.03752392	0.00000000	0.00000000	-0.02628983
38.04002392	0.00000000	0.00000000	-0.02628810
38.04252391	0.00000000	0.00000000	-0.02628637
38.04502391	0.00000000	0.00000000	-0.02628465
38.04752390	0.00000000	0.00000000	-0.02628292
38.05002390	0.00000000	0.00000000	-0.02628119
38.05252390	0.00000000	0.00000000	-0.02627947
38.05502389	0.00000000	0.00000000	-0.02627774
38.05752388	0.00000000	0.00000000	-0.02627601
38.06002388	0.00000000	0.00000000	-0.02627429
38.06252387	0.00000000	0.00000000	-0.02627256
38.06502387	0.00000000	0.00000000	-0.02627084
38.06752386	0.00000000	0.00000000	-0.02626911
38.07002386	0.00000000	0.00000000	-0.02626739
38.07252386	0.00000000	0.00000000	-0.02626566
38.07502385	0.00000000	0.00000000	-0.02626394
38.07752384	0.00000000	0.00000000	-0.02626221
38.08002384	0.00000000	0.00000000	-0.02626049
38.08252383	0.00000000	0.00000000	-0.02625876
38.08502383	0.00000000	0.00000000	-0.02625704
38.08752382	0.00000000	0.00000000	-0.02625532
38.09002382	0.00000000	0.00000000	-0.02625359
38.09252381	0.00000000	0.00000000	-0.02625187
38.09502381	0.00000000	0.00000000	-0.02625015
38.09752380	0.00000000	0.00000000	-0.02624843
38.10002380	0.00000000	0.00000000	-0.02624670
38.10252379	0.00000000	0.00000000	-0.02624498
38.10502379	0.00000000	0.00000000	-0.02624326
38.10752378	0.00000000	0.00000000	-0.02624154
38.11002378	0.00000000	0.00000000	-0.02623982
38.11252377	0.00000000	0.00000000	-0.02623809
38.11502377	0.00000000	0.00000000	-0.02623637
38.11752377	0.00000000	0.00000000	-0.02623465
38.12002376	0.00000000	0.00000000	-0.02623293
38.12252375	0.00000000	0.00000000	-0.02623121
38.12502375	0.00000000	0.00000000	-0.02622949
38.12752374	0.00000000	0.00000000	-0.02622777
38.13002374	0.00000000	0.00000000	-0.02622605
38.13252373	0.00000000	0.00000000	-0.02622433
38.13502373	0.00000000	0.00000000	-0.02622261
38.13752373	0.00000000	0.00000000	-0.02622089
38.14002372	0.00000000	0.00000000	-0.02621918
38.14252371	0.00000000	0.00000000	-0.02621746
38.14502371	0.00000000	0.00000000	-0.02621574
38.14752370	0.00000000	0.00000000	-0.02621402
38.15002370	0.00000000	0.00000000	-0.02621230
38.15252369	0.00000000	0.00000000	-0.02621059
38.15502369	0.00000000	0.00000000	-0.02620887
38.15752369	0.00000000	0.00000000	-0.02620715
38.16002368	0.00000000	0.00000000	-0.02620543
38.16252367	0.00000000	0.00000000	-0.02620372
38.16502367	0.00000000	0.00000000	-0.02620200
38.16752366	0.00000000	0.00000000	-0.02620029
38.17002366	0.00000000	0.00000000	-0.02619857
38.17252365	0.00000000	0.00000000	-0.02619685
38.17502365	0.00000000	0.00000000	-0.02619514
38.17752365	0.00000000	0.00000000	-0.02619342
38.18002364	0.00000000	0.00000000	-0.02619171
38.18252363	0.00000000	0.00000000	-0.02618999
38.18502363	0.00000000	0.00000000	-0.02618828
38.18752362	0.00000000	0.00000000	-0.02618656
38.19002362	0.00000000	0.00000000	-0.02618485
38.19252361	0.00000000	0.00000000	-0.02618313
38.19502361	0.00000000	0.00000000	-0.02618142
38.19752361	0.00000000	0.00000000	-0.02617971
38.20002360	0.00000000	0.00000000	-0.02617799
38.20252359	0.00000000	0.00000000	-0.02617628
38.20502359	0.00000000	0.00000000	-0.02617457
38.20752358	0.00000000	0.00000000	-0.02617286
38.21002358	0.00000000	0.00000000	-0.02617114
38.21252357	0.00000000	0.00000000	-0.02616943
38.21502357	0.00000000	0.00000000	-0.02616772
38.21752357	0.00000000	0.00000000	-0.02616601
38.22002356	0.00000000	0.00000000	-0.02616430
38.22252355	0.00000000	0.00000000	-0.02616258
38.22502355	0.00000000	0.00000000	-0.02616087
38.22752354	0.00000000	0.00000000	-0.02615916
38.23002354	0.00000000	0.00000000	-0.02615745
38.23252353	0.00000000	0.00000000	-0.02615574
38.23502353	0.00000000	0.00000000	-0.02615403
38.23752353	0.00000000	0.00000000	-0.02615232
38.24002352	0.00000000	0.00000000	-0.02615061
38.24252351	0.00000000	0.00000000	-0.02614890
38.24502351	0.00000000	0.00000000	-0.02614719
38.24752350	0.00000000	0.00000000	-0.02614548
38.25002350	0.00000000	0.00000000	-0.02614377
38.25252349	0.00000000	0.00000000	-0.02614207
38.25502349	0.00000000	0.00000000	-0.02614036
38.25752349	0.00000000	0.00000000	-0.02613865
38.26002348	0.00000000	0.00000000	-0.02613694
38.26252347	0.00000000	0.00000000	-0.02613523
38.26502347	0.00000000	0.00000000	-0.02613353
38.26752346	0.00000000	0.00000000	-0.02613182
38.27002346	0.00000000	0.00000000	-0.02613011
38.27252345	0.00000000	0.00000000	-0.02612841
38.27502345	0.00000000	0.00000000	-0.02612670
38.27752344	0.00000000	0.00000000	-0.02612499
38.28002344	0.00000000	0.00000000	-0.02612329
38.28252343	0.00000000	0.00000000	-0.02612158
38.28502343	0.00000000	0.00000000	-0.02611987
38.28752342	0.00000000	0.00000000	-0.02611817
38.29002342	0.00000000	0.00000000	-0.02611646
38.29252341	0.00000000	0.00000000	-0.02611476
38.29502341	0.00000000	0.00000000	-0.02611305
38.29752340	0.00000000	0.00000000	-0.02611135
38.30002340	0.00000000	0.00000000	-0.02610964
38.30252340	0.00000000	0.00000000	-0.02610794
38.30502339	0.00000000	0.00000000	-0.02610624
38.30752338	0.00000000	0.00000000	-0.02610453
38.31002338	0.00000000	0.00000000	-0.02610283
38.31252337	0.00000000	0.00000000	-0.02610113
38.31502337	0.00000000	0.00000000	-0.02609942
38.31752336	0.00000000	0.00000000	-0.02609772
38.32002336	0.00000000	0.00000000	-0.02609602
38.32252336	0.00000000	0.00000000	-0.02609432
38.32502335	0.00000000	0.00000000	-0.02609261
38.32752334	0.00000000	0.00000000	-0.02609091
38.33002334	0.00000000	0.00000000	-0.02608921
38.33252333	0.00000000	0.00000000	-0.02608751
38.33502333	0.00000000	0.00000000	-0.02608581
38.33752332	0.00000000	0.00000000	-0.02608411
38.34002332	0.00000000	0.00000000	-0.02608240
38.34252332	0.00000000	0.00000000	-0.02608070
38.34502331	0.00000000	0.00000000	-0.02607900
38.34752330	0.00000000	0.00000000	-0.02607730
38.35002330	0.00000000	0.00000000	-0.02607560
38.35252329	0.00000000	0.00000000	-0.02607390
38.35502329	0.00000000	0.00000000	-0.02607220
38.35752328	0.00000000	0.00000000	-0.02607050
38.36002328	0.00000000	0.00000000	-0.02606881
38.36252328	0.00000000	0.00000000	-0.02606711
38.36502327	0.00000000	0.00000000	-0.02606541
38.36752326	0.00000000	0.00000000	-0.02606371
38.37002326	0.00000000	0.00000000	-0.02606201
38.37252325	0.00000000	0.00000000	-0.02606031
38.37502325	0.00000000	0.00000000	-0.02605862
38.37752324	0.00000000	0.00000000	-0.02605692
38.38002324	0.00000000	0.00000000	-0.02605522
38.38252324	0.00000000	0.00000000	-0.02605352
38.38502323	0.00000000	0.00000000	-0.02605183
38.38752322	0.00000000	0.00000000	-0.02605013
38.39002322	0.00000000	0.00000000	-0.02604843
38.39252321	0.00000000	0.00000000	-0.02604674
38.39502321	0.00000000	0.00000000	-0.02604504
38.39752320	0.00000000	0.00000000	-0.02604335
38.40002320	0.00000000	0.00000000	-0.02604165
38.40252320	0.00000000	0.00000000	-0.02603996
38.40502319	0.00000000	0.00000000	-0.02603826
38.40752318	0.00000000	0.00000000	-0.02603657
38.41002318	0.00000000	0.00000000	-0.02603487
38.41252317	0.00000000	0.00000000	-0.02603318
38.41502317	0.00000000	0.00000000	-0.02603148
38.41752316	0.00000000	0.00000000	-0.02602979
38.42002316	0.00000000	0.00000000	-0.02602809
38.42252316	0.00000000	0.00000000	-0.02602640
38.42502315	0.00000000	0.00000000	-0.02602471
38.42752314	0.00000000	0.00000000	-0.02602301
38.43002314	0.00000000	0.00000000	-0.02602132
38.43252313	0.00000000	0.00000000	-0.02601963
38.43502313	0.00000000	0.00000000	-0.02601794
38.43752312	0.00000000	0.00000000	-0.02601624
38.44002312	0.00000000	0.00000000	-0.02601455
38.44252312	0.00000000	0.00000000	-0.02601286
38.44502311	0.00000000	0.00000000	-0.02601117
38.44752310	0.00000000	0.00000000	-0.02600948
38.45002310	0.00000000	0.00000000	-0.02600779
38.45252309	0.00000000	0.00000000	-0.02600610
38.45502309	0.00000000	0.00000000	-0.02600441
38.45752308	0.00000000	0.00000000	-0.02600271
38.46002308	0.00000000	0.00000000	-0.02600102
38.46252308	0.00000000	0.00000000	-0.02599933
38.46502307	0.00000000	0.00000000	-0.02599764
38.46752306	0.00000000	0.00000000	-0.02599596
38.47002306	0.00000000	0.00000000	-0.02599427
38.47252305	0.00000000	0.00000000	-0.02599258
38.47502305	0.00000000	0.00000000	-0.02599089
38.47752304	0.00000000	0.00000000	-0.02598920
38.48002304	0.00000000	0.00000000	-0.02598751
38.48252303	0.00000000	0.00000000	-0.02598582
38.48502303	0.00000000	0.00000000	-0.02598413
38.48752302	0.00000000	0.00000000	-0.02598245
38.49002302	0.00000000	0.00000000	-0.02598076
38.49252301	0.00000000	0.00000000	-0.02597907
38.49502301	0.00000000	0.00000000	-0.02597738
38.49752300	0.00000000	0.00000000	-0.02597570
38.50002300	0.00000000	0.00000000	-0.02597401
38.50252299	0.00000000	0.00000000	-0.02597232
38.50502299	0.00000000	0.00000000	-0.02597064
38.50752299	0.00000000	0.00000000	-0.02596895
38.51002298	0.00000000	0.00000000	-0.02596727
38.51252297	0.00000000	0.00000000	-0.02596558
38.51502297	0.00000000	0.00000000	-0.02596389
38.51752296	0.00000000	0.00000000	-0.02596221
38.52002296	0.00000000	0.00000000	-0.02596052
38.52252295	0.00000000	0.00000000	-0.02595884
38.52502295	0.00000000	0.00000000	-0.02595716
38.52752295	0.00000000	0.00000000	-0.02595547
38.53002294	0.00000000	0.00000000	-0.02595379
38.53252293	0.00000000	0.00000000	-0.02595210
38.53502293	0.00000000	0.00000000	-0.02595042
38.53752292	0.00000000	0.00000000	-0.02594874
38.54002292	0.00000000	0.00000000	-0.02594705
38.54252291	0.00000000	0.00000000	-0.02594537
38.54502291	0.00000000	0.00000000	-0.02594369
38.54752291	0.00000000	0.00000000	-0.02594200
38.55002290	0.00000000	0.00000000	-0.02594032
38.55252289	0.00000000	0.00000000	-0.02593864
38.55502289	0.00000000	0.00000000	-0.02593696
38.55752288	0.00000000	0.00000000	-0.02593528
38.56002288	0.00000000	0.00000000	-0.02593359
38.56252287	0.00000000	0.00000000	-0.02593191
38.56502287	0.00000000	0.00000000	-0.02593023
38.56752287	0.00000000	0.00000000	-0.02592855
38.57002286	0.00000000	0.00000000	-0.02592687
38.57252285	0.00000000	0.00000000	-0.02592519
38.57502285	0.00000000	0.00000000	-0.02592351
38.57752284	0.00000000	0.00000000	-0.02592183
38.58002284	0.00000000	0.00000000	-0.02592015
38.58252283	0.00000000	0.00000000	-0.02591847
38.58502283	0.00000000	0.00000000	-0.02591679
38.58752283	0.00000000	0.00000000	-0.02591511
38.59002282	0.00000000	0.00000000	-0.02591343
38.59252281	0.00000000	0.00000000	-0.02591176
38.59502281	0.00000000	0.00000000	-0.02591008
38.59752280	0.00000000	0.00000000	-0.02590840
38.60002280	0.00000000	0.00000000	-0.02590672
38.60252279	0.00000000	0.00000000	-0.02590504
38.60502279	0.00000000	0.00000000	-0.02590337
38.60752279	0.00000000	0.00000000	-0.02590169
38.61002278	0.00000000	0.00000000	-0.02590001
38.61252277	0.00000000	0.00000000	-0.02589833
38.61502277	0.00000000	0.00000000	-0.02589666
38.61752276	0.00000000	0.00000000	-0.02589498
38.62002276	0.00000000	0.00000000	-0.02589330
38.62252275	0.00000000	0.00000000	-0.02589163
38.62502275	0.00000000	0.00000000	-0.02588995
38.62752275	0.00000000	0.00000000	-0.02588828
38.63002274	0.00000000	0.00000000	-0.02588660
38.63252273	0.00000000	0.00000000	-0.02588493
38.63502273	0.00000000	0.00000000	-0.02588325
38.63752272	0.00000000	0.00000000	-0.02588158
38.64002272	0.00000000	0.00000000	-0.02587990
38.64252271	0.00000000	0.00000000	-0.02587823
38.64502271	0.00000000	0.00000000	-0.02587655
38.64752271	0.00000000	0.00000000	-0.02587488
38.65002270	0.00000000	0.00000000	-0.02587321
38.65252269	0.00000000	0.00000000	-0.02587153
38.65502269	0.00000000	0.00000000	-0.02586986
38.65752268	0.00000000	0.00000000	-0.02586819
38.66002268	0.00000000	0.00000000	-0.02586651
38.66252267	0.00000000	0.00000000	-0.02586484
38.66502267	0.00000000	0.00000000	-0.02586317
38.66752266	0.00000000	0.00000000	-0.02586150
38.67002266	0.00000000	0.00000000	-0.02585982
38.67252265	0.00000000	0.00000000	-0.02585815
38.67502265	0.00000000	0.00000000	-0.02585648
38.67752264	0.00000000	0.00000000	-0.02585481
38.68002264	0.00000000	0.00000000	-0.02585314
38.68252263	0.00000000	0.00000000	-0.02585147
38.68502263	0.00000000	0.00000000	-0.02584980
38.68752262	0.00000000	0.00000000	-0.02584813
38.69002262	0.00000000	0.00000000	-0.02584646
38.69252261	0.00000000	0.00000000	-0.02584479
38.69502261	0.00000000	0.00000000	-0.02584312
38.69752260	0.00000000	0.00000000	-0.02584145
38.70002260	0.00000000	0.00000000	-0.02583978
38.70252259	0.00000000	0.00000000	-0.02583811
38.70502259	0.00000000	0.00000000	-0.02583644
38.70752258	0.00000000	0.00000000	-0.02583477
38.71002258	0.00000000	0.00000000	-0.02583310
38.71252258	0.00000000	0.00000000	-0.02583143
38.71502257	0.00000000	0.00000000	-0.02582977
38.71752256	0.00000000	0.00000000	-0.02582810
38.72002256	0.00000000	0.00000000	-0.02582643
38.72252255	0.00000000	0.00000000	-0.02582476
38.72502255	0.00000000	0.00000000	-0.02582310
38.72752254	0.00000000	0.00000000	-0.02582143
38.73002254	0.00000000	0.00000000	-0.02581976
38.73252254	0.00000000	0.00000000	-0.02581810
38.73502253	0.00000000	0.00000000	-0.02581643
38.73752252	0.00000000	0.00000000	-0.02581476
38.74002252	0.00000000	0.00000000	-0.02581310
38.74252251	0.00000000	0.00000000	-0.02581143
38.74502251	0.00000000	0.00000000	-0.02580977
38.74752250	0.00000000	0.00000000	-0.02580810
38.75002250	0.00000000	0.00000000	-0.02580644
38.75252250	0.00000000	0.00000000	-0.02580477
38.75502249	0.00000000	0.00000000	-0.02580311
38.75752248	0.00000000	0.00000000	-0.02580144
38.76002248	0.00000000	0.00000000	-0.02579978
38.76252247	0.00000000	0.00000000	-0.02579811
38.76502247	0.00000000	0.00000000	-0.02579645
38.76752246	0.00000000	0.00000000	-0.02579479
38.77002246	0.00000000	0.00000000	-0.02579312
38.77252246	0.00000000	0.00000000	-0.02579146
38.77502245	0.00000000	0.00000000	-0.02578980
38.77752244	0.00000000	0.00000000	-0.02578814
38.78002244	0.00000000	0.00000000	-0.02578647
38.78252243	0.00000000	0.00000000	-0.02578481
38.78502243	0.00000000	0.00000000	-0.02578315
38.78752242	0.00000000	0.00000000	-0.02578149
38.79002242	0.00000000	0.00000000	-0.02577983
38.79252242	0.00000000	0.00000000	-0.02577816
38.79502241	0.00000000	0.00000000	-0.02577650
38.79752240	0.00000000	0.00000000	-0.02577484
38.80002240	0.00000000	0.00000000	-0.02577318
38.80252239	0.00000000	0.00000000	-0.02577152
38.80502239	0.00000000	0.00000000	-0.02576986
38.80752238	0.00000000	0.00000000	-0.02576820
38.81002238	0.00000000	0.00000000	-0.02576654
38.81252238	0.00000000	0.00000000	-0.02576488
38.81502237	0.00000000	0.00000000	-0.02576322
38.81752236	0.00000000	0.00000000	-0.02576156
38.82002236	0.00000000	0.00000000	-0.02575990
38.82252235	0.00000000	0.00000000	-0.02575824
38.82502235	0.00000000	0.00000000	-0.02575659
38.82752234	0.00000000	0.00000000	-0.02575493
38.83002234	0.00000000	0.00000000	-0.02575327
38.83252234	0.00000000	0.00000000	-0.02575161
38.83502233	0.00000000	0.00000000	-0.02574995
38.83752232	0.00000000	0.00000000	-0.02574830
38.84002232	0.00000000	0.00000000	-0.02574664
38.84252231	0.00000000	0.00000000	-0.02574498
38.84502231	0.00000000	0.00000000	-0.02574332
38.84752230	0.00000000	0.00000000	-0.02574167
38.85002230	0.00000000	0.00000000	-0.02574001
38.85252229	0.00000000	0.00000000	-0.02573835
38.85502229	0.00000000	0.00000000	-0.02573670
38.85752228	0.00000000	0.00000000	-0.02573504
38.86002228	0.00000000	0.00000000	-0.02573339
38.86252227	0.00000000	0.00000000	-0.02573173
38.86502227	0.00000000	0.00000000	-0.02573008
38.86752226	0.00000000	0.00000000	-0.02572842
38.87002226	0.00000000	0.00000000	-0.02572677
38.87252225	0.00000000	0.00000000	-0.02572511
38.87502225	0.00000000	0.00000000	-0.02572346
38.87752224	0.00000000	0.00000000	-0.02572180
38.88002224	0.00000000	0.00000000	-0.02572015
38.88252223	0.00000000	0.00000000	-0.02571850
38.88502223	0.00000000	0.00000000	-0.02571684
38.88752222	0.00000000	0.00000000	-0.02571519
38.89002222	0.00000000	0.00000000	-0.02571354
38.89252221	0.00000000	0.00000000	-0.02571188
38.89502221	0.00000000	0.00000000	-0.02571023
38.89752221	0.00000000	0.00000000	-0.02570858
38.90002220	0.00000000	0.00000000	-0.02570693
38.90252219	0.00000000	0.00000000	-0.02570527
38.90502219	0.00000000	0.00000000	-0.02570362
38.90752218	0.00000000	0.00000000	-0.02570197
38.91002218	0.00000000	0.00000000	-0.02570032
38.91252217	0.00000000	0.00000000	-0.02569867
38.91502217	0.00000000	0.00000000	-0.02569702
38.91752217	0.00000000	0.00000000	-0.02569537
38.92002216	0.00000000	0.00000000	-0.02569372
38.92252215	0.00000000	0.00000000	-0.02569207
38.92502215	0.00000000	0.00000000	-0.02569042
38.92752214	0.00000000	0.00000000	-0.02568877
38.93002214	0.00000000	0.00000000	-0.02568712
38.93252213	0.00000000	0.00000000	-0.02568547
38.93502213	0.00000000	0.00000000	-0.02568382
38.93752213	0.00000000	0.00000000	-0.02568217
38.94002212	0.00000000	0.00000000	-0.02568052
38.94252211	0.00000000	0.00000000	-0.02567887
38.94502211	0.00000000	0.00000000	-0.02567722
38.94752210	0.00000000	0.00000000	-0.02567557
38.95002210	0.00000000	0.00000000	-0.02567393
38.95252209	0.00000000	0.00000000	-0.02567228
38.95502209	0.00000000	0.00000000	-0.02567063
38.95752209	0.00000000	0.00000000	-0.02566898
38.96002208	0.00000000	0.00000000	-0.02566734
38.96252207	0.00000000	0.00000000	-0.02566569
38.96502207	0.00000000	0.00000000	-0.02566404
38.96752206	0.00000000	0.00000000	-0.02566240
38.97002206	0.00000000	0.00000000	-0.02566075
38.97252205	0.00000000	0.00000000	-0.02565910
38.97502205	0.00000000	0.00000000	-0.02565746
38.97752205	0.00000000	0.00000000	-0.02565581
38.98002204	0.00000000	0.00000000	-0.02565417
38.98252203	0.00000000	0.00000000	-0.02565252
38.98502203	0.00000000	0.00000000	-0.02565088
38.98752202	0.00000000	0.00000000	-0.02564923
38.99002202	0.00000000	0.00000000	-0.02564759
38.99252201	0.00000000	0.00000000	-0.02564594
38.99502201	0.00000000	0.00000000	-0.02564430
38.99752201	0.00000000	0.00000000	-0.02564265
39.00002200	0.00000000	0.00000000	-0.02564101
39.00252199	0.00000000	0.00000000	-0.02563937
39.00502199	0.00000000	0.00000000	-0.02563772
39.00752198	0.00000000	0.00000000	-0.02563608
39.01002198	0.00000000	0.00000000	-0.02563444
39.01252197	0.00000000	0.00000000	-0.02563280
39.01502197	0.00000000	0.00000000	-0.02563115
39.01752197	0.00000000	0.00000000	-0.02562951
39.02002196	0.00000000	0.00000000	-0.02562787
39.02252195	0.00000000	0.00000000	-0.02562623
39.02502195	0.00000000	0.00000000	-0.02562459
39.02752194	0.00000000	0.00000000	-0.02562294
39.03002194	0.00000000	0.00000000	-0.02562130
39.03252193	0.00000000	0.00000000	-0.02561966
39.03502193	0.00000000	0.00000000	-0.02561802
39.03752193	0.00000000	0.00000000	-0.02561638
39.04002192	0.00000000	0.00000000	-0.02561474
39.04252191	0.00000000	0.00000000	-0.02561310
39.04502191	0.00000000	0.00000000	-0.02561146
39.04752190	0.00000000	0.00000000	-0.02560982
39.05002190	0.00000000	0.00000000	-0.02560818
39.05252189	0.00000000	0.00000000	-0.02560654
39.05502189	0.00000000	0.00000000	-0.02560490
39.05752188	0.00000000	0.00000000	-0.02560326
39.06002188	0.00000000	0.00000000	-0.02560162
39.06252187	0.00000000	0.00000000	-0.02559999
39.06502187	0.00000000	0.00000000	-0.02559835
39.06752186	0.00000000	0.00000000	-0.02559671
39.07002186	0.00000000	0.00000000	-0.02559507
39.07252185	0.00000000	0.00000000	-0.02559343
39.07502185	0.00000000	0.00000000	-0.02559180
39.07752184	0.00000000	0.00000000	-0.02559016
39.08002184	0.00000000	0.00000000	-0.02558852
39.08252183	0.00000000	0.00000000	-0.02558689
39.08502183	0.00000000	0.00000000	-0.02558525
39.08752182	0.00000000	0.00000000	-0.02558361
39.09002182	0.00000000	0.00000000	-0.02558198
39.09252181	0.00000000	0.00000000	-0.02558034
39.09502181	0.00000000	0.00000000	-0.02557870
39.09752180	0.00000000	0.00000000	-0.02557707
39.10002180	0.00000000	0.00000000	-0.02557543
39.10252180	0.00000000	0.00000000	-0.02557380
39.10502179	0.00000000	0.00000000	-0.02557216
39.10752178	0.00000000	0.00000000	-0.02557053
39.11002178	0.00000000	0.00000000	-0.02556889
39.11252177	0.00000000	0.00000000	-0.02556726
39.11502177	0.00000000	0.00000000	-0.02556563
39.11752176	0.00000000	0.00000000	-0.02556399
39.12002176	0.00000000	0.00000000	-0.02556236
39.12252176	0.00000000	0.00000000	-0.02556072
39.12502175	0.00000000	0.00000000	-0.02555909
39.12752174	0.00000000	0.00000000	-0.02555746
39.13002174	0.00000000	0.00000000	-0.02555583
39.13252173	0.00000000	0.00000000	-0.02555419
39.13502173	0.00000000	0.00000000	-0.02555256
39.13752172	0.00000000	0.00000000	-0.02555093
39.14002172	0.00000000	0.00000000	-0.02554930
39.14252172	0.00000000	0.00000000	-0.02554766
39.14502171	0.00000000	0.00000000	-0.02554603
39.14752170	0.00000000	0.00000000	-0.02554440
39.15002170	0.00000000	0.00000000	-0.02554277
39.15252169	0.00000000	0.00000000	-0.02554114
39.15502169	0.00000000	0.00000000	-0.02553951
39.15752168	0.00000000	0.00000000	-0.02553788
39.16002168	0.00000000	0.00000000	-0.02553625
39.16252168	0.00000000	0.00000000	-0.02553462
39.16502167	0.00000000	0.00000000	-0.02553299
39.16752166	0.00000000	0.00000000	-0.02553136
39.17002166	0.00000000	0.00000000	-0.02552973
39.17252165	0.00000000	0.00000000	-0.02552810
39.17502165	0.00000000	0.00000000	-0.02552647
39.17752164	0.00000000	0.00000000	-0.02552484
39.18002164	0.00000000	0.00000000	-0.02552321
39.18252164	0.00000000	0.00000000	-0.02552158
39.18502163	0.00000000	0.00000000	-0.02551996
39.18752162	0.00000000	0.00000000	-0.02551833
39.19002162	0.00000000	0.00000000	-0.02551670
39.19252161	0.00000000	0.00000000	-0.02551507
39.19502161	0.00000000	0.00000000	-0.02551344
39.19752160	0.00000000	0.00000000	-0.02551182
39.20002160	0.00000000	0.00000000	-0.02551019
39.20252160	0.00000000	0.00000000	-0.02550856
39.20502159	0.00000000	0.00000000	-0.02550694
39.20752158	0.00000000	0.00000000	-0.02550531
39.21002158	0.00000000	0.00000000	-0.02550368
39.21252157	0.00000000	0.00000000	-0.02550206
39.21502157	0.00000000	0.00000000	-0.02550043
39.21752156	0.00000000	0.00000000	-0.02549881
39.22002156	0.00000000	0.00000000	-0.02549718
39.22252156	0.00000000	0.00000000	-0.02549556
39.22502155	0.00000000	0.00000000	-0.02549393
39.22752154	0.00000000	0.00000000	-0.02549231
39.23002154	0.00000000	0.00000000	-0.02549068
39.23252153	0.00000000	0.00000000	-0.02548906
39.23502153	0.00000000	0.00000000	-0.02548743
39.23752152	0.00000000	0.00000000	-0.02548581
39.24002152	0.00000000	0.00000000	-0.02548419
39.24252151	0.00000000	0.00000000	-0.02548256
39.24502151	0.00000000	0.00000000	-0.02548094
39.24752150	0.00000000	0.00000000	-0.02547932
39.25002150	0.00000000	0.00000000	-0.02547769
39.25252149	0.00000000	0.00000000	-0.02547607
39.25502149	0.00000000	0.00000000	-0.02547445
39.25752148	0.00000000	0.00000000	-0.02547283
39.26002148	0.00000000	0.00000000	-0.02547120
39.26252147	0.00000000	0.00000000	-0.02546958
39.26502147	0.00000000	0.00000000	-0.02546796
39.26752146	0.00000000	0.00000000	-0.02546634
39.27002146	0.00000000	0.00000000	-0.02546472
39.27252145	0.00000000	0.00000000	-0.02546310
39.27502145	0.00000000	0.00000000	-0.02546148
39.27752144	0.00000000	0.00000000	-0.02545985
39.28002144	0.00000000	0.00000000	-0.02545823
39.28252143	0.00000000	0.00000000	-0.02545661
39.28502143	0.00000000	0.00000000	-0.02545499
39.28752143	0.00000000	0.00000000	-0.02545337
39.29002142	0.00000000	0.00000000	-0.02545176
39.29252141	0.00000000	0.00000000	-0.02545014
39.29502141	0.00000000	0.00000000	-0.02544852
39.29752140	0.00000000	0.00000000	-0.02544690
39.30002140	0.00000000	0.00000000	-0.02544528
39.30252139	0.00000000	0.00000000	-0.02544366
39.30502139	0.00000000	0.00000000	-0.02544204
39.30752139	0.00000000	0.00000000	-0.02544042
39.31002138	0.00000000	0.00000000	-0.02543881
39.31252137	0.00000000	0.00000000	-0.02543719
39.31502137	0.00000000	0.00000000	-0.02543557
39.31752136	0.00000000	0.00000000	-0.02543395
39.32002136	0.00000000	0.00000000	-0.02543234
39.32252135	0.00000000	0.00000000	-0.02543072
39.32502135	0.00000000	0.00000000	-0.02542910
39.32752135	0.00000000	0.00000000	-0.02542749
39.33002134	0.00000000	0.00000000	-0.02542587
39.33252133	0.00000000	0.00000000	-0.02542425
39.33502133	0.00000000	0.00000000	-0.02542264
39.33752132	0.00000000	0.00000000	-0.02542102
39.34002132	0.00000000	0.00000000	-0.02541941
39.34252131	0.00000000	0.00000000	-0.02541779
39.34502131	0.00000000	0.00000000	-0.02541618
39.34752131	0.00000000	0.00000000	-0.02541456
39.35002130	0.00000000	0.00000000	-0.02541295
39.35252129	0.00000000	0.00000000	-0.02541133
39.35502129	0.00000000	0.00000000	-0.02540972
39.35752128	0.00000000	0.00000000	-0.02540810
39.36002128	0.00000000	0.00000000	-0.02540649
39.36252127	0.00000000	0.00000000	-0.02540488
39.36502127	0.00000000	0.00000000	-0.02540326
39.36752127	0.00000000	0.00000000	-0.02540165
39.37002126	0.00000000	0.00000000	-0.02540004
39.37252125	0.00000000	0.00000000	-0.02539842
39.37502125	0.00000000	0.00000000	-0.02539681
39.37752124	0.00000000	0.00000000	-0.02539520
39.38002124	0.00000000	0.00000000	-0.02539359
39.38252123	0.00000000	0.00000000	-0.02539198
39.38502123	0.00000000	0.00000000	-0.02539036
39.38752123	0.00000000	0.00000000	-0.02538875
39.39002122	0.00000000	0.00000000	-0.02538714
39.39252121	0.00000000	0.00000000	-0.02538553
39.39502121	0.00000000	0.00000000	-0.02538392
39.39752120	0.00000000	0.00000000	-0.02538231
39.40002120	0.00000000	0.00000000	-0.02538070
39.40252119	0.00000000	0.00000000	-0.02537909
39.40502119	0.00000000	0.00000000	-0.02537748
39.40752119	0.00000000	0.00000000	-0.02537587
39.41002118	0.00000000	0.00000000	-0.02537426
39.41252117	0.00000000	0.00000000	-0.02537265
39.41502117	0.00000000	0.00000000	-0.02537104
39.41752116	0.00000000	0.00000000	-0.02536943
39.42002116	0.00000000	0.00000000	-0.02536782
39.42252115	0.00000000	0.00000000	-0.02536621
39.42502115	0.00000000	0.00000000	-0.02536460
39.42752115	0.00000000	0.00000000	-0.02536299
39.43002114	0.00000000	0.00000000	-0.02536139
39.43252113	0.00000000	0.00000000	-0.02535978
39.43502113	0.00000000	0.00000000	-0.02535817
39.43752112	0.00000000	0.00000000	-0.02535656
39.44002112	0.00000000	0.00000000	-0.02535496
39.44252111	0.00000000	0.00000000	-0.02535335
39.44502111	0.00000000	0.00000000	-0.02535174
39.44752110	0.00000000	0.00000000	-0.02535014
39.45002110	0.00000000	0.00000000	-0.02534853
39.45252109	0.00000000	0.00000000	-0.02534692
39.45502109	0.00000000	0.00000000	-0.02534532
39.45752108	0.00000000	0.00000000	-0.02534371
39.46002108	0.00000000	0.00000000	-0.02534211
39.46252107	0.00000000	0.00000000	-0.02534050
39.46502107	0.00000000	0.00000000	-0.02533889
39.46752106	0.00000000	0.00000000	-0.02533729
39.47002106	0.00000000	0.00000000	-0.02533568
39.47252105	0.00000000	0.00000000	-0.02533408
39.47502105	0.00000000	0.00000000	-0.02533248
39.47752104	0.00000000	0.00000000	-0.02533087
39.48002104	0.00000000	0.00000000	-0.02532927
39.48252103	0.00000000	0.00000000	-0.02532766
39.48502103	0.00000000	0.00000000	-0.02532606
39.48752102	0.00000000	0.00000000	-0.02532446
39.49002102	0.00000000	0.00000000	-0.02532285
39.49252102	0.00000000	0.00000000	-0.02532125
39.49502101	0.00000000	0.00000000	-0.02531965
39.49752100	0.00000000	0.00000000	-0.02531804
39.50002100	0.00000000	0.00000000	-0.02531644
39.50252099	0.00000000	0.00000000	-0.02531484
39.50502099	0.00000000	0.00000000	-0.02531324
39.50752098	0.00000000	0.00000000	-0.02531164
39.51002098	0.00000000	0.00000000	-0.02531003
39.51252098	0.00000000	0.00000000	-0.02530843
39.51502097	0.00000000	0.00000000	-0.02530683
39.51752096	0.00000000	0.00000000	-0.02530523
39.52002096	0.00000000	0.00000000	-0.02530363
39.52252095	0.00000000	0.00000000	-0.02530203
39.52502095	0.00000000	0.00000000	-0.02530043
39.52752094	0.00000000	0.00000000	-0.02529883
39.53002094	0.00000000	0.00000000	-0.02529723
39.53252094	0.00000000	0.00000000	-0.02529563
39.53502093	0.00000000	0.00000000	-0.02529403
39.53752092	0.00000000	0.00000000	-0.02529243
39.54002092	0.00000000	0.00000000	-0.02529083
39.54252091	0.00000000	0.00000000	-0.02528923
39.54502091	0.00000000	0.00000000	-0.02528763
39.54752090	0.00000000	0.00000000	-0.02528604
39.55002090	0.00000000	0.00000000	-0.02528444
39.55252090	0.00000000	0.00000000	-0.02528284
39.55502089	0.00000000	0.00000000	-0.02528124
39.55752088	0.00000000	0.00000000	-0.02527964
39.56002088	0.00000000	0.00000000	-0.02527805
39.56252087	0.00000000	0.00000000	-0.02527645
39.56502087	0.00000000	0.00000000	-0.02527485
39.56752086	0.00000000	0.00000000	-0.02527325
39.57002086	0.00000000	0.00000000	-0.02527166
39.57252086	0.00000000	0.00000000	-0.02527006
39.57502085	0.00000000	0.00000000	-0.02526846
39.57752084	0.00000000	0.00000000	-0.02526687
39.58002084	0.00000000	0.00000000	-0.02526527
39.58252083	0.00000000	0.00000000	-0.02526368
39.58502083	0.00000000	0.00000000	-0.02526208
39.58752082	0.00000000	0.00000000	-0.02526049
39.59002082	0.00000000	0.00000000	-0.02525889
39.59252082	0.00000000	0.00000000	-0.02525730
39.59502081	0.00000000	0.00000000	-0.02525570
39.59752080	0.00000000	0.00000000	-0.02525411
39.60002080	0.00000000	0.00000000	-0.02525251
39.60252079	0.00000000	0.00000000	-0.02525092
39.60502079	0.00000000	0.00000000	-0.02524932
39.60752078	0.00000000	0.00000000	-0.02524773
39.61002078	0.00000000	0.00000000	-0.02524614
39.61252078	0.00000000	0.00000000	-0.02524454
39.61502077	0.00000000	0.00000000	-0.02524295
39.61752076	0.00000000	0.00000000	-0.02524136
39.62002076	0.00000000	0.00000000	-0.02523976
39.62252075	0.00000000	0.00000000	-0.02523817
39.62502075	0.00000000	0.00000000	-0.02523658
39.62752074	0.00000000	0.00000000	-0.02523499
39.63002074	0.00000000	0.00000000	-0.02523340
39.63252073	0.00000000	0.00000000	-0.02523180
39.63502073	0.00000000	0.00000000	-0.02523021
39.63752072	0.00000000	0.00000000	-0.02522862
39.64002072	0.00000000	0.00000000	-0.02522703
39.64252071	0.00000000	0.00000000	-0.02522544
39.64502071	0.00000000	0.00000000	-0.02522385
39.64752070	0.00000000	0.00000000	-0.02522226
39.65002070	0.00000000	0.00000000	-0.02522067
39.65252069	0.00000000	0.00000000	-0.02521908
39.65502069	0.00000000	0.00000000	-0.02521749
39.65752068	0.00000000	0.00000000	-0.02521590
39.66002068	0.00000000	0.00000000	-0.02521431
39.66252067	0.00000000	0.00000000	-0.02521272
39.66502067	0.00000000	0.00000000	-0.02521113
39.66752066	0.00000000	0.00000000	-0.02520954
39.67002066	0.00000000	0.00000000	-0.02520795
39.67252065	0.00000000	0.00000000	-0.02520636
39.67502065	0.00000000	0.00000000	-0.02520478
39.67752064	0.00000000	0.00000000	-0.02520319
39.68002064	0.00000000	0.00000000	-0.02520160
39.68252063	0.00000000	0.00000000	-0.02520001
39.68502063	0.00000000	0.00000000	-0.02519842
39.68752062	0.00000000	0.00000000	-0.02519684
39.69002062	0.00000000	0.00000000	-0.02519525
39.69252061	0.00000000	0.00000000	-0.02519366
39.69502061	0.00000000	0.00000000	-0.02519208
39.69752061	0.00000000	0.00000000	-0.02519049
39.70002060	0.00000000	0.00000000	-0.02518890
39.70252059	0.00000000	0.00000000	-0.02518732
39.70502059	0.00000000	0.00000000	-0.02518573
39.70752058	0.00000000	0.00000000	-0.02518415
39.71002058	0.00000000	0.00000000	-0.02518256
39.71252057	0.00000000	0.00000000	-0.02518098
39.71502057	0.00000000	0.00000000	-0.02517939
39.71752057	0.00000000	0.00000000	-0.02517781
39.72002056	0.00000000	0.00000000	-0.02517622
39.72252055	0.00000000	0.00000000	-0.02517464
39.72502055	0.00000000	0.00000000	-0.02517305
39.72752054	0.00000000	0.00000000	-0.02517147
39.73002054	0.00000000	0.00000000	-0.02516988
39.73252053	0.00000000	0.00000000	-0.02516830
39.73502053	0.00000000	0.00000000	-0.02516672
39.73752053	0.00000000	0.00000000	-0.02516513
39.74002052	0.00000000	0.00000000	-0.02516355
39.74252051	0.00000000	0.00000000	-0.02516197
39.74502051	0.00000000	0.00000000	-0.02516038
39.74752050	0.00000000	0.00000000	-0.02515880
39.75002050	0.00000000	0.00000000	-0.02515722
39.75252049	0.00000000	0.00000000	-0.02515564
39.75502049	0.00000000	0.00000000	-0.02515406
39.75752049	0.00000000	0.00000000	-0.02515247
39.76002048	0.00000000	0.00000000	-0.02515089
39.76252047	0.00000000	0.00000000	-0.02514931
39.76502047	0.00000000	0.00000000	-0.02514773
39.76752046	0.00000000	0.00000000	-0.02514615
39.77002046	0.00000000	0.00000000	-0.02514457
39.77252045	0.00000000	0.00000000	-0.02514299
39.77502045	0.00000000	0.00000000	-0.02514141
39.77752045	0.00000000	0.00000000	-0.02513983
39.78002044	0.00000000	0.00000000	-0.02513825
39.78252043	0.00000000	0.00000000	-0.02513667
39.78502043	0.00000000	0.00000000	-0.02513509
39.78752042	0.00000000	0.00000000	-0.02513351
39.79002042	0.00000000	0.00000000	-0.02513193
39.79252041	0.00000000	0.00000000	-0.02513035
39.79502041	0.00000000	0.00000000	-0.02512877
39.79752041	0.00000000	0.00000000	-0.02512719
39.80002040	0.00000000	0.00000000	-0.02512562
39.80252039	0.00000000	0.00000000	-0.02512404
39.80502039	0.00000000	0.00000000	-0.02512246
39.80752038	0.00000000	0.00000000	-0.02512088
39.81002038	0.00000000	0.00000000	-0.02511930
39.81252037	0.00000000	0.00000000	-0.02511773
39.81502037	0.00000000	0.00000000	-0.02511615
39.81752037	0.00000000	0.00000000	-0.02511457
39.82002036	0.00000000	0.00000000	-0.02511300
39.82252035	0.00000000	0.00000000	-0.02511142
39.82502035	0.00000000	0.00000000	-0.02510984
39.82752034	0.00000000	0.00000000	-0.02510827
39.83002034	0.00000000	0.00000000	-0.02510669
39.83252033	0.00000000	0.00000000	-0.02510511
39.83502033	0.00000000	0.00000000	-0.02510354
39.83752032	0.00000000	0.00000000	-0.02510196
39.84002032	0.00000000	0.00000000	-0.02510039
39.84252031	0.00000000	0.00000000	-0.02509881
39.84502031	0.00000000	0.00000000	-0.02509724
39.84752030	0.00000000	0.00000000	-0.02509566
39.85002030	0.00000000	0.00000000	-0.02509409
39.85252029	0.00000000	0.00000000	-0.02509252
39.85502029	0.00000000	0.00000000	-0.02509094
39.85752028	0.00000000	0.00000000	-0.02508937
39.86002028	0.00000000	0.00000000	-0.02508779
39.86252027	0.00000000	0.00000000	-0.02508622
39.86502027	0.00000000	0.00000000	-0.02508465
39.86752026	0.00000000	0.00000000	-0.02508307
39.87002026	0.00000000	0.00000000	-0.02508150
39.87252025	0.00000000	0.00000000	-0.02507993
39.87502025	0.00000000	0.00000000	-0.02507836
39.87752024	0.00000000	0.00000000	-0.02507678
39.88002024	0.00000000	0.00000000	-0.02507521
39.88252024	0.00000000	0.00000000	-0.02507364
39.88502023	0.00000000	0.00000000	-0.02507207
39.88752022	0.00000000	0.00000000	-0.02507050
39.89002022	0.00000000	0.00000000	-0.02506893
39.89252021	0.00000000	0.00000000	-0.02506736
39.89502021	0.00000000	0.00000000	-0.02506579
39.89752020	0.00000000	0.00000000	-0.02506421
39.90002020	0.00000000	0.00000000	-0.02506264
39.90252020	0.00000000	0.00000000	-0.02506107
39.90502019	0.00000000	0.00000000	-0.02505950
39.90752018	0.00000000	0.00000000	-0.02505793
39.91002018	0.00000000	0.00000000	-0.02505636
39.91252017	0.00000000	0.00000000	-0.02505479
39.91502017	0.00000000	0.00000000	-0.02505323
39.91752016	0.00000000	0.00000000	-0.02505166
39.92002016	0.00000000	0.00000000	-0.02505009
39.92252016	0.00000000	0.00000000	-0.02504852
39.92502015	0.00000000	0.00000000	-0.02504695
39.92752014	0.00000000	0.00000000	-0.02504538
39.93002014	0.00000000	0.00000000	-0.02504381
39.93252013	0.00000000	0.00000000	-0.02504225
39.93502013	0.00000000	0.00000000	-0.02504068
39.93752012	0.00000000	0.00000000	-0.02503911
39.94002012	0.00000000	0.00000000	-0.02503754
39.94252012	0.00000000	0.00000000	-0.02503598
39.94502011	0.00000000	0.00000000	-0.02503441
39.94752010	0.00000000	0.00000000	-0.02503284
39.95002010	0.00000000	0.00000000	-0.02503128
39.95252009	0.00000000	0.00000000	-0.02502971
39.95502009	0.00000000	0.00000000	-0.02502814
39.95752008	0.00000000	0.00000000	-0.02502658
39.96002008	0.00000000	0.00000000	-0.02502501
39.96252008	0.00000000	0.00000000	-0.02502345
39.96502007	0.00000000	0.00000000	-0.02502188
39.96752006	0.00000000	0.00000000	-0.02502032
39.97002006	0.00000000	0.00000000	-0.02501875
39.97252005	0.00000000	0.00000000	-0.02501719
39.97502005	0.00000000	0.00000000	-0.02501562
39.97752004	0.00000000	0.00000000	-0.02501406
39.98002004	0.00000000	0.00000000	-0.02501249
39.98252004	0.00000000	0.00000000	-0.02501093
39.98502003	0.00000000	0.00000000	-0.02500937
39.98752002	0.00000000	0.00000000	-0.02500780
39.99002002	0.00000000	0.00000000	-0.02500624
39.99252001	0.00000000	0.00000000	-0.02500468
39.99502001	0.00000000	0.00000000	-0.02500311
39.99752000	0.00000000	0.00000000	-0.02500155
40.00002000	0.00000000	0.00000000	-0.02499999
40.00252000	0.00000000	0.00000000	-0.02499843
40.00501999	0.00000000	0.00000000	-0.02499686
40.00751998	0.00000000	0.00000000	-0.02499530
40.01001998	0.00000000	0.00000000	-0.02499374
40.01251997	0.00000000	0.00000000	-0.02499218
40.01501997	0.00000000	0.00000000	-0.02499062
40.01751996	0.00000000	0.00000000	-0.02498905
40.02001996	0.00000000	0.00000000	-0.02498749
40.02251995	0.00000000	0.00000000	-0.02498593
40.02501995	0.00000000	0.00000000	-0.02498437
40.02751994	0.00000000	0.00000000	-0.02498281
40.03001994	0.00000000	0.00000000	-0.02498125
40.03251993	0.00000000	0.00000000	-0.02497969
40.03501993	0.00000000	0.00000000	-0.02497813
40.03751992	0.00000000	0.00000000	-0.02497657
40.04001992	0.00000000	0.00000000	-0.02497501
40.04251991	0.00000000	0.00000000	-0.02497345
40.04501991	0.00000000	0.00000000	-0.02497189
40.04751990	0.00000000	0.00000000	-0.02497034
40.05001990	0.00000000	0.00000000	-0.02496878
40.05251989	0.00000000	0.00000000	-0.02496722
40.05501989	0.00000000	0.00000000	-0.02496566
40.05751988	0.00000000	0.00000000	-0.02496410
40.06001988	0.00000000	0.00000000	-0.02496254
40.06251987	0.00000000	0.00000000	-0.02496099
40.06501987	0.00000000	0.00000000	-0.02495943
40.06751986	0.00000000	0.00000000	-0.02495787
40.07001986	0.00000000	0.00000000	-0.02495631
40.07251985	0.00000000	0.00000000	-0.02495476
40.07501985	0.00000000	0.00000000	-0.02495320
40.07751984	0.00000000	0.00000000	-0.02495164
40.08001984	0.00000000	0.00000000	-0.02495009
40.08251983	0.00000000	0.00000000	-0.02494853
40.08501983	0.00000000	0.00000000	-0.02494698
40.08751983	0.00000000	0.00000000	-0.02494542
40.09001982	0.00000000	0.00000000	-0.02494386
40.09251981	0.00000000	0.00000000	-0.02494231
40.09501981	0.00000000	0.00000000	-0.02494075
40.09751980	0.00000000	0.00000000	-0.02493920
40.10001980	0.00000000	0.00000000	-0.02493764
40.10251979	0.00000000	0.00000000	-0.02493609
40.10501979	0.00000000	0.00000000	-0.02493453
40.10751979	0.00000000	0.00000000	-0.02493298
40.11001978	0.00000000	0.00000000	-0.02493143
40.11251977	0.00000000	0.00000000	-0.02492987
40.11501977	0.00000000	0.00000000	-0.02492832
40.11751976	0.00000000	0.00000000	-0.02492677
40.12001976	0.00000000	0.00000000	-0.02492521
40.12251975	0.00000000	0.00000000	-0.02492366
40.12501975	0.00000000	0.00000000	-0.02492211
40.12751975	0.00000000	0.00000000	-0.02492055
40.13001974	0.00000000	0.00000000	-0.02491900
40.13251973	0.00000000	0.00000000	-0.02491745
40.13501973	0.00000000	0.00000000	-0.02491590
40.13751972	0.00000000	0.00000000	-0.02491434
40.14001972	0.00000000	0.00000000	-0.02491279
40.14251971	0.00000000	0.00000000	-0.02491124
40.14501971	0.00000000	0.00000000	-0.02490969
40.14751971	0.00000000	0.00000000	-0.02490814
40.15001970	0.00000000	0.00000000	-0.02490659
40.15251969	0.00000000	0.00000000	-0.02490504
40.15501969	0.00000000	0.00000000	-0.02490349
40.15751968	0.00000000	0.00000000	-0.02490194
40.16001968	0.00000000	0.00000000	-0.02490039
40.16251967	0.00000000	0.00000000	-0.02489884
40.16501967	0.00000000	0.00000000	-0.02489729
40.16751967	0.00000000	0.00000000	-0.02489574
40.17001966	0.00000000	0.00000000	-0.02489419
40.17251965	0.00000000	0.00000000	-0.02489264
40.17501965	0.00000000	0.00000000	-0.02489109
40.17751964	0.00000000	0.00000000	-0.02488954
40.18001964	0.00000000	0.00000000	-0.02488799
40.18251963	0.00000000	0.00000000	-0.02488644
40.18501963	0.00000000	0.00000000	-0.02488490
40.18751963	0.00000000	0.00000000	-0.02488335
40.19001962	0.00000000	0.00000000	-0.02488180
40.19251961	0.00000000	0.00000000	-0.02488025
40.19501961	0.00000000	0.00000000	-0.02487870
40.19751960	0.00000000	0.00000000	-0.02487716
40.20001960	0.00000000	0.00000000	-0.02487561
40.20251959	0.00000000	0.00000000	-0.02487406
40.20501959	0.00000000	0.00000000	-0.02487252
40.20751959	0.00000000	0.00000000	-0.02487097
40.21001958	0.00000000	0.00000000	-0.02486942
40.21251957	0.00000000	0.00000000	-0.02486788
40.21501957	0.00000000	0.00000000	-0.02486633
40.21751956	0.00000000	0.00000000	-0.02486479
40.22001956	0.00000000	0.00000000	-0.02486324
40.22251955	0.00000000	0.00000000	-0.02486169
40.22501955	0.00000000	0.00000000	-0.02486015
40.22751954	0.00000000	0.00000000	-0.02485860
40.23001954	0.00000000	0.00000000	-0.02485706
40.23251953	0.00000000	0.00000000	-0.02485552
40.23501953	0.00000000	0.00000000	-0.02485397
40.23751952	0.00000000	0.00000000	-0.02485243
40.24001952	0.00000000	0.00000000	-0.02485088
40.24251951	0.00000000	0.00000000	-0.02484934
40.24501951	0.00000000	0.00000000	-0.02484780
40.24751950	0.00000000	0.00000000	-0.02484625
40.25001950	0.00000000	0.00000000	-0.02484471
40.25251949	0.00000000	0.00000000	-0.02484317
40.25501949	0.00000000	0.00000000	-0.02484162
40.25751948	0.00000000	0.00000000	-0.02484008
40.26001948	0.00000000	0.00000000	-0.02483854
40.26251947	0.00000000	0.00000000	-0.02483700
40.26501947	0.00000000	0.00000000	-0.02483545
40.26751946	0.00000000	0.00000000	-0.02483391
40.27001946	0.00000000	0.00000000	-0.02483237
40.27251946	0.00000000	0.00000000	-0.02483083
40.27501945	0.00000000	0.00000000	-0.02482929
40.27751944	0.00000000	0.00000000	-0.02482775
40.28001944	0.00000000	0.00000000	-0.02482620
40.28251943	0.00000000	0.00000000	-0.02482466
40.28501943	0.00000000	0.00000000	-0.02482312
40.28751942	0.00000000	0.00000000	-0.02482158
40.29001942	0.00000000	0.00000000	-0.02482004
40.29251942	0.00000000	0.00000000	-0.02481850
40.29501941	0.00000000	0.00000000	-0.02481696
40.29751940	0.00000000	0.00000000	-0.02481542
40.30001940	0.00000000	0.00000000	-0.02481388
40.30251939	0.00000000	0.00000000	-0.02481234
40.30501939	0.00000000	0.00000000	-0.02481081
40.30751938	0.00000000	0.00000000	-0.02480927
40.31001938	0.00000000	0.00000000	-0.02480773
40.31251938	0.00000000	0.00000000	-0.02480619
40.31501937	0.00000000	0.00000000	-0.02480465
40.31751936	0.00000000	0.00000000	-0.02480311
40.32001936	0.00000000	0.00000000	-0.02480158
40.32251935	0.00000000	0.00000000	-0.02480004
40.32501935	0.00000000	0.00000000	-0.02479850
40.32751934	0.00000000	0.00000000	-0.02479696
40.33001934	0.00000000	0.00000000	-0.02479543
40.33251934	0.00000000	0.00000000	-0.02479389
40.33501933	0.00000000	0.00000000	-0.02479235
40.33751932	0.00000000	0.00000000	-0.02479082
40.34001932	0.00000000	0.00000000	-0.02478928
40.34251931	0.00000000	0.00000000	-0.02478774
40.34501931	0.00000000	0.00000000	-0.02478621
40.34751930	0.00000000	0.00000000	-0.02478467
40.35001930	0.00000000	0.00000000	-0.02478314
40.35251930	0.00000000	0.00000000	-0.02478160
40.35501929	0.00000000	0.00000000	-0.02478006
40.35751928	0.00000000	0.00000000	-0.02477853
40.36001928	0.00000000	0.00000000	-0.02477700
40.36251927	0.00000000	0.00000000	-0.02477546
40.36501927	0.00000000	0.00000000	-0.02477393
40.36751926	0.00000000	0.00000000	-0.02477239
40.37001926	0.00000000	0.00000000	-0.02477086
40.37251926	0.00000000	0.00000000	-0.02476932
40.37501925	0.00000000	0.00000000	-0.02476779
40.37751924	0.00000000	0.00000000	-0.02476626
40.38001924	0.00000000	0.00000000	-0.02476472
40.38251923	0.00000000	0.00000000	-0.02476319
40.38501923	0.00000000	0.00000000	-0.02476166
40.38751922	0.00000000	0.00000000	-0.02476012
40.39001922	0.00000000	0.00000000	-0.02475859
40.39251922	0.00000000	0.00000000	-0.02475706
40.39501921	0.00000000	0.00000000	-0.02475553
40.39751920	0.00000000	0.00000000	-0.02475400
40.40001920	0.00000000	0.00000000	-0.02475246
40.40251919	0.00000000	0.00000000	-0.02475093
40.40501919	0.00000000	0.00000000	-0.02474940
40.40751918	0.00000000	0.00000000	-0.02474787
40.41001918	0.00000000	0.00000000	-0.02474634
40.41251917	0.00000000	0.00000000	-0.02474481
40.41501917	0.00000000	0.00000000	-0.02474328
40.41751916	0.00000000	0.00000000	-0.02474175
40.42001916	0.00000000	0.00000000	-0.02474022
40.42251915	0.00000000	0.00000000	-0.02473869
40.42501915	0.00000000	0.00000000	-0.02473716
40.42751914	0.00000000	0.00000000	-0.02473563
40.43001914	0.00000000	0.00000000	-0.02473410
40.43251913	0.00000000	0.00000000	-0.02473257
40.43501913	0.00000000	0.00000000	-0.02473104
40.43751912	0.00000000	0.00000000	-0.02472951
40.44001912	0.00000000	0.00000000	-0.02472798
40.44251911	0.00000000	0.00000000	-0.02472645
40.44501911	0.00000000	0.00000000	-0.02472492
40.44751910	0.00000000	0.00000000	-0.02472340
40.45001910	0.00000000	0.00000000	-0.02472187
40.45251909	0.00000000	0.00000000	-0.02472034
40.45501909	0.00000000	0.00000000	-0.02471881
40.45751908	0.00000000	0.00000000	-0.02471728
40.46001908	0.00000000	0.00000000	-0.02471576
40.46251907	0.00000000	0.00000000	-0.02471423
40.46501907	0.00000000	0.00000000	-0.02471270
40.46751906	0.00000000	0.00000000	-0.02471118
40.47001906	0.00000000	0.00000000	-0.02470965
40.47251905	0.00000000	0.00000000	-0.02470812
40.47501905	0.00000000	0.00000000	-0.02470660
40.47751905	0.00000000	0.00000000	-0.02470507
40.48001904	0.00000000	0.00000000	-0.02470355
40.48251903	0.00000000	0.00000000	-0.02470202
40.48501903	0.00000000	0.00000000	-0.02470049
40.48751902	0.00000000	0.00000000	-0.02469897
40.49001902	0.00000000	0.00000000	-0.02469744
40.49251901	0.00000000	0.00000000	-0.02469592
40.49501901	0.00000000	0.00000000	-0.02469440
40.49751901	0.00000000	0.00000000	-0.02469287
40.50001900	0.00000000	0.00000000	-0.02469135
40.50251899	0.00000000	0.00000000	-0.02468982
40.50501899	0.00000000	0.00000000	-0.02468830
40.50751898	0.00000000	0.00000000	-0.02468677
40.51001898	0.00000000	0.00000000	-0.02468525
40.51251897	0.00000000	0.00000000	-0.02468373
40.51501897	0.00000000	0.00000000	-0.02468220
40.51751897	0.00000000	0.00000000	-0.02468068
40.52001896	0.00000000	0.00000000	-0.02467916
40.52251895	0.00000000	0.00000000	-0.02467764
40.52501895	0.00000000	0.00000000	-0.02467611
40.52751894	0.00000000	0.00000000	-0.02467459
40.53001894	0.00000000	0.00000000	-0.02467307
40.53251893	0.00000000	0.00000000	-0.02467155
40.53501893	0.00000000	0.00000000	-0.02467003
40.53751893	0.00000000	0.00000000	-0.02466851
40.54001892	0.00000000	0.00000000	-0.02466698
40.54251891	0.00000000	0.00000000	-0.02466546
40.54501891	0.00000000	0.00000000	-0.02466394
40.54751890	0.00000000	0.00000000	-0.02466242
40.55001890	0.00000000	0.00000000	-0.02466090
40.55251889	0.00000000	0.00000000	-0.02465938
40.55501889	0.00000000	0.00000000	-0.02465786
40.55751889	0.00000000	0.00000000	-0.02465634
40.56001888	0.00000000	0.00000000	-0.02465482
40.56251887	0.00000000	0.00000000	-0.02465330
40.56501887	0.00000000	0.00000000	-0.02465178
40.56751886	0.00000000	0.00000000	-0.02465026
40.57001886	0.00000000	0.00000000	-0.02464874
40.57251885	0.00000000	0.00000000	-0.02464722
40.57501885	0.00000000	0.00000000	-0.02464571
40.57751885	0.00000000	0.00000000	-0.02464419
40.58001884	0.00000000	0.00000000	-0.02464267
40.58251883	0.00000000	0.00000000	-0.02464115
40.58501883	0.00000000	0.00000000	-0.02463963
40.58751882	0.00000000	0.00000000	-0.02463812
40.59001882	0.00000000	0.00000000	-0.02463660
40.59251881	0.00000000	0.00000000	-0.02463508
40.59501881	0.00000000	0.00000000	-0.02463356
40.59751880	0.00000000	0.00000000	-0.02463205
40.60001880	0.00000000	0.00000000	-0.02463053
40.60251879	0.00000000	0.00000000	-0.02462901
40.60501879	0.00000000	0.00000000	-0.02462750
40.60751878	0.00000000	0.00000000	-0.02462598
40.61001878	0.00000000	0.00000000	-0.02462447
40.61251877	0.00000000	0.00000000	-0.02462295
40.61501877	0.00000000	0.00000000	-0.02462143
40.61751876	0.00000000	0.00000000	-0.02461992
40.62001876	0.00000000	0.00000000	-0.02461840
40.62251875	0.00000000	0.00000000	-0.02461689
40.62501875	0.00000000	0.00000000	-0.02461537
40.62751874	0.00000000	0.00000000	-0.02461386
40.63001874	0.00000000	0.00000000	-0.02461234
40.63251873	0.00000000	0.00000000	-0.02461083
40.63501873	0.00000000	0.00000000	-0.02460932
40.63751872	0.00000000	0.00000000	-0.02460780
40.64001872	0.00000000	0.00000000	-0.02460629
40.64251871	0.00000000	0.00000000	-0.02460477
40.64501871	0.00000000	0.00000000	-0.02460326
40.64751870	0.00000000	0.00000000	-0.02460175
40.65001870	0.00000000	0.00000000	-0.02460023
40.65251869	0.00000000	0.00000000	-0.02459872
40.65501869	0.00000000	0.00000000	-0.02459721
40.65751868	0.00000000	0.00000000	-0.02459570
40.66001868	0.00000000	0.00000000	-0.02459418
40.66251867	0.00000000	0.00000000	-0.02459267
40.66501867	0.00000000	0.00000000	-0.02459116
40.66751866	0.00000000	0.00000000	-0.02458965
40.67001866	0.00000000	0.00000000	-0.02458814
40.67251865	0.00000000	0.00000000	-0.02458663
40.67501865	0.00000000	0.00000000	-0.02458511
40.67751864	0.00000000	0.00000000	-0.02458360
40.68001864	0.00000000	0.00000000	-0.02458209
40.68251864	0.00000000	0.00000000	-0.02458058
40.68501863	0.00000000	0.00000000	-0.02457907
40.68751862	0.00000000	0.00000000	-0.02457756
40.69001862	0.00000000	0.00000000	-0.02457605
40.69251861	0.00000000	0.00000000	-0.02457454
40.69501861	0.00000000	0.00000000	-0.02457303
40.69751860	0.00000000	0.00000000	-0.02457152
40.70001860	0.00000000	0.00000000	-0.02457001
40.70251860	0.00000000	0.00000000	-0.02456850
40.70501859	0.00000000	0.00000000	-0.02456700
40.70751858	0.00000000	0.00000000	-0.02456549
40.71001858	0.00000000	0.00000000	-0.02456398
40.71251857	0.00000000	0.00000000	-0.02456247
40.71501857	0.00000000	0.00000000	-0.02456096
40.71751856	0.00000000	0.00000000	-0.02455945
40.72001856	0.00000000	0.00000000	-0.02455795
40.72251856	0.00000000	0.00000000	-0.02455644
40.72501855	0.00000000	0.00000000	-0.02455493
40.72751854	0.00000000	0.00000000	-0.02455342
40.73001854	0.00000000	0.00000000	-0.02455192
40.73251853	0.00000000	0.00000000	-0.02455041
40.73501853	0.00000000	0.00000000	-0.02454890
40.73751852	0.00000000	0.00000000	-0.02454740
40.74001852	0.00000000	0.00000000	-0.02454589
40.74251852	0.00000000	0.00000000	-0.02454438
40.74501851	0.00000000	0.00000000	-0.02454288
40.74751850	0.00000000	0.00000000	-0.02454137
40.75001850	0.00000000	0.00000000	-0.02453987
40.75251849	0.00000000	0.00000000	-0.02453836
40.75501849	0.00000000	0.00000000	-0.02453686
40.75751848	0.00000000	0.00000000	-0.02453535
40.76001848	0.00000000	0.00000000	-0.02453385
40.76251848	0.00000000	0.00000000	-0.02453234
40.76501847	0.00000000	0.00000000	-0.02453084
40.76751846	0.00000000	0.00000000	-0.02452933
40.77001846	0.00000000	0.00000000	-0.02452783
40.77251845	0.00000000	0.00000000	-0.02452632
40.77501845	0.00000000	0.00000000	-0.02452482
40.77751844	0.00000000	0.00000000	-0.02452332
40.78001844	0.00000000	0.00000000	-0.02452181
40.78251844	0.00000000	0.00000000	-0.02452031
40.78501843	0.00000000	0.00000000	-0.02451881
40.78751842	0.00000000	0.00000000	-0.02451730
40.79001842	0.00000000	0.00000000	-0.02451580
40.79251841	0.00000000	0.00000000	-0.02451430
40.79501841	0.00000000	0.00000000	-0.02451280
40.79751840	0.00000000	0.00000000	-0.02451129
40.80001840	0.00000000	0.00000000	-0.02450979
40.80251839	0.00000000	0.00000000	-0.02450829
40.80501839	0.00000000	0.00000000	-0.02450679
40.80751838	0.00000000	0.00000000	-0.02450529
40.81001838	0.00000000	0.00000000	-0.02450379
40.81251837	0.00000000	0.00000000	-0.02450229
40.81501837	0.00000000	0.00000000	-0.02450079
40.81751836	0.00000000	0.00000000	-0.02449928
40.82001836	0.00000000	0.00000000	-0.02449778
40.82251835	0.00000000	0.00000000	-0.02449628
40.82501835	0.00000000	0.00000000	-0.02449478
40.82751834	0.00000000	0.00000000	-0.02449328
40.83001834	0.00000000	0.00000000	-0.02449178
40.83251833	0.00000000	0.00000000	-0.02449028
40.83501833	0.00000000	0.00000000	-0.02448879
40.83751832	0.00000000	0.00000000	-0.02448729
40.84001832	0.00000000	0.00000000	-0.02448579
40.84251831	0.00000000	0.00000000	-0.02448429
40.84501831	0.00000000	0.00000000	-0.02448279
40.84751830	0.00000000	0.00000000	-0.02448129
40.85001830	0.00000000	0.00000000	-0.02447979
40.85251829	0.00000000	0.00000000	-0.02447830
40.85501829	0.00000000	0.00000000	-0.02447680
40.85751828	0.00000000	0.00000000	-0.02447530
40.86001828	0.00000000	0.00000000	-0.02447380
40.86251827	0.00000000	0.00000000	-0.02447230
40.86501827	0.00000000	0.00000000	-0.02447081
40.86751827	0.00000000	0.00000000	-0.02446931
40.87001826	0.00000000	0.00000000	-0.02446781
40.87251825	0.00000000	0.00000000	-0.02446632
40.87501825	0.00000000	0.00000000	-0.02446482
40.87751824	0.00000000	0.00000000	-0.02446332
40.88001824	0.00000000	0.00000000	-0.02446183
40.88251823	0.00000000	0.00000000	-0.02446033
40.88501823	0.00000000	0.00000000	-0.02445884
40.88751823	0.00000000	0.00000000	-0.02445734
40.89001822	0.00000000	0.00000000	-0.02445585
40.89251821	0.00000000	0.00000000	-0.02445435
40.89501821	0.00000000	0.00000000	-0.02445286
40.89751820	0.00000000	0.00000000	-0.02445136
40.90001820	0.00000000	0.00000000	-0.02444987
40.90251819	0.00000000	0.00000000	-0.02444837
40.90501819	0.00000000	0.00000000	-0.02444688
40.90751819	0.00000000	0.00000000	-0.02444538
40.91001818	0.00000000	0.00000000	-0.02444389
40.91251817	0.00000000	0.00000000	-0.02444240
40.91501817	0.00000000	0.00000000	-0.02444090
40.91751816	0.00000000	0.00000000	-0.02443941
40.92001816	0.00000000	0.00000000	-0.02443792
40.92251815	0.00000000	0.00000000	-0.02443642
40.92501815	0.00000000	0.00000000	-0.02443493
40.92751815	0.00000000	0.00000000	-0.02443344
40.93001814	0.00000000	0.00000000	-0.02443195
40.93251813	0.00000000	0.00000000	-0.02443045
40.93501813	0.00000000	0.00000000	-0.02442896
40.93751812	0.00000000	0.00000000	-0.02442747
40.94001812	0.00000000	0.00000000	-0.02442598
40.94251811	0.00000000	0.00000000	-0.02442449
40.94501811	0.00000000	0.00000000	-0.02442300
40.94751811	0.00000000	0.00000000	-0.02442150
40.95001810	0.00000000	0.00000000	-0.02442001
40.95251809	0.00000000	0.00000000	-0.02441852
40.95501809	0.00000000	0.00000000	-0.02441703
40.95751808	0.00000000	0.00000000	-0.02441554
40.96001808	0.00000000	0.00000000	-0.02441405
40.96251807	0.00000000	0.00000000	-0.02441256
40.96501807	0.00000000	0.00000000	-0.02441107
40.96751807	0.00000000	0.00000000	-0.02440958
40.97001806	0.00000000	0.00000000	-0.02440809
40.97251805	0.00000000	0.00000000	-0.02440660
40.97501805	0.00000000	0.00000000	-0.02440511
40.97751804	0.00000000	0.00000000	-0.02440363
40.98001804	0.00000000	0.00000000	-0.02440214
40.98251803	0.00000000	0.00000000	-0.02440065
40.98501803	0.00000000	0.00000000	-0.02439916
40.98751802	0.00000000	0.00000000	-0.02439767
40.99001802	0.00000000	0.00000000	-0.02439618
40.99251801	0.00000000	0.00000000	-0.02439470
40.99501801	0.00000000	0.00000000	-0.02439321
40.99751800	0.00000000	0.00000000	-0.02439172
41.00001800	0.00000000	0.00000000	-0.02439023
41.00251799	0.00000000	0.00000000	-0.02438875
41.00501799	0.00000000	0.00000000	-0.02438726
41.00751798	0.00000000	0.00000000	-0.02438577
41.01001798	0.00000000	0.00000000	-0.02438429
41.01251797	0.00000000	0.00000000	-0.02438280
41.01501797	0.00000000	0.00000000	-0.02438131
41.01751796	0.00000000	0.00000000	-0.02437983
41.02001796	0.00000000	0.00000000	-0.02437834
41.02251795	0.00000000	0.00000000	-0.02437686
41.02501795	0.00000000	0.00000000	-0.02437537
41.02751794	0.00000000	0.00000000	-0.02437388
41.03001794	0.00000000	0.00000000	-0.02437240
41.03251793	0.00000000	0.00000000	-0.02437091
41.03501793	0.00000000	0.00000000	-0.02436943
41.03751792	0.00000000	0.00000000	-0.02436795
41.04001792	0.00000000	0.00000000	-0.02436646
41.04251791	0.00000000	0.00000000	-0.02436498
41.04501791	0.00000000	0.00000000	-0.02436349
41.04751790	0.00000000	0.00000000	-0.02436201
41.05001790	0.00000000	0.00000000	-0.02436053
41.05251789	0.00000000	0.00000000	-0.02435904
41.05501789	0.00000000	0.00000000	-0.02435756
41.05751788	0.00000000	0.00000000	-0.02435608
41.06001788	0.00000000	0.00000000	-0.02435459
41.06251787	0.00000000	0.00000000	-0.02435311
41.06501787	0.00000000	0.00000000	-0.02435163
41.06751786	0.00000000	0.00000000	-0.02435014
41.07001786	0.00000000	0.00000000	-0.02434866
41.07251786	0.00000000	0.00000000	-0.02434718
41.07501785	0.00000000	0.00000000	-0.02434570
41.07751784	0.00000000	0.00000000	-0.02434422
41.08001784	0.00000000	0.00000000	-0.02434274
41.08251783	0.00000000	0.00000000	-0.02434125
41.08501783	0.00000000	0.00000000	-0.02433977
41.08751782	0.00000000	0.00000000	-0.02433829
41.09001782	0.00000000	0.00000000	-0.02433681
41.09251782	0.00000000	0.00000000	-0.02433533
41.09501781	0.00000000	0.00000000	-0.02433385
41.09751780	0.00000000	0.00000000	-0.02433237
41.10001780	0.00000000	0.00000000	-0.02433089
41.10251779	0.00000000	0.00000000	-0.02432941
41.10501779	0.00000000	0.00000000	-0.02432793
41.10751778	0.00000000	0.00000000	-0.02432645
41.11001778	0.00000000	0.00000000	-0.02432497
41.11251778	0.00000000	0.00000000	-0.02432349
41.11501777	0.00000000	0.00000000	-0.02432201
41.11751776	0.00000000	0.00000000	-0.02432053
41.12001776	0.00000000	0.00000000	-0.02431906
41.12251775	0.00000000	0.00000000	-0.02431758
41.12501775	0.00000000	0.00000000	-0.02431610
41.12751774	0.00000000	0.00000000	-0.02431462
41.13001774	0.00000000	0.00000000	-0.02431314
41.13251774	0.00000000	0.00000000	-0.02431167
41.13501773	0.00000000	0.00000000	-0.02431019
41.13751772	0.00000000	0.00000000	-0.02430871
41.14001772	0.00000000	0.00000000	-0.02430723
41.14251771	0.00000000	0.00000000	-0.02430576
41.14501771	0.00000000	0.00000000	-0.02430428
41.14751770	0.00000000	0.00000000	-0.02430280
41.15001770	0.00000000	0.00000000	-0.02430133
41.15251770	0.00000000	0.00000000	-0.02429985
41.15501769	0.00000000	0.00000000	-0.02429837
41.15751768	0.00000000	0.00000000	-0.02429690
41.16001768	0.00000000	0.00000000	-0.02429542
41.16251767	0.00000000	0.00000000	-0.02429395
41.16501767	0.00000000	0.00000000	-0.02429247
41.16751766	0.00000000	0.00000000	-0.02429100
41.17001766	0.00000000	0.00000000	-0.02428952
41.17251766	0.00000000	0.00000000	-0.02428805
41.17501765	0.00000000	0.00000000	-0.02428657
41.17751764	0.00000000	0.00000000	-0.02428510
41.18001764	0.00000000	0.00000000	-0.02428362
41.18251763	0.00000000	0.00000000	-0.02428215
41.18501763	0.00000000	0.00000000	-0.02428067
41.18751762	0.00000000	0.00000000	-0.02427920
41.19001762	0.00000000	0.00000000	-0.02427773
41.19251761	0.00000000	0.00000000	-0.02427625
41.19501761	0.00000000	0.00000000	-0.02427478
41.19751760	0.00000000	0.00000000	-0.02427331
41.20001760	0.00000000	0.00000000	-0.02427183
41.20251759	0.00000000	0.00000000	-0.02427036
41.20501759	0.00000000	0.00000000	-0.02426889
41.20751758	0.00000000	0.00000000	-0.02426742
41.21001758	0.00000000	0.00000000	-0.02426594
41.21251757	0.00000000	0.00000000	-0.02426447
41.21501757	0.00000000	0.00000000	-0.02426300
41.21751756	0.00000000	0.00000000	-0.02426153
41.22001756	0.00000000	0.00000000	-0.02426006
41.22251755	0.00000000	0.00000000	-0.02425859
41.22501755	0.00000000	0.00000000	-0.02425712
41.22751754	0.00000000	0.00000000	-0.02425564
41.23001754	0.00000000	0.00000000	-0.02425417
41.23251753	0.00000000	0.00000000	-0.02425270
41.23501753	0.00000000	0.00000000	-0.02425123
41.23751752	0.00000000	0.00000000	-0.02424976
41.24001752	0.00000000	0.00000000	-0.02424829
41.24251751	0.00000000	0.00000000	-0.02424682
41.24501751	0.00000000	0.00000000	-0.02424535
41.24751750	0.00000000	0.00000000	-0.02424388
41.25001750	0.00000000	0.00000000	-0.02424241
41.25251749	0.00000000	0.00000000	-0.02424094
41.25501749	0.00000000	0.00000000	-0.02423948
41.25751749	0.00000000	0.00000000	-0.02423801
41.26001748	0.00000000	0.00000000	-0.02423654
41.26251747	0.00000000	0.00000000	-0.02423507
41.26501747	0.00000000	0.00000000	-0.02423360
41.26751746	0.00000000	0.00000000	-0.02423213
41.27001746	0.00000000	0.00000000	-0.02423067
41.27251745	0.00000000	0.00000000	-0.02422920
41.27501745	0.00000000	0.00000000	-0.02422773
41.27751745	0.00000000	0.00000000	-0.02422626
41.28001744	0.00000000	0.00000000	-0.02422480
41.28251743	0.00000000	0.00000000	-0.02422333
41.28501743	0.00000000	0.00000000	-0.02422186
41.28751742	0.00000000	0.00000000	-0.02422040
41.29001742	0.00000000	0.00000000	-0.02421893
41.29251741	0.00000000	0.00000000	-0.02421746
41.29501741	0.00000000	0.00000000	-0.02421600
41.29751741	0.00000000	0.00000000	-0.02421453
41.30001740	0.00000000	0.00000000	-0.02421306
41.30251739	0.00000000	0.00000000	-0.02421160
41.30501739	0.00000000	0.00000000	-0.02421013
41.30751738	0.00000000	0.00000000	-0.02420867
41.31001738	0.00000000	0.00000000	-0.02420720
41.31251737	0.00000000	0.00000000	-0.02420574
41.31501737	0.00000000	0.00000000	-0.02420427
41.31751737	0.00000000	0.00000000	-0.02420281
41.32001736	0.00000000	0.00000000	-0.02420135
41.32251735	0.00000000	0.00000000	-0.02419988
41.32501735	0.00000000	0.00000000	-0.02419842
41.32751734	0.00000000	0.00000000	-0.02419695
41.33001734	0.00000000	0.00000000	-0.02419549
41.33251733	0.00000000	0.00000000	-0.02419403
41.33501733	0.00000000	0.00000000	-0.02419256
41.33751733	0.00000000	0.00000000	-0.02419110
41.34001732	0.00000000	0.00000000	-0.02418964
41.34251731	0.00000000	0.00000000	-0.02418817
41.34501731	0.00000000	0.00000000	-0.02418671
41.34751730	0.00000000	0.00000000	-0.02418525
41.35001730	0.00000000	0.00000000	-0.02418379
41.35251729	0.00000000	0.00000000	-0.02418232
41.35501729	0.00000000	0.00000000	-0.02418086
41.35751729	0.00000000	0.00000000	-0.02417940
41.36001728	0.00000000	0.00000000	-0.02417794
41.36251727	0.00000000	0.00000000	-0.02417648
41.36501727	0.00000000	0.00000000	-0.02417502
41.36751726	0.00000000	0.00000000	-0.02417356
41.37001726	0.00000000	0.00000000	-0.02417210
41.37251725	0.00000000	0.00000000	-0.02417063
41.37501725	0.00000000	0.00000000	-0.02416917
41.37751724	0.00000000	0.00000000	-0.02416771
41.38001724	0.00000000	0.00000000	-0.02416625
41.38251723	0.00000000	0.00000000	-0.02416479
41.38501723	0.00000000	0.00000000	-0.02416333
41.38751722	0.00000000	0.00000000	-0.02416187
41.39001722	0.00000000	0.00000000	-0.02416042
41.39251721	0.00000000	0.00000000	-0.02415896
41.39501721	0.00000000	0.00000000	-0.02415750
41.39751720	0.00000000	0.00000000	-0.02415604
41.40001720	0.00000000	0.00000000	-0.02415458
41.40251719	0.00000000	0.00000000	-0.02415312
41.40501719	0.00000000	0.00000000	-0.02415166
41.40751718	0.00000000	0.00000000	-0.02415020
41.41001718	0.00000000	0.00000000	-0.02414875
41.41251717	0.00000000	0.00000000	-0.02414729
41.41501717	0.00000000	0.00000000	-0.02414583
41.41751716	0.00000000	0.00000000	-0.02414437
41.42001716	0.00000000	0.00000000	-0.02414292
41.42251715	0.00000000	0.00000000	-0.02414146
41.42501715	0.00000000	0.00000000	-0.02414000
41.42751714	0.00000000	0.00000000	-0.02413855
41.43001714	0.00000000	0.00000000	-0.02413709
41.43251713	0.00000000	0.00000000	-0.02413563
41.43501713	0.00000000	0.00000000	-0.02413418
41.43751712	0.00000000	0.00000000	-0.02413272
41.44001712	0.00000000	0.00000000	-0.02413126
41.44251711	0.00000000	0.00000000	-0.02412981
41.44501711	0.00000000	0.00000000	-0.02412835
41.44751710	0.00000000	0.00000000	-0.02412690
41.45001710	0.00000000	0.00000000	-0.02412544
41.45251709	0.00000000	0.00000000	-0.02412399
41.45501709	0.00000000	0.00000000	-0.02412253
41.45751708	0.00000000	0.00000000	-0.02412108
41.46001708	0.00000000	0.00000000	-0.02411962
41.46251708	0.00000000	0.00000000	-0.02411817
41.46501707	0.00000000	0.00000000	-0.02411672
41.46751706	0.00000000	0.00000000	-0.02411526
41.47001706	0.00000000	0.00000000	-0.02411381
41.47251705	0.00000000	0.00000000	-0.02411235
41.47501705	0.00000000	0.00000000	-0.02411090
41.47751704	0.00000000	0.00000000	-0.02410945
41.48001704	0.00000000	0.00000000	-0.02410799
41.48251704	0.00000000	0.00000000	-0.02410654
41.48501703	0.00000000	0.00000000	-0.02410509
41.48751702	0.00000000	0.00000000	-0.02410364
41.49001702	0.00000000	0.00000000	-0.02410218
41.49251701	0.00000000	0.00000000	-0.02410073
41.49501701	0.00000000	0.00000000	-0.02409928
41.49751700	0.00000000	0.00000000	-0.02409783
41.50001700	0.00000000	0.00000000	-0.02409638
41.50251700	0.00000000	0.00000000	-0.02409492
41.50501699	0.00000000	0.00000000	-0.02409347
41.50751698	0.00000000	0.00000000	-0.02409202
41.51001698	0.00000000	0.00000000	-0.02409057
41.51251697	0.00000000	0.00000000	-0.02408912
41.51501697	0.00000000	0.00000000	-0.02408767
41.51751696	0.00000000	0.00000000	-0.02408622
41.52001696	0.00000000	0.00000000	-0.02408477
41.52251696	0.00000000	0.00000000	-0.02408332
41.52501695	0.00000000	0.00000000	-0.02408187
41.52751694	0.00000000	0.00000000	-0.02408042
41.53001694	0.00000000	0.00000000	-0.02407897
41.53251693	0.00000000	0.00000000	-0.02407752
41.53501693	0.00000000	0.00000000	-0.02407607
41.53751692	0.00000000	0.00000000	-0.02407462
41.54001692	0.00000000	0.00000000	-0.02407317
41.54251692	0.00000000	0.00000000	-0.02407172
41.54501691	0.00000000	0.00000000	-0.02407028
41.54751690	0.00000000	0.00000000	-0.02406883
41.55001690	0.00000000	0.00000000	-0.02406738
41.55251689	0.00000000	0.00000000	-0.02406593
41.55501689	0.00000000	0.00000000	-0.02406448
41.55751688	0.00000000	0.00000000	-0.02406304
41.56001688	0.00000000	0.00000000	-0.02406159
41.56251688	0.00000000	0.00000000	-0.02406014
41.56501687	0.00000000	0.00000000	-0.02405869
41.56751686	0.00000000	0.00000000	-0.02405725
41.57001686	0.00000000	0.00000000	-0.02405580
41.57251685	0.00000000	0.00000000	-0.02405435
41.57501685	0.00000000	0.00000000	-0.02405291
41.57751684	0.00000000	0.00000000	-0.02405146
41.58001684	0.00000000	0.00000000	-0.02405001
41.58251683	0.00000000	0.00000000	-0.02404857
41.58501683	0.00000000	0.00000000	-0.02404712
41.58751682	0.00000000	0.00000000	-0.02404568
41.59001682	0.00000000	0.00000000	-0.02404423
41.59251681	0.00000000	0.00000000	-0.02404279
41.59501681	0.00000000	0.00000000	-0.02404134
41.59751680	0.00000000	0.00000000	-0.02403990
41.60001680	0.00000000	0.00000000	-0.02403845
41.60251679	0.00000000	0.00000000	-0.02403701
41.60501679	0.00000000	0.00000000	-0.02403556
41.60751678	0.00000000	0.00000000	-0.02403412
41.61001678	0.00000000	0.00000000	-0.02403267
41.61251677	0.00000000	0.00000000	-0.02403123
41.61501677	0.00000000	0.00000000	-0.02402979
41.61751676	0.00000000	0.00000000	-0.02402834
41.62001676	0.00000000	0.00000000	-0.02402690
41.62251675	0.00000000	0.00000000	-0.02402546
41.62501675	0.00000000	0.00000000	-0.02402401
41.62751674	0.00000000	0.00000000	-0.02402257
41.63001674	0.00000000	0.00000000	-0.02402113
41.63251673	0.00000000	0.00000000	-0.02401969
41.63501673	0.00000000	0.00000000	-0.02401824
41.63751672	0.00000000	0.00000000	-0.02401680
41.64001672	0.00000000	0.00000000	-0.02401536
41.64251671	0.00000000	0.00000000	-0.02401392
41.64501671	0.00000000	0.00000000	-0.02401248
41.64751670	0.00000000	0.00000000	-0.02401104
41.65001670	0.00000000	0.00000000	-0.02400959
41.65251669	0.00000000	0.00000000	-0.02400815
41.65501669	0.00000000	0.00000000	-0.02400671
41.65751668	0.00000000	0.00000000	-0.02400527
41.66001668	0.00000000	0.00000000	-0.02400383
41.66251667	0.00000000	0.00000000	-0.02400239
41.66501667	0.00000000	0.00000000	-0.02400095
41.66751667	0.00000000	0.00000000	-0.02399951
41.67001666	0.00000000	0.00000000	-0.02399807
41.67251665	0.00000000	0.00000000	-0.02399663
41.67501665	0.00000000	0.00000000	-0.02399519
41.67751664	0.00000000	0.00000000	-0.02399375
41.68001664	0.00000000	0.00000000	-0.02399231
41.68251663	0.00000000	0.00000000	-0.02399087
41.68501663	0.00000000	0.00000000	-0.02398944
41.68751663	0.00000000	0.00000000	-0.02398800
41.69001662	0.00000000	0.00000000	-0.02398656
41.69251661	0.00000000	0.00000000	-0.02398512
41.69501661	0.00000000	0.00000000	-0.02398368
41.69751660	0.00000000	0.00000000	-0.02398224
41.70001660	0.00000000	0.00000000	-0.02398081
41.70251659	0.00000000	0.00000000	-0.02397937
41.70501659	0.00000000	0.00000000	-0.02397793
41.70751659	0.00000000	0.00000000	-0.02397649
41.71001658	0.00000000	0.00000000	-0.02397506
41.71251657	0.00000000	0.00000000	-0.02397362
41.71501657	0.00000000	0.00000000	-0.02397218
41.71751656	0.00000000	0.00000000	-0.02397075
41.72001656	0.00000000	0.00000000	-0.02396931
41.72251655	0.00000000	0.00000000	-0.02396787
41.72501655	0.00000000	0.00000000	-0.02396644
41.72751655	0.00000000	0.00000000	-0.02396500
41.73001654	0.00000000	0.00000000	-0.02396357
41.73251653	0.00000000	0.00000000	-0.02396213
41.73501653	0.00000000	0.00000000	-0.02396069
41.73751652	0.00000000	0.00000000	-0.02395926
41.74001652	0.00000000	0.00000000	-0.02395782
41.74251651	0.00000000	0.00000000	-0.02395639
41.74501651	0.00000000	0.00000000	-0.02395496
41.74751651	0.00000000	0.00000000	-0.02395352
41.75001650	0.00000000	0.00000000	-0.02395209
41.75251649	0.00000000	0.00000000	-0.02395065
41.75501649	0.00000000	0.00000000	-0.02394922
41.75751648	0.00000000	0.00000000	-0.02394778
41.76001648	0.00000000	0.00000000	-0.02394635
41.76251647	0.00000000	0.00000000	-0.02394492
41.76501647	0.00000000	0.00000000	-0.02394348
41.76751646	0.00000000	0.00000000	-0.02394205
41.77001646	0.00000000	0.00000000	-0.02394062
41.77251645	0.00000000	0.00000000	-0.02393919
41.77501645	0.00000000	0.00000000	-0.02393775
41.77751644	0.00000000	0.00000000	-0.02393632
41.78001644	0.00000000	0.00000000	-0.02393489
41.78251643	0.00000000	0.00000000	-0.02393346
41.78501643	0.00000000	0.00000000	-0.02393202
41.78751642	0.00000000	0.00000000	-0.02393059
41.79001642	0.00000000	0.00000000	-0.02392916
41.79251641	0.00000000	0.00000000	-0.02392773
41.79501641	0.00000000	0.00000000	-0.02392630
41.79751640	0.00000000	0.00000000	-0.02392487
41.80001640	0.00000000	0.00000000	-0.02392344
41.80251639	0.00000000	0.00000000	-0.02392200
41.80501639	0.00000000	0.00000000	-0.02392057
41.80751638	0.00000000	0.00000000	-0.02391914
41.81001638	0.00000000	0.00000000	-0.02391771
41.81251637	0.00000000	0.00000000	-0.02391628
41.81501637	0.00000000	0.00000000	-0.02391485
41.81751636	0.00000000	0.00000000	-0.02391342
41.82001636	0.00000000	0.00000000	-0.02391199
41.82251635	0.00000000	0.00000000	-0.02391057
41.82501635	0.00000000	0.00000000	-0.02390914
41.82751634	0.00000000	0.00000000	-0.02390771
41.83001634	0.00000000	0.00000000	-0.02390628
41.83251633	0.00000000	0.00000000	-0.02390485
41.83501633	0.00000000	0.00000000	-0.02390342
41.83751632	0.00000000	0.00000000	-0.02390199
41.84001632	0.00000000	0.00000000	-0.02390056
41.84251631	0.00000000	0.00000000	-0.02389914
41.84501631	0.00000000	0.00000000	-0.02389771
41.84751630	0.00000000	0.00000000	-0.02389628
41.85001630	0.00000000	0.00000000	-0.02389485
41.85251630	0.00000000	0.00000000	-0.02389343
41.85501629	0.00000000	0.00000000	-0.02389200
41.85751628	0.00000000	0.00000000	-0.02389057
41.86001628	0.00000000	0.00000000	-0.02388915
41.86251627	0.00000000	0.00000000	-0.02388772
41.86501627	0.00000000	0.00000000	-0.02388629
41.86751626	0.00000000	0.00000000	-0.02388487
41.87001626	0.00000000	0.00000000	-0.02388344
41.87251626	0.00000000	0.00000000	-0.02388201
41.87501625	0.00000000	0.00000000	-0.02388059
41.87751624	0.00000000	0.00000000	-0.02387916
41.88001624	0.00000000	0.00000000	-0.02387774
41.88251623	0.00000000	0.00000000	-0.02387631
41.88501623	0.00000000	0.00000000	-0.02387489
41.88751622	0.00000000	0.00000000	-0.02387346
41.89001622	0.00000000	0.00000000	-0.02387204
41.89251622	0.00000000	0.00000000	-0.02387061
41.89501621	0.00000000	0.00000000	-0.02386919
41.89751620	0.00000000	0.00000000	-0.02386776
41.90001620	0.00000000	0.00000000	-0.02386634
41.90251619	0.00000000	0.00000000	-0.02386492
41.90501619	0.00000000	0.00000000	-0.02386349
41.90751618	0.00000000	0.00000000	-0.02386207
41.91001618	0.00000000	0.00000000	-0.02386064
41.91251618	0.00000000	0.00000000	-0.02385922
41.91501617	0.00000000	0.00000000	-0.02385780
41.91751616	0.00000000	0.00000000	-0.02385638
41.92001616	0.00000000	0.00000000	-0.02385495
41.92251615	0.00000000	0.00000000	-0.02385353
41.92501615	0.00000000	0.00000000	-0.02385211
41.92751614	0.00000000	0.00000000	-0.02385069
41.93001614	0.00000000	0.00000000	-0.02384926
41.93251614	0.00000000	0.00000000	-0.02384784
41.93501613	0.00000000	0.00000000	-0.02384642
41.93751612	0.00000000	0.00000000	-0.02384500
41.94001612	0.00000000	0.00000000	-0.02384358
41.94251611	0.00000000	0.00000000	-0.02384216
41.94501611	0.00000000	0.00000000	-0.02384073
41.94751610	0.00000000	0.00000000	-0.02383931
41.95001610	0.00000000	0.00000000	-0.02383789
41.95251610	0.00000000	0.00000000	-0.02383647
41.95501609	0.00000000	0.00000000	-0.02383505
41.95751608	0.00000000	0.00000000	-0.02383363
41.96001608	0.00000000	0.00000000	-0.02383221
41.96251607	0.00000000	0.00000000	-0.02383079
41.96501607	0.00000000	0.00000000	-0.02382937
41.96751606	0.00000000	0.00000000	-0.02382795
41.97001606	0.00000000	0.00000000	-0.02382653
41.97251605	0.00000000	0.00000000	-0.02382511
41.97501605	0.00000000	0.00000000	-0.02382370
41.97751604	0.00000000	0.00000000	-0.02382228
41.98001604	0.00000000	0.00000000	-0.02382086
41.98251603	0.00000000	0.00000000	-0.02381944
41.98501603	0.00000000	0.00000000	-0.02381802
41.98751602	0.00000000	0.00000000	-0.02381660
41.99001602	0.00000000	0.00000000	-0.02381519
41.99251601	0.00000000	0.00000000	-0.02381377
41.99501601	0.00000000	0.00000000	-0.02381235
41.99751600	0.00000000	0.00000000	-0.02381093
42.00001600	0.00000000	0.00000000	-0.02380951
42.00251599	0.00000000	0.00000000	-0.02380810
42.00501599	0.00000000	0.00000000	-0.02380668
42.00751598	0.00000000	0.00000000	-0.02380526
42.01001598	0.00000000	0.00000000	-0.02380385
42.01251597	0.00000000	0.00000000	-0.02380243
42.01501597	0.00000000	0.00000000	-0.02380101
42.01751596	0.00000000	0.00000000	-0.02379960
42.02001596	0.00000000	0.00000000	-0.02379818
42.02251595	0.00000000	0.00000000	-0.02379677
42.02501595	0.00000000	0.00000000	-0.02379535
42.02751594	0.00000000	0.00000000	-0.02379394
42.03001594	0.00000000	0.00000000	-0.02379252
42.03251593	0.00000000	0.00000000	-0.02379110
42.03501593	0.00000000	0.00000000	-0.02378969
42.03751592	0.00000000	0.00000000	-0.02378828
42.04001592	0.00000000	0.00000000	-0.02378686
42.04251591	0.00000000	0.00000000	-0.02378545
42.04501591	0.00000000	0.00000000	-0.02378403
42.04751590	0.00000000	0.00000000	-0.02378262
42.05001590	0.00000000	0.00000000	-0.02378120
42.05251589	0.00000000	0.00000000	-0.02377979
42.05501589	0.00000000	0.00000000	-0.02377838
42.05751589	0.00000000	0.00000000	-0.02377696
42.06001588	0.00000000	0.00000000	-0.02377555
42.06251587	0.00000000	0.00000000	-0.02377414
42.06501587	0.00000000	0.00000000	-0.02377272
42.06751586	0.00000000	0.00000000	-0.02377131
42.07001586	0.00000000	0.00000000	-0.02376990
42.07251585	0.00000000	0.00000000	-0.02376849
42.07501585	0.00000000	0.00000000	-0.02376707
42.07751585	0.00000000	0.00000000	-0.02376566
42.08001584	0.00000000	0.00000000	-0.02376425
42.08251583	0.00000000	0.00000000	-0.02376284
42.08501583	0.00000000	0.00000000	-0.02376143
42.08751582	0.00000000	0.00000000	-0.02376001
42.09001582	0.00000000	0.00000000	-0.02375860
42.09251581	0.00000000	0.00000000	-0.02375719
42.09501581	0.00000000	0.00000000	-0.02375578
42.09751581	0.00000000	0.00000000	-0.02375437
42.10001580	0.00000000	0.00000000	-0.02375296
42.10251579	0.00000000	0.00000000	-0.02375155
42.10501579	0.00000000	0.00000000	-0.02375014
42.10751578	0.00000000	0.00000000	-0.02374873
42.11001578	0.00000000	0.00000000	-0.02374732
42.11251577	0.00000000	0.00000000	-0.02374591
42.11501577	0.00000000	0.00000000	-0.02374450
42.11751577	0.00000000	0.00000000	-0.02374309
42.12001576	0.00000000	0.00000000	-0.02374168
42.12251575	0.00000000	0.00000000	-0.02374027
42.12501575	0.00000000	0.00000000	-0.02373886
42.12751574	0.00000000	0.00000000	-0.02373745
42.13001574	0.00000000	0.00000000	-0.02373605
42.13251573	0.00000000	0.00000000	-0.02373464
42.13501573	0.00000000	0.00000000	-0.02373323
42.13751573	0.00000000	0.00000000	-0.02373182
42.14001572	0.00000000	0.00000000	-0.02373041
42.14251571	0.00000000	0.00000000	-0.02372901
42.14501571	0.00000000	0.00000000	-0.02372760
42.14751570	0.00000000	0.00000000	-0.02372619
42.15001570	0.00000000	0.00000000	-0.02372478
42.15251569	0.00000000	0.00000000	-0.02372338
42.15501569	0.00000000	0.00000000	-0.02372197
42.15751568	0.00000000	0.00000000	-0.02372056
42.16001568	0.00000000	0.00000000	-0.02371916
42.16251567	0.00000000	0.00000000	-0.02371775
42.16501567	0.00000000	0.00000000	-0.02371634
42.16751566	0.00000000	0.00000000	-0.02371494
42.17001566	0.00000000	0.00000000	-0.02371353
42.17251565	0.00000000	0.00000000	-0.02371213
42.17501565	0.00000000	0.00000000	-0.02371072
42.17751564	0.00000000	0.00000000	-0.02370931
42.18001564	0.00000000	0.00000000	-0.02370791
42.18251563	0.00000000	0.00000000	-0.02370650
42.18501563	0.00000000	0.00000000	-0.02370510
42.18751562	0.00000000	0.00000000	-0.02370369
42.19001562	0.00000000	0.00000000	-0.02370229
42.19251561	0.00000000	0.00000000	-0.02370089
42.19501561	0.00000000	0.00000000	-0.02369948
42.19751560	0.00000000	0.00000000	-0.02369808
42.20001560	0.00000000	0.00000000	-0.02369667
42.20251559	0.00000000	0.00000000	-0.02369527
42.20501559	0.00000000	0.00000000	-0.02369387
42.20751558	0.00000000	0.00000000	-0.02369246
42.21001558	0.00000000	0.00000000	-0.02369106
42.21251557	0.00000000	0.00000000	-0.02368966
42.21501557	0.00000000	0.00000000	-0.02368825
42.21751556	0.00000000	0.00000000	-0.02368685
42.22001556	0.00000000	0.00000000	-0.02368545
42.22251555	0.00000000	0.00000000	-0.02368405
42.22501555	0.00000000	0.00000000	-0.02368264
42.22751554	0.00000000	0.00000000	-0.02368124
42.23001554	0.00000000	0.00000000	-0.02367984
42.23251553	0.00000000	0.00000000	-0.02367844
42.23501553	0.00000000	0.00000000	-0.02367704
42.23751552	0.00000000	0.00000000	-0.02367563
42.24001552	0.00000000	0.00000000	-0.02367423
42.24251552	0.00000000	0.00000000	-0.02367283
42.24501551	0.00000000	0.00000000	-0.02367143
42.24751550	0.00000000	0.00000000	-0.02367003
42.25001550	0.00000000	0.00000000	-0.02366863
42.25251549	0.00000000	0.00000000	-0.02366723
42.25501549	0.00000000	0.00000000	-0.02366583
42.25751548	0.00000000	0.00000000	-0.02366443
42.26001548	0.00000000	0.00000000	-0.02366303
42.26251548	0.00000000	0.00000000	-0.02366163
42.26501547	0.00000000	0.00000000	-0.02366023
42.26751546	0.00000000	0.00000000	-0.02365883
42.27001546	0.00000000	0.00000000	-0.02365743
42.27251545	0.00000000	0.00000000	-0.02365603
42.27501545	0.00000000	0.00000000	-0.02365463
42.27751544	0.00000000	0.00000000	-0.02365323
42.28001544	0.00000000	0.00000000	-0.02365184
42.28251544	0.00000000	0.00000000	-0.02365044
42.28501543	0.00000000	0.00000000	-0.02364904
42.28751542	0.00000000	0.00000000	-0.02364764
42.29001542	0.00000000	0.00000000	-0.02364624
42.29251541	0.00000000	0.00000000	-0.02364485
42.29501541	0.00000000	0.00000000	-0.02364345
42.29751540	0.00000000	0.00000000	-0.02364205
42.30001540	0.00000000	0.00000000	-0.02364065
42.30251540	0.00000000	0.00000000	-0.02363926
42.30501539	0.00000000	0.00000000	-0.02363786
42.30751538	0.00000000	0.00000000	-0.02363646
42.31001538	0.00000000	0.00000000	-0.02363507
42.31251537	0.00000000	0.00000000	-0.02363367
42.31501537	0.00000000	0.00000000	-0.02363227
42.31751536	0.00000000	0.00000000	-0.02363088
42.32001536	0.00000000	0.00000000	-0.02362948
42.32251536	0.00000000	0.00000000	-0.02362809
42.32501535	0.00000000	0.00000000	-0.02362669
42.32751534	0.00000000	0.00000000	-0.02362529
42.33001534	0.00000000	0.00000000	-0.02362390
42.33251533	0.00000000	0.00000000	-0.02362250
42.33501533	0.00000000	0.00000000	-0.02362111
42.33751532	0.00000000	0.00000000	-0.02361971
42.34001532	0.00000000	0.00000000	-0.02361832
42.34251531	0.00000000	0.00000000	-0.02361692
42.34501531	0.00000000	0.00000000	-0.02361553
42.34751530	0.00000000	0.00000000	-0.02361414
42.35001530	0.00000000	0.00000000	-0.02361274
42.35251529	0.00000000	0.00000000	-0.02361135
42.35501529	0.00000000	0.00000000	-0.02360995
42.35751528	0.00000000	0.00000000	-0.02360856
42.36001528	0.00000000	0.00000000	-0.02360717
42.36251527	0.00000000	0.00000000	-0.02360577
42.36501527	0.00000000	0.00000000	-0.02360438
42.36751526	0.00000000	0.00000000	-0.02360299
42.37001526	0.00000000	0.00000000	-0.02360160
42.37251525	0.00000000	0.00000000	-0.02360020
42.37501525	0.00000000	0.00000000	-0.02359881
42.37751524	0.00000000	0.00000000	-0.02359742
42.38001524	0.00000000	0.00000000	-0.02359603
42.38251523	0.00000000	0.00000000	-0.02359464
42.38501523	0.00000000	0.00000000	-0.02359324
42.38751522	0.00000000	0.00000000	-0.02359185
42.39001522	0.00000000	0.00000000	-0.02359046
42.39251521	0.00000000	0.00000000	-0.02358907
42.39501521	0.00000000	0.00000000	-0.02358768
42.39751520	0.00000000	0.00000000	-0.02358629
42.40001520	0.00000000	0.00000000	-0.02358490
42.40251519	0.00000000	0.00000000	-0.02358351
42.40501519	0.00000000	0.00000000	-0.02358212
42.40751518	0.00000000	0.00000000	-0.02358073
42.41001518	0.00000000	0.00000000	-0.02357934
42.41251517	0.00000000	0.00000000	-0.02357795
42.41501517	0.00000000	0.00000000	-0.02357656
42.41751516	0.00000000	0.00000000	-0.02357517
42.42001516	0.00000000	0.00000000	-0.02357378
42.42251515	0.00000000	0.00000000	-0.02357239
42.42501515	0.00000000	0.00000000	-0.02357100
42.42751514	0.00000000	0.00000000	-0.02356961
42.43001514	0.00000000	0.00000000	-0.02356822
42.43251513	0.00000000	0.00000000	-0.02356683
42.43501513	0.00000000	0.00000000	-0.02356544
42.43751512	0.00000000	0.00000000	-0.02356406
42.44001512	0.00000000	0.00000000	-0.02356267
42.44251511	0.00000000	0.00000000	-0.02356128
42.44501511	0.00000000	0.00000000	-0.02355989
42.44751511	0.00000000	0.00000000	-0.02355851
42.45001510	0.00000000	0.00000000	-0.02355712
42.45251509	0.00000000	0.00000000	-0.02355573
42.45501509	0.00000000	0.00000000	-0.02355434
42.45751508	0.00000000	0.00000000	-0.02355296
42.46001508	0.00000000	0.00000000	-0.02355157
42.46251507	0.00000000	0.00000000	-0.02355018
42.46501507	0.00000000	0.00000000	-0.02354880
42.46751507	0.00000000	0.00000000	-0.02354741
42.47001506	0.00000000	0.00000000	-0.02354602
42.47251505	0.00000000	0.00000000	-0.02354464
42.47501505	0.00000000	0.00000000	-0.02354325
42.47751504	0.00000000	0.00000000	-0.02354187
42.48001504	0.00000000	0.00000000	-0.02354048
42.48251503	0.00000000	0.00000000	-0.02353910
42.48501503	0.00000000	0.00000000	-0.02353771
42.48751503	0.00000000	0.00000000	-0.02353633
42.49001502	0.00000000	0.00000000	-0.02353494
42.49251501	0.00000000	0.00000000	-0.02353356
42.49501501	0.00000000	0.00000000	-0.02353217
42.49751500	0.00000000	0.00000000	-0.02353079
42.50001500	0.00000000	0.00000000	-0.02352940
42.50251499	0.00000000	0.00000000	-0.02352802
42.50501499	0.00000000	0.00000000	-0.02352664
42.50751499	0.00000000	0.00000000	-0.02352525
42.51001498	0.00000000	0.00000000	-0.02352387
42.51251497	0.00000000	0.00000000	-0.02352249
42.51501497	0.00000000	0.00000000	-0.02352110
42.51751496	0.00000000	0.00000000	-0.02351972
42.52001496	0.00000000	0.00000000	-0.02351834
42.52251495	0.00000000	0.00000000	-0.02351695
42.52501495	0.00000000	0.00000000	-0.02351557
42.52751495	0.00000000	0.00000000	-0.02351419
42.53001494	0.00000000	0.00000000	-0.02351281
42.53251493	0.00000000	0.00000000	-0.02351142
42.53501493	0.00000000	0.00000000	-0.02351004
42.53751492	0.00000000	0.00000000	-0.02350866
42.54001492	0.00000000	0.00000000	-0.02350728
42.54251491	0.00000000	0.00000000	-0.02350590
42.54501491	0.00000000	0.00000000	-0.02350452
42.54751490	0.00000000	0.00000000	-0.02350314
42.55001490	0.00000000	0.00000000	-0.02350175
42.55251489	0.00000000	0.00000000	-0.02350037
42.55501489	0.00000000	0.00000000	-0.02349899
42.55751488	0.00000000	0.00000000	-0.02349761
42.56001488	0.00000000	0.00000000	-0.02349623
42.56251487	0.00000000	0.00000000	-0.02349485
42.56501487	0.00000000	0.00000000	-0.02349347
42.56751486	0.00000000	0.00000000	-0.02349209
42.57001486	0.00000000	0.00000000	-0.02349071
42.57251485	0.00000000	0.00000000	-0.02348933
42.57501485	0.00000000	0.00000000	-0.02348795
42.57751484	0.00000000	0.00000000	-0.02348658
42.58001484	0.00000000	0.00000000	-0.02348520
42.58251483	0.00000000	0.00000000	-0.02348382
42.58501483	0.00000000	0.00000000	-0.02348244
42.58751482	0.00000000	0.00000000	-0.02348106
42.59001482	0.00000000	0.00000000	-0.02347968
42.59251481	0.00000000	0.00000000	-0.02347830
42.59501481	0.00000000	0.00000000	-0.02347693
42.59751480	0.00000000	0.00000000	-0.02347555
42.60001480	0.00000000	0.00000000	-0.02347417
42.60251479	0.00000000	0.00000000	-0.02347279
42.60501479	0.00000000	0.00000000	-0.02347142
42.60751478	0.00000000	0.00000000	-0.02347004
42.61001478	0.00000000	0.00000000	-0.02346866
42.61251477	0.00000000	0.00000000	-0.02346728
42.61501477	0.00000000	0.00000000	-0.02346591
42.61751476	0.00000000	0.00000000	-0.02346453
42.62001476	0.00000000	0.00000000	-0.02346315
42.62251475	0.00000000	0.00000000	-0.02346178
42.62501475	0.00000000	0.00000000	-0.02346040
42.62751474	0.00000000	0.00000000	-0.02345903
42.63001474	0.00000000	0.00000000	-0.02345765
42.63251473	0.00000000	0.00000000	-0.02345628
42.63501473	0.00000000	0.00000000	-0.02345490
42.63751472	0.00000000	0.00000000	-0.02345352
42.64001472	0.00000000	0.00000000	-0.02345215
42.64251471	0.00000000	0.00000000	-0.02345077
42.64501471	0.00000000	0.00000000	-0.02344940
42.64751470	0.00000000	0.00000000	-0.02344803
42.65001470	0.00000000	0.00000000	-0.02344665
42.65251470	0.00000000	0.00000000	-0.02344528
42.65501469	0.00000000	0.00000000	-0.02344390
42.65751468	0.00000000	0.00000000	-0.02344253
42.66001468	0.00000000	0.00000000	-0.02344115
42.66251467	0.00000000	0.00000000	-0.02343978
42.66501467	0.00000000	0.00000000	-0.02343841
42.66751466	0.00000000	0.00000000	-0.02343703
42.67001466	0.00000000	0.00000000	-0.02343566
42.67251466	0.00000000	0.00000000	-0.02343429
42.67501465	0.00000000	0.00000000	-0.02343292
42.67751464	0.00000000	0.00000000	-0.02343154
42.68001464	0.00000000	0.00000000	-0.02343017
42.68251463	0.00000000	0.00000000	-0.02342880
42.68501463	0.00000000	0.00000000	-0.02342743
42.68751462	0.00000000	0.00000000	-0.02342605
42.69001462	0.00000000	0.00000000	-0.02342468
42.69251462	0.00000000	0.00000000	-0.02342331
42.69501461	0.00000000	0.00000000	-0.02342194
42.69751460	0.00000000	0.00000000	-0.02342057
42.70001460	0.00000000	0.00000000	-0.02341920
42.70251459	0.00000000	0.00000000	-0.02341782
42.70501459	0.00000000	0.00000000	-0.02341645
42.70751458	0.00000000	0.00000000	-0.02341508
42.71001458	0.00000000	0.00000000	-0.02341371
42.71251458	0.00000000	0.00000000	-0.02341234
42.71501457	0.00000000	0.00000000	-0.02341097
42.71751456	0.00000000	0.00000000	-0.02340960
42.72001456	0.00000000	0.00000000	-0.02340823
42.72251455	0.00000000	0.00000000	-0.02340686
42.72501455	0.00000000	0.00000000	-0.02340549
42.72751454	0.00000000	0.00000000	-0.02340412
42.73001454	0.00000000	0.00000000	-0.02340275
42.73251453	0.00000000	0.00000000	-0.02340138
42.73501453	0.00000000	0.00000000	-0.02340002
42.73751452	0.00000000	0.00000000	-0.02339865
42.74001452	0.00000000	0.00000000	-0.02339728
42.74251451	0.00000000	0.00000000	-0.02339591
42.74501451	0.00000000	0.00000000	-0.02339454
42.74751450	0.00000000	0.00000000	-0.02339317
42.75001450	0.00000000	0.00000000	-0.02339180
42.75251449	0.00000000	0.00000000	-0.02339044
42.75501449	0.00000000	0.00000000	-0.02338907
42.75751448	0.00000000	0.00000000	-0.02338770
42.76001448	0.00000000	0.00000000	-0.02338633
42.76251447	0.00000000	0.00000000	-0.02338497
42.76501447	0.00000000	0.00000000	-0.02338360
42.76751446	0.00000000	0.00000000	-0.02338223
42.77001446	0.00000000	0.00000000	-0.02338087
42.77251445	0.00000000	0.00000000	-0.02337950
42.77501445	0.00000000	0.00000000	-0.02337813
42.77751444	0.00000000	0.00000000	-0.02337677
42.78001444	0.00000000	0.00000000	-0.02337540
42.78251443	0.00000000	0.00000000	-0.02337404
42.78501443	0.00000000	0.00000000	-0.02337267
42.78751442	0.00000000	0.00000000	-0.02337130
42.79001442	0.00000000	0.00000000	-0.02336994
42.79251441	0.00000000	0.00000000	-0.02336857
42.79501441	0.00000000	0.00000000	-0.02336721
42.79751440	0.00000000	0.00000000	-0.02336584
42.80001440	0.00000000	0.00000000	-0.02336448
42.80251439	0.00000000	0.00000000	-0.02336311
42.80501439	0.00000000	0.00000000	-0.02336175
42.80751438	0.00000000	0.00000000	-0.02336038
42.81001438	0.00000000	0.00000000	-0.02335902
42.81251437	0.00000000	0.00000000	-0.02335766
42.81501437	0.00000000	0.00000000	-0.02335629
42.81751436	0.00000000	0.00000000	-0.02335493
42.82001436	0.00000000	0.00000000	-0.02335357
42.82251435	0.00000000	0.00000000	-0.02335220
42.82501435	0.00000000	0.00000000	-0.02335084
42.82751434	0.00000000	0.00000000	-0.02334948
42.83001434	0.00000000	0.00000000	-0.02334811
42.83251433	0.00000000	0.00000000	-0.02334675
42.83501433	0.00000000	0.00000000	-0.02334539
42.83751433	0.00000000	0.00000000	-0.02334402
42.84001432	0.00000000	0.00000000	-0.02334266
42.84251431	0.00000000	0.00000000	-0.02334130
42.84501431	0.00000000	0.00000000	-0.02333994
42.84751430	0.00000000	0.00000000	-0.02333858
42.85001430	0.00000000	0.00000000	-0.02333722
42.85251429	0.00000000	0.00000000	-0.02333585
42.85501429	0.00000000	0.00000000	-0.02333449
42.85751429	0.00000000	0.00000000	-0.02333313
42.86001428	0.00000000	0.00000000	-0.02333177
42.86251427	0.00000000	0.00000000	-0.02333041
42.86501427	0.00000000	0.00000000	-0.02332905
42.86751426	0.00000000	0.00000000	-0.02332769
42.87001426	0.00000000	0.00000000	-0.02332633
42.87251425	0.00000000	0.00000000	-0.02332497
42.87501425	0.00000000	0.00000000	-0.02332361
42.87751425	0.00000000	0.00000000	-0.02332225
42.88001424	0.00000000	0.00000000	-0.02332089
42.88251423	0.00000000	0.00000000	-0.02331953
42.88501423	0.00000000	0.00000000	-0.02331817
42.88751422	0.00000000	0.00000000	-0.02331681
42.89001422	0.00000000	0.00000000	-0.02331545
42.89251421	0.00000000	0.00000000	-0.02331409
42.89501421	0.00000000	0.00000000	-0.02331273
42.89751421	0.00000000	0.00000000	-0.02331137
42.90001420	0.00000000	0.00000000	-0.02331002
42.90251419	0.00000000	0.00000000	-0.02330866
42.90501419	0.00000000	0.00000000	-0.02330730
42.90751418	0.00000000	0.00000000	-0.02330594
42.91001418	0.00000000	0.00000000	-0.02330458
42.91251417	0.00000000	0.00000000	-0.02330323
42.91501417	0.00000000	0.00000000	-0.02330187
42.91751417	0.00000000	0.00000000	-0.02330051
42.92001416	0.00000000	0.00000000	-0.02329915
42.92251415	0.00000000	0.00000000	-0.02329780
42.92501415	0.00000000	0.00000000	-0.02329644
42.92751414	0.00000000	0.00000000	-0.02329508
42.93001414	0.00000000	0.00000000	-0.02329373
42.93251413	0.00000000	0.00000000	-0.02329237
42.93501413	0.00000000	0.00000000	-0.02329101
42.93751412	0.00000000	0.00000000	-0.02328966
42.94001412	0.00000000	0.00000000	-0.02328830
42.94251411	0.00000000	0.00000000	-0.02328695
42.94501411	0.00000000	0.00000000	-0.02328559
42.94751410	0.00000000	0.00000000	-0.02328423
42.95001410	0.00000000	0.00000000	-0.02328288
42.95251409	0.00000000	0.00000000	-0.02328152
42.95501409	0.00000000	0.00000000	-0.02328017
42.95751408	0.00000000	0.00000000	-0.02327881
42.96001408	0.00000000	0.00000000	-0.02327746
42.96251407	0.00000000	0.00000000	-0.02327611
42.96501407	0.00000000	0.00000000	-0.02327475
42.96751406	0.00000000	0.00000000	-0.02327340
42.97001406	0.00000000	0.00000000	-0.02327204
42.97251405	0.00000000	0.00000000	-0.02327069
42.97501405	0.00000000	0.00000000	-0.02326934
42.97751404	0.00000000	0.00000000	-0.02326798
42.98001404	0.00000000	0.00000000	-0.02326663
42.98251403	0.00000000	0.00000000	-0.02326527
42.98501403	0.00000000	0.00000000	-0.02326392
42.98751402	0.00000000	0.00000000	-0.02326257
42.99001402	0.00000000	0.00000000	-0.02326122
42.99251401	0.00000000	0.00000000	-0.02325986
42.99501401	0.00000000	0.00000000	-0.02325851
42.99751400	0.00000000	0.00000000	-0.02325716
43.00001400	0.00000000	0.00000000	-0.02325581
43.00251399	0.00000000	0.00000000	-0.02325445
43.00501399	0.00000000	0.00000000	-0.02325310
43.00751398	0.00000000	0.00000000	-0.02325175
43.01001398	0.00000000	0.00000000	-0.02325040
43.01251397	0.00000000	0.00000000	-0.02324905
43.01501397	0.00000000	0.00000000	-0.02324770
43.01751396	0.00000000	0.00000000	-0.02324635
43.02001396	0.00000000	0.00000000	-0.02324499
43.02251395	0.00000000	0.00000000	-0.02324364
43.02501395	0.00000000	0.00000000	-0.02324229
43.02751394	0.00000000	0.00000000	-0.02324094
43.03001394	0.00000000	0.00000000	-0.02323959
43.03251393	0.00000000	0.00000000	-0.02323824
43.03501393	0.00000000	0.00000000	-0.02323689
43.03751392	0.00000000	0.00000000	-0.02323554
43.04001392	0.00000000	0.00000000	-0.02323419
43.04251392	0.00000000	0.00000000	-0.02323284
43.04501391	0.00000000	0.00000000	-0.02323149
43.04751390	0.00000000	0.00000000	-0.02323015
43.05001390	0.00000000	0.00000000	-0.02322880
43.05251389	0.00000000	0.00000000	-0.02322745
43.05501389	0.00000000	0.00000000	-0.02322610
43.05751388	0.00000000	0.00000000	-0.02322475
43.06001388	0.00000000	0.00000000	-0.02322340
43.06251388	0.00000000	0.00000000	-0.02322205
43.06501387	0.00000000	0.00000000	-0.02322071
43.06751386	0.00000000	0.00000000	-0.02321936
43.07001386	0.00000000	0.00000000	-0.02321801
43.07251385	0.00000000	0.00000000	-0.02321666
43.07501385	0.00000000	0.00000000	-0.02321531
43.07751384	0.00000000	0.00000000	-0.02321397
43.08001384	0.00000000	0.00000000	-0.02321262
43.08251384	0.00000000	0.00000000	-0.02321127
43.08501383	0.00000000	0.00000000	-0.02320993
43.08751382	0.00000000	0.00000000	-0.02320858
43.09001382	0.00000000	0.00000000	-0.02320723
43.09251381	0.00000000	0.00000000	-0.02320589
43.09501381	0.00000000	0.00000000	-0.02320454
43.09751380	0.00000000	0.00000000	-0.02320319
43.10001380	0.00000000	0.00000000	-0.02320185
43.10251380	0.00000000	0.00000000	-0.02320050
43.10501379	0.00000000	0.00000000	-0.02319916
43.10751378	0.00000000	0.00000000	-0.02319781
43.11001378	0.00000000	0.00000000	-0.02319647
43.11251377	0.00000000	0.00000000	-0.02319512
43.11501377	0.00000000	0.00000000	-0.02319378
43.11751376	0.00000000	0.00000000	-0.02319243
43.12001376	0.00000000	0.00000000	-0.02319109
43.12251375	0.00000000	0.00000000	-0.02318974
43.12501375	0.00000000	0.00000000	-0.02318840
43.12751374	0.00000000	0.00000000	-0.02318705
43.13001374	0.00000000	0.00000000	-0.02318571
43.13251373	0.00000000	0.00000000	-0.02318437
43.13501373	0.00000000	0.00000000	-0.02318302
43.13751372	0.00000000	0.00000000	-0.02318168
43.14001372	0.00000000	0.00000000	-0.02318034
43.14251371	0.00000000	0.00000000	-0.02317899
43.14501371	0.00000000	0.00000000	-0.02317765
43.14751370	0.00000000	0.00000000	-0.02317631
43.15001370	0.00000000	0.00000000	-0.02317496
43.15251369	0.00000000	0.00000000	-0.02317362
43.15501369	0.00000000	0.00000000	-0.02317228
43.15751368	0.00000000	0.00000000	-0.02317094
43.16001368	0.00000000	0.00000000	-0.02316959
43.16251367	0.00000000	0.00000000	-0.02316825
43.16501367	0.00000000	0.00000000	-0.02316691
43.16751366	0.00000000	0.00000000	-0.02316557
43.17001366	0.00000000	0.00000000	-0.02316423
43.17251365	0.00000000	0.00000000	-0.02316289
43.17501365	0.00000000	0.00000000	-0.02316154
43.17751364	0.00000000	0.00000000	-0.02316020
43.18001364	0.00000000	0.00000000	-0.02315886
43.18251363	0.00000000	0.00000000	-0.02315752
43.18501363	0.00000000	0.00000000	-0.02315618
43.18751362	0.00000000	0.00000000	-0.02315484
43.19001362	0.00000000	0.00000000	-0.02315350
43.19251361	0.00000000	0.00000000	-0.02315216
43.19501361	0.00000000	0.00000000	-0.02315082
43.19751360	0.00000000	0.00000000	-0.02314948
43.20001360	0.00000000	0.00000000	-0.02314814
43.20251359	0.00000000	0.00000000	-0.02314680
43.20501359	0.00000000	0.00000000	-0.02314546
43.20751358	0.00000000	0.00000000	-0.02314412
43.21001358	0.00000000	0.00000000	-0.02314278
43.21251357	0.00000000	0.00000000	-0.02314144
43.21501357	0.00000000	0.00000000	-0.02314011
43.21751356	0.00000000	0.00000000	-0.02313877
43.22001356	0.00000000	0.00000000	-0.02313743
43.22251355	0.00000000	0.00000000	-0.02313609
43.22501355	0.00000000	0.00000000	-0.02313475
43.22751355	0.00000000	0.00000000	-0.02313341
43.23001354	0.00000000	0.00000000	-0.02313208
43.23251353	0.00000000	0.00000000	-0.02313074
43.23501353	0.00000000	0.00000000	-0.02312940
43.23751352	0.00000000	0.00000000	-0.02312806
43.24001352	0.00000000	0.00000000	-0.02312673
43.24251351	0.00000000	0.00000000	-0.02312539
43.24501351	0.00000000	0.00000000	-0.02312405
43.24751351	0.00000000	0.00000000	-0.02312272
43.25001350	0.00000000	0.00000000	-0.02312138
43.25251349	0.00000000	0.00000000	-0.02312004
43.25501349	0.00000000	0.00000000	-0.02311871
43.25751348	0.00000000	0.00000000	-0.02311737
43.26001348	0.00000000	0.00000000	-0.02311604
43.26251347	0.00000000	0.00000000	-0.02311470
43.26501347	0.00000000	0.00000000	-0.02311336
43.26751347	0.00000000	0.00000000	-0.02311203
43.27001346	0.00000000	0.00000000	-0.02311069
43.27251345	0.00000000	0.00000000	-0.02310936
43.27501345	0.00000000	0.00000000	-0.02310802
43.27751344	0.00000000	0.00000000	-0.02310669
43.28001344	0.00000000	0.00000000	-0.02310535
43.28251343	0.00000000	0.00000000	-0.02310402
43.28501343	0.00000000	0.00000000	-0.02310268
43.28751343	0.00000000	0.00000000	-0.02310135
43.29001342	0.00000000	0.00000000	-0.02310002
43.29251341	0.00000000	0.00000000	-0.02309868
43.29501341	0.00000000	0.00000000	-0.02309735
43.29751340	0.00000000	0.00000000	-0.02309601
43.30001340	0.00000000	0.00000000	-0.02309468
43.30251339	0.00000000	0.00000000	-0.02309335
43.30501339	0.00000000	0.00000000	-0.02309201
43.30751339	0.00000000	0.00000000	-0.02309068
43.31001338	0.00000000	0.00000000	-0.02308935
43.31251337	0.00000000	0.00000000	-0.02308802
43.31501337	0.00000000	0.00000000	-0.02308668
43.31751336	0.00000000	0.00000000	-0.02308535
43.32001336	0.00000000	0.00000000	-0.02308402
43.32251335	0.00000000	0.00000000	-0.02308269
43.32501335	0.00000000	0.00000000	-0.02308135
43.32751334	0.00000000	0.00000000	-0.02308002
43.33001334	0.00000000	0.00000000	-0.02307869
43.33251333	0.00000000	0.00000000	-0.02307736
43.33501333	0.00000000	0.00000000	-0.02307603
43.33751332	0.00000000	0.00000000	-0.02307470
43.34001332	0.00000000	0.00000000	-0.02307337
43.34251331	0.00000000	0.00000000	-0.02307204
43.34501331	0.00000000	0.00000000	-0.02307070
43.34751330	0.00000000	0.00000000	-0.02306937
43.35001330	0.00000000	0.00000000	-0.02306804
43.35251329	0.00000000	0.00000000	-0.02306671
43.35501329	0.00000000	0.00000000	-0.02306538
43.35751328	0.00000000	0.00000000	-0.02306405
43.36001328	0.00000000	0.00000000	-0.02306272
43.36251327	0.00000000	0.00000000	-0.02306139
43.36501327	0.00000000	0.00000000	-0.02306006
43.36751326	0.00000000	0.00000000	-0.02305874
43.37001326	0.00000000	0.00000000	-0.02305741
43.37251325	0.00000000	0.00000000	-0.02305608
43.37501325	0.00000000	0.00000000	-0.02305475
43.37751324	0.00000000	0.00000000	-0.02305342
43.38001324	0.00000000	0.00000000	-0.02305209
43.38251323	0.00000000	0.00000000	-0.02305076
43.38501323	0.00000000	0.00000000	-0.02304943
43.38751322	0.00000000	0.00000000	-0.02304811
43.39001322	0.00000000	0.00000000	-0.02304678
43.39251321	0.00000000	0.00000000	-0.02304545
43.39501321	0.00000000	0.00000000	-0.02304412
43.39751320	0.00000000	0.00000000	-0.02304279
43.40001320	0.00000000	0.00000000	-0.02304147
43.40251319	0.00000000	0.00000000	-0.02304014
43.40501319	0.00000000	0.00000000	-0.02303881
43.40751318	0.00000000	0.00000000	-0.02303749
43.41001318	0.00000000	0.00000000	-0.02303616
43.41251317	0.00000000	0.00000000	-0.02303483
43.41501317	0.00000000	0.00000000	-0.02303351
43.41751316	0.00000000	0.00000000	-0.02303218
43.42001316	0.00000000	0.00000000	-0.02303085
43.42251315	0.00000000	0.00000000	-0.02302953
43.42501315	0.00000000	0.00000000	-0.02302820
43.42751314	0.00000000	0.00000000	-0.02302688
43.43001314	0.00000000	0.00000000	-0.02302555
43.43251314	0.00000000	0.00000000	-0.02302423
43.43501313	0.00000000	0.00000000	-0.02302290
43.43751312	0.00000000	0.00000000	-0.02302158
43.44001312	0.00000000	0.00000000	-0.02302025
43.44251311	0.00000000	0.00000000	-0.02301893
43.44501311	0.00000000	0.00000000	-0.02301760
43.44751310	0.00000000	0.00000000	-0.02301628
43.45001310	0.00000000	0.00000000	-0.02301495
43.45251310	0.00000000	0.00000000	-0.02301363
43.45501309	0.00000000	0.00000000	-0.02301230
43.45751308	0.00000000	0.00000000	-0.02301098
43.46001308	0.00000000	0.00000000	-0.02300966
43.46251307	0.00000000	0.00000000	-0.02300833
43.46501307	0.00000000	0.00000000	-0.02300701
43.46751306	0.00000000	0.00000000	-0.02300569
43.47001306	0.00000000	0.00000000	-0.02300436
43.47251306	0.00000000	0.00000000	-0.02300304
43.47501305	0.00000000	0.00000000	-0.02300172
43.47751304	0.00000000	0.00000000	-0.02300040
43.48001304	0.00000000	0.00000000	-0.02299907
43.48251303	0.00000000	0.00000000	-0.02299775
43.48501303	0.00000000	0.00000000	-0.02299643
43.48751302	0.00000000	0.00000000	-0.02299511
43.49001302	0.00000000	0.00000000	-0.02299378
43.49251302	0.00000000	0.00000000	-0.02299246
43.49501301	0.00000000	0.00000000	-0.02299114
43.49751300	0.00000000	0.00000000	-0.02298982
43.50001300	0.00000000	0.00000000	-0.02298850
43.50251299	0.00000000	0.00000000	-0.02298718
43.50501299	0.00000000	0.00000000	-0.02298586
43.50751298	0.00000000	0.00000000	-0.02298454
43.51001298	0.00000000	0.00000000	-0.02298322
43.51251297	0.00000000	0.00000000	-0.02298189
43.51501297	0.00000000	0.00000000	-0.02298057
43.51751296	0.00000000	0.00000000	-0.02297925
43.52001296	0.00000000	0.00000000	-0.02297793
43.52251295	0.00000000	0.00000000	-0.02297661
43.52501295	0.00000000	0.00000000	-0.02297529
43.52751294	0.00000000	0.00000000	-0.02297398
43.53001294	0.00000000	0.00000000	-0.02297266
43.53251293	0.00000000	0.00000000	-0.02297134
43.53501293	0.00000000	0.00000000	-0.02297002
43.53751292	0.00000000	0.00000000	-0.02296870
43.54001292	0.00000000	0.00000000	-0.02296738
43.54251291	0.00000000	0.00000000	-0.02296606
43.54501291	0.00000000	0.00000000	-0.02296474
43.54751290	0.00000000	0.00000000	-0.02296342
43.55001290	0.00000000	0.00000000	-0.02296211
43.55251289	0.00000000	0.00000000	-0.02296079
43.55501289	0.00000000	0.00000000	-0.02295947
43.55751288	0.00000000	0.00000000	-0.02295815
43.56001288	0.00000000	0.00000000	-0.02295683
43.56251287	0.00000000	0.00000000	-0.02295552
43.56501287	0.00000000	0.00000000	-0.02295420
43.56751286	0.00000000	0.00000000	-0.02295288
43.57001286	0.00000000	0.00000000	-0.02295157
43.57251285	0.00000000	0.00000000	-0.02295025
43.57501285	0.00000000	0.00000000	-0.02294893
43.57751284	0.00000000	0.00000000	-0.02294762
43.58001284	0.00000000	0.00000000	-0.02294630
43.58251283	0.00000000	0.00000000	-0.02294498
43.58501283	0.00000000	0.00000000	-0.02294367
43.58751282	0.00000000	0.00000000	-0.02294235
43.59001282	0.00000000	0.00000000	-0.02294103
43.59251281	0.00000000	0.00000000	-0.02293972
43.59501281	0.00000000	0.00000000	-0.02293840
43.59751280	0.00000000	0.00000000	-0.02293709
43.60001280	0.00000000	0.00000000	-0.02293577
43.60251279	0.00000000	0.00000000	-0.02293446
43.60501279	0.00000000	0.00000000	-0.02293314
43.60751278	0.00000000	0.00000000	-0.02293183
43.61001278	0.00000000	0.00000000	-0.02293051
43.61251277	0.00000000	0.00000000	-0.02292920
43.61501277	0.00000000	0.00000000	-0.02292789
43.61751276	0.00000000	0.00000000	-0.02292657
43.62001276	0.00000000	0.00000000	-0.02292526
43.62251275	0.00000000	0.00000000	-0.02292394
43.62501275	0.00000000	0.00000000	-0.02292263
43.62751274	0.00000000	0.00000000	-0.02292132
43.63001274	0.00000000	0.00000000	-0.02292000
43.63251273	0.00000000	0.00000000	-0.02291869
43.63501273	0.00000000	0.00000000	-0.02291738
43.63751273	0.00000000	0.00000000	-0.02291606
43.64001272	0.00000000	0.00000000	-0.02291475
43.64251271	0.00000000	0.00000000	-0.02291344
43.64501271	0.00000000	0.00000000	-0.02291213
43.64751270	0.00000000	0.00000000	-0.02291081
43.65001270	0.00000000	0.00000000	-0.02290950
43.65251269	0.00000000	0.00000000	-0.02290819
43.65501269	0.00000000	0.00000000	-0.02290688
43.65751269	0.00000000	0.00000000	-0.02290557
43.66001268	0.00000000	0.00000000	-0.02290425
43.66251267	0.00000000	0.00000000	-0.02290294
43.66501267	0.00000000	0.00000000	-0.02290163
43.66751266	0.00000000	0.00000000	-0.02290032
43.67001266	0.00000000	0.00000000	-0.02289901
43.67251265	0.00000000	0.00000000	-0.02289770
43.67501265	0.00000000	0.00000000	-0.02289639
43.67751265	0.00000000	0.00000000	-0.02289508
43.68001264	0.00000000	0.00000000	-0.02289377
43.68251263	0.00000000	0.00000000	-0.02289246
43.68501263	0.00000000	0.00000000	-0.02289115
43.68751262	0.00000000	0.00000000	-0.02288984
43.69001262	0.00000000	0.00000000	-0.02288853
43.69251261	0.00000000	0.00000000	-0.02288722
43.69501261	0.00000000	0.00000000	-0.02288591
43.69751261	0.00000000	0.00000000	-0.02288460
43.70001260	0.00000000	0.00000000	-0.02288329
43.70251259	0.00000000	0.00000000	-0.02288198
43.70501259	0.00000000	0.00000000	-0.02288067
43.70751258	0.00000000	0.00000000	-0.02287936
43.71001258	0.00000000	0.00000000	-0.02287805
43.71251257	0.00000000	0.00000000	-0.02287674
43.71501257	0.00000000	0.00000000	-0.02287544
43.71751256	0.00000000	0.00000000	-0.02287413
43.72001256	0.00000000	0.00000000	-0.02287282
43.72251255	0.00000000	0.00000000	-0.02287151
43.72501255	0.00000000	0.00000000	-0.02287020
43.72751254	0.00000000	0.00000000	-0.02286890
43.73001254	0.00000000	0.00000000	-0.02286759
43.73251253	0.00000000	0.00000000	-0.02286628
43.73501253	0.00000000	0.00000000	-0.02286498
43.73751252	0.00000000	0.00000000	-0.02286367
43.74001252	0.00000000	0.00000000	-0.02286236
43.74251251	0.00000000	0.00000000	-0.02286106
43.74501251	0.00000000	0.00000000	-0.02285975
43.74751250	0.00000000	0.00000000	-0.02285844
43.75001250	0.00000000	0.00000000	-0.02285714
43.75251249	0.00000000	0.00000000	-0.02285583
43.75501249	0.00000000	0.00000000	-0.02285452
43.75751248	0.00000000	0.00000000	-0.02285322
43.76001248	0.00000000	0.00000000	-0.02285191
43.76251247	0.00000000	0.00000000	-0.02285061
43.76501247	0.00000000	0.00000000	-0.02284930
43.76751246	0.00000000	0.00000000	-0.02284800
43.77001246	0.00000000	0.00000000	-0.02284669
43.77251245	0.00000000	0.00000000	-0.02284539
43.77501245	0.00000000	0.00000000	-0.02284408
43.77751244	0.00000000	0.00000000	-0.02284278
43.78001244	0.00000000	0.00000000	-0.02284147
43.78251243	0.00000000	0.00000000	-0.02284017
43.78501243	0.00000000	0.00000000	-0.02283887
43.78751242	0.00000000	0.00000000	-0.02283756
43.79001242	0.00000000	0.00000000	-0.02283626
43.79251241	0.00000000	0.00000000	-0.02283495
43.79501241	0.00000000	0.00000000	-0.02283365
43.79751240	0.00000000	0.00000000	-0.02283235
43.80001240	0.00000000	0.00000000	-0.02283104
43.80251239	0.00000000	0.00000000	-0.02282974
43.80501239	0.00000000	0.00000000	-0.02282844
43.80751238	0.00000000	0.00000000	-0.02282714
43.81001238	0.00000000	0.00000000	-0.02282583
43.81251237	0.00000000	0.00000000	-0.02282453
43.81501237	0.00000000	0.00000000	-0.02282323
43.81751236	0.00000000	0.00000000	-0.02282193
43.82001236	0.00000000	0.00000000	-0.02282062
43.82251236	0.00000000	0.00000000	-0.02281932
43.82501235	0.00000000	0.00000000	-0.02281802
43.82751234	0.00000000	0.00000000	-0.02281672
43.83001234	0.00000000	0.00000000	-0.02281542
43.83251233	0.00000000	0.00000000	-0.02281412
43.83501233	0.00000000	0.00000000	-0.02281281
43.83751232	0.00000000	0.00000000	-0.02281151
43.84001232	0.00000000	0.00000000	-0.02281021
43.84251232	0.00000000	0.00000000	-0.02280891
43.84501231	0.00000000	0.00000000	-0.02280761
43.84751230	0.00000000	0.00000000	-0.02280631
43.85001230	0.00000000	0.00000000	-0.02280501
43.85251229	0.00000000	0.00000000	-0.02280371
43.85501229	0.00000000	0.00000000	-0.02280241
43.85751228	0.00000000	0.00000000	-0.02280111
43.86001228	0.00000000	0.00000000	-0.02279981
43.86251228	0.00000000	0.00000000	-0.02279851
43.86501227	0.00000000	0.00000000	-0.02279721
43.86751226	0.00000000	0.00000000	-0.02279591
43.87001226	0.00000000	0.00000000	-0.02279461
43.87251225	0.00000000	0.00000000	-0.02279332
43.87501225	0.00000000	0.00000000	-0.02279202
43.87751224	0.00000000	0.00000000	-0.02279072
43.88001224	0.00000000	0.00000000	-0.02278942
43.88251224	0.00000000	0.00000000	-0.02278812
43.88501223	0.00000000	0.00000000	-0.02278682
43.88751222	0.00000000	0.00000000	-0.02278552
43.89001222	0.00000000	0.00000000	-0.02278423
43.89251221	0.00000000	0.00000000	-0.02278293
43.89501221	0.00000000	0.00000000	-0.02278163
43.89751220	0.00000000	0.00000000	-0.02278033
43.90001220	0.00000000	0.00000000	-0.02277904
43.90251219	0.00000000	0.00000000	-0.02277774
43.90501219	0.00000000	0.00000000	-0.02277644
43.90751218	0.00000000	0.00000000	-0.02277515
43.91001218	0.00000000	0.00000000	-0.02277385
43.91251217	0.00000000	0.00000000	-0.02277255
43.91501217	0.00000000	0.00000000	-0.02277126
43.91751216	0.00000000	0.00000000	-0.02276996
43.92001216	0.00000000	0.00000000	-0.02276866
43.92251215	0.00000000	0.00000000	-0.02276737
43.92501215	0.00000000	0.00000000	-0.02276607
43.92751214	0.00000000	0.00000000	-0.02276478
43.93001214	0.00000000	0.00000000	-0.02276348
43.93251213	0.00000000	0.00000000	-0.02276219
43.93501213	0.00000000	0.00000000	-0.02276089
43.93751212	0.00000000	0.00000000	-0.02275960
43.94001212	0.00000000	0.00000000	-0.02275830
43.94251211	0.00000000	0.00000000	-0.02275701
43.94501211	0.00000000	0.00000000	-0.02275571
43.94751210	0.00000000	0.00000000	-0.02275442
43.95001210	0.00000000	0.00000000	-0.02275312
43.95251209	0.00000000	0.00000000	-0.02275183
43.95501209	0.00000000	0.00000000	-0.02275053
43.95751208	0.00000000	0.00000000	-0.02274924
43.96001208	0.00000000	0.00000000	-0.02274795
43.96251207	0.00000000	0.00000000	-0.02274665
43.96501207	0.00000000	0.00000000	-0.02274536
43.96751206	0.00000000	0.00000000	-0.02274407
43.97001206	0.00000000	0.00000000	-0.02274277
43.97251205	0.00000000	0.00000000	-0.02274148
43.97501205	0.00000000	0.00000000	-0.02274019
43.97751204	0.00000000	0.00000000	-0.02273889
43.98001204	0.00000000	0.00000000	-0.02273760
43.98251203	0.00000000	0.00000000	-0.02273631
43.98501203	0.00000000	0.00000000	-0.02273502
43.98751202	0.00000000	0.00000000	-0.02273372
43.99001202	0.00000000	0.00000000	-0.02273243
43.99251201	0.00000000	0.00000000	-0.02273114
43.99501201	0.00000000	0.00000000	-0.02272985
43.99751200	0.00000000	0.00000000	-0.02272856
44.00001200	0.00000000	0.00000000	-0.02272727
44.00251199	0.00000000	0.00000000	-0.02272598
44.00501199	0.00000000	0.00000000	-0.02272468
44.00751198	0.00000000	0.00000000	-0.02272339
44.01001198	0.00000000	0.00000000	-0.02272210
44.01251197	0.00000000	0.00000000	-0.02272081
44.01501197	0.00000000	0.00000000	-0.02271952
44.01751196	0.00000000	0.00000000	-0.02271823
44.02001196	0.00000000	0.00000000	-0.02271694
44.02251195	0.00000000	0.00000000	-0.02271565
44.02501195	0.00000000	0.00000000	-0.02271436
44.02751195	0.00000000	0.00000000	-0.02271307
44.03001194	0.00000000	0.00000000	-0.02271178
44.03251193	0.00000000	0.00000000	-0.02271049
44.03501193	0.00000000	0.00000000	-0.02270920
44.03751192	0.00000000	0.00000000	-0.02270791
44.04001192	0.00000000	0.00000000	-0.02270662
44.04251191	0.00000000	0.00000000	-0.02270534
44.04501191	0.00000000	0.00000000	-0.02270405
44.04751191	0.00000000	0.00000000	-0.02270276
44.05001190	0.00000000	0.00000000	-0.02270147
44.05251189	0.00000000	0.00000000	-0.02270018
44.05501189	0.00000000	0.00000000	-0.02269889
44.05751188	0.00000000	0.00000000	-0.02269760
44.06001188	0.00000000	0.00000000	-0.02269632
44.06251187	0.00000000	0.00000000	-0.02269503
44.06501187	0.00000000	0.00000000	-0.02269374
44.06751187	0.00000000	0.00000000	-0.02269245
44.07001186	0.00000000	0.00000000	-0.02269117
44.07251185	0.00000000	0.00000000	-0.02268988
44.07501185	0.00000000	0.00000000	-0.02268859
44.07751184	0.00000000	0.00000000	-0.02268731
44.08001184	0.00000000	0.00000000	-0.02268602
44.08251183	0.00000000	0.00000000	-0.02268473
44.08501183	0.00000000	0.00000000	-0.02268345
44.08751182	0.00000000	0.00000000	-0.02268216
44.09001182	0.00000000	0.00000000	-0.02268087
44.09251181	0.00000000	0.00000000	-0.02267959
44.09501181	0.00000000	0.00000000	-0.02267830
44.09751180	0.00000000	0.00000000	-0.02267702
44.10001180	0.00000000	0.00000000	-0.02267573
44.10251179	0.00000000	0.00000000	-0.02267445
44.10501179	0.00000000	0.00000000	-0.02267316
44.10751178	0.00000000	0.00000000	-0.02267188
44.11001178	0.00000000	0.00000000	-0.02267059
44.11251177	0.00000000	0.00000000	-0.02266931
44.11501177	0.00000000	0.00000000	-0.02266802
44.11751176	0.00000000	0.00000000	-0.02266674
44.12001176	0.00000000	0.00000000	-0.02266545
44.12251175	0.00000000	0.00000000	-0.02266417
44.12501175	0.00000000	0.00000000	-0.02266288
44.12751174	0.00000000	0.00000000	-0.02266160
44.13001174	0.00000000	0.00000000	-0.02266032
44.13251173	0.00000000	0.00000000	-0.02265903
44.13501173	0.00000000	0.00000000	-0.02265775
44.13751172	0.00000000	0.00000000	-0.02265647
44.14001172	0.00000000	0.00000000	-0.02265518
44.14251171	0.00000000	0.00000000	-0.02265390
44.14501171	0.00000000	0.00000000	-0.02265262
44.14751170	0.00000000	0.00000000	-0.02265133
44.15001170	0.00000000	0.00000000	-0.02265005
44.15251169	0.00000000	0.00000000	-0.02264877
44.15501169	0.00000000	0.00000000	-0.02264749
44.15751168	0.00000000	0.00000000	-0.02264620
44.16001168	0.00000000	0.00000000	-0.02264492
44.16251167	0.00000000	0.00000000	-0.02264364
44.16501167	0.00000000	0.00000000	-0.02264236
44.16751166	0.00000000	0.00000000	-0.02264108
44.17001166	0.00000000	0.00000000	-0.02263979
44.17251165	0.00000000	0.00000000	-0.02263851
44.17501165	0.00000000	0.00000000	-0.02263723
44.17751164	0.00000000	0.00000000	-0.02263595
44.18001164	0.00000000	0.00000000	-0.02263467
44.18251163	0.00000000	0.00000000	-0.02263339
44.18501163	0.00000000	0.00000000	-0.02263211
44.18751162	0.00000000	0.00000000	-0.02263083
44.19001162	0.00000000	0.00000000	-0.02262955
44.19251161	0.00000000	0.00000000	-0.02262827
44.19501161	0.00000000	0.00000000	-0.02262699
44.19751160	0.00000000	0.00000000	-0.02262571
44.20001160	0.00000000	0.00000000	-0.02262443
44.20251159	0.00000000	0.00000000	-0.02262315
44.20501159	0.00000000	0.00000000	-0.02262187
44.20751158	0.00000000	0.00000000	-0.02262059
44.21001158	0.00000000	0.00000000	-0.02261931
44.21251158	0.00000000	0.00000000	-0.02261803
44.21501157	0.00000000	0.00000000	-0.02261675
44.21751156	0.00000000	0.00000000	-0.02261547
44.22001156	0.00000000	0.00000000	-0.02261420
44.22251155	0.00000000	0.00000000	-0.02261292
44.22501155	0.00000000	0.00000000	-0.02261164
44.22751154	0.00000000	0.00000000	-0.02261036
44.23001154	0.00000000	0.00000000	-0.02260908
44.23251154	0.00000000	0.00000000	-0.02260781
44.23501153	0.00000000	0.00000000	-0.02260653
44.23751152	0.00000000	0.00000000	-0.02260525
44.24001152	0.00000000	0.00000000	-0.02260397
44.24251151	0.00000000	0.00000000	-0.02260270
44.24501151	0.00000000	0.00000000	-0.02260142
44.24751150	0.00000000	0.00000000	-0.02260014
44.25001150	0.00000000	0.00000000	-0.02259886
44.25251150	0.00000000	0.00000000	-0.02259759
44.25501149	0.00000000	0.00000000	-0.02259631
44.25751148	0.00000000	0.00000000	-0.02259503
44.26001148	0.00000000	0.00000000	-0.02259376
44.26251147	0.00000000	0.00000000	-0.02259248
44.26501147	0.00000000	0.00000000	-0.02259121
44.26751146	0.00000000	0.00000000	-0.02258993
44.27001146	0.00000000	0.00000000	-0.02258865
44.27251146	0.00000000	0.00000000	-0.02258738
44.27501145	0.00000000	0.00000000	-0.02258610
44.27751144	0.00000000	0.00000000	-0.02258483
44.28001144	0.00000000	0.00000000	-0.02258355
44.28251143	0.00000000	0.00000000	-0.02258228
44.28501143	0.00000000	0.00000000	-0.02258100
44.28751142	0.00000000	0.00000000	-0.02257973
44.29001142	0.00000000	0.00000000	-0.02257845
44.29251141	0.00000000	0.00000000	-0.02257718
44.29501141	0.00000000	0.00000000	-0.02257591
44.29751140	0.00000000	0.00000000	-0.02257463
44.30001140	0.00000000	0.00000000	-0.02257336
44.30251139	0.00000000	0.00000000	-0.02257208
44.30501139	0.00000000	0.00000000	-0.02257081
44.30751138	0.00000000	0.00000000	-0.02256954
44.31001138	0.00000000	0.00000000	-0.02256826
44.31251137	0.00000000	0.00000000	-0.02256699
44.31501137	0.00000000	0.00000000	-0.02256572
44.31751136	0.00000000	0.00000000	-0.02256444
44.32001136	0.00000000	0.00000000	-0.02256317
44.32251135	0.00000000	0.00000000	-0.02256190
44.32501135	0.00000000	0.00000000	-0.02256063
44.32751134	0.00000000	0.00000000	-0.02255935
44.33001134	0.00000000	0.00000000	-0.02255808
44.33251133	0.00000000	0.00000000	-0.02255681
44.33501133	0.00000000	0.00000000	-0.02255554
44.33751132	0.00000000	0.00000000	-0.02255427
44.34001132	0.00000000	0.00000000	-0.02255299
44.34251131	0.00000000	0.00000000	-0.02255172
44.34501131	0.00000000	0.00000000	-0.02255045
44.34751130	0.00000000	0.00000000	-0.02254918
44.35001130	0.00000000	0.00000000	-0.02254791
44.35251129	0.00000000	0.00000000	-0.02254664
44.35501129	0.00000000	0.00000000	-0.02254537
44.35751128	0.00000000	0.00000000	-0.02254410
44.36001128	0.00000000	0.00000000	-0.02254283
44.36251127	0.00000000	0.00000000	-0.02254156
44.36501127	0.00000000	0.00000000	-0.02254029
44.36751126	0.00000000	0.00000000	-0.02253901
44.37001126	0.00000000	0.00000000	-0.02253775
44.37251125	0.00000000	0.00000000	-0.02253648
44.37501125	0.00000000	0.00000000	-0.02253521
44.37751124	0.00000000	0.00000000	-0.02253394
44.38001124	0.00000000	0.00000000	-0.02253267
44.38251123	0.00000000	0.00000000	-0.02253140
44.38501123	0.00000000	0.00000000	-0.02253013
44.38751122	0.00000000	0.00000000	-0.02252886
44.39001122	0.00000000	0.00000000	-0.02252759
44.39251121	0.00000000	0.00000000	-0.02252632
44.39501121	0.00000000	0.00000000	-0.02252505
44.39751120	0.00000000	0.00000000	-0.02252379
44.40001120	0.00000000	0.00000000	-0.02252252
44.40251119	0.00000000	0.00000000	-0.02252125
44.40501119	0.00000000	0.00000000	-0.02251998
44.40751118	0.00000000	0.00000000	-0.02251871
44.41001118	0.00000000	0.00000000	-0.02251745
44.41251117	0.00000000	0.00000000	-0.02251618
44.41501117	0.00000000	0.00000000	-0.02251491
44.41751117	0.00000000	0.00000000	-0.02251364
44.42001116	0.00000000	0.00000000	-0.02251238
44.42251115	0.00000000	0.00000000	-0.02251111
44.42501115	0.00000000	0.00000000	-0.02250984
44.42751114	0.00000000	0.00000000	-0.02250858
44.43001114	0.00000000	0.00000000	-0.02250731
44.43251113	0.00000000	0.00000000	-0.02250604
44.43501113	0.00000000	0.00000000	-0.02250478
44.43751113	0.00000000	0.00000000	-0.02250351
44.44001112	0.00000000	0.00000000	-0.02250224
44.44251111	0.00000000	0.00000000	-0.02250098
44.44501111	0.00000000	0.00000000	-0.02249971
44.44751110	0.00000000	0.00000000	-0.02249845
44.45001110	0.00000000	0.00000000	-0.02249718
44.45251109	0.00000000	0.00000000	-0.02249592
44.45501109	0.00000000	0.00000000	-0.02249465
44.45751109	0.00000000	0.00000000	-0.02249339
44.46001108	0.00000000	0.00000000	-0.02249212
44.46251107	0.00000000	0.00000000	-0.02249086
44.46501107	0.00000000	0.00000000	-0.02248959
44.46751106	0.00000000	0.00000000	-0.02248833
44.47001106	0.00000000	0.00000000	-0.02248706
44.47251105	0.00000000	0.00000000	-0.02248580
44.47501105	0.00000000	0.00000000	-0.02248454
44.47751104	0.00000000	0.00000000	-0.02248327
44.48001104	0.00000000	0.00000000	-0.02248201
44.48251103	0.00000000	0.00000000	-0.02248075
44.48501103	0.00000000	0.00000000	-0.02247948
44.48751102	0.00000000	0.00000000	-0.02247822
44.49001102	0.00000000	0.00000000	-0.02247696
44.49251101	0.00000000	0.00000000	-0.02247569
44.49501101	0.00000000	0.00000000	-0.02247443
44.49751100	0.00000000	0.00000000	-0.02247317
44.50001100	0.00000000	0.00000000	-0.02247190
44.50251099	0.00000000	0.00000000	-0.02247064
44.50501099	0.00000000	0.00000000	-0.02246938
44.50751098	0.00000000	0.00000000	-0.02246812
44.51001098	0.00000000	0.00000000	-0.02246686
44.51251097	0.00000000	0.00000000	-0.02246559
44.51501097	0.00000000	0.00000000	-0.02246433
44.51751096	0.00000000	0.00000000	-0.02246307
44.52001096	0.00000000	0.00000000	-0.02246181
44.52251095	0.00000000	0.00000000	-0.02246055
44.52501095	0.00000000	0.00000000	-0.02245929
44.52751094	0.00000000	0.00000000	-0.02245803
44.53001094	0.00000000	0.00000000	-0.02245677
44.53251093	0.00000000	0.00000000	-0.02245550
44.53501093	0.00000000	0.00000000	-0.02245424
44.53751092	0.00000000	0.00000000	-0.02245298
44.54001092	0.00000000	0.00000000	-0.02245172
44.54251091	0.00000000	0.00000000	-0.02245046
44.54501091	0.00000000	0.00000000	-0.02244920
44.54751090	0.00000000	0.00000000	-0.02244794
44.55001090	0.00000000	0.00000000	-0.02244668
44.55251089	0.00000000	0.00000000	-0.02244542
44.55501089	0.00000000	0.00000000	-0.02244416
44.55751088	0.00000000	0.00000000	-0.02244291
44.56001088	0.00000000	0.00000000	-0.02244165
44.56251087	0.00000000	0.00000000	-0.02244039
44.56501087	0.00000000	0.00000000	-0.02243913
44.56751086	0.00000000	0.00000000	-0.02243787
44.57001086	0.00000000	0.00000000	-0.02243661
44.57251085	0.00000000	0.00000000	-0.02243535
44.57501085	0.00000000	0.00000000	-0.02243409
44.57751084	0.00000000	0.00000000	-0.02243284
44.58001084	0.00000000	0.00000000	-0.02243158
44.58251083	0.00000000	0.00000000	-0.02243032
44.58501083	0.00000000	0.00000000	-0.02242906
44.58751082	0.00000000	0.00000000	-0.02242781
44.59001082	0.00000000	0.00000000	-0.02242655
44.59251081	0.00000000	0.00000000	-0.02242529
44.59501081	0.00000000	0.00000000	-0.02242403
44.59751080	0.00000000	0.00000000	-0.02242278
44.60001080	0.00000000	0.00000000	-0.02242152
44.60251079	0.00000000	0.00000000	-0.02242026
44.60501079	0.00000000	0.00000000	-0.02241901
44.60751078	0.00000000	0.00000000	-0.02241775
44.61001078	0.00000000	0.00000000	-0.02241649
44.61251077	0.00000000	0.00000000	-0.02241524
44.61501077	0.00000000	0.00000000	-0.02241398
44.61751076	0.00000000	0.00000000	-0.02241273
44.62001076	0.00000000	0.00000000	-0.02241147
44.62251076	0.00000000	0.00000000	-0.02241021
44.62501075	0.00000000	0.00000000	-0.02240896
44.62751074	0.00000000	0.00000000	-0.02240770
44.63001074	0.00000000	0.00000000	-0.02240645
44.63251073	0.00000000	0.00000000	-0.02240519
44.63501073	0.00000000	0.00000000	-0.02240394
44.63751072	0.00000000	0.00000000	-0.02240268
44.64001072	0.00000000	0.00000000	-0.02240143
44.64251072	0.00000000	0.00000000	-0.02240017
44.64501071	0.00000000	0.00000000	-0.02239892
44.64751070	0.00000000	0.00000000	-0.02239767
44.65001070	0.00000000	0.00000000	-0.02239641
44.65251069	0.00000000	0.00000000	-0.02239516
44.65501069	0.00000000	0.00000000	-0.02239390
44.65751068	0.00000000	0.00000000	-0.02239265
44.66001068	0.00000000	0.00000000	-0.02239140
44.66251068	0.00000000	0.00000000	-0.02239014
44.66501067	0.00000000	0.00000000	-0.02238889
44.66751066	0.00000000	0.00000000	-0.02238764
44.67001066	0.00000000	0.00000000	-0.02238638
44.67251065	0.00000000	0.00000000	-0.02238513
44.67501065	0.00000000	0.00000000	-0.02238388
44.67751064	0.00000000	0.00000000	-0.02238263
44.68001064	0.00000000	0.00000000	-0.02238137
44.68251063	0.00000000	0.00000000	-0.02238012
44.68501063	0.00000000	0.00000000	-0.02237887
44.68751062	0.00000000	0.00000000	-0.02237762
44.69001062	0.00000000	0.00000000	-0.02237637
44.69251061	0.00000000	0.00000000	-0.02237511
44.69501061	0.00000000	0.00000000	-0.02237386
44.69751060	0.00000000	0.00000000	-0.02237261
44.70001060	0.00000000	0.00000000	-0.02237136
44.70251059	0.00000000	0.00000000	-0.02237011
44.70501059	0.00000000	0.00000000	-0.02236886
44.70751058	0.00000000	0.00000000	-0.02236761
44.71001058	0.00000000	0.00000000	-0.02236636
44.71251057	0.00000000	0.00000000	-0.02236511
44.71501057	0.00000000	0.00000000	-0.02236385
44.71751056	0.00000000	0.00000000	-0.02236260
44.72001056	0.00000000	0.00000000	-0.02236135
44.72251055	0.00000000	0.00000000	-0.02236010
44.72501055	0.00000000	0.00000000	-0.02235885
44.72751054	0.00000000	0.00000000	-0.02235760
44.73001054	0.00000000	0.00000000	-0.02235636
44.73251053	0.00000000	0.00000000	-0.02235511
44.73501053	0.00000000	0.00000000	-0.02235386
44.73751052	0.00000000	0.00000000	-0.02235261
44.74001052	0.00000000	0.00000000	-0.02235136
44.74251051	0.00000000	0.00000000	-0.02235011
44.74501051	0.00000000	0.00000000	-0.02234886
44.74751050	0.00000000	0.00000000	-0.02234761
44.75001050	0.00000000	0.00000000	-0.02234636
44.75251049	0.00000000	0.00000000	-0.02234512
44.75501049	0.00000000	0.00000000	-0.02234387
44.75751048	0.00000000	0.00000000	-0.02234262
44.76001048	0.00000000	0.00000000	-0.02234137
44.76251047	0.00000000	0.00000000	-0.02234012
44.76501047	0.00000000	0.00000000	-0.02233888
44.76751046	0.00000000	0.00000000	-0.02233763
44.77001046	0.00000000	0.00000000	-0.02233638
44.77251045	0.00000000	0.00000000	-0.02233513
44.77501045	0.00000000	0.00000000	-0.02233389
44.77751044	0.00000000	0.00000000	-0.02233264
44.78001044	0.00000000	0.00000000	-0.02233139
44.78251043	0.00000000	0.00000000	-0.02233015
44.78501043	0.00000000	0.00000000	-0.02232890
44.78751042	0.00000000	0.00000000	-0.02232765
44.79001042	0.00000000	0.00000000	-0.02232641
44.79251041	0.00000000	0.00000000	-0.02232516
44.79501041	0.00000000	0.00000000	-0.02232391
44.79751040	0.00000000	0.00000000	-0.02232267
44.80001040	0.00000000	0.00000000	-0.02232142
44.80251039	0.00000000	0.00000000	-0.02232018
44.80501039	0.00000000	0.00000000	-0.02231893
44.80751039	0.00000000	0.00000000	-0.02231769
44.81001038	0.00000000	0.00000000	-0.02231644
44.81251037	0.00000000	0.00000000	-0.02231520
44.81501037	0.00000000	0.00000000	-0.02231395
44.81751036	0.00000000	0.00000000	-0.02231271
44.82001036	0.00000000	0.00000000	-0.02231146
44.82251035	0.00000000	0.00000000	-0.02231022
44.82501035	0.00000000	0.00000000	-0.02230897
44.82751035	0.00000000	0.00000000	-0.02230773
44.83001034	0.00000000	0.00000000	-0.02230649
44.83251033	0.00000000	0.00000000	-0.02230524
44.83501033	0.00000000	0.00000000	-0.02230400
44.83751032	0.00000000	0.00000000	-0.02230275
44.84001032	0.00000000	0.00000000	-0.02230151
44.84251031	0.00000000	0.00000000	-0.02230027
44.84501031	0.00000000	0.00000000	-0.02229902
44.84751031	0.00000000	0.00000000	-0.02229778
44.85001030	0.00000000	0.00000000	-0.02229654
44.85251029	0.00000000	0.00000000	-0.02229530
44.85501029	0.00000000	0.00000000	-0.02229405
44.85751028	0.00000000	0.00000000	-0.02229281
44.86001028	0.00000000	0.00000000	-0.02229157
44.86251027	0.00000000	0.00000000	-0.02229033
44.86501027	0.00000000	0.00000000	-0.02228908
44.86751026	0.00000000	0.00000000	-0.02228784
44.87001026	0.00000000	0.00000000	-0.02228660
44.87251025	0.00000000	0.00000000	-0.02228536
44.87501025	0.00000000	0.00000000	-0.02228412
44.87751024	0.00000000	0.00000000	-0.02228288
44.88001024	0.00000000	0.00000000	-0.02228163
44.88251023	0.00000000	0.00000000	-0.02228039
44.88501023	0.00000000	0.00000000	-0.02227915
44.88751022	0.00000000	0.00000000	-0.02227791
44.89001022	0.00000000	0.00000000	-0.02227667
44.89251021	0.00000000	0.00000000	-0.02227543
44.89501021	0.00000000	0.00000000	-0.02227419
44.89751020	0.00000000	0.00000000	-0.02227295
44.90001020	0.00000000	0.00000000	-0.02227171
44.90251019	0.00000000	0.00000000	-0.02227047
44.90501019	0.00000000	0.00000000	-0.02226923
44.90751018	0.00000000	0.00000000	-0.02226799
44.91001018	0.00000000	0.00000000	-0.02226675
44.91251017	0.00000000	0.00000000	-0.02226551
44.91501017	0.00000000	0.00000000	-0.02226427
44.91751016	0.00000000	0.00000000	-0.02226303
44.92001016	0.00000000	0.00000000	-0.02226179
44.92251015	0.00000000	0.00000000	-0.02226055
44.92501015	0.00000000	0.00000000	-0.02225932
44.92751014	0.00000000	0.00000000	-0.02225808
44.93001014	0.00000000	0.00000000	-0.02225684
44.93251013	0.00000000	0.00000000	-0.02225560
44.93501013	0.00000000	0.00000000	-0.02225436
44.93751012	0.00000000	0.00000000	-0.02225312
44.94001012	0.00000000	0.00000000	-0.02225189
44.94251011	0.00000000	0.00000000	-0.02225065
44.94501011	0.00000000	0.00000000	-0.02224941
44.94751010	0.00000000	0.00000000	-0.02224817
44.95001010	0.00000000	0.00000000	-0.02224694
44.95251009	0.00000000	0.00000000	-0.02224570
44.95501009	0.00000000	0.00000000	-0.02224446
44.95751008	0.00000000	0.00000000	-0.02224322
44.96001008	0.00000000	0.00000000	-0.02224199
44.96251007	0.00000000	0.00000000	-0.02224075
44.96501007	0.00000000	0.00000000	-0.02223951
44.96751006	0.00000000	0.00000000	-0.02223828
44.97001006	0.00000000	0.00000000	-0.02223704
44.97251005	0.00000000	0.00000000	-0.02223581
44.97501005	0.00000000	0.00000000	-0.02223457
44.97751004	0.00000000	0.00000000	-0.02223333
44.98001004	0.00000000	0.00000000	-0.02223210
44.98251003	0.00000000	0.00000000	-0.02223086
44.98501003	0.00000000	0.00000000	-0.02222963
44.98751002	0.00000000	0.00000000	-0.02222839
44.99001002	0.00000000	0.00000000	-0.02222716
44.99251001	0.00000000	0.00000000	-0.02222592
44.99501001	0.00000000	0.00000000	-0.02222469
44.99751000	0.00000000	0.00000000	-0.02222345
45.00001000	0.00000000	0.00000000	-0.02222222
45.00250999	0.00000000	0.00000000	-0.02222098
45.00500999	0.00000000	0.00000000	-0.02221975
45.00750998	0.00000000	0.00000000	-0.02221851
45.01000998	0.00000000	0.00000000	-0.02221728
45.01250998	0.00000000	0.00000000	-0.02221605
45.01500997	0.00000000	0.00000000	-0.02221481
45.01750996	0.00000000	0.00000000	-0.02221358
45.02000996	0.00000000	0.00000000	-0.02221235
45.02250995	0.00000000	0.00000000	-0.02221111
45.02500995	0.00000000	0.00000000	-0.02220988
45.02750994	0.00000000	0.00000000	-0.02220865
45.03000994	0.00000000	0.00000000	-0.02220741
45.03250994	0.00000000	0.00000000	-0.02220618
45.03500993	0.00000000	0.00000000	-0.02220495
45.03750992	0.00000000	0.00000000	-0.02220371
45.04000992	0.00000000	0.00000000	-0.02220248
45.04250991	0.00000000	0.00000000	-0.02220125
45.04500991	0.00000000	0.00000000	-0.02220002
45.04750990	0.00000000	0.00000000	-0.02219879
45.05000990	0.00000000	0.00000000	-0.02219755
45.05250990	0.00000000	0.00000000	-0.02219632
45.05500989	0.00000000	0.00000000	-0.02219509
45.05750988	0.00000000	0.00000000	-0.02219386
45.06000988	0.00000000	0.00000000	-0.02219263
45.06250987	0.00000000	0.00000000	-0.02219140
45.06500987	0.00000000	0.00000000	-0.02219016
45.06750986	0.00000000	0.00000000	-0.02218893
45.07000986	0.00000000	0.00000000	-0.02218770
45.07250985	0.00000000	0.00000000	-0.02218647
45.07500985	0.00000000	0.00000000	-0.02218524
45.07750984	0.00000000	0.00000000	-0.02218401
45.08000984	0.00000000	0.00000000	-0.02218278
45.08250983	0.00000000	0.00000000	-0.02218155
45.08500983	0.00000000	0.00000000	-0.02218032
45.08750982	0.00000000	0.00000000	-0.02217909
45.09000982	0.00000000	0.00000000	-0.02217786
45.09250981	0.00000000	0.00000000	-0.02217663
45.09500981	0.00000000	0.00000000	-0.02217540
45.09750980	0.00000000	0.00000000	-0.02217417
45.10000980	0.00000000	0.00000000	-0.02217294
45.10250979	0.00000000	0.00000000	-0.02217172
45.10500979	0.00000000	0.00000000	-0.02217049
45.10750978	0.00000000	0.00000000	-0.02216926
45.11000978	0.00000000	0.00000000	-0.02216803
45.11250977	0.00000000	0.00000000	-0.02216680
45.11500977	0.00000000	0.00000000	-0.02216557
45.11750976	0.00000000	0.00000000	-0.02216434
45.12000976	0.00000000	0.00000000	-0.02216312
45.12250975	0.00000000	0.00000000	-0.02216189
45.12500975	0.00000000	0.00000000	-0.02216066
45.12750974	0.00000000	0.00000000	-0.02215943
45.13000974	0.00000000	0.00000000	-0.02215820
45.13250973	0.00000000	0.00000000	-0.02215698
45.13500973	0.00000000	0.00000000	-0.02215575
45.13750972	0.00000000	0.00000000	-0.02215452
45.14000972	0.00000000	0.00000000	-0.02215330
45.14250971	0.00000000	0.00000000	-0.02215207
45.14500971	0.00000000	0.00000000	-0.02215084
45.14750970	0.00000000	0.00000000	-0.02214962
45.15000970	0.00000000	0.00000000	-0.02214839
45.15250969	0.00000000	0.00000000	-0.02214716
45.15500969	0.00000000	0.00000000	-0.02214594
45.15750968	0.00000000	0.00000000	-0.02214471
45.16000968	0.00000000	0.00000000	-0.02214349
45.16250967	0.00000000	0.00000000	-0.02214226
45.16500967	0.00000000	0.00000000	-0.02214103
45.16750966	0.00000000	0.00000000	-0.02213981
45.17000966	0.00000000	0.00000000	-0.02213858
45.17250965	0.00000000	0.00000000	-0.02213736
45.17500965	0.00000000	0.00000000	-0.02213613
45.17750964	0.00000000	0.00000000	-0.02213491
45.18000964	0.00000000	0.00000000	-0.02213368
45.18250963	0.00000000	0.00000000	-0.02213246
45.18500963	0.00000000	0.00000000	-0.02213123
45.18750962	0.00000000	0.00000000	-0.02213001
45.19000962	0.00000000	0.00000000	-0.02212878
45.19250961	0.00000000	0.00000000	-0.02212756
45.19500961	0.00000000	0.00000000	-0.02212634
45.19750961	0.00000000	0.00000000	-0.02212511
45.20000960	0.00000000	0.00000000	-0.02212389
45.20250959	0.00000000	0.00000000	-0.02212267
45.20500959	0.00000000	0.00000000	-0.02212144
45.20750958	0.00000000	0.00000000	-0.02212022
45.21000958	0.00000000	0.00000000	-0.02211900
45.21250957	0.00000000	0.00000000	-0.02211777
45.21500957	0.00000000	0.00000000	-0.02211655
45.21750957	0.00000000	0.00000000	-0.02211533
45.22000956	0.00000000	0.00000000	-0.02211410
45.22250955	0.00000000	0.00000000	-0.02211288
45.22500955	0.00000000	0.00000000	-0.02211166
45.22750954	0.00000000	0.00000000	-0.02211044
45.23000954	0.00000000	0.00000000	-0.02210921
45.23250953	0.00000000	0.00000000	-0.02210799
45.23500953	0.00000000	0.00000000	-0.02210677
45.23750953	0.00000000	0.00000000	-0.02210555
45.24000952	0.00000000	0.00000000	-0.02210433
45.24250951	0.00000000	0.00000000	-0.02210311
45.24500951	0.00000000	0.00000000	-0.02210189
45.24750950	0.00000000	0.00000000	-0.02210066
45.25000950	0.00000000	0.00000000	-0.02209944
45.25250949	0.00000000	0.00000000	-0.02209822
45.25500949	0.00000000	0.00000000	-0.02209700
45.25750948	0.00000000	0.00000000	-0.02209578
45.26000948	0.00000000	0.00000000	-0.02209456
45.26250947	0.00000000	0.00000000	-0.02209334
45.26500947	0.00000000	0.00000000	-0.02209212
45.26750946	0.00000000	0.00000000	-0.02209090
45.27000946	0.00000000	0.00000000	-0.02208968
45.27250945	0.00000000	0.00000000	-0.02208846
45.27500945	0.00000000	0.00000000	-0.02208724
45.27750944	0.00000000	0.00000000	-0.02208602
45.28000944	0.00000000	0.00000000	-0.02208480
45.28250943	0.00000000	0.00000000	-0.02208358
45.28500943	0.00000000	0.00000000	-0.02208236
45.28750942	0.00000000	0.00000000	-0.02208114
45.29000942	0.00000000	0.00000000	-0.02207992
45.29250941	0.00000000	0.00000000	-0.02207871
45.29500941	0.00000000	0.00000000	-0.02207749
45.29750940	0.00000000	0.00000000	-0.02207627
45.30000940	0.00000000	0.00000000	-0.02207505
45.30250939	0.00000000	0.00000000	-0.02207383
45.30500939	0.00000000	0.00000000	-0.02207261
45.30750938	0.00000000	0.00000000	-0.02207140
45.31000938	0.00000000	0.00000000	-0.02207018
45.31250937	0.00000000	0.00000000	-0.02206896
45.31500937	0.00000000	0.00000000	-0.02206774
45.31750936	0.00000000	0.00000000	-0.02206653
45.32000936	0.00000000	0.00000000	-0.02206531
45.32250935	0.00000000	0.00000000	-0.02206409
45.32500935	0.00000000	0.00000000	-0.02206287
45.32750934	0.00000000	0.00000000	-0.02206166
45.33000934	0.00000000	0.00000000	-0.02206044
45.33250933	0.00000000	0.00000000	-0.02205922
45.33500933	0.00000000	0.00000000	-0.02205801
45.33750932	0.00000000	0.00000000	-0.02205679
45.34000932	0.00000000	0.00000000	-0.02205558
45.34250931	0.00000000	0.00000000	-0.02205436
45.34500931	0.00000000	0.00000000	-0.02205314
45.34750930	0.00000000	0.00000000	-0.02205193
45.35000930	0.00000000	0.00000000	-0.02205071
45.35250929	0.00000000	0.00000000	-0.02204950
45.35500929	0.00000000	0.00000000	-0.02204828
45.35750928	0.00000000	0.00000000	-0.02204707
45.36000928	0.00000000	0.00000000	-0.02204585
45.36250927	0.00000000	0.00000000	-0.02204464
45.36500927	0.00000000	0.00000000	-0.02204342
45.36750926	0.00000000	0.00000000	-0.02204221
45.37000926	0.00000000	0.00000000	-0.02204099
45.37250925	0.00000000	0.00000000	-0.02203978
45.37500925	0.00000000	0.00000000	-0.02203856
45.37750924	0.00000000	0.00000000	-0.02203735
45.38000924	0.00000000	0.00000000	-0.02203613
45.38250923	0.00000000	0.00000000	-0.02203492
45.38500923	0.00000000	0.00000000	-0.02203371
45.38750922	0.00000000	0.00000000	-0.02203249
45.39000922	0.00000000	0.00000000	-0.02203128
45.39250921	0.00000000	0.00000000	-0.02203007
45.39500921	0.00000000	0.00000000	-0.02202885
45.39750920	0.00000000	0.00000000	-0.02202764
45.40000920	0.00000000	0.00000000	-0.02202643
45.40250920	0.00000000	0.00000000	-0.02202521
45.40500919	0.00000000	0.00000000	-0.02202400
45.40750918	0.00000000	0.00000000	-0.02202279
45.41000918	0.00000000	0.00000000	-0.02202158
45.41250917	0.00000000	0.00000000	-0.02202036
45.41500917	0.00000000	0.00000000	-0.02201915
45.41750916	0.00000000	0.00000000	-0.02201794
45.42000916	0.00000000	0.00000000	-0.02201673
45.42250916	0.00000000	0.00000000	-0.02201552
45.42500915	0.00000000	0.00000000	-0.02201430
45.42750914	0.00000000	0.00000000	-0.02201309
45.43000914	0.00000000	0.00000000	-0.02201188
45.43250913	0.00000000	0.00000000	-0.02201067
45.43500913	0.00000000	0.00000000	-0.02200946
45.43750912	0.00000000	0.00000000	-0.02200825
45.44000912	0.00000000	0.00000000	-0.02200704
45.44250912	0.00000000	0.00000000	-0.02200583
45.44500911	0.00000000	0.00000000	-0.02200462
45.44750910	0.00000000	0.00000000	-0.02200341
45.45000910	0.00000000	0.00000000	-0.02200220
45.45250909	0.00000000	0.00000000	-0.02200099
45.45500909	0.00000000	0.00000000	-0.02199978
45.45750908	0.00000000	0.00000000	-0.02199857
45.46000908	0.00000000	0.00000000	-0.02199736
45.46250907	0.00000000	0.00000000	-0.02199615
45.46500907	0.00000000	0.00000000	-0.02199494
45.46750906	0.00000000	0.00000000	-0.02199373
45.47000906	0.00000000	0.00000000	-0.02199252
45.47250905	0.00000000	0.00000000	-0.02199131
45.47500905	0.00000000	0.00000000	-0.02199010
45.47750904	0.00000000	0.00000000	-0.02198889
45.48000904	0.00000000	0.00000000	-0.02198768
45.48250903	0.00000000	0.00000000	-0.02198647
45.48500903	0.00000000	0.00000000	-0.02198527
45.48750902	0.00000000	0.00000000	-0.02198406
45.49000902	0.00000000	0.00000000	-0.02198285
45.49250901	0.00000000	0.00000000	-0.02198164
45.49500901	0.00000000	0.00000000	-0.02198043
45.49750900	0.00000000	0.00000000	-0.02197923
45.50000900	0.00000000	0.00000000	-0.02197802
45.50250899	0.00000000	0.00000000	-0.02197681
45.50500899	0.00000000	0.00000000	-0.02197560
45.50750898	0.00000000	0.00000000	-0.02197440
45.51000898	0.00000000	0.00000000	-0.02197319
45.51250897	0.00000000	0.00000000	-0.02197198
45.51500897	0.00000000	0.00000000	-0.02197077
45.51750896	0.00000000	0.00000000	-0.02196957
45.52000896	0.00000000	0.00000000	-0.02196836
45.52250895	0.00000000	0.00000000	-0.02196715
45.52500895	0.00000000	0.00000000	-0.02196595
45.52750894	0.00000000	0.00000000	-0.02196474
45.53000894	0.00000000	0.00000000	-0.02196354
45.53250893	0.00000000	0.00000000	-0.02196233
45.53500893	0.00000000	0.00000000	-0.02196112
45.53750892	0.00000000	0.00000000	-0.02195992
45.54000892	0.00000000	0.00000000	-0.02195871
45.54250891	0.00000000	0.00000000	-0.02195751
45.54500891	0.00000000	0.00000000	-0.02195630
45.54750890	0.00000000	0.00000000	-0.02195510
45.55000890	0.00000000	0.00000000	-0.02195389
45.55250889	0.00000000	0.00000000	-0.02195269
45.55500889	0.00000000	0.00000000	-0.02195148
45.55750888	0.00000000	0.00000000	-0.02195028
45.56000888	0.00000000	0.00000000	-0.02194907
45.56250887	0.00000000	0.00000000	-0.02194787
45.56500887	0.00000000	0.00000000	-0.02194667
45.56750886	0.00000000	0.00000000	-0.02194546
45.57000886	0.00000000	0.00000000	-0.02194426
45.57250885	0.00000000	0.00000000	-0.02194305
45.57500885	0.00000000	0.00000000	-0.02194185
45.57750884	0.00000000	0.00000000	-0.02194065
45.58000884	0.00000000	0.00000000	-0.02193944
45.58250883	0.00000000	0.00000000	-0.02193824
45.58500883	0.00000000	0.00000000	-0.02193704
45.58750882	0.00000000	0.00000000	-0.02193583
45.59000882	0.00000000	0.00000000	-0.02193463
45.59250881	0.00000000	0.00000000	-0.02193343
45.59500881	0.00000000	0.00000000	-0.02193223
45.59750880	0.00000000	0.00000000	-0.02193102
45.60000880	0.00000000	0.00000000	-0.02192982
45.60250879	0.00000000	0.00000000	-0.02192862
45.60500879	0.00000000	0.00000000	-0.02192742
45.60750879	0.00000000	0.00000000	-0.02192621
45.61000878	0.00000000	0.00000000	-0.02192501
45.61250877	0.00000000	0.00000000	-0.02192381
45.61500877	0.00000000	0.00000000	-0.02192261
45.61750876	0.00000000	0.00000000	-0.02192141
45.62000876	0.00000000	0.00000000	-0.02192021
45.62250875	0.00000000	0.00000000	-0.02191901
45.62500875	0.00000000	0.00000000	-0.02191780
45.62750875	0.00000000	0.00000000	-0.02191660
45.63000874	0.00000000	0.00000000	-0.02191540
45.63250873	0.00000000	0.00000000	-0.02191420
45.63500873	0.00000000	0.00000000	-0.02191300
45.63750872	0.00000000	0.00000000	-0.02191180
45.64000872	0.00000000	0.00000000	-0.02191060
45.64250871	0.00000000	0.00000000	-0.02190940
45.64500871	0.00000000	0.00000000	-0.02190820
45.64750870	0.00000000	0.00000000	-0.02190700
45.65000870	0.00000000	0.00000000	-0.02190580
45.65250869	0.00000000	0.00000000	-0.02190460
45.65500869	0.00000000	0.00000000	-0.02190340
45.65750868	0.00000000	0.00000000	-0.02190220
45.66000868	0.00000000	0.00000000	-0.02190100
45.66250867	0.00000000	0.00000000	-0.02189980
45.66500867	0.00000000	0.00000000	-0.02189861
45.66750866	0.00000000	0.00000000	-0.02189741
45.67000866	0.00000000	0.00000000	-0.02189621
45.67250865	0.00000000	0.00000000	-0.02189501
45.67500865	0.00000000	0.00000000	-0.02189381
45.67750864	0.00000000	0.00000000	-0.02189261
45.68000864	0.00000000	0.00000000	-0.02189141
45.68250863	0.00000000	0.00000000	-0.02189022
45.68500863	0.00000000	0.00000000	-0.02188902
45.68750862	0.00000000	0.00000000	-0.02188782
45.69000862	0.00000000	0.00000000	-0.02188662
45.69250861	0.00000000	0.00000000	-0.02188543
45.69500861	0.00000000	0.00000000	-0.02188423
45.69750860	0.00000000	0.00000000	-0.02188303
45.70000860	0.00000000	0.00000000	-0.02188183
45.70250859	0.00000000	0.00000000	-0.02188064
45.70500859	0.00000000	0.00000000	-0.02187944
45.70750858	0.00000000	0.00000000	-0.02187824
45.71000858	0.00000000	0.00000000	-0.02187705
45.71250857	0.00000000	0.00000000	-0.02187585
45.71500857	0.00000000	0.00000000	-0.02187465
45.71750856	0.00000000	0.00000000	-0.02187346
45.72000856	0.00000000	0.00000000	-0.02187226
45.72250855	0.00000000	0.00000000	-0.02187107
45.72500855	0.00000000	0.00000000	-0.02186987
45.72750854	0.00000000	0.00000000	-0.02186867
45.73000854	0.00000000	0.00000000	-0.02186748
45.73250853	0.00000000	0.00000000	-0.02186628
45.73500853	0.00000000	0.00000000	-0.02186509
45.73750852	0.00000000	0.00000000	-0.02186389
45.74000852	0.00000000	0.00000000	-0.02186270
45.74250851	0.00000000	0.00000000	-0.02186150
45.74500851	0.00000000	0.00000000	-0.02186031
45.74750850	0.00000000	0.00000000	-0.02185911
45.75000850	0.00000000	0.00000000	-0.02185792
45.75250849	0.00000000	0.00000000	-0.02185673
45.75500849	0.00000000	0.00000000	-0.02185553
45.75750848	0.00000000	0.00000000	-0.02185434
45.76000848	0.00000000	0.00000000	-0.02185314
45.76250847	0.00000000	0.00000000	-0.02185195
45.76500847	0.00000000	0.00000000	-0.02185076
45.76750846	0.00000000	0.00000000	-0.02184956
45.77000846	0.00000000	0.00000000	-0.02184837
45.77250845	0.00000000	0.00000000	-0.02184717
45.77500845	0.00000000	0.00000000	-0.02184598
45.77750844	0.00000000	0.00000000	-0.02184479
45.78000844	0.00000000	0.00000000	-0.02184360
45.78250843	0.00000000	0.00000000	-0.02184240
45.78500843	0.00000000	0.00000000	-0.02184121
45.78750842	0.00000000	0.00000000	-0.02184002
45.79000842	0.00000000	0.00000000	-0.02183883
45.79250842	0.00000000	0.00000000	-0.02183763
45.79500841	0.00000000	0.00000000	-0.02183644
45.79750840	0.00000000	0.00000000	-0.02183525
45.80000840	0.00000000	0.00000000	-0.02183406
45.80250839	0.00000000	0.00000000	-0.02183287
45.80500839	0.00000000	0.00000000	-0.02183167
45.80750838	0.00000000	0.00000000	-0.02183048
45.81000838	0.00000000	0.00000000	-0.02182929
45.81250838	0.00000000	0.00000000	-0.02182810
45.81500837	0.00000000	0.00000000	-0.02182691
45.81750836	0.00000000	0.00000000	-0.02182572
45.82000836	0.00000000	0.00000000	-0.02182453
45.82250835	0.00000000	0.00000000	-0.02182334
45.82500835	0.00000000	0.00000000	-0.02182215
45.82750834	0.00000000	0.00000000	-0.02182096
45.83000834	0.00000000	0.00000000	-0.02181976
45.83250833	0.00000000	0.00000000	-0.02181857
45.83500833	0.00000000	0.00000000	-0.02181738
45.83750832	0.00000000	0.00000000	-0.02181619
45.84000832	0.00000000	0.00000000	-0.02181500
45.84250831	0.00000000	0.00000000	-0.02181382
45.84500831	0.00000000	0.00000000	-0.02181263
45.84750830	0.00000000	0.00000000	-0.02181144
45.85000830	0.00000000	0.00000000	-0.02181025
45.85250829	0.00000000	0.00000000	-0.02180906
45.85500829	0.00000000	0.00000000	-0.02180787
45.85750828	0.00000000	0.00000000	-0.02180668
45.86000828	0.00000000	0.00000000	-0.02180549
45.86250827	0.00000000	0.00000000	-0.02180430
45.86500827	0.00000000	0.00000000	-0.02180311
45.86750826	0.00000000	0.00000000	-0.02180193
45.87000826	0.00000000	0.00000000	-0.02180074
45.87250825	0.00000000	0.00000000	-0.02179955
45.87500825	0.00000000	0.00000000	-0.02179836
45.87750824	0.00000000	0.00000000	-0.02179717
45.88000824	0.00000000	0.00000000	-0.02179599
45.88250823	0.00000000	0.00000000	-0.02179480
45.88500823	0.00000000	0.00000000	-0.02179361
45.88750822	0.00000000	0.00000000	-0.02179242
45.89000822	0.00000000	0.00000000	-0.02179124
45.89250821	0.00000000	0.00000000	-0.02179005
45.89500821	0.00000000	0.00000000	-0.02178886
45.89750820	0.00000000	0.00000000	-0.02178768
45.90000820	0.00000000	0.00000000	-0.02178649
45.90250819	0.00000000	0.00000000	-0.02178530
45.90500819	0.00000000	0.00000000	-0.02178412
45.90750818	0.00000000	0.00000000	-0.02178293
45.91000818	0.00000000	0.00000000	-0.02178174
45.91250817	0.00000000	0.00000000	-0.02178056
45.91500817	0.00000000	0.00000000	-0.02177937
45.91750816	0.00000000	0.00000000	-0.02177819
45.92000816	0.00000000	0.00000000	-0.02177700
45.92250815	0.00000000	0.00000000	-0.02177581
45.92500815	0.00000000	0.00000000	-0.02177463
45.92750814	0.00000000	0.00000000	-0.02177344
45.93000814	0.00000000	0.00000000	-0.02177226
45.93250813	0.00000000	0.00000000	-0.02177107
45.93500813	0.00000000	0.00000000	-0.02176989
45.93750812	0.00000000	0.00000000	-0.02176870
45.94000812	0.00000000	0.00000000	-0.02176752
45.94250811	0.00000000	0.00000000	-0.02176633
45.94500811	0.00000000	0.00000000	-0.02176515
45.94750810	0.00000000	0.00000000	-0.02176397
45.95000810	0.00000000	0.00000000	-0.02176278
45.95250809	0.00000000	0.00000000	-0.02176160
45.95500809	0.00000000	0.00000000	-0.02176041
45.95750808	0.00000000	0.00000000	-0.02175923
45.96000808	0.00000000	0.00000000	-0.02175805
45.96250807	0.00000000	0.00000000	-0.02175686
45.96500807	0.00000000	0.00000000	-0.02175568
45.96750806	0.00000000	0.00000000	-0.02175450
45.97000806	0.00000000	0.00000000	-0.02175331
45.97250805	0.00000000	0.00000000	-0.02175213
45.97500805	0.00000000	0.00000000	-0.02175095
45.97750804	0.00000000	0.00000000	-0.02174977
45.98000804	0.00000000	0.00000000	-0.02174858
45.98250803	0.00000000	0.00000000	-0.02174740
45.98500803	0.00000000	0.00000000	-0.02174622
45.98750802	0.00000000	0.00000000	-0.02174504
45.99000802	0.00000000	0.00000000	-0.02174385
45.99250801	0.00000000	0.00000000	-0.02174267
45.99500801	0.00000000	0.00000000	-0.02174149
45.99750801	0.00000000	0.00000000	-0.02174031
46.00000800	0.00000000	0.00000000	-0.02173913
46.00250799	0.00000000	0.00000000	-0.02173795
46.00500799	0.00000000	0.00000000	-0.02173676
46.00750798	0.00000000	0.00000000	-0.02173558
46.01000798	0.00000000	0.00000000	-0.02173440
46.01250797	0.00000000	0.00000000	-0.02173322
46.01500797	0.00000000	0.00000000	-0.02173204
46.01750797	0.00000000	0.00000000	-0.02173086
46.02000796	0.00000000	0.00000000	-0.02172968
46.02250795	0.00000000	0.00000000	-0.02172850
46.02500795	0.00000000	0.00000000	-0.02172732
46.02750794	0.00000000	0.00000000	-0.02172614
46.03000794	0.00000000	0.00000000	-0.02172496
46.03250793	0.00000000	0.00000000	-0.02172378
46.03500793	0.00000000	0.00000000	-0.02172260
46.03750792	0.00000000	0.00000000	-0.02172142
46.04000792	0.00000000	0.00000000	-0.02172024
46.04250791	0.00000000	0.00000000	-0.02171906
46.04500791	0.00000000	0.00000000	-0.02171788
46.04750790	0.00000000	0.00000000	-0.02171670
46.05000790	0.00000000	0.00000000	-0.02171552
46.05250789	0.00000000	0.00000000	-0.02171434
46.05500789	0.00000000	0.00000000	-0.02171317
46.05750788	0.00000000	0.00000000	-0.02171199
46.06000788	0.00000000	0.00000000	-0.02171081
46.06250787	0.00000000	0.00000000	-0.02170963
46.06500787	0.00000000	0.00000000	-0.02170845
46.06750786	0.00000000	0.00000000	-0.02170727
46.07000786	0.00000000	0.00000000	-0.02170610
46.07250785	0.00000000	0.00000000	-0.02170492
46.07500785	0.00000000	0.00000000	-0.02170374
46.07750784	0.00000000	0.00000000	-0.02170256
46.08000784	0.00000000	0.00000000	-0.02170139
46.08250783	0.00000000	0.00000000	-0.02170021
46.08500783	0.00000000	0.00000000	-0.02169903
46.08750782	0.00000000	0.00000000	-0.02169785
46.09000782	0.00000000	0.00000000	-0.02169668
46.09250781	0.00000000	0.00000000	-0.02169550
46.09500781	0.00000000	0.00000000	-0.02169432
46.09750780	0.00000000	0.00000000	-0.02169315
46.10000780	0.00000000	0.00000000	-0.02169197
46.10250779	0.00000000	0.00000000	-0.02169079
46.10500779	0.00000000	0.00000000	-0.02168962
46.10750778	0.00000000	0.00000000	-0.02168844
46.11000778	0.00000000	0.00000000	-0.02168727
46.11250777	0.00000000	0.00000000	-0.02168609
46.11500777	0.00000000	0.00000000	-0.02168491
46.11750776	0.00000000	0.00000000	-0.02168374
46.12000776	0.00000000	0.00000000	-0.02168256
46.12250775	0.00000000	0.00000000	-0.02168139
46.12500775	0.00000000	0.00000000	-0.02168021
46.12750774	0.00000000	0.00000000	-0.02167904
46.13000774	0.00000000	0.00000000	-0.02167786
46.13250773	0.00000000	0.00000000	-0.02167669
46.13500773	0.00000000	0.00000000	-0.02167551
46.13750772	0.00000000	0.00000000	-0.02167434
46.14000772	0.00000000	0.00000000	-0.02167316
46.14250771	0.00000000	0.00000000	-0.02167199
46.14500771	0.00000000	0.00000000	-0.02167082
46.14750770	0.00000000	0.00000000	-0.02166964
46.15000770	0.00000000	0.00000000	-0.02166847
46.15250769	0.00000000	0.00000000	-0.02166730
46.15500769	0.00000000	0.00000000	-0.02166612
46.15750768	0.00000000	0.00000000	-0.02166495
46.16000768	0.00000000	0.00000000	-0.02166377
46.16250767	0.00000000	0.00000000	-0.02166260
46.16500767	0.00000000	0.00000000	-0.02166143
46.16750766	0.00000000	0.00000000	-0.02166026
46.17000766	0.00000000	0.00000000	-0.02165908
46.17250765	0.00000000	0.00000000	-0.02165791
46.17500765	0.00000000	0.00000000	-0.02165674
46.17750764	0.00000000	0.00000000	-0.02165556
46.18000764	0.00000000	0.00000000	-0.02165439
46.18250764	0.00000000	0.00000000	-0.02165322
46.18500763	0.00000000	0.00000000	-0.02165205
46.18750762	0.00000000	0.00000000	-0.02165088
46.19000762	0.00000000	0.00000000	-0.02164970
46.19250761	0.00000000	0.00000000	-0.02164853
46.19500761	0.00000000	0.00000000	-0.02164736
46.19750760	0.00000000	0.00000000	-0.02164619
46.20000760	0.00000000	0.00000000	-0.02164502
46.20250760	0.00000000	0.00000000	-0.02164385
46.20500759	0.00000000	0.00000000	-0.02164268
46.20750758	0.00000000	0.00000000	-0.02164150
46.21000758	0.00000000	0.00000000	-0.02164033
46.21250757	0.00000000	0.00000000	-0.02163916
46.21500757	0.00000000	0.00000000	-0.02163799
46.21750756	0.00000000	0.00000000	-0.02163682
46.22000756	0.00000000	0.00000000	-0.02163565
46.22250755	0.00000000	0.00000000	-0.02163448
46.22500755	0.00000000	0.00000000	-0.02163331
46.22750754	0.00000000	0.00000000	-0.02163214
46.23000754	0.00000000	0.00000000	-0.02163097
46.23250753	0.00000000	0.00000000	-0.02162980
46.23500753	0.00000000	0.00000000	-0.02162863
46.23750752	0.00000000	0.00000000	-0.02162746
46.24000752	0.00000000	0.00000000	-0.02162629
46.24250751	0.00000000	0.00000000	-0.02162512
46.24500751	0.00000000	0.00000000	-0.02162396
46.24750750	0.00000000	0.00000000	-0.02162279
46.25000750	0.00000000	0.00000000	-0.02162162
46.25250749	0.00000000	0.00000000	-0.02162045
46.25500749	0.00000000	0.00000000	-0.02161928
46.25750748	0.00000000	0.00000000	-0.02161811
46.26000748	0.00000000	0.00000000	-0.02161694
46.26250747	0.00000000	0.00000000	-0.02161578
46.26500747	0.00000000	0.00000000	-0.02161461
46.26750746	0.00000000	0.00000000	-0.02161344
46.27000746	0.00000000	0.00000000	-0.02161227
46.27250745	0.00000000	0.00000000	-0.02161110
46.27500745	0.00000000	0.00000000	-0.02160994
46.27750744	0.00000000	0.00000000	-0.02160877
46.28000744	0.00000000	0.00000000	-0.02160760
46.28250743	0.00000000	0.00000000	-0.02160644
46.28500743	0.00000000	0.00000000	-0.02160527
46.28750742	0.00000000	0.00000000	-0.02160410
46.29000742	0.00000000	0.00000000	-0.02160293
46.29250741	0.00000000	0.00000000	-0.02160177
46.29500741	0.00000000	0.00000000	-0.02160060
46.29750740	0.00000000	0.00000000	-0.02159943
46.30000740	0.00000000	0.00000000	-0.02159827
46.30250739	0.00000000	0.00000000	-0.02159710
46.30500739	0.00000000	0.00000000	-0.02159594
46.30750738	0.00000000	0.00000000	-0.02159477
46.31000738	0.00000000	0.00000000	-0.02159360
46.31250737	0.00000000	0.00000000	-0.02159244
46.31500737	0.00000000	0.00000000	-0.02159127
46.31750736	0.00000000	0.00000000	-0.02159011
46.32000736	0.00000000	0.00000000	-0.02158894
46.32250735	0.00000000	0.00000000	-0.02158778
46.32500735	0.00000000	0.00000000	-0.02158661
46.32750734	0.00000000	0.00000000	-0.02158545
46.33000734	0.00000000	0.00000000	-0.02158428
46.33250733	0.00000000	0.00000000	-0.02158312
46.33500733	0.00000000	0.00000000	-0.02158195
46.33750732	0.00000000	0.00000000	-0.02158079
46.34000732	0.00000000	0.00000000	-0.02157963
46.34250731	0.00000000	0.00000000	-0.02157846
46.34500731	0.00000000	0.00000000	-0.02157730
46.34750730	0.00000000	0.00000000	-0.02157613
46.35000730	0.00000000	0.00000000	-0.02157497
46.35250729	0.00000000	0.00000000	-0.02157381
46.35500729	0.00000000	0.00000000	-0.02157264
46.35750728	0.00000000	0.00000000	-0.02157148
46.36000728	0.00000000	0.00000000	-0.02157032
46.36250727	0.00000000	0.00000000	-0.02156915
46.36500727	0.00000000	0.00000000	-0.02156799
46.36750726	0.00000000	0.00000000	-0.02156683
46.37000726	0.00000000	0.00000000	-0.02156566
46.37250725	0.00000000	0.00000000	-0.02156450
46.37500725	0.00000000	0.00000000	-0.02156334
46.37750724	0.00000000	0.00000000	-0.02156218
46.38000724	0.00000000	0.00000000	-0.02156101
46.38250723	0.00000000	0.00000000	-0.02155985
46.38500723	0.00000000	0.00000000	-0.02155869
46.38750723	0.00000000	0.00000000	-0.02155753
46.39000722	0.00000000	0.00000000	-0.02155637
46.39250721	0.00000000	0.00000000	-0.02155520
46.39500721	0.00000000	0.00000000	-0.02155404
46.39750720	0.00000000	0.00000000	-0.02155288
46.40000720	0.00000000	0.00000000	-0.02155172
46.40250719	0.00000000	0.00000000	-0.02155056
46.40500719	0.00000000	0.00000000	-0.02154940
46.40750719	0.00000000	0.00000000	-0.02154824
46.41000718	0.00000000	0.00000000	-0.02154708
46.41250717	0.00000000	0.00000000	-0.02154592
46.41500717	0.00000000	0.00000000	-0.02154476
46.41750716	0.00000000	0.00000000	-0.02154360
46.42000716	0.00000000	0.00000000	-0.02154244
46.42250715	0.00000000	0.00000000	-0.02154128
46.42500715	0.00000000	0.00000000	-0.02154012
46.42750714	0.00000000	0.00000000	-0.02153896
46.43000714	0.00000000	0.00000000	-0.02153780
46.43250713	0.00000000	0.00000000	-0.02153664
46.43500713	0.00000000	0.00000000	-0.02153548
46.43750712	0.00000000	0.00000000	-0.02153432
46.44000712	0.00000000	0.00000000	-0.02153316
46.44250711	0.00000000	0.00000000	-0.02153200
46.44500711	0.00000000	0.00000000	-0.02153084
46.44750710	0.00000000	0.00000000	-0.02152968
46.45000710	0.00000000	0.00000000	-0.02152852
46.45250709	0.00000000	0.00000000	-0.02152736
46.45500709	0.00000000	0.00000000	-0.02152620
46.45750708	0.00000000	0.00000000	-0.02152505
46.46000708	0.00000000	0.00000000	-0.02152389
46.46250707	0.00000000	0.00000000	-0.02152273
46.46500707	0.00000000	0.00000000	-0.02152157
46.46750706	0.00000000	0.00000000	-0.02152041
46.47000706	0.00000000	0.00000000	-0.02151926
46.47250705	0.00000000	0.00000000	-0.02151810
46.47500705	0.00000000	0.00000000	-0.02151694
46.47750704	0.00000000	0.00000000	-0.02151578
46.48000704	0.00000000	0.00000000	-0.02151463
46.48250703	0.00000000	0.00000000	-0.02151347
46.48500703	0.00000000	0.00000000	-0.02151231
46.48750702	0.00000000	0.00000000	-0.02151116
46.49000702	0.00000000	0.00000000	-0.02151000
46.49250701	0.00000000	0.00000000	-0.02150884
46.49500701	0.00000000	0.00000000	-0.02150769
46.49750700	0.00000000	0.00000000	-0.02150653
46.50000700	0.00000000	0.00000000	-0.02150537
46.50250699	0.00000000	0.00000000	-0.02150422
46.50500699	0.00000000	0.00000000	-0.02150306
46.50750698	0.00000000	0.00000000	-0.02150191
46.51000698	0.00000000	0.00000000	-0.02150075
46.51250697	0.00000000	0.00000000	-0.02149959
46.51500697	0.00000000	0.00000000	-0.02149844
46.51750696	0.00000000	0.00000000	-0.02149728
46.52000696	0.00000000	0.00000000	-0.02149613
46.52250695	0.00000000	0.00000000	-0.02149497
46.52500695	0.00000000	0.00000000	-0.02149382
46.52750694	0.00000000	0.00000000	-0.02149266
46.53000694	0.00000000	0.00000000	-0.02149151
46.53250693	0.00000000	0.00000000	-0.02149035
46.53500693	0.00000000	0.00000000	-0.02148920
46.53750692	0.00000000	0.00000000	-0.02148804
46.54000692	0.00000000	0.00000000	-0.02148689
46.54250691	0.00000000	0.00000000	-0.02148574
46.54500691	0.00000000	0.00000000	-0.02148458
46.54750690	0.00000000	0.00000000	-0.02148343
46.55000690	0.00000000	0.00000000	-0.02148227
46.55250689	0.00000000	0.00000000	-0.02148112
46.55500689	0.00000000	0.00000000	-0.02147997
46.55750688	0.00000000	0.00000000	-0.02147881
46.56000688	0.00000000	0.00000000	-0.02147766
46.56250687	0.00000000	0.00000000	-0.02147651
46.56500687	0.00000000	0.00000000	-0.02147535
46.56750686	0.00000000	0.00000000	-0.02147420
46.57000686	0.00000000	0.00000000	-0.02147305
46.57250686	0.00000000	0.00000000	-0.02147190
46.57500685	0.00000000	0.00000000	-0.02147074
46.57750684	0.00000000	0.00000000	-0.02146959
46.58000684	0.00000000	0.00000000	-0.02146844
46.58250683	0.00000000	0.00000000	-0.02146729
46.58500683	0.00000000	0.00000000	-0.02146613
46.58750682	0.00000000	0.00000000	-0.02146498
46.59000682	0.00000000	0.00000000	-0.02146383
46.59250682	0.00000000	0.00000000	-0.02146268
46.59500681	0.00000000	0.00000000	-0.02146153
46.59750680	0.00000000	0.00000000	-0.02146038
46.60000680	0.00000000	0.00000000	-0.02145922
46.60250679	0.00000000	0.00000000	-0.02145807
46.60500679	0.00000000	0.00000000	-0.02145692
46.60750678	0.00000000	0.00000000	-0.02145577
46.61000678	0.00000000	0.00000000	-0.02145462
46.61250677	0.00000000	0.00000000	-0.02145347
46.61500677	0.00000000	0.00000000	-0.02145232
46.61750676	0.00000000	0.00000000	-0.02145117
46.62000676	0.00000000	0.00000000	-0.02145002
46.62250675	0.00000000	0.00000000	-0.02144887
46.62500675	0.00000000	0.00000000	-0.02144772
46.62750674	0.00000000	0.00000000	-0.02144657
46.63000674	0.00000000	0.00000000	-0.02144542
46.63250673	0.00000000	0.00000000	-0.02144427
46.63500673	0.00000000	0.00000000	-0.02144312
46.63750672	0.00000000	0.00000000	-0.02144197
46.64000672	0.00000000	0.00000000	-0.02144082
46.64250671	0.00000000	0.00000000	-0.02143967
46.64500671	0.00000000	0.00000000	-0.02143852
46.64750670	0.00000000	0.00000000	-0.02143737
46.65000670	0.00000000	0.00000000	-0.02143622
46.65250669	0.00000000	0.00000000	-0.02143508
46.65500669	0.00000000	0.00000000	-0.02143393
46.65750668	0.00000000	0.00000000	-0.02143278
46.66000668	0.00000000	0.00000000	-0.02143163
46.66250667	0.00000000	0.00000000	-0.02143048
46.66500667	0.00000000	0.00000000	-0.02142933
46.66750666	0.00000000	0.00000000	-0.02142819
46.67000666	0.00000000	0.00000000	-0.02142704
46.67250665	0.00000000	0.00000000	-0.02142589
46.67500665	0.00000000	0.00000000	-0.02142474
46.67750664	0.00000000	0.00000000	-0.02142360
46.68000664	0.00000000	0.00000000	-0.02142245
46.68250663	0.00000000	0.00000000	-0.02142130
46.68500663	0.00000000	0.00000000	-0.02142015
46.68750662	0.00000000	0.00000000	-0.02141901
46.69000662	0.00000000	0.00000000	-0.02141786
46.69250661	0.00000000	0.00000000	-0.02141671
46.69500661	0.00000000	0.00000000	-0.02141557
46.69750660	0.00000000	0.00000000	-0.02141442
46.70000660	0.00000000	0.00000000	-0.02141327
46.70250659	0.00000000	0.00000000	-0.02141213
46.70500659	0.00000000	0.00000000	-0.02141098
46.70750658	0.00000000	0.00000000	-0.02140983
46.71000658	0.00000000	0.00000000	-0.02140869
46.71250657	0.00000000	0.00000000	-0.02140754
46.71500657	0.00000000	0.00000000	-0.02140640
46.71750656	0.00000000	0.00000000	-0.02140525
46.72000656	0.00000000	0.00000000	-0.02140411
46.72250655	0.00000000	0.00000000	-0.02140296
46.72500655	0.00000000	0.00000000	-0.02140182
46.72750654	0.00000000	0.00000000	-0.02140067
46.73000654	0.00000000	0.00000000	-0.02139953
46.73250653	0.00000000	0.00000000	-0.02139838
46.73500653	0.00000000	0.00000000	-0.02139724
46.73750652	0.00000000	0.00000000	-0.02139609
46.74000652	0.00000000	0.00000000	-0.02139495
46.74250651	0.00000000	0.00000000	-0.02139380
46.74500651	0.00000000	0.00000000	-0.02139266
46.74750650	0.00000000	0.00000000	-0.02139152
46.75000650	0.00000000	0.00000000	-0.02139037
46.75250649	0.00000000	0.00000000	-0.02138923
46.75500649	0.00000000	0.00000000	-0.02138808
46.75750648	0.00000000	0.00000000	-0.02138694
46.76000648	0.00000000	0.00000000	-0.02138580
46.76250647	0.00000000	0.00000000	-0.02138465
46.76500647	0.00000000	0.00000000	-0.02138351
46.76750646	0.00000000	0.00000000	-0.02138237
46.77000646	0.00000000	0.00000000	-0.02138122
46.77250645	0.00000000	0.00000000	-0.02138008
46.77500645	0.00000000	0.00000000	-0.02137894
46.77750645	0.00000000	0.00000000	-0.02137780
46.78000644	0.00000000	0.00000000	-0.02137665
46.78250643	0.00000000	0.00000000	-0.02137551
46.78500643	0.00000000	0.00000000	-0.02137437
46.78750642	0.00000000	0.00000000	-0.02137323
46.79000642	0.00000000	0.00000000	-0.02137209
46.79250641	0.00000000	0.00000000	-0.02137094
46.79500641	0.00000000	0.00000000	-0.02136980
46.79750641	0.00000000	0.00000000	-0.02136866
46.80000640	0.00000000	0.00000000	-0.02136752
46.80250639	0.00000000	0.00000000	-0.02136638
46.80500639	0.00000000	0.00000000	-0.02136524
46.80750638	0.00000000	0.00000000	-0.02136409
46.81000638	0.00000000	0.00000000	-0.02136295
46.81250637	0.00000000	0.00000000	-0.02136181
46.81500637	0.00000000	0.00000000	-0.02136067
46.81750636	0.00000000	0.00000000	-0.02135953
46.82000636	0.00000000	0.00000000	-0.02135839
46.82250635	0.00000000	0.00000000	-0.02135725
46.82500635	0.00000000	0.00000000	-0.02135611
46.82750634	0.00000000	0.00000000	-0.02135497
46.83000634	0.00000000	0.00000000	-0.02135383
46.83250633	0.00000000	0.00000000	-0.02135269
46.83500633	0.00000000	0.00000000	-0.02135155
46.83750632	0.00000000	0.00000000	-0.02135041
46.84000632	0.00000000	0.00000000	-0.02134927
46.84250631	0.00000000	0.00000000	-0.02134813
46.84500631	0.00000000	0.00000000	-0.02134699
46.84750630	0.00000000	0.00000000	-0.02134585
46.85000630	0.00000000	0.00000000	-0.02134471
46.85250629	0.00000000	0.00000000	-0.02134358
46.85500629	0.00000000	0.00000000	-0.02134244
46.85750628	0.00000000	0.00000000	-0.02134130
46.86000628	0.00000000	0.00000000	-0.02134016
46.86250627	0.00000000	0.00000000	-0.02133902
46.86500627	0.00000000	0.00000000	-0.02133788
46.86750626	0.00000000	0.00000000	-0.02133674
46.87000626	0.00000000	0.00000000	-0.02133561
46.87250625	0.00000000	0.00000000	-0.02133447
46.87500625	0.00000000	0.00000000	-0.02133333
46.87750624	0.00000000	0.00000000	-0.02133219
46.88000624	0.00000000	0.00000000	-0.02133106
46.88250623	0.00000000	0.00000000	-0.02132992
46.88500623	0.00000000	0.00000000	-0.02132878
46.88750622	0.00000000	0.00000000	-0.02132764
46.89000622	0.00000000	0.00000000	-0.02132651
46.89250621	0.00000000	0.00000000	-0.02132537
46.89500621	0.00000000	0.00000000	-0.02132423
46.89750620	0.00000000	0.00000000	-0.02132310
46.90000620	0.00000000	0.00000000	-0.02132196
46.90250619	0.00000000	0.00000000	-0.02132082
46.90500619	0.00000000	0.00000000	-0.02131969
46.90750618	0.00000000	0.00000000	-0.02131855
46.91000618	0.00000000	0.00000000	-0.02131741
46.91250617	0.00000000	0.00000000	-0.02131628
46.91500617	0.00000000	0.00000000	-0.02131514
46.91750616	0.00000000	0.00000000	-0.02131401
46.92000616	0.00000000	0.00000000	-0.02131287
46.92250615	0.00000000	0.00000000	-0.02131173
46.92500615	0.00000000	0.00000000	-0.02131060
46.92750614	0.00000000	0.00000000	-0.02130946
46.93000614	0.00000000	0.00000000	-0.02130833
46.93250613	0.00000000	0.00000000	-0.02130719
46.93500613	0.00000000	0.00000000	-0.02130606
46.93750612	0.00000000	0.00000000	-0.02130492
46.94000612	0.00000000	0.00000000	-0.02130379
46.94250611	0.00000000	0.00000000	-0.02130265
46.94500611	0.00000000	0.00000000	-0.02130152
46.94750610	0.00000000	0.00000000	-0.02130039
46.95000610	0.00000000	0.00000000	-0.02129925
46.95250609	0.00000000	0.00000000	-0.02129812
46.95500609	0.00000000	0.00000000	-0.02129698
46.95750608	0.00000000	0.00000000	-0.02129585
46.96000608	0.00000000	0.00000000	-0.02129472
46.96250607	0.00000000	0.00000000	-0.02129358
46.96500607	0.00000000	0.00000000	-0.02129245
46.96750606	0.00000000	0.00000000	-0.02129132
46.97000606	0.00000000	0.00000000	-0.02129018
46.97250605	0.00000000	0.00000000	-0.02128905
46.97500605	0.00000000	0.00000000	-0.02128792
46.97750604	0.00000000	0.00000000	-0.02128678
46.98000604	0.00000000	0.00000000	-0.02128565
46.98250604	0.00000000	0.00000000	-0.02128452
46.98500603	0.00000000	0.00000000	-0.02128339
46.98750602	0.00000000	0.00000000	-0.02128225
46.99000602	0.00000000	0.00000000	-0.02128112
46.99250601	0.00000000	0.00000000	-0.02127999
46.99500601	0.00000000	0.00000000	-0.02127886
46.99750600	0.00000000	0.00000000	-0.02127772
47.00000600	0.00000000	0.00000000	-0.02127659
47.00250599	0.00000000	0.00000000	-0.02127546
47.00500599	0.00000000	0.00000000	-0.02127433
47.00750598	0.00000000	0.00000000	-0.02127320
47.01000598	0.00000000	0.00000000	-0.02127207
47.01250597	0.00000000	0.00000000	-0.02127094
47.01500597	0.00000000	0.00000000	-0.02126980
47.01750596	0.00000000	0.00000000	-0.02126867
47.02000596	0.00000000	0.00000000	-0.02126754
47.02250595	0.00000000	0.00000000	-0.02126641
47.02500595	0.00000000	0.00000000	-0.02126528
47.02750594	0.00000000	0.00000000	-0.02126415
47.03000594	0.00000000	0.00000000	-0.02126302
47.03250593	0.00000000	0.00000000	-0.02126189
47.03500593	0.00000000	0.00000000	-0.02126076
47.03750592	0.00000000	0.00000000	-0.02125963
47.04000592	0.00000000	0.00000000	-0.02125850
47.04250591	0.00000000	0.00000000	-0.02125737
47.04500591	0.00000000	0.00000000	-0.02125624
47.04750590	0.00000000	0.00000000	-0.02125511
47.05000590	0.00000000	0.00000000	-0.02125398
47.05250589	0.00000000	0.00000000	-0.02125285
47.05500589	0.00000000	0.00000000	-0.02125172
47.05750588	0.00000000	0.00000000	-0.02125060
47.06000588	0.00000000	0.00000000	-0.02124947
47.06250587	0.00000000	0.00000000	-0.02124834
47.06500587	0.00000000	0.00000000	-0.02124721
47.06750586	0.00000000	0.00000000	-0.02124608
47.07000586	0.00000000	0.00000000	-0.02124495
47.07250585	0.00000000	0.00000000	-0.02124382
47.07500585	0.00000000	0.00000000	-0.02124270
47.07750584	0.00000000	0.00000000	-0.02124157
47.08000584	0.00000000	0.00000000	-0.02124044
47.08250583	0.00000000	0.00000000	-0.02123931
47.08500583	0.00000000	0.00000000	-0.02123818
47.08750582	0.00000000	0.00000000	-0.02123706
47.09000582	0.00000000	0.00000000	-0.02123593
47.09250581	0.00000000	0.00000000	-0.02123480
47.09500581	0.00000000	0.00000000	-0.02123367
47.09750580	0.00000000	0.00000000	-0.02123255
47.10000580	0.00000000	0.00000000	-0.02123142
47.10250579	0.00000000	0.00000000	-0.02123029
47.10500579	0.00000000	0.00000000	-0.02122917
47.10750578	0.00000000	0.00000000	-0.02122804
47.11000578	0.00000000	0.00000000	-0.02122691
47.11250577	0.00000000	0.00000000	-0.02122579
47.11500577	0.00000000	0.00000000	-0.02122466
47.11750576	0.00000000	0.00000000	-0.02122353
47.12000576	0.00000000	0.00000000	-0.02122241
47.12250575	0.00000000	0.00000000	-0.02122128
47.12500575	0.00000000	0.00000000	-0.02122016
47.12750574	0.00000000	0.00000000	-0.02121903
47.13000574	0.00000000	0.00000000	-0.02121791
47.13250573	0.00000000	0.00000000	-0.02121678
47.13500573	0.00000000	0.00000000	-0.02121565
47.13750572	0.00000000	0.00000000	-0.02121453
47.14000572	0.00000000	0.00000000	-0.02121340
47.14250571	0.00000000	0.00000000	-0.02121228
47.14500571	0.00000000	0.00000000	-0.02121115
47.14750570	0.00000000	0.00000000	-0.02121003
47.15000570	0.00000000	0.00000000	-0.02120891
47.15250569	0.00000000	0.00000000	-0.02120778
47.15500569	0.00000000	0.00000000	-0.02120666
47.15750568	0.00000000	0.00000000	-0.02120553
47.16000568	0.00000000	0.00000000	-0.02120441
47.16250567	0.00000000	0.00000000	-0.02120328
47.16500567	0.00000000	0.00000000	-0.02120216
47.16750567	0.00000000	0.00000000	-0.02120104
47.17000566	0.00000000	0.00000000	-0.02119991
47.17250565	0.00000000	0.00000000	-0.02119879
47.17500565	0.00000000	0.00000000	-0.02119767
47.17750564	0.00000000	0.00000000	-0.02119654
47.18000564	0.00000000	0.00000000	-0.02119542
47.18250563	0.00000000	0.00000000	-0.02119430
47.18500563	0.00000000	0.00000000	-0.02119317
47.18750563	0.00000000	0.00000000	-0.02119205
47.19000562	0.00000000	0.00000000	-0.02119093
47.19250561	0.00000000	0.00000000	-0.02118981
47.19500561	0.00000000	0.00000000	-0.02118868
47.19750560	0.00000000	0.00000000	-0.02118756
47.20000560	0.00000000	0.00000000	-0.02118644
47.20250559	0.00000000	0.00000000	-0.02118532
47.20500559	0.00000000	0.00000000	-0.02118419
47.20750558	0.00000000	0.00000000	-0.02118307
47.21000558	0.00000000	0.00000000	-0.02118195
47.21250557	0.00000000	0.00000000	-0.02118083
47.21500557	0.00000000	0.00000000	-0.02117971
47.21750556	0.00000000	0.00000000	-0.02117859
47.22000556	0.00000000	0.00000000	-0.02117746
47.22250555	0.00000000	0.00000000	-0.02117634
47.22500555	0.00000000	0.00000000	-0.02117522
47.22750554	0.00000000	0.00000000	-0.02117410
47.23000554	0.00000000	0.00000000	-0.02117298
47.23250553	0.00000000	0.00000000	-0.02117186
47.23500553	0.00000000	0.00000000	-0.02117074
47.23750552	0.00000000	0.00000000	-0.02116962
47.24000552	0.00000000	0.00000000	-0.02116850
47.24250551	0.00000000	0.00000000	-0.02116738
47.24500551	0.00000000	0.00000000	-0.02116626
47.24750550	0.00000000	0.00000000	-0.02116514
47.25000550	0.00000000	0.00000000	-0.02116402
47.25250549	0.00000000	0.00000000	-0.02116290
47.25500549	0.00000000	0.00000000	-0.02116178
47.25750548	0.00000000	0.00000000	-0.02116066
47.26000548	0.00000000	0.00000000	-0.02115954
47.26250547	0.00000000	0.00000000	-0.02115842
47.26500547	0.00000000	0.00000000	-0.02115730
47.26750546	0.00000000	0.00000000	-0.02115618
47.27000546	0.00000000	0.00000000	-0.02115506
47.27250545	0.00000000	0.00000000	-0.02115395
47.27500545	0.00000000	0.00000000	-0.02115283
47.27750544	0.00000000	0.00000000	-0.02115171
47.28000544	0.00000000	0.00000000	-0.02115059
47.28250543	0.00000000	0.00000000	-0.02114947
47.28500543	0.00000000	0.00000000	-0.02114835
47.28750542	0.00000000	0.00000000	-0.02114724
47.29000542	0.00000000	0.00000000	-0.02114612
47.29250541	0.00000000	0.00000000	-0.02114500
47.29500541	0.00000000	0.00000000	-0.02114388
47.29750540	0.00000000	0.00000000	-0.02114276
47.30000540	0.00000000	0.00000000	-0.02114165
47.30250539	0.00000000	0.00000000	-0.02114053
47.30500539	0.00000000	0.00000000	-0.02113941
47.30750538	0.00000000	0.00000000	-0.02113829
47.31000538	0.00000000	0.00000000	-0.02113718
47.31250537	0.00000000	0.00000000	-0.02113606
47.31500537	0.00000000	0.00000000	-0.02113494
47.31750536	0.00000000	0.00000000	-0.02113383
47.32000536	0.00000000	0.00000000	-0.02113271
47.32250535	0.00000000	0.00000000	-0.02113159
47.32500535	0.00000000	0.00000000	-0.02113048
47.32750534	0.00000000	0.00000000	-0.02112936
47.33000534	0.00000000	0.00000000	-0.02112825
47.33250533	0.00000000	0.00000000	-0.02112713
47.33500533	0.00000000	0.00000000	-0.02112601
47.33750532	0.00000000	0.00000000	-0.02112490
47.34000532	0.00000000	0.00000000	-0.02112378
47.34250531	0.00000000	0.00000000	-0.02112267
47.34500531	0.00000000	0.00000000	-0.02112155
47.34750530	0.00000000	0.00000000	-0.02112044
47.35000530	0.00000000	0.00000000	-0.02111932
47.35250529	0.00000000	0.00000000	-0.02111821
47.35500529	0.00000000	0.00000000	-0.02111709
47.35750528	0.00000000	0.00000000	-0.02111598
47.36000528	0.00000000	0.00000000	-0.02111486
47.36250527	0.00000000	0.00000000	-0.02111375
47.36500527	0.00000000	0.00000000	-0.02111263
47.36750526	0.00000000	0.00000000	-0.02111152
47.37000526	0.00000000	0.00000000	-0.02111041
47.37250526	0.00000000	0.00000000	-0.02110929
47.37500525	0.00000000	0.00000000	-0.02110818
47.37750524	0.00000000	0.00000000	-0.02110706
47.38000524	0.00000000	0.00000000	-0.02110595
47.38250523	0.00000000	0.00000000	-0.02110484
47.38500523	0.00000000	0.00000000	-0.02110372
47.38750522	0.00000000	0.00000000	-0.02110261
47.39000522	0.00000000	0.00000000	-0.02110150
47.39250521	0.00000000	0.00000000	-0.02110038
47.39500521	0.00000000	0.00000000	-0.02109927
47.39750520	0.00000000	0.00000000	-0.02109816
47.40000520	0.00000000	0.00000000	-0.02109704
47.40250519	0.00000000	0.00000000	-0.02109593
47.40500519	0.00000000	0.00000000	-0.02109482
47.40750518	0.00000000	0.00000000	-0.02109371
47.41000518	0.00000000	0.00000000	-0.02109259
47.41250517	0.00000000	0.00000000	-0.02109148
47.41500517	0.00000000	0.00000000	-0.02109037
47.41750516	0.00000000	0.00000000	-0.02108926
47.42000516	0.00000000	0.00000000	-0.02108815
47.42250515	0.00000000	0.00000000	-0.02108703
47.42500515	0.00000000	0.00000000	-0.02108592
47.42750514	0.00000000	0.00000000	-0.02108481
47.43000514	0.00000000	0.00000000	-0.02108370
47.43250513	0.00000000	0.00000000	-0.02108259
47.43500513	0.00000000	0.00000000	-0.02108148
47.43750512	0.00000000	0.00000000	-0.02108037
47.44000512	0.00000000	0.00000000	-0.02107926
47.44250511	0.00000000	0.00000000	-0.02107814
47.44500511	0.00000000	0.00000000	-0.02107703
47.44750510	0.00000000	0.00000000	-0.02107592
47.45000510	0.00000000	0.00000000	-0.02107481
47.45250509	0.00000000	0.00000000	-0.02107370
47.45500509	0.00000000	0.00000000	-0.02107259
47.45750508	0.00000000	0.00000000	-0.02107148
47.46000508	0.00000000	0.00000000	-0.02107037
47.46250507	0.00000000	0.00000000	-0.02106926
47.46500507	0.00000000	0.00000000	-0.02106815
47.46750506	0.00000000	0.00000000	-0.02106704
47.47000506	0.00000000	0.00000000	-0.02106593
47.47250505	0.00000000	0.00000000	-0.02106482
47.47500505	0.00000000	0.00000000	-0.02106372
47.47750504	0.00000000	0.00000000	-0.02106261
47.48000504	0.00000000	0.00000000	-0.02106150
47.48250503	0.00000000	0.00000000	-0.02106039
47.48500503	0.00000000	0.00000000	-0.02105928
47.48750502	0.00000000	0.00000000	-0.02105817
47.49000502	0.00000000	0.00000000	-0.02105706
47.49250501	0.00000000	0.00000000	-0.02105595
47.49500501	0.00000000	0.00000000	-0.02105485
47.49750500	0.00000000	0.00000000	-0.02105374
47.50000500	0.00000000	0.00000000	-0.02105263
47.50250499	0.00000000	0.00000000	-0.02105152
47.50500499	0.00000000	0.00000000	-0.02105041
47.50750498	0.00000000	0.00000000	-0.02104931
47.51000498	0.00000000	0.00000000	-0.02104820
47.51250497	0.00000000	0.00000000	-0.02104709
47.51500497	0.00000000	0.00000000	-0.02104598
47.51750496	0.00000000	0.00000000	-0.02104488
47.52000496	0.00000000	0.00000000	-0.02104377
47.52250495	0.00000000	0.00000000	-0.02104266
47.52500495	0.00000000	0.00000000	-0.02104155
47.52750494	0.00000000	0.00000000	-0.02104045
47.53000494	0.00000000	0.00000000	-0.02103934
47.53250493	0.00000000	0.00000000	-0.02103823
47.53500493	0.00000000	0.00000000	-0.02103713
47.53750492	0.00000000	0.00000000	-0.02103602
47.54000492	0.00000000	0.00000000	-0.02103492
47.54250491	0.00000000	0.00000000	-0.02103381
47.54500491	0.00000000	0.00000000	-0.02103270
47.54750490	0.00000000	0.00000000	-0.02103160
47.55000490	0.00000000	0.00000000	-0.02103049
47.55250489	0.00000000	0.00000000	-0.02102939
47.55500489	0.00000000	0.00000000	-0.02102828
47.55750489	0.00000000	0.00000000	-0.02102718
47.56000488	0.00000000	0.00000000	-0.02102607
47.56250487	0.00000000	0.00000000	-0.02102496
47.56500487	0.00000000	0.00000000	-0.02102386
47.56750486	0.00000000	0.00000000	-0.02102275
47.57000486	0.00000000	0.00000000	-0.02102165
47.57250485	0.00000000	0.00000000	-0.02102055
47.57500485	0.00000000	0.00000000	-0.02101944
47.57750484	0.00000000	0.00000000	-0.02101834
47.58000484	0.00000000	0.00000000	-0.02101723
47.58250483	0.00000000	0.00000000	-0.02101613
47.58500483	0.00000000	0.00000000	-0.02101502
47.58750482	0.00000000	0.00000000	-0.02101392
47.59000482	0.00000000	0.00000000	-0.02101282
47.59250481	0.00000000	0.00000000	-0.02101171
47.59500481	0.00000000	0.00000000	-0.02101061
47.59750480	0.00000000	0.00000000	-0.02100950
47.60000480	0.00000000	0.00000000	-0.02100840
47.60250479	0.00000000	0.00000000	-0.02100730
47.60500479	0.00000000	0.00000000	-0.02100619
47.60750478	0.00000000	0.00000000	-0.02100509
47.61000478	0.00000000	0.00000000	-0.02100399
47.61250477	0.00000000	0.00000000	-0.02100289
47.61500477	0.00000000	0.00000000	-0.02100178
47.61750476	0.00000000	0.00000000	-0.02100068
47.62000476	0.00000000	0.00000000	-0.02099958
47.62250475	0.00000000	0.00000000	-0.02099848
47.62500475	0.00000000	0.00000000	-0.02099737
47.62750474	0.00000000	0.00000000	-0.02099627
47.63000474	0.00000000	0.00000000	-0.02099517
47.63250473	0.00000000	0.00000000	-0.02099407
47.63500473	0.00000000	0.00000000	-0.02099297
47.63750472	0.00000000	0.00000000	-0.02099186
47.64000472	0.00000000	0.00000000	-0.02099076
47.64250471	0.00000000	0.00000000	-0.02098966
47.64500471	0.00000000	0.00000000	-0.02098856
47.64750470	0.00000000	0.00000000	-0.02098746
47.65000470	0.00000000	0.00000000	-0.02098636
47.65250469	0.00000000	0.00000000	-0.02098526
47.65500469	0.00000000	0.00000000	-0.02098415
47.65750468	0.00000000	0.00000000	-0.02098305
47.66000468	0.00000000	0.00000000	-0.02098195
47.66250467	0.00000000	0.00000000	-0.02098085
47.66500467	0.00000000	0.00000000	-0.02097975
47.66750466	0.00000000	0.00000000	-0.02097865
47.67000466	0.00000000	0.00000000	-0.02097755
47.67250465	0.00000000	0.00000000	-0.02097645
47.67500465	0.00000000	0.00000000	-0.02097535
47.67750464	0.00000000	0.00000000	-0.02097425
47.68000464	0.00000000	0.00000000	-0.02097315
47.68250463	0.00000000	0.00000000	-0.02097205
47.68500463	0.00000000	0.00000000	-0.02097095
47.68750462	0.00000000	0.00000000	-0.02096985
47.69000462	0.00000000	0.00000000	-0.02096875
47.69250461	0.00000000	0.00000000	-0.02096766
47.69500461	0.00000000	0.00000000	-0.02096656
47.69750460	0.00000000	0.00000000	-0.02096546
47.70000460	0.00000000	0.00000000	-0.02096436
47.70250459	0.00000000	0.00000000	-0.02096326
47.70500459	0.00000000	0.00000000	-0.02096216
47.70750458	0.00000000	0.00000000	-0.02096106
47.71000458	0.00000000	0.00000000	-0.02095996
47.71250457	0.00000000	0.00000000	-0.02095887
47.71500457	0.00000000	0.00000000	-0.02095777
47.71750456	0.00000000	0.00000000	-0.02095667
47.72000456	0.00000000	0.00000000	-0.02095557
47.72250455	0.00000000	0.00000000	-0.02095447
47.72500455	0.00000000	0.00000000	-0.02095338
47.72750454	0.00000000	0.00000000	-0.02095228
47.73000454	0.00000000	0.00000000	-0.02095118
47.73250453	0.00000000	0.00000000	-0.02095008
47.73500453	0.00000000	0.00000000	-0.02094899
47.73750452	0.00000000	0.00000000	-0.02094789
47.74000452	0.00000000	0.00000000	-0.02094679
47.74250451	0.00000000	0.00000000	-0.02094570
47.74500451	0.00000000	0.00000000	-0.02094460
47.74750450	0.00000000	0.00000000	-0.02094350
47.75000450	0.00000000	0.00000000	-0.02094241
47.75250449	0.00000000	0.00000000	-0.02094131
47.75500449	0.00000000	0.00000000	-0.02094021
47.75750448	0.00000000	0.00000000	-0.02093912
47.76000448	0.00000000	0.00000000	-0.02093802
47.76250448	0.00000000	0.00000000	-0.02093693
47.76500447	0.00000000	0.00000000	-0.02093583
47.76750446	0.00000000	0.00000000	-0.02093473
47.77000446	0.00000000	0.00000000	-0.02093364
47.77250445	0.00000000	0.00000000	-0.02093254
47.77500445	0.00000000	0.00000000	-0.02093145
47.77750444	0.00000000	0.00000000	-0.02093035
47.78000444	0.00000000	0.00000000	-0.02092926
47.78250443	0.00000000	0.00000000	-0.02092816
47.78500443	0.00000000	0.00000000	-0.02092707
47.78750442	0.00000000	0.00000000	-0.02092597
47.79000442	0.00000000	0.00000000	-0.02092488
47.79250441	0.00000000	0.00000000	-0.02092378
47.79500441	0.00000000	0.00000000	-0.02092269
47.79750440	0.00000000	0.00000000	-0.02092159
47.80000440	0.00000000	0.00000000	-0.02092050
47.80250439	0.00000000	0.00000000	-0.02091941
47.80500439	0.00000000	0.00000000	-0.02091831
47.80750438	0.00000000	0.00000000	-0.02091722
47.81000438	0.00000000	0.00000000	-0.02091612
47.81250437	0.00000000	0.00000000	-0.02091503
47.81500437	0.00000000	0.00000000	-0.02091394
47.81750436	0.00000000	0.00000000	-0.02091284
47.82000436	0.00000000	0.00000000	-0.02091175
47.82250435	0.00000000	0.00000000	-0.02091066
47.82500435	0.00000000	0.00000000	-0.02090956
47.82750434	0.00000000	0.00000000	-0.02090847
47.83000434	0.00000000	0.00000000	-0.02090738
47.83250433	0.00000000	0.00000000	-0.02090629
47.83500433	0.00000000	0.00000000	-0.02090519
47.83750432	0.00000000	0.00000000	-0.02090410
47.84000432	0.00000000	0.00000000	-0.02090301
47.84250431	0.00000000	0.00000000	-0.02090192
47.84500431	0.00000000	0.00000000	-0.02090082
47.84750430	0.00000000	0.00000000	-0.02089973
47.85000430	0.00000000	0.00000000	-0.02089864
47.85250429	0.00000000	0.00000000	-0.02089755
47.85500429	0.00000000	0.00000000	-0.02089646
47.85750428	0.00000000	0.00000000	-0.02089536
47.86000428	0.00000000	0.00000000	-0.02089427
47.86250427	0.00000000	0.00000000	-0.02089318
47.86500427	0.00000000	0.00000000	-0.02089209
47.86750426	0.00000000	0.00000000	-0.02089100
47.87000426	0.00000000	0.00000000	-0.02088991
47.87250425	0.00000000	0.00000000	-0.02088882
47.87500425	0.00000000	0.00000000	-0.02088773
47.87750424	0.00000000	0.00000000	-0.02088664
47.88000424	0.00000000	0.00000000	-0.02088555
47.88250423	0.00000000	0.00000000	-0.02088445
47.88500423	0.00000000	0.00000000	-0.02088336
47.88750422	0.00000000	0.00000000	-0.02088227
47.89000422	0.00000000	0.00000000	-0.02088118
47.89250421	0.00000000	0.00000000	-0.02088009
47.89500421	0.00000000	0.00000000	-0.02087900
47.89750420	0.00000000	0.00000000	-0.02087791
47.90000420	0.00000000	0.00000000	-0.02087682
47.90250419	0.00000000	0.00000000	-0.02087574
47.90500419	0.00000000	0.00000000	-0.02087465
47.90750418	0.00000000	0.00000000	-0.02087356
47.91000418	0.00000000	0.00000000	-0.02087247
47.91250417	0.00000000	0.00000000	-0.02087138
47.91500417	0.00000000	0.00000000	-0.02087029
47.91750416	0.00000000	0.00000000	-0.02086920
47.92000416	0.00000000	0.00000000	-0.02086811
47.92250415	0.00000000	0.00000000	-0.02086702
47.92500415	0.00000000	0.00000000	-0.02086593
47.92750414	0.00000000	0.00000000	-0.02086485
47.93000414	0.00000000	0.00000000	-0.02086376
47.93250413	0.00000000	0.00000000	-0.02086267
47.93500413	0.00000000	0.00000000	-0.02086158
47.93750412	0.00000000	0.00000000	-0.02086049
47.94000412	0.00000000	0.00000000	-0.02085941
47.94250411	0.00000000	0.00000000	-0.02085832
47.94500411	0.00000000	0.00000000	-0.02085723
47.94750410	0.00000000	0.00000000	-0.02085614
47.95000410	0.00000000	0.00000000	-0.02085506
47.95250409	0.00000000	0.00000000	-0.02085397
47.95500409	0.00000000	0.00000000	-0.02085288
47.95750408	0.00000000	0.00000000	-0.02085179
47.96000408	0.00000000	0.00000000	-0.02085071
47.96250407	0.00000000	0.00000000	-0.02084962
47.96500407	0.00000000	0.00000000	-0.02084853
47.96750406	0.00000000	0.00000000	-0.02084745
47.97000406	0.00000000	0.00000000	-0.02084636
47.97250405	0.00000000	0.00000000	-0.02084527
47.97500405	0.00000000	0.00000000	-0.02084419
47.97750404	0.00000000	0.00000000	-0.02084310
47.98000404	0.00000000	0.00000000	-0.02084202
47.98250403	0.00000000	0.00000000	-0.02084093
47.98500403	0.00000000	0.00000000	-0.02083984
47.98750402	0.00000000	0.00000000	-0.02083876
47.99000402	0.00000000	0.00000000	-0.02083767
47.99250401	0.00000000	0.00000000	-0.02083659
47.99500401	0.00000000	0.00000000	-0.02083550
47.99750400	0.00000000	0.00000000	-0.02083442
48.00000400	0.00000000	0.00000000	-0.02083333
48.00250399	0.00000000	0.00000000	-0.02083225
48.00500399	0.00000000	0.00000000	-0.02083116
48.00750398	0.00000000	0.00000000	-0.02083008
48.01000398	0.00000000	0.00000000	-0.02082899
48.01250397	0.00000000	0.00000000	-0.02082791
48.01500397	0.00000000	0.00000000	-0.02082682
48.01750396	0.00000000	0.00000000	-0.02082574
48.02000396	0.00000000	0.00000000	-0.02082465
48.02250395	0.00000000	0.00000000	-0.02082357
48.02500395	0.00000000	0.00000000	-0.02082249
48.02750394	0.00000000	0.00000000	-0.02082140
48.03000394	0.00000000	0.00000000	-0.02082032
48.03250393	0.00000000	0.00000000	-0.02081924
48.03500393	0.00000000	0.00000000	-0.02081815
48.03750392	0.00000000	0.00000000	-0.02081707
48.04000392	0.00000000	0.00000000	-0.02081598
48.04250391	0.00000000	0.00000000	-0.02081490
48.04500391	0.00000000	0.00000000	-0.02081382
48.04750390	0.00000000	0.00000000	-0.02081274
48.05000390	0.00000000	0.00000000	-0.02081165
48.05250389	0.00000000	0.00000000	-0.02081057
48.05500389	0.00000000	0.00000000	-0.02080949
48.05750388	0.00000000	0.00000000	-0.02080840
48.06000388	0.00000000	0.00000000	-0.02080732
48.06250387	0.00000000	0.00000000	-0.02080624
48.06500387	0.00000000	0.00000000	-0.02080516
48.06750386	0.00000000	0.00000000	-0.02080408
48.07000386	0.00000000	0.00000000	-0.02080299
48.07250385	0.00000000	0.00000000	-0.02080191
48.07500385	0.00000000	0.00000000	-0.02080083
48.07750384	0.00000000	0.00000000	-0.02079975
48.08000384	0.00000000	0.00000000	-0.02079867
48.08250383	0.00000000	0.00000000	-0.02079759
48.08500383	0.00000000	0.00000000	-0.02079650
48.08750382	0.00000000	0.00000000	-0.02079542
48.09000382	0.00000000	0.00000000	-0.02079434
48.09250381	0.00000000	0.00000000	-0.02079326
48.09500381	0.00000000	0.00000000	-0.02079218
48.09750380	0.00000000	0.00000000	-0.02079110
48.10000380	0.00000000	0.00000000	-0.02079002
48.10250379	0.00000000	0.00000000	-0.02078894
48.10500379	0.00000000	0.00000000	-0.02078786
48.10750378	0.00000000	0.00000000	-0.02078678
48.11000378	0.00000000	0.00000000	-0.02078570
48.11250377	0.00000000	0.00000000	-0.02078462
48.11500377	0.00000000	0.00000000	-0.02078354
48.11750376	0.00000000	0.00000000	-0.02078246
48.12000376	0.00000000	0.00000000	-0.02078138
48.12250375	0.00000000	0.00000000	-0.02078030
48.12500375	0.00000000	0.00000000	-0.02077922
48.12750374	0.00000000	0.00000000	-0.02077814
48.13000374	0.00000000	0.00000000	-0.02077706
48.13250373	0.00000000	0.00000000	-0.02077598
48.13500373	0.00000000	0.00000000	-0.02077490
48.13750372	0.00000000	0.00000000	-0.02077382
48.14000372	0.00000000	0.00000000	-0.02077274
48.14250371	0.00000000	0.00000000	-0.02077167
48.14500371	0.00000000	0.00000000	-0.02077059
48.14750370	0.00000000	0.00000000	-0.02076951
48.15000370	0.00000000	0.00000000	-0.02076843
48.15250370	0.00000000	0.00000000	-0.02076735
48.15500369	0.00000000	0.00000000	-0.02076627
48.15750368	0.00000000	0.00000000	-0.02076520
48.16000368	0.00000000	0.00000000	-0.02076412
48.16250367	0.00000000	0.00000000	-0.02076304
48.16500367	0.00000000	0.00000000	-0.02076196
48.16750366	0.00000000	0.00000000	-0.02076088
48.17000366	0.00000000	0.00000000	-0.02075981
48.17250365	0.00000000	0.00000000	-0.02075873
48.17500365	0.00000000	0.00000000	-0.02075765
48.17750364	0.00000000	0.00000000	-0.02075658
48.18000364	0.00000000	0.00000000	-0.02075550
48.18250363	0.00000000	0.00000000	-0.02075442
48.18500363	0.00000000	0.00000000	-0.02075334
48.18750362	0.00000000	0.00000000	-0.02075227
48.19000362	0.00000000	0.00000000	-0.02075119
48.19250361	0.00000000	0.00000000	-0.02075012
48.19500361	0.00000000	0.00000000	-0.02074904
48.19750360	0.00000000	0.00000000	-0.02074796
48.20000360	0.00000000	0.00000000	-0.02074689
48.20250359	0.00000000	0.00000000	-0.02074581
48.20500359	0.00000000	0.00000000	-0.02074473
48.20750358	0.00000000	0.00000000	-0.02074366
48.21000358	0.00000000	0.00000000	-0.02074258
48.21250357	0.00000000	0.00000000	-0.02074151
48.21500357	0.00000000	0.00000000	-0.02074043
48.21750356	0.00000000	0.00000000	-0.02073936
48.22000356	0.00000000	0.00000000	-0.02073828
48.22250355	0.00000000	0.00000000	-0.02073721
48.22500355	0.00000000	0.00000000	-0.02073613
48.22750354	0.00000000	0.00000000	-0.02073506
48.23000354	0.00000000	0.00000000	-0.02073398
48.23250353	0.00000000	0.00000000	-0.02073291
48.23500353	0.00000000	0.00000000	-0.02073183
48.23750352	0.00000000	0.00000000	-0.02073076
48.24000352	0.00000000	0.00000000	-0.02072968
48.24250351	0.00000000	0.00000000	-0.02072861
48.24500351	0.00000000	0.00000000	-0.02072754
48.24750350	0.00000000	0.00000000	-0.02072646
48.25000350	0.00000000	0.00000000	-0.02072539
48.25250349	0.00000000	0.00000000	-0.02072431
48.25500349	0.00000000	0.00000000	-0.02072324
48.25750348	0.00000000	0.00000000	-0.02072217
48.26000348	0.00000000	0.00000000	-0.02072109
48.26250347	0.00000000	0.00000000	-0.02072002
48.26500347	0.00000000	0.00000000	-0.02071895
48.26750346	0.00000000	0.00000000	-0.02071787
48.27000346	0.00000000	0.00000000	-0.02071680
48.27250345	0.00000000	0.00000000	-0.02071573
48.27500345	0.00000000	0.00000000	-0.02071465
48.27750344	0.00000000	0.00000000	-0.02071358
48.28000344	0.00000000	0.00000000	-0.02071251
48.28250343	0.00000000	0.00000000	-0.02071144
48.28500343	0.00000000	0.00000000	-0.02071036
48.28750342	0.00000000	0.00000000	-0.02070929
48.29000342	0.00000000	0.00000000	-0.02070822
48.29250341	0.00000000	0.00000000	-0.02070715
48.29500341	0.00000000	0.00000000	-0.02070608
48.29750340	0.00000000	0.00000000	-0.02070500
48.30000340	0.00000000	0.00000000	-0.02070393
48.30250339	0.00000000	0.00000000	-0.02070286
48.30500339	0.00000000	0.00000000	-0.02070179
48.30750338	0.00000000	0.00000000	-0.02070072
48.31000338	0.00000000	0.00000000	-0.02069965
48.31250337	0.00000000	0.00000000	-0.02069858
48.31500337	0.00000000	0.00000000	-0.02069750
48.31750336	0.00000000	0.00000000	-0.02069643
48.32000336	0.00000000	0.00000000	-0.02069536
48.32250335	0.00000000	0.00000000	-0.02069429
48.32500335	0.00000000	0.00000000	-0.02069322
48.32750334	0.00000000	0.00000000	-0.02069215
48.33000334	0.00000000	0.00000000	-0.02069108
48.33250333	0.00000000	0.00000000	-0.02069001
48.33500333	0.00000000	0.00000000	-0.02068894
48.33750332	0.00000000	0.00000000	-0.02068787
48.34000332	0.00000000	0.00000000	-0.02068680
48.34250331	0.00000000	0.00000000	-0.02068573
48.34500331	0.00000000	0.00000000	-0.02068466
48.34750330	0.00000000	0.00000000	-0.02068359
48.35000330	0.00000000	0.00000000	-0.02068252
48.35250329	0.00000000	0.00000000	-0.02068145
48.35500329	0.00000000	0.00000000	-0.02068038
48.35750328	0.00000000	0.00000000	-0.02067931
48.36000328	0.00000000	0.00000000	-0.02067825
48.36250327	0.00000000	0.00000000	-0.02067718
48.36500327	0.00000000	0.00000000	-0.02067611
48.36750326	0.00000000	0.00000000	-0.02067504
48.37000326	0.00000000	0.00000000	-0.02067397
48.37250325	0.00000000	0.00000000	-0.02067290
48.37500325	0.00000000	0.00000000	-0.02067183
48.37750324	0.00000000	0.00000000	-0.02067076
48.38000324	0.00000000	0.00000000	-0.02066970
48.38250323	0.00000000	0.00000000	-0.02066863
48.38500323	0.00000000	0.00000000	-0.02066756
48.38750322	0.00000000	0.00000000	-0.02066649
48.39000322	0.00000000	0.00000000	-0.02066543
48.39250321	0.00000000	0.00000000	-0.02066436
48.39500321	0.00000000	0.00000000	-0.02066329
48.39750320	0.00000000	0.00000000	-0.02066222
48.40000320	0.00000000	0.00000000	-0.02066116
48.40250319	0.00000000	0.00000000	-0.02066009
48.40500319	0.00000000	0.00000000	-0.02065902
48.40750318	0.00000000	0.00000000	-0.02065795
48.41000318	0.00000000	0.00000000	-0.02065689
48.41250317	0.00000000	0.00000000	-0.02065582
48.41500317	0.00000000	0.00000000	-0.02065475
48.41750316	0.00000000	0.00000000	-0.02065369
48.42000316	0.00000000	0.00000000	-0.02065262
48.42250315	0.00000000	0.00000000	-0.02065156
48.42500315	0.00000000	0.00000000	-0.02065049
48.42750314	0.00000000	0.00000000	-0.02064942
48.43000314	0.00000000	0.00000000	-0.02064836
48.43250313	0.00000000	0.00000000	-0.02064729
48.43500313	0.00000000	0.00000000	-0.02064623
48.43750312	0.00000000	0.00000000	-0.02064516
48.44000312	0.00000000	0.00000000	-0.02064409
48.44250311	0.00000000	0.00000000	-0.02064303
48.44500311	0.00000000	0.00000000	-0.02064196
48.44750310	0.00000000	0.00000000	-0.02064090
48.45000310	0.00000000	0.00000000	-0.02063983
48.45250309	0.00000000	0.00000000	-0.02063877
48.45500309	0.00000000	0.00000000	-0.02063770
48.45750308	0.00000000	0.00000000	-0.02063664
48.46000308	0.00000000	0.00000000	-0.02063557
48.46250307	0.00000000	0.00000000	-0.02063451
48.46500307	0.00000000	0.00000000	-0.02063345
48.46750306	0.00000000	0.00000000	-0.02063238
48.47000306	0.00000000	0.00000000	-0.02063132
48.47250305	0.00000000	0.00000000	-0.02063025
48.47500305	0.00000000	0.00000000	-0.02062919
48.47750304	0.00000000	0.00000000	-0.02062813
48.48000304	0.00000000	0.00000000	-0.02062706
48.48250303	0.00000000	0.00000000	-0.02062600
48.48500303	0.00000000	0.00000000	-0.02062493
48.48750302	0.00000000	0.00000000	-0.02062387
48.49000302	0.00000000	0.00000000	-0.02062281
48.49250301	0.00000000	0.00000000	-0.02062174
48.49500301	0.00000000	0.00000000	-0.02062068
48.49750300	0.00000000	0.00000000	-0.02061962
48.50000300	0.00000000	0.00000000	-0.02061856
48.50250299	0.00000000	0.00000000	-0.02061749
48.50500299	0.00000000	0.00000000	-0.02061643
48.50750298	0.00000000	0.00000000	-0.02061537
48.51000298	0.00000000	0.00000000	-0.02061431
48.51250297	0.00000000	0.00000000	-0.02061324
48.51500297	0.00000000	0.00000000	-0.02061218
48.51750296	0.00000000	0.00000000	-0.02061112
48.52000296	0.00000000	0.00000000	-0.02061006
48.52250295	0.00000000	0.00000000	-0.02060899
48.52500295	0.00000000	0.00000000	-0.02060793
48.52750294	0.00000000	0.00000000	-0.02060687
48.53000294	0.00000000	0.00000000	-0.02060581
48.53250293	0.00000000	0.00000000	-0.02060475
48.53500293	0.00000000	0.00000000	-0.02060369
48.53750292	0.00000000	0.00000000	-0.02060263
48.54000292	0.00000000	0.00000000	-0.02060156
48.54250292	0.00000000	0.00000000	-0.02060050
48.54500291	0.00000000	0.00000000	-0.02059944
48.54750290	0.00000000	0.00000000	-0.02059838
48.55000290	0.00000000	0.00000000	-0.02059732
48.55250289	0.00000000	0.00000000	-0.02059626
48.55500289	0.00000000	0.00000000	-0.02059520
48.55750288	0.00000000	0.00000000	-0.02059414
48.56000288	0.00000000	0.00000000	-0.02059308
48.56250287	0.00000000	0.00000000	-0.02059202
48.56500287	0.00000000	0.00000000	-0.02059096
48.56750286	0.00000000	0.00000000	-0.02058990
48.57000286	0.00000000	0.00000000	-0.02058884
48.57250285	0.00000000	0.00000000	-0.02058778
48.57500285	0.00000000	0.00000000	-0.02058672
48.57750284	0.00000000	0.00000000	-0.02058566
48.58000284	0.00000000	0.00000000	-0.02058460
48.58250283	0.00000000	0.00000000	-0.02058354
48.58500283	0.00000000	0.00000000	-0.02058248
48.58750282	0.00000000	0.00000000	-0.02058142
48.59000282	0.00000000	0.00000000	-0.02058037
48.59250281	0.00000000	0.00000000	-0.02057931
48.59500281	0.00000000	0.00000000	-0.02057825
48.59750280	0.00000000	0.00000000	-0.02057719
48.60000280	0.00000000	0.00000000	-0.02057613
48.60250279	0.00000000	0.00000000	-0.02057507
48.60500279	0.00000000	0.00000000	-0.02057401
48.60750278	0.00000000	0.00000000	-0.02057296
48.61000278	0.00000000	0.00000000	-0.02057190
48.61250277	0.00000000	0.00000000	-0.02057084
48.61500277	0.00000000	0.00000000	-0.02056978
48.61750276	0.00000000	0.00000000	-0.02056872
48.62000276	0.00000000	0.00000000	-0.02056767
48.62250275	0.00000000	0.00000000	-0.02056661
48.62500275	0.00000000	0.00000000	-0.02056555
48.62750274	0.00000000	0.00000000	-0.02056449
48.63000274	0.00000000	0.00000000	-0.02056344
48.63250273	0.00000000	0.00000000	-0.02056238
48.63500273	0.00000000	0.00000000	-0.02056132
48.63750272	0.00000000	0.00000000	-0.02056027
48.64000272	0.00000000	0.00000000	-0.02055921
48.64250271	0.00000000	0.00000000	-0.02055815
48.64500271	0.00000000	0.00000000	-0.02055710
48.64750270	0.00000000	0.00000000	-0.02055604
48.65000270	0.00000000	0.00000000	-0.02055498
48.65250269	0.00000000	0.00000000	-0.02055393
48.65500269	0.00000000	0.00000000	-0.02055287
48.65750268	0.00000000	0.00000000	-0.02055182
48.66000268	0.00000000	0.00000000	-0.02055076
48.66250267	0.00000000	0.00000000	-0.02054970
48.66500267	0.00000000	0.00000000	-0.02054865
48.66750266	0.00000000	0.00000000	-0.02054759
48.67000266	0.00000000	0.00000000	-0.02054654
48.67250265	0.00000000	0.00000000	-0.02054548
48.67500265	0.00000000	0.00000000	-0.02054443
48.67750264	0.00000000	0.00000000	-0.02054337
48.68000264	0.00000000	0.00000000	-0.02054232
48.68250263	0.00000000	0.00000000	-0.02054126
48.68500263	0.00000000	0.00000000	-0.02054021
48.68750262	0.00000000	0.00000000	-0.02053915
48.69000262	0.00000000	0.00000000	-0.02053810
48.69250261	0.00000000	0.00000000	-0.02053704
48.69500261	0.00000000	0.00000000	-0.02053599
48.69750260	0.00000000	0.00000000	-0.02053493
48.70000260	0.00000000	0.00000000	-0.02053388
48.70250259	0.00000000	0.00000000	-0.02053283
48.70500259	0.00000000	0.00000000	-0.02053177
48.70750258	0.00000000	0.00000000	-0.02053072
48.71000258	0.00000000	0.00000000	-0.02052966
48.71250257	0.00000000	0.00000000	-0.02052861
48.71500257	0.00000000	0.00000000	-0.02052756
48.71750256	0.00000000	0.00000000	-0.02052650
48.72000256	0.00000000	0.00000000	-0.02052545
48.72250255	0.00000000	0.00000000	-0.02052440
48.72500255	0.00000000	0.00000000	-0.02052334
48.72750254	0.00000000	0.00000000	-0.02052229
48.73000254	0.00000000	0.00000000	-0.02052124
48.73250253	0.00000000	0.00000000	-0.02052019
48.73500253	0.00000000	0.00000000	-0.02051913
48.73750252	0.00000000	0.00000000	-0.02051808
48.74000252	0.00000000	0.00000000	-0.02051703
48.74250251	0.00000000	0.00000000	-0.02051598
48.74500251	0.00000000	0.00000000	-0.02051492
48.74750250	0.00000000	0.00000000	-0.02051387
48.75000250	0.00000000	0.00000000	-0.02051282
48.75250249	0.00000000	0.00000000	-0.02051177
48.75500249	0.00000000	0.00000000	-0.02051072
48.75750248	0.00000000	0.00000000	-0.02050966
48.76000248	0.00000000	0.00000000	-0.02050861
48.76250247	0.00000000	0.00000000	-0.02050756
48.76500247	0.00000000	0.00000000	-0.02050651
48.76750246	0.00000000	0.00000000	-0.02050546
48.77000246	0.00000000	0.00000000	-0.02050441
48.77250245	0.00000000	0.00000000	-0.02050336
48.77500245	0.00000000	0.00000000	-0.02050231
48.77750244	0.00000000	0.00000000	-0.02050125
48.78000244	0.00000000	0.00000000	-0.02050020
48.78250243	0.00000000	0.00000000	-0.02049915
48.78500243	0.00000000	0.00000000	-0.02049810
48.78750242	0.00000000	0.00000000	-0.02049705
48.79000242	0.00000000	0.00000000	-0.02049600
48.79250241	0.00000000	0.00000000	-0.02049495
48.79500241	0.00000000	0.00000000	-0.02049390
48.79750240	0.00000000	0.00000000	-0.02049285
48.80000240	0.00000000	0.00000000	-0.02049180
48.80250239	0.00000000	0.00000000	-0.02049075
48.80500239	0.00000000	0.00000000	-0.02048970
48.80750238	0.00000000	0.00000000	-0.02048865
48.81000238	0.00000000	0.00000000	-0.02048760
48.81250237	0.00000000	0.00000000	-0.02048655
48.81500237	0.00000000	0.00000000	-0.02048551
48.81750236	0.00000000	0.00000000	-0.02048446
48.82000236	0.00000000	0.00000000	-0.02048341
48.82250235	0.00000000	0.00000000	-0.02048236
48.82500235	0.00000000	0.00000000	-0.02048131
48.82750234	0.00000000	0.00000000	-0.02048026
48.83000234	0.00000000	0.00000000	-0.02047921
48.83250233	0.00000000	0.00000000	-0.02047816
48.83500233	0.00000000	0.00000000	-0.02047712
48.83750232	0.00000000	0.00000000	-0.02047607
48.84000232	0.00000000	0.00000000	-0.02047502
48.84250231	0.00000000	0.00000000	-0.02047397
48.84500231	0.00000000	0.00000000	-0.02047292
48.84750230	0.00000000	0.00000000	-0.02047188
48.85000230	0.00000000	0.00000000	-0.02047083
48.85250229	0.00000000	0.00000000	-0.02046978
48.85500229	0.00000000	0.00000000	-0.02046873
48.85750228	0.00000000	0.00000000	-0.02046769
48.86000228	0.00000000	0.00000000	-0.02046664
48.86250227	0.00000000	0.00000000	-0.02046559
48.86500227	0.00000000	0.00000000	-0.02046454
48.86750226	0.00000000	0.00000000	-0.02046350
48.87000226	0.00000000	0.00000000	-0.02046245
48.87250225	0.00000000	0.00000000	-0.02046140
48.87500225	0.00000000	0.00000000	-0.02046036
48.87750224	0.00000000	0.00000000	-0.02045931
48.88000224	0.00000000	0.00000000	-0.02045826
48.88250223	0.00000000	0.00000000	-0.02045722
48.88500223	0.00000000	0.00000000	-0.02045617
48.88750222	0.00000000	0.00000000	-0.02045513
48.89000222	0.00000000	0.00000000	-0.02045408
48.89250221	0.00000000	0.00000000	-0.02045303
48.89500221	0.00000000	0.00000000	-0.02045199
48.89750220	0.00000000	0.00000000	-0.02045094
48.90000220	0.00000000	0.00000000	-0.02044990
48.90250219	0.00000000	0.00000000	-0.02044885
48.90500219	0.00000000	0.00000000	-0.02044781
48.90750218	0.00000000	0.00000000	-0.02044676
48.91000218	0.00000000	0.00000000	-0.02044572
48.91250217	0.00000000	0.00000000	-0.02044467
48.91500217	0.00000000	0.00000000	-0.02044363
48.91750216	0.00000000	0.00000000	-0.02044258
48.92000216	0.00000000	0.00000000	-0.02044154
48.92250215	0.00000000	0.00000000	-0.02044049
48.92500215	0.00000000	0.00000000	-0.02043945
48.92750214	0.00000000	0.00000000	-0.02043840
48.93000214	0.00000000	0.00000000	-0.02043736
48.93250213	0.00000000	0.00000000	-0.02043631
48.93500213	0.00000000	0.00000000	-0.02043527
48.93750212	0.00000000	0.00000000	-0.02043423
48.94000212	0.00000000	0.00000000	-0.02043318
48.94250211	0.00000000	0.00000000	-0.02043214
48.94500211	0.00000000	0.00000000	-0.02043110
48.94750210	0.00000000	0.00000000	-0.02043005
48.95000210	0.00000000	0.00000000	-0.02042901
48.95250209	0.00000000	0.00000000	-0.02042797
48.95500209	0.00000000	0.00000000	-0.02042692
48.95750208	0.00000000	0.00000000	-0.02042588
48.96000208	0.00000000	0.00000000	-0.02042484
48.96250207	0.00000000	0.00000000	-0.02042379
48.96500207	0.00000000	0.00000000	-0.02042275
48.96750206	0.00000000	0.00000000	-0.02042171
48.97000206	0.00000000	0.00000000	-0.02042066
48.97250205	0.00000000	0.00000000	-0.02041962
48.97500205	0.00000000	0.00000000	-0.02041858
48.97750204	0.00000000	0.00000000	-0.02041754
48.98000204	0.00000000	0.00000000	-0.02041650
48.98250203	0.00000000	0.00000000	-0.02041545
48.98500203	0.00000000	0.00000000	-0.02041441
48.98750202	0.00000000	0.00000000	-0.02041337
48.99000202	0.00000000	0.00000000	-0.02041233
48.99250201	0.00000000	0.00000000	-0.02041129
48.99500201	0.00000000	0.00000000	-0.02041025
48.99750200	0.00000000	0.00000000	-0.02040920
49.00000200	0.00000000	0.00000000	-0.02040816
49.00250199	0.00000000	0.00000000	-0.02040712
49.00500199	0.00000000	0.00000000	-0.02040608
49.00750198	0.00000000	0.00000000	-0.02040504
49.01000198	0.00000000	0.00000000	-0.02040400
49.01250197	0.00000000	0.00000000	-0.02040296
49.01500197	0.00000000	0.00000000	-0.02040192
49.01750196	0.00000000	0.00000000	-0.02040088
49.02000196	0.00000000	0.00000000	-0.02039984
49.02250195	0.00000000	0.00000000	-0.02039880
49.02500195	0.00000000	0.00000000	-0.02039776
49.02750194	0.00000000	0.00000000	-0.02039672
49.03000194	0.00000000	0.00000000	-0.02039568
49.03250193	0.00000000	0.00000000	-0.02039464
49.03500193	0.00000000	0.00000000	-0.02039360
49.03750192	0.00000000	0.00000000	-0.02039256
49.04000192	0.00000000	0.00000000	-0.02039152
49.04250191	0.00000000	0.00000000	-0.02039048
49.04500191	0.00000000	0.00000000	-0.02038944
49.04750190	0.00000000	0.00000000	-0.02038840
49.05000190	0.00000000	0.00000000	-0.02038736
49.05250189	0.00000000	0.00000000	-0.02038632
49.05500189	0.00000000	0.00000000	-0.02038528
49.05750188	0.00000000	0.00000000	-0.02038424
49.06000188	0.00000000	0.00000000	-0.02038320
49.06250187	0.00000000	0.00000000	-0.02038216
49.06500187	0.00000000	0.00000000	-0.02038113
49.06750186	0.00000000	0.00000000	-0.02038009
49.07000186	0.00000000	0.00000000	-0.02037905
49.07250185	0.00000000	0.00000000	-0.02037801
49.07500185	0.00000000	0.00000000	-0.02037697
49.07750184	0.00000000	0.00000000	-0.02037594
49.08000184	0.00000000	0.00000000	-0.02037490
49.08250183	0.00000000	0.00000000	-0.02037386
49.08500183	0.00000000	0.00000000	-0.02037282
49.08750182	0.00000000	0.00000000	-0.02037178
49.09000182	0.00000000	0.00000000	-0.02037075
49.09250181	0.00000000	0.00000000	-0.02036971
49.09500181	0.00000000	0.00000000	-0.02036867
49.09750180	0.00000000	0.00000000	-0.02036764
49.10000180	0.00000000	0.00000000	-0.02036660
49.10250179	0.00000000	0.00000000	-0.02036556
49.10500179	0.00000000	0.00000000	-0.02036452
49.10750178	0.00000000	0.00000000	-0.02036349
49.11000178	0.00000000	0.00000000	-0.02036245
49.11250177	0.00000000	0.00000000	-0.02036141
49.11500177	0.00000000	0.00000000	-0.02036038
49.11750176	0.00000000	0.00000000	-0.02035934
49.12000176	0.00000000	0.00000000	-0.02035831
49.12250175	0.00000000	0.00000000	-0.02035727
49.12500175	0.00000000	0.00000000	-0.02035623
49.12750174	0.00000000	0.00000000	-0.02035520
49.13000174	0.00000000	0.00000000	-0.02035416
49.13250173	0.00000000	0.00000000	-0.02035313
49.13500173	0.00000000	0.00000000	-0.02035209
49.13750172	0.00000000	0.00000000	-0.02035105
49.14000172	0.00000000	0.00000000	-0.02035002
49.14250171	0.00000000	0.00000000	-0.02034898
49.14500171	0.00000000	0.00000000	-0.02034795
49.14750170	0.00000000	0.00000000	-0.02034691
49.15000170	0.00000000	0.00000000	-0.02034588
49.15250169	0.00000000	0.00000000	-0.02034484
49.15500169	0.00000000	0.00000000	-0.02034381
49.15750168	0.00000000	0.00000000	-0.02034278
49.16000168	0.00000000	0.00000000	-0.02034174
49.16250167	0.00000000	0.00000000	-0.02034071
49.16500167	0.00000000	0.00000000	-0.02033967
49.16750166	0.00000000	0.00000000	-0.02033864
49.17000166	0.00000000	0.00000000	-0.02033760
49.17250165	0.00000000	0.00000000	-0.02033657
49.17500165	0.00000000	0.00000000	-0.02033554
49.17750164	0.00000000	0.00000000	-0.02033450
49.18000164	0.00000000	0.00000000	-0.02033347
49.18250163	0.00000000	0.00000000	-0.02033243
49.18500163	0.00000000	0.00000000	-0.02033140
49.18750162	0.00000000	0.00000000	-0.02033037
49.19000162	0.00000000	0.00000000	-0.02032933
49.19250161	0.00000000	0.00000000	-0.02032830
49.19500161	0.00000000	0.00000000	-0.02032727
49.19750160	0.00000000	0.00000000	-0.02032624
49.20000160	0.00000000	0.00000000	-0.02032520
49.20250159	0.00000000	0.00000000	-0.02032417
49.20500159	0.00000000	0.00000000	-0.02032314
49.20750158	0.00000000	0.00000000	-0.02032210
49.21000158	0.00000000	0.00000000	-0.02032107
49.21250157	0.00000000	0.00000000	-0.02032004
49.21500157	0.00000000	0.00000000	-0.02031901
49.21750156	0.00000000	0.00000000	-0.02031798
49.22000156	0.00000000	0.00000000	-0.02031694
49.22250155	0.00000000	0.00000000	-0.02031591
49.22500155	0.00000000	0.00000000	-0.02031488
49.22750154	0.00000000	0.00000000	-0.02031385
49.23000154	0.00000000	0.00000000	-0.02031282
49.23250153	0.00000000	0.00000000	-0.02031179
49.23500153	0.00000000	0.00000000	-0.02031075
49.23750152	0.00000000	0.00000000	-0.02030972
49.24000152	0.00000000	0.00000000	-0.02030869
49.24250151	0.00000000	0.00000000	-0.02030766
49.24500151	0.00000000	0.00000000	-0.02030663
49.24750150	0.00000000	0.00000000	-0.02030560
49.25000150	0.00000000	0.00000000	-0.02030457
49.25250149	0.00000000	0.00000000	-0.02030354
49.25500149	0.00000000	0.00000000	-0.02030251
49.25750148	0.00000000	0.00000000	-0.02030148
49.26000148	0.00000000	0.00000000	-0.02030045
49.26250147	0.00000000	0.00000000	-0.02029942
49.26500147	0.00000000	0.00000000	-0.02029839
49.26750146	0.00000000	0.00000000	-0.02029736
49.27000146	0.00000000	0.00000000	-0.02029633
49.27250145	0.00000000	0.00000000	-0.02029530
49.27500145	0.00000000	0.00000000	-0.02029427
49.27750144	0.00000000	0.00000000	-0.02029324
49.28000144	0.00000000	0.00000000	-0.02029221
49.28250143	0.00000000	0.00000000	-0.02029118
49.28500143	0.00000000	0.00000000	-0.02029015
49.28750142	0.00000000	0.00000000	-0.02028912
49.29000142	0.00000000	0.00000000	-0.02028809
49.29250141	0.00000000	0.00000000	-0.02028706
49.29500141	0.00000000	0.00000000	-0.02028603
49.29750140	0.00000000	0.00000000	-0.02028500
49.30000140	0.00000000	0.00000000	-0.02028398
49.30250139	0.00000000	0.00000000	-0.02028295
49.30500139	0.00000000	0.00000000	-0.02028192
49.30750138	0.00000000	0.00000000	-0.02028089
49.31000138	0.00000000	0.00000000	-0.02027986
49.31250137	0.00000000	0.00000000	-0.02027883
49.31500137	0.00000000	0.00000000	-0.02027781
49.31750136	0.00000000	0.00000000	-0.02027678
49.32000136	0.00000000	0.00000000	-0.02027575
49.32250135	0.00000000	0.00000000	-0.02027472
49.32500135	0.00000000	0.00000000	-0.02027369
49.32750134	0.00000000	0.00000000	-0.02027267
49.33000134	0.00000000	0.00000000	-0.02027164
49.33250133	0.00000000	0.00000000	-0.02027061
49.33500133	0.00000000	0.00000000	-0.02026958
49.33750132	0.00000000	0.00000000	-0.02026856
49.34000132	0.00000000	0.00000000	-0.02026753
49.34250131	0.00000000	0.00000000	-0.02026650
49.34500131	0.00000000	0.00000000	-0.02026548
49.34750130	0.00000000	0.00000000	-0.02026445
49.35000130	0.00000000	0.00000000	-0.02026342
49.35250129	0.00000000	0.00000000	-0.02026240
49.35500129	0.00000000	0.00000000	-0.02026137
49.35750128	0.00000000	0.00000000	-0.02026034
49.36000128	0.00000000	0.00000000	-0.02025932
49.36250127	0.00000000	0.00000000	-0.02025829
49.36500127	0.00000000	0.00000000	-0.02025727
49.36750126	0.00000000	0.00000000	-0.02025624
49.37000126	0.00000000	0.00000000	-0.02025522
49.37250125	0.00000000	0.00000000	-0.02025419
49.37500125	0.00000000	0.00000000	-0.02025316
49.37750124	0.00000000	0.00000000	-0.02025214
49.38000124	0.00000000	0.00000000	-0.02025111
49.38250123	0.00000000	0.00000000	-0.02025009
49.38500123	0.00000000	0.00000000	-0.02024906
49.38750122	0.00000000	0.00000000	-0.02024804
49.39000122	0.00000000	0.00000000	-0.02024701
49.39250121	0.00000000	0.00000000	-0.02024599
49.39500121	0.00000000	0.00000000	-0.02024496
49.39750120	0.00000000	0.00000000	-0.02024394
49.40000120	0.00000000	0.00000000	-0.02024291
49.40250119	0.00000000	0.00000000	-0.02024189
49.40500119	0.00000000	0.00000000	-0.02024087
49.40750118	0.00000000	0.00000000	-0.02023984
49.41000118	0.00000000	0.00000000	-0.02023882
49.41250117	0.00000000	0.00000000	-0.02023779
49.41500117	0.00000000	0.00000000	-0.02023677
49.41750116	0.00000000	0.00000000	-0.02023575
49.42000116	0.00000000	0.00000000	-0.02023472
49.42250115	0.00000000	0.00000000	-0.02023370
49.42500115	0.00000000	0.00000000	-0.02023268
49.42750114	0.00000000	0.00000000	-0.02023165
49.43000114	0.00000000	0.00000000	-0.02023063
49.43250113	0.00000000	0.00000000	-0.02022961
49.43500113	0.00000000	0.00000000	-0.02022858
49.43750112	0.00000000	0.00000000	-0.02022756
49.44000112	0.00000000	0.00000000	-0.02022654
49.44250111	0.00000000	0.00000000	-0.02022551
49.44500111	0.00000000	0.00000000	-0.02022449
49.44750110	0.00000000	0.00000000	-0.02022347
49.45000110	0.00000000	0.00000000	-0.02022245
49.45250109	0.00000000	0.00000000	-0.02022142
49.45500109	0.00000000	0.00000000	-0.02022040
49.45750108	0.00000000	0.00000000	-0.02021938
49.46000108	0.00000000	0.00000000	-0.02021836
49.46250107	0.00000000	0.00000000	-0.02021734
49.46500107	0.00000000	0.00000000	-0.02021631
49.46750106	0.00000000	0.00000000	-0.02021529
49.47000106	0.00000000	0.00000000	-0.02021427
49.47250105	0.00000000	0.00000000	-0.02021325
49.47500105	0.00000000	0.00000000	-0.02021223
49.47750104	0.00000000	0.00000000	-0.02021121
49.48000104	0.00000000	0.00000000	-0.02021019
49.48250103	0.00000000	0.00000000	-0.02020916
49.48500103	0.00000000	0.00000000	-0.02020814
49.48750102	0.00000000	0.00000000	-0.02020712
49.49000102	0.00000000	0.00000000	-0.02020610
49.49250101	0.00000000	0.00000000	-0.02020508
49.49500101	0.00000000	0.00000000	-0.02020406
49.49750100	0.00000000	0.00000000	-0.02020304
49.50000100	0.00000000	0.00000000	-0.02020202
49.50250099	0.00000000	0.00000000	-0.02020100
49.50500099	0.00000000	0.00000000	-0.02019998
49.50750098	0.00000000	0.00000000	-0.02019896
49.51000098	0.00000000	0.00000000	-0.02019794
49.51250097	0.00000000	0.00000000	-0.02019692
49.51500097	0.00000000	0.00000000	-0.02019590
49.51750096	0.00000000	0.00000000	-0.02019488
49.52000096	0.00000000	0.00000000	-0.02019386
49.52250095	0.00000000	0.00000000	-0.02019284
49.52500095	0.00000000	0.00000000	-0.02019182
49.52750094	0.00000000	0.00000000	-0.02019080
49.53000094	0.00000000	0.00000000	-0.02018978
49.53250093	0.00000000	0.00000000	-0.02018876
49.53500093	0.00000000	0.00000000	-0.02018775
49.53750092	0.00000000	0.00000000	-0.02018673
49.54000092	0.00000000	0.00000000	-0.02018571
49.54250091	0.00000000	0.00000000	-0.02018469
49.54500091	0.00000000	0.00000000	-0.02018367
49.54750090	0.00000000	0.00000000	-0.02018265
49.55000090	0.00000000	0.00000000	-0.02018163
49.55250089	0.00000000	0.00000000	-0.02018062
49.55500089	0.00000000	0.00000000	-0.02017960
49.55750088	0.00000000	0.00000000	-0.02017858
49.56000088	0.00000000	0.00000000	-0.02017756
49.56250087	0.00000000	0.00000000	-0.02017654
49.56500087	0.00000000	0.00000000	-0.02017553
49.56750086	0.00000000	0.00000000	-0.02017451
49.57000086	0.00000000	0.00000000	-0.02017349
49.57250085	0.00000000	0.00000000	-0.02017247
49.57500085	0.00000000	0.00000000	-0.02017146
49.57750084	0.00000000	0.00000000	-0.02017044
49.58000084	0.00000000	0.00000000	-0.02016942
49.58250083	0.00000000	0.00000000	-0.02016841
49.58500083	0.00000000	0.00000000	-0.02016739
49.58750082	0.00000000	0.00000000	-0.02016637
49.59000082	0.00000000	0.00000000	-0.02016536
49.59250081	0.00000000	0.00000000	-0.02016434
49.59500081	0.00000000	0.00000000	-0.02016332
49.59750080	0.00000000	0.00000000	-0.02016231
49.60000080	0.00000000	0.00000000	-0.02016129
49.60250079	0.00000000	0.00000000	-0.02016027
49.60500079	0.00000000	0.00000000	-0.02015926
49.60750078	0.00000000	0.00000000	-0.02015824
49.61000078	0.00000000	0.00000000	-0.02015723
49.61250077	0.00000000	0.00000000	-0.02015621
49.61500077	0.00000000	0.00000000	-0.02015519
49.61750076	0.00000000	0.00000000	-0.02015418
49.62000076	0.00000000	0.00000000	-0.02015316
49.62250075	0.00000000	0.00000000	-0.02015215
49.62500075	0.00000000	0.00000000	-0.02015113
49.62750074	0.00000000	0.00000000	-0.02015012
49.63000074	0.00000000	0.00000000	-0.02014910
49.63250073	0.00000000	0.00000000	-0.02014809
49.63500073	0.00000000	0.00000000	-0.02014707
49.63750072	0.00000000	0.00000000	-0.02014606
49.64000072	0.00000000	0.00000000	-0.02014504
49.64250071	0.00000000	0.00000000	-0.02014403
49.64500071	0.00000000	0.00000000	-0.02014302
49.64750070	0.00000000	0.00000000	-0.02014200
49.65000070	0.00000000	0.00000000	-0.02014099
49.65250069	0.00000000	0.00000000	-0.02013997
49.65500069	0.00000000	0.00000000	-0.02013896
49.65750068	0.00000000	0.00000000	-0.02013794
49.66000068	0.00000000	0.00000000	-0.02013693
49.66250067	0.00000000	0.00000000	-0.02013592
49.66500067	0.00000000	0.00000000	-0.02013490
49.66750066	0.00000000	0.00000000	-0.02013389
49.67000066	0.00000000	0.00000000	-0.02013288
49.67250065	0.00000000	0.00000000	-0.02013186
49.67500065	0.00000000	0.00000000	-0.02013085
49.67750064	0.00000000	0.00000000	-0.02012984
49.68000064	0.00000000	0.00000000	-0.02012882
49.68250063	0.00000000	0.00000000	-0.02012781
49.68500063	0.00000000	0.00000000	-0.02012680
49.68750062	0.00000000	0.00000000	-0.02012579
49.69000062	0.00000000	0.00000000	-0.02012477
49.69250061	0.00000000	0.00000000	-0.02012376
49.69500061	0.00000000	0.00000000	-0.02012275
49.69750060	0.00000000	0.00000000	-0.02012174
49.70000060	0.00000000	0.00000000	-0.02012072
49.70250059	0.00000000	0.00000000	-0.02011971
49.70500059	0.00000000	0.00000000	-0.02011870
49.70750058	0.00000000	0.00000000	-0.02011769
49.71000058	0.00000000	0.00000000	-0.02011668
49.71250057	0.00000000	0.00000000	-0.02011566
49.71500057	0.00000000	0.00000000	-0.02011465
49.71750056	0.00000000	0.00000000	-0.02011364
49.72000056	0.00000000	0.00000000	-0.02011263
49.72250055	0.00000000	0.00000000	-0.02011162
49.72500055	0.00000000	0.00000000	-0.02011061
49.72750054	0.00000000	0.00000000	-0.02010960
49.73000054	0.00000000	0.00000000	-0.02010859
49.73250053	0.00000000	0.00000000	-0.02010758
49.73500053	0.00000000	0.00000000	-0.02010656
49.73750052	0.00000000	0.00000000	-0.02010555
49.74000052	0.00000000	0.00000000	-0.02010454
49.74250051	0.00000000	0.00000000	-0.02010353
49.74500051	0.00000000	0.00000000	-0.02010252
49.74750050	0.00000000	0.00000000	-0.02010151
49.75000050	0.00000000	0.00000000	-0.02010050
49.75250049	0.00000000	0.00000000	-0.02009949
49.75500049	0.00000000	0.00000000	-0.02009848
49.75750048	0.00000000	0.00000000	-0.02009747
49.76000048	0.00000000	0.00000000	-0.02009646
49.76250047	0.00000000	0.00000000	-0.02009545
49.76500047	0.00000000	0.00000000	-0.02009444
49.76750046	0.00000000	0.00000000	-0.02009343
49.77000046	0.00000000	0.00000000	-0.02009242
49.77250045	0.00000000	0.00000000	-0.02009142
49.77500045	0.00000000	0.00000000	-0.02009041
49.77750044	0.00000000	0.00000000	-0.02008940
49.78000044	0.00000000	0.00000000	-0.02008839
49.78250043	0.00000000	0.00000000	-0.02008738
49.78500043	0.00000000	0.00000000	-0.02008637
49.78750042	0.00000000	0.00000000	-0.02008536
49.79000042	0.00000000	0.00000000	-0.02008435
49.79250041	0.00000000	0.00000000	-0.02008335
49.79500041	0.00000000	0.00000000	-0.02008234
49.79750040	0.00000000	0.00000000	-0.02008133
49.80000040	0.00000000	0.00000000	-0.02008032
49.80250039	0.00000000	0.00000000	-0.02007931
49.80500039	0.00000000	0.00000000	-0.02007831
49.80750038	0.00000000	0.00000000	-0.02007730
49.81000038	0.00000000	0.00000000	-0.02007629
49.81250037	0.00000000	0.00000000	-0.02007528
49.81500037	0.00000000	0.00000000	-0.02007427
49.81750036	0.00000000	0.00000000	-0.02007327
49.82000036	0.00000000	0.00000000	-0.02007226
49.82250035	0.00000000	0.00000000	-0.02007125
49.82500035	0.00000000	0.00000000	-0.02007025
49.82750034	0.00000000	0.00000000	-0.02006924
49.83000034	0.00000000	0.00000000	-0.02006823
49.83250033	0.00000000	0.00000000	-0.02006723
49.83500033	0.00000000	0.00000000	-0.02006622
49.83750032	0.00000000	0.00000000	-0.02006521
49.84000032	0.00000000	0.00000000	-0.02006421
49.84250031	0.00000000	0.00000000	-0.02006320
49.84500031	0.00000000	0.00000000	-0.02006219
49.84750030	0.00000000	0.00000000	-0.02006119
49.85000030	0.00000000	0.00000000	-0.02006018
49.85250029	0.00000000	0.00000000	-0.02005917
49.85500029	0.00000000	0.00000000	-0.02005817
49.85750028	0.00000000	0.00000000	-0.02005716
49.86000028	0.00000000	0.00000000	-0.02005616
49.86250027	0.00000000	0.00000000	-0.02005515
49.86500027	0.00000000	0.00000000	-0.02005415
49.86750026	0.00000000	0.00000000	-0.02005314
49.87000026	0.00000000	0.00000000	-0.02005214
49.87250025	0.00000000	0.00000000	-0.02005113
49.87500025	0.00000000	0.00000000	-0.02005013
49.87750024	0.00000000	0.00000000	-0.02004912
49.88000024	0.00000000	0.00000000	-0.02004812
49.88250023	0.00000000	0.00000000	-0.02004711
49.88500023	0.00000000	0.00000000	-0.02004611
49.88750022	0.00000000	0.00000000	-0.02004510
49.89000022	0.00000000	0.00000000	-0.02004410
49.89250021	0.00000000	0.00000000	-0.02004309
49.89500021	0.00000000	0.00000000	-0.02004209
49.89750020	0.00000000	0.00000000	-0.02004108
49.90000020	0.00000000	0.00000000	-0.02004008
49.90250019	0.00000000	0.00000000	-0.02003908
49.90500019	0.00000000	0.00000000	-0.02003807
49.90750018	0.00000000	0.00000000	-0.02003707
49.91000018	0.00000000	0.00000000	-0.02003606
49.91250017	0.00000000	0.00000000	-0.02003506
49.91500017	0.00000000	0.00000000	-0.02003406
49.91750016	0.00000000	0.00000000	-0.02003305
49.92000016	0.00000000	0.00000000	-0.02003205
49.92250015	0.00000000	0.00000000	-0.02003105
49.92500015	0.00000000	0.00000000	-0.02003005
49.92750014	0.00000000	0.00000000	-0.02002904
49.93000014	0.00000000	0.00000000	-0.02002804
49.93250013	0.00000000	0.00000000	-0.02002704
49.93500013	0.00000000	0.00000000	-0.02002603
49.93750012	0.00000000	0.00000000	-0.02002503
49.94000012	0.00000000	0.00000000	-0.02002403
49.94250011	0.00000000	0.00000000	-0.02002303
49.94500011	0.00000000	0.00000000	-0.02002202
49.94750010	0.00000000	0.00000000	-0.02002102
49.95000010	0.00000000	0.00000000	-0.02002002
49.95250009	0.00000000	0.00000000	-0.02001902
49.95500009	0.00000000	0.00000000	-0.02001802
49.95750008	0.00000000	0.00000000	-0.02001701
49.96000008	0.00000000	0.00000000	-0.02001601
49.96250007	0.00000000	0.00000000	-0.02001501
49.96500007	0.00000000	0.00000000	-0.02001401
49.96750006	0.00000000	0.00000000	-0.02001301
49.97000006	0.00000000	0.00000000	-0.02001201
49.97250005	0.00000000	0.00000000	-0.02001101
49.97500005	0.00000000	0.00000000	-0.02001000
49.97750004	0.00000000	0.00000000	-0.02000900
49.98000004	0.00000000	0.00000000	-0.02000800
49.98250003	0.00000000	0.00000000	-0.02000700
49.98500003	0.00000000	0.00000000	-0.02000600
49.98750002	0.00000000	0.00000000	-0.02000500
49.99000002	0.00000000	0.00000000	-0.02000400
49.99250001	0.00000000	0.00000000	-0.02000300
49.99500001	0.00000000	0.00000000	-0.02000200
49.99750000	0.00000000	0.00000000	-0.02000100
50.00000000	0.00000000	0.00000000	-0.02000000
