# l = 3
# n = 4
# E = -0.03124899
# r	u(r)	R(r)	V(r)
0.00010000	0.00000000	0.00000000	-10000.00000000
0.00259999	0.00000000	0.00000000	-384.61612426
0.00509999	0.00000000	0.00000000	-196.07881584
0.00759998	0.00000000	0.00000000	-131.57920706
0.01009998	0.00000000	0.00000000	-99.01009705
0.01259997	0.00000000	0.00000000	-79.36523684
0.01509997	0.00000000	0.00000000	-66.22529714
0.01759996	0.00000000	0.00000000	-56.81829481
0.02009996	0.00000000	0.00000000	-49.75134279
0.02259995	0.00000000	0.00000000	-44.24787571
0.02509995	0.00000000	0.00000000	-39.84071681
0.02759994	0.00000000	0.00000000	-36.23195626
0.03009994	0.00000000	0.00000001	-33.22265759
0.03259993	0.00000000	0.00000001	-30.67490779
0.03509993	0.00000000	0.00000001	-28.49008531
0.03759992	0.00000000	0.00000001	-26.59579773
0.04009992	0.00000000	0.00000001	-24.93770561
0.04259991	0.00000000	0.00000002	-23.47422524
0.04509991	0.00000000	0.00000002	-22.17299325
0.04759990	0.00000000	0.00000002	-21.00844529
0.05009990	0.00000000	0.00000003	-19.96011968
0.05259989	0.00000000	0.00000003	-19.01144479
0.05509989	0.00000000	0.00000004	-18.14885656
0.05759988	0.00000000	0.00000004	-17.36114577
0.06009988	0.00000000	0.00000005	-16.63896833
0.06259987	0.00000000	0.00000005	-15.97447279
0.06509987	0.00000000	0.00000006	-15.36101378
0.06759986	0.00000000	0.00000007	-14.79292895
0.07009986	0.00000001	0.00000007	-14.26536373
0.07259985	0.00000001	0.00000008	-13.77413219
0.07509985	0.00000001	0.00000009	-13.31560582
0.07759984	0.00000001	0.00000010	-12.88662368
0.08009984	0.00000001	0.00000011	-12.48441944
0.08259983	0.00000001	0.00000012	-12.10656171
0.08509983	0.00000001	0.00000013	-11.75090479
0.08759982	0.00000001	0.00000014	-11.41554792
0.09009982	0.00000001	0.00000016	-11.09880131
0.09259981	0.00000002	0.00000017	-10.79915764
0.09509981	0.00000002	0.00000018	-10.51526812
0.09759980	0.00000002	0.00000020	-10.24592211
0.10009980	0.00000002	0.00000022	-9.99002995
0.10259979	0.00000002	0.00000023	-9.74660817
0.10509979	0.00000003	0.00000025	-9.51476687
0.10759978	0.00000003	0.00000027	-9.29369887
0.11009978	0.00000003	0.00000029	-9.08267028
0.11259977	0.00000003	0.00000031	-8.88101242
0.11509977	0.00000004	0.00000033	-8.68811467
0.11759976	0.00000004	0.00000035	-8.50341835
0.12009976	0.00000004	0.00000037	-8.32641131
0.12259975	0.00000005	0.00000039	-8.15662315
0.12509975	0.00000005	0.00000042	-7.99362109
0.12759974	0.00000006	0.00000044	-7.83700626
0.13009974	0.00000006	0.00000047	-7.68641044
0.13259973	0.00000007	0.00000050	-7.54149320
0.13509973	0.00000007	0.00000052	-7.40193929
0.13759972	0.00000008	0.00000055	-7.26745638
0.14009972	0.00000008	0.00000058	-7.13777301
0.14259971	0.00000009	0.00000062	-7.01263674
0.14509971	0.00000009	0.00000065	-6.89181253
0.14759970	0.00000010	0.00000068	-6.77508129
0.15009970	0.00000011	0.00000072	-6.66223850
0.15259969	0.00000011	0.00000075	-6.55309305
0.15509969	0.00000012	0.00000079	-6.44746614
0.15759968	0.00000013	0.00000083	-6.34519035
0.16009968	0.00000014	0.00000087	-6.24610867
0.16259967	0.00000015	0.00000091	-6.15007379
0.16509967	0.00000016	0.00000095	-6.05694730
0.16759966	0.00000017	0.00000099	-5.96659904
0.17009966	0.00000018	0.00000104	-5.87890652
0.17259965	0.00000019	0.00000108	-5.79375434
0.17509965	0.00000020	0.00000113	-5.71103369
0.17759964	0.00000021	0.00000118	-5.63064189
0.18009964	0.00000022	0.00000123	-5.55248195
0.18259963	0.00000023	0.00000128	-5.47646221
0.18509963	0.00000025	0.00000133	-5.40249594
0.18759962	0.00000026	0.00000139	-5.33050106
0.19009962	0.00000027	0.00000144	-5.26039978
0.19259961	0.00000029	0.00000150	-5.19211837
0.19509961	0.00000030	0.00000156	-5.12558687
0.19759960	0.00000032	0.00000162	-5.06073886
0.20009960	0.00000034	0.00000168	-4.99751124
0.20259959	0.00000035	0.00000174	-4.93584402
0.20509959	0.00000037	0.00000180	-4.87568015
0.20759958	0.00000039	0.00000187	-4.81696531
0.21009958	0.00000041	0.00000194	-4.75964778
0.21259957	0.00000043	0.00000201	-4.70367826
0.21509957	0.00000045	0.00000208	-4.64900976
0.21759956	0.00000047	0.00000215	-4.59559742
0.22009956	0.00000049	0.00000222	-4.54339845
0.22259955	0.00000051	0.00000230	-4.49237196
0.22509955	0.00000053	0.00000237	-4.44247889
0.22759954	0.00000056	0.00000245	-4.39368189
0.23009954	0.00000058	0.00000253	-4.34594524
0.23259953	0.00000061	0.00000261	-4.29923473
0.23509953	0.00000063	0.00000270	-4.25351765
0.23759952	0.00000066	0.00000278	-4.20876262
0.24009952	0.00000069	0.00000287	-4.16493961
0.24259951	0.00000072	0.00000296	-4.12201978
0.24509951	0.00000075	0.00000305	-4.07997552
0.24759950	0.00000078	0.00000314	-4.03878029
0.25009950	0.00000081	0.00000324	-3.99840863
0.25259949	0.00000084	0.00000333	-3.95883610
0.25509949	0.00000087	0.00000343	-3.92003920
0.25759948	0.00000091	0.00000353	-3.88199534
0.26009948	0.00000094	0.00000363	-3.84468281
0.26259947	0.00000098	0.00000373	-3.80808073
0.26509947	0.00000102	0.00000384	-3.77216899
0.26759946	0.00000106	0.00000395	-3.73692825
0.27009946	0.00000110	0.00000405	-3.70233987
0.27259945	0.00000114	0.00000417	-3.66838591
0.27509945	0.00000118	0.00000428	-3.63504907
0.27759944	0.00000122	0.00000439	-3.60231268
0.28009944	0.00000126	0.00000451	-3.57016065
0.28259943	0.00000131	0.00000463	-3.53857749
0.28509943	0.00000135	0.00000475	-3.50754823
0.28759942	0.00000140	0.00000487	-3.47705841
0.29009942	0.00000145	0.00000500	-3.44709410
0.29259941	0.00000150	0.00000513	-3.41764183
0.29509941	0.00000155	0.00000526	-3.38868858
0.29759940	0.00000160	0.00000539	-3.36022177
0.30009940	0.00000166	0.00000552	-3.33222925
0.30259939	0.00000171	0.00000566	-3.30469927
0.30509939	0.00000177	0.00000579	-3.27762045
0.30759938	0.00000183	0.00000593	-3.25098179
0.31009938	0.00000188	0.00000608	-3.22477265
0.31259937	0.00000194	0.00000622	-3.19898272
0.31509937	0.00000201	0.00000637	-3.17360203
0.31759936	0.00000207	0.00000651	-3.14862090
0.32009936	0.00000213	0.00000667	-3.12402999
0.32259935	0.00000220	0.00000682	-3.09982021
0.32509935	0.00000227	0.00000697	-3.07598277
0.32759934	0.00000234	0.00000713	-3.05250916
0.33009934	0.00000241	0.00000729	-3.02939109
0.33259933	0.00000248	0.00000745	-3.00662056
0.33509933	0.00000255	0.00000762	-2.98418979
0.33759932	0.00000263	0.00000779	-2.96209123
0.34009932	0.00000271	0.00000795	-2.94031755
0.34259931	0.00000278	0.00000813	-2.91886164
0.34509931	0.00000286	0.00000830	-2.89771660
0.34759930	0.00000295	0.00000848	-2.87687572
0.35009930	0.00000303	0.00000866	-2.85633247
0.35259929	0.00000312	0.00000884	-2.83608054
0.35509929	0.00000320	0.00000902	-2.81611377
0.35759928	0.00000329	0.00000921	-2.79642617
0.36009928	0.00000338	0.00000939	-2.77701194
0.36259927	0.00000348	0.00000959	-2.75786541
0.36509927	0.00000357	0.00000978	-2.73898110
0.36759926	0.00000367	0.00000998	-2.72035364
0.37009926	0.00000377	0.00001017	-2.70197784
0.37259925	0.00000387	0.00001038	-2.68384863
0.37509925	0.00000397	0.00001058	-2.66596108
0.37759924	0.00000407	0.00001079	-2.64831038
0.38009924	0.00000418	0.00001099	-2.63089187
0.38259923	0.00000429	0.00001121	-2.61370099
0.38509923	0.00000440	0.00001142	-2.59673331
0.38759922	0.00000451	0.00001164	-2.57998452
0.39009922	0.00000462	0.00001185	-2.56345040
0.39259921	0.00000474	0.00001208	-2.54712685
0.39509921	0.00000486	0.00001230	-2.53100987
0.39759920	0.00000498	0.00001253	-2.51509557
0.40009920	0.00000510	0.00001276	-2.49938015
0.40259919	0.00000523	0.00001299	-2.48385991
0.40509919	0.00000536	0.00001323	-2.46853123
0.40759918	0.00000549	0.00001346	-2.45339058
0.41009918	0.00000562	0.00001370	-2.43843453
0.41259917	0.00000575	0.00001395	-2.42365972
0.41509917	0.00000589	0.00001419	-2.40906288
0.41759916	0.00000603	0.00001444	-2.39464080
0.42009916	0.00000617	0.00001470	-2.38039038
0.42259915	0.00000632	0.00001495	-2.36630856
0.42509915	0.00000646	0.00001521	-2.35239238
0.42759914	0.00000661	0.00001547	-2.33863891
0.43009914	0.00000677	0.00001573	-2.32504534
0.43259913	0.00000692	0.00001600	-2.31160888
0.43509913	0.00000708	0.00001626	-2.29832682
0.43759912	0.00000724	0.00001654	-2.28519653
0.44009912	0.00000740	0.00001681	-2.27221540
0.44259911	0.00000756	0.00001709	-2.25938093
0.44509911	0.00000773	0.00001737	-2.24669063
0.44759910	0.00000790	0.00001765	-2.23414209
0.45009910	0.00000807	0.00001794	-2.22173295
0.45259909	0.00000825	0.00001823	-2.20946089
0.45509909	0.00000843	0.00001852	-2.19732366
0.45759908	0.00000861	0.00001881	-2.18531905
0.46009908	0.00000879	0.00001911	-2.17344490
0.46259907	0.00000898	0.00001941	-2.16169909
0.46509907	0.00000917	0.00001972	-2.15007955
0.46759906	0.00000936	0.00002003	-2.13858426
0.47009906	0.00000956	0.00002034	-2.12721123
0.47259905	0.00000976	0.00002065	-2.11595853
0.47509905	0.00000996	0.00002097	-2.10482425
0.47759904	0.00001017	0.00002128	-2.09380653
0.48009904	0.00001037	0.00002161	-2.08290356
0.48259903	0.00001058	0.00002193	-2.07211355
0.48509903	0.00001080	0.00002226	-2.06143475
0.48759902	0.00001102	0.00002259	-2.05086546
0.49009902	0.00001124	0.00002293	-2.04040400
0.49259901	0.00001146	0.00002327	-2.03004872
0.49509901	0.00001169	0.00002361	-2.01979802
0.49759900	0.00001192	0.00002395	-2.00965032
0.50009900	0.00001215	0.00002430	-1.99960408
0.50259899	0.00001239	0.00002465	-1.98965778
0.50509899	0.00001263	0.00002500	-1.97980994
0.50759898	0.00001287	0.00002536	-1.97005910
0.51009898	0.00001312	0.00002572	-1.96040384
0.51259897	0.00001337	0.00002609	-1.95084276
0.51509897	0.00001363	0.00002645	-1.94137449
0.51759896	0.00001388	0.00002682	-1.93199768
0.52009896	0.00001414	0.00002720	-1.92271102
0.52259895	0.00001441	0.00002757	-1.91351320
0.52509895	0.00001468	0.00002795	-1.90440297
0.52759894	0.00001495	0.00002834	-1.89537907
0.53009894	0.00001523	0.00002872	-1.88644029
0.53259893	0.00001551	0.00002911	-1.87758543
0.53509893	0.00001579	0.00002951	-1.86881331
0.53759892	0.00001608	0.00002990	-1.86012277
0.54009892	0.00001637	0.00003030	-1.85151268
0.54259891	0.00001666	0.00003071	-1.84298194
0.54509891	0.00001696	0.00003111	-1.83452944
0.54759890	0.00001726	0.00003153	-1.82615413
0.55009890	0.00001757	0.00003194	-1.81785493
0.55259889	0.00001788	0.00003236	-1.80963084
0.55509889	0.00001819	0.00003278	-1.80148081
0.55759888	0.00001851	0.00003320	-1.79340387
0.56009888	0.00001884	0.00003363	-1.78539904
0.56259887	0.00001916	0.00003406	-1.77746534
0.56509887	0.00001949	0.00003449	-1.76960184
0.56759886	0.00001983	0.00003493	-1.76180761
0.57009886	0.00002017	0.00003537	-1.75408174
0.57259885	0.00002051	0.00003582	-1.74642333
0.57509885	0.00002086	0.00003627	-1.73883151
0.57759884	0.00002121	0.00003672	-1.73130540
0.58009884	0.00002157	0.00003717	-1.72384416
0.58259883	0.00002193	0.00003763	-1.71644696
0.58509883	0.00002229	0.00003810	-1.70911297
0.58759882	0.00002266	0.00003856	-1.70184139
0.59009882	0.00002303	0.00003903	-1.69463142
0.59259881	0.00002341	0.00003951	-1.68748228
0.59509881	0.00002379	0.00003998	-1.68039321
0.59759880	0.00002418	0.00004046	-1.67336345
0.60009880	0.00002457	0.00004095	-1.66639227
0.60259879	0.00002497	0.00004144	-1.65947892
0.60509879	0.00002537	0.00004193	-1.65262271
0.60759878	0.00002578	0.00004242	-1.64582291
0.61009878	0.00002619	0.00004292	-1.63907884
0.61259877	0.00002660	0.00004343	-1.63238981
0.61509877	0.00002702	0.00004393	-1.62575516
0.61759876	0.00002745	0.00004444	-1.61917422
0.62009876	0.00002788	0.00004496	-1.61264635
0.62259875	0.00002831	0.00004547	-1.60617090
0.62509875	0.00002875	0.00004599	-1.59974724
0.62759874	0.00002920	0.00004652	-1.59337476
0.63009874	0.00002964	0.00004705	-1.58705285
0.63259873	0.00003010	0.00004758	-1.58078090
0.63509873	0.00003056	0.00004812	-1.57455834
0.63759872	0.00003102	0.00004866	-1.56838457
0.64009872	0.00003149	0.00004920	-1.56225902
0.64259871	0.00003197	0.00004975	-1.55618114
0.64509871	0.00003245	0.00005030	-1.55015036
0.64759870	0.00003293	0.00005085	-1.54416615
0.65009870	0.00003342	0.00005141	-1.53822796
0.65259869	0.00003392	0.00005198	-1.53233527
0.65509869	0.00003442	0.00005254	-1.52648756
0.65759868	0.00003493	0.00005311	-1.52068431
0.66009868	0.00003544	0.00005369	-1.51492501
0.66259867	0.00003596	0.00005427	-1.50920918
0.66509867	0.00003648	0.00005485	-1.50353631
0.66759866	0.00003701	0.00005544	-1.49790593
0.67009866	0.00003754	0.00005603	-1.49231756
0.67259865	0.00003808	0.00005662	-1.48677074
0.67509865	0.00003863	0.00005722	-1.48126500
0.67759864	0.00003918	0.00005782	-1.47579988
0.68009864	0.00003974	0.00005843	-1.47037494
0.68259863	0.00004030	0.00005904	-1.46498974
0.68509863	0.00004087	0.00005965	-1.45964385
0.68759862	0.00004144	0.00006027	-1.45433682
0.69009862	0.00004202	0.00006089	-1.44906825
0.69259861	0.00004260	0.00006151	-1.44383771
0.69509861	0.00004320	0.00006214	-1.43864480
0.69759860	0.00004379	0.00006278	-1.43348911
0.70009860	0.00004440	0.00006342	-1.42837023
0.70259859	0.00004501	0.00006406	-1.42328779
0.70509859	0.00004562	0.00006470	-1.41824138
0.70759858	0.00004624	0.00006535	-1.41323064
0.71009858	0.00004687	0.00006601	-1.40825517
0.71259857	0.00004750	0.00006666	-1.40331462
0.71509857	0.00004814	0.00006733	-1.39840861
0.71759856	0.00004879	0.00006799	-1.39353679
0.72009856	0.00004944	0.00006866	-1.38869879
0.72259855	0.00005010	0.00006934	-1.38389427
0.72509855	0.00005077	0.00007002	-1.37912288
0.72759854	0.00005144	0.00007070	-1.37438428
0.73009854	0.00005212	0.00007138	-1.36967813
0.73259853	0.00005280	0.00007207	-1.36500409
0.73509853	0.00005349	0.00007277	-1.36036186
0.73759852	0.00005419	0.00007347	-1.35575108
0.74009852	0.00005489	0.00007417	-1.35117146
0.74259851	0.00005561	0.00007488	-1.34662268
0.74509851	0.00005632	0.00007559	-1.34210442
0.74759850	0.00005705	0.00007631	-1.33761637
0.75009850	0.00005778	0.00007703	-1.33315825
0.75259849	0.00005852	0.00007775	-1.32872974
0.75509849	0.00005926	0.00007848	-1.32433055
0.75759848	0.00006001	0.00007921	-1.31996040
0.76009848	0.00006077	0.00007995	-1.31561900
0.76259847	0.00006153	0.00008069	-1.31130606
0.76509847	0.00006231	0.00008143	-1.30702130
0.76759846	0.00006308	0.00008218	-1.30276446
0.77009846	0.00006387	0.00008294	-1.29853525
0.77259845	0.00006466	0.00008370	-1.29433342
0.77509845	0.00006546	0.00008446	-1.29015869
0.77759844	0.00006627	0.00008522	-1.28601080
0.78009844	0.00006709	0.00008600	-1.28188950
0.78259843	0.00006791	0.00008677	-1.27779453
0.78509843	0.00006874	0.00008755	-1.27372564
0.78759842	0.00006957	0.00008833	-1.26968258
0.79009842	0.00007042	0.00008912	-1.26566511
0.79259841	0.00007127	0.00008991	-1.26167297
0.79509841	0.00007212	0.00009071	-1.25770595
0.79759840	0.00007299	0.00009151	-1.25376379
0.80009840	0.00007386	0.00009232	-1.24984627
0.80259839	0.00007474	0.00009313	-1.24595315
0.80509839	0.00007563	0.00009394	-1.24208421
0.80759838	0.00007653	0.00009476	-1.23823923
0.81009838	0.00007743	0.00009558	-1.23441797
0.81259837	0.00007834	0.00009641	-1.23062023
0.81509837	0.00007926	0.00009724	-1.22684579
0.81759836	0.00008019	0.00009808	-1.22309442
0.82009836	0.00008112	0.00009892	-1.21936593
0.82259835	0.00008207	0.00009976	-1.21566010
0.82509835	0.00008302	0.00010061	-1.21197673
0.82759834	0.00008398	0.00010147	-1.20831561
0.83009834	0.00008494	0.00010233	-1.20467654
0.83259833	0.00008592	0.00010319	-1.20105933
0.83509833	0.00008690	0.00010406	-1.19746378
0.83759832	0.00008789	0.00010493	-1.19388968
0.84009832	0.00008889	0.00010580	-1.19033686
0.84259831	0.00008989	0.00010669	-1.18680513
0.84509831	0.00009091	0.00010757	-1.18329428
0.84759830	0.00009193	0.00010846	-1.17980415
0.85009830	0.00009296	0.00010935	-1.17633455
0.85259829	0.00009400	0.00011025	-1.17288529
0.85509829	0.00009505	0.00011116	-1.16945620
0.85759828	0.00009611	0.00011206	-1.16604711
0.86009828	0.00009717	0.00011298	-1.16265783
0.86259827	0.00009824	0.00011389	-1.15928820
0.86509827	0.00009933	0.00011481	-1.15593804
0.86759826	0.00010042	0.00011574	-1.15260719
0.87009826	0.00010152	0.00011667	-1.14929548
0.87259825	0.00010262	0.00011761	-1.14600275
0.87509825	0.00010374	0.00011855	-1.14272883
0.87759824	0.00010486	0.00011949	-1.13947356
0.88009824	0.00010600	0.00012044	-1.13623679
0.88259823	0.00010714	0.00012139	-1.13301835
0.88509823	0.00010829	0.00012235	-1.12981810
0.88759822	0.00010945	0.00012331	-1.12663587
0.89009822	0.00011062	0.00012428	-1.12347152
0.89259821	0.00011180	0.00012525	-1.12032489
0.89509821	0.00011299	0.00012623	-1.11719584
0.89759820	0.00011418	0.00012721	-1.11408422
0.90009820	0.00011539	0.00012819	-1.11098989
0.90259819	0.00011660	0.00012918	-1.10791270
0.90509819	0.00011783	0.00013018	-1.10485250
0.90759818	0.00011906	0.00013118	-1.10180917
0.91009818	0.00012030	0.00013218	-1.09878255
0.91259817	0.00012155	0.00013319	-1.09577252
0.91509817	0.00012281	0.00013421	-1.09277893
0.91759816	0.00012408	0.00013523	-1.08980166
0.92009816	0.00012536	0.00013625	-1.08684056
0.92259815	0.00012665	0.00013728	-1.08389551
0.92509815	0.00012795	0.00013831	-1.08096638
0.92759814	0.00012926	0.00013935	-1.07805304
0.93009814	0.00013057	0.00014039	-1.07515536
0.93259813	0.00013190	0.00014143	-1.07227321
0.93509813	0.00013324	0.00014249	-1.06940648
0.93759812	0.00013458	0.00014354	-1.06655503
0.94009812	0.00013594	0.00014460	-1.06371875
0.94259811	0.00013731	0.00014567	-1.06089752
0.94509811	0.00013868	0.00014674	-1.05809121
0.94759810	0.00014007	0.00014781	-1.05529970
0.95009810	0.00014146	0.00014889	-1.05252289
0.95259809	0.00014287	0.00014998	-1.04976065
0.95509809	0.00014428	0.00015107	-1.04701288
0.95759808	0.00014571	0.00015216	-1.04427945
0.96009808	0.00014715	0.00015326	-1.04156025
0.96259807	0.00014859	0.00015437	-1.03885518
0.96509807	0.00015005	0.00015547	-1.03616413
0.96759806	0.00015151	0.00015659	-1.03348698
0.97009806	0.00015299	0.00015771	-1.03082363
0.97259805	0.00015448	0.00015883	-1.02817397
0.97509805	0.00015597	0.00015996	-1.02553789
0.97759804	0.00015748	0.00016109	-1.02291530
0.98009804	0.00015900	0.00016223	-1.02030609
0.98259803	0.00016053	0.00016337	-1.01771016
0.98509803	0.00016206	0.00016452	-1.01512740
0.98759802	0.00016361	0.00016567	-1.01255772
0.99009802	0.00016517	0.00016683	-1.01000101
0.99259801	0.00016674	0.00016799	-1.00745718
0.99509801	0.00016833	0.00016915	-1.00492614
0.99759800	0.00016992	0.00017033	-1.00240778
1.00009800	0.00017152	0.00017150	-0.99990201
1.00259799	0.00017313	0.00017268	-0.99740874
1.00509799	0.00017476	0.00017387	-0.99492787
1.00759798	0.00017639	0.00017506	-0.99245931
1.01009798	0.00017804	0.00017626	-0.99000297
1.01259797	0.00017969	0.00017746	-0.98755876
1.01509797	0.00018136	0.00017866	-0.98512659
1.01759796	0.00018304	0.00017988	-0.98270637
1.02009796	0.00018473	0.00018109	-0.98029801
1.02259795	0.00018643	0.00018231	-0.97790143
1.02509795	0.00018814	0.00018354	-0.97551653
1.02759794	0.00018987	0.00018477	-0.97314325
1.03009794	0.00019160	0.00018600	-0.97078148
1.03259793	0.00019335	0.00018724	-0.96843114
1.03509793	0.00019510	0.00018849	-0.96609216
1.03759792	0.00019687	0.00018974	-0.96376446
1.04009792	0.00019865	0.00019100	-0.96144794
1.04259791	0.00020045	0.00019226	-0.95914253
1.04509791	0.00020225	0.00019352	-0.95684815
1.04759790	0.00020406	0.00019479	-0.95456472
1.05009790	0.00020589	0.00019607	-0.95229216
1.05259789	0.00020773	0.00019735	-0.95003040
1.05509789	0.00020958	0.00019863	-0.94777936
1.05759788	0.00021144	0.00019992	-0.94553896
1.06009788	0.00021331	0.00020122	-0.94330912
1.06259787	0.00021520	0.00020252	-0.94108978
1.06509787	0.00021709	0.00020382	-0.93888086
1.06759786	0.00021900	0.00020513	-0.93668228
1.07009786	0.00022092	0.00020645	-0.93449397
1.07259785	0.00022285	0.00020777	-0.93231587
1.07509785	0.00022480	0.00020909	-0.93014789
1.07759784	0.00022675	0.00021043	-0.92798998
1.08009784	0.00022872	0.00021176	-0.92584205
1.08259783	0.00023070	0.00021310	-0.92370405
1.08509783	0.00023270	0.00021445	-0.92157589
1.08759782	0.00023470	0.00021580	-0.91945752
1.09009782	0.00023672	0.00021715	-0.91734887
1.09259781	0.00023875	0.00021851	-0.91524986
1.09509781	0.00024079	0.00021988	-0.91316044
1.09759780	0.00024285	0.00022125	-0.91108054
1.10009780	0.00024491	0.00022263	-0.90901009
1.10259779	0.00024699	0.00022401	-0.90694903
1.10509779	0.00024908	0.00022540	-0.90489729
1.10759778	0.00025119	0.00022679	-0.90285482
1.11009778	0.00025331	0.00022818	-0.90082155
1.11259777	0.00025544	0.00022958	-0.89879741
1.11509777	0.00025758	0.00023099	-0.89678235
1.11759776	0.00025973	0.00023240	-0.89477631
1.12009776	0.00026190	0.00023382	-0.89277922
1.12259775	0.00026408	0.00023524	-0.89079102
1.12509775	0.00026628	0.00023667	-0.88881166
1.12759774	0.00026848	0.00023810	-0.88684108
1.13009774	0.00027070	0.00023954	-0.88487921
1.13259773	0.00027294	0.00024098	-0.88292601
1.13509773	0.00027518	0.00024243	-0.88098141
1.13759772	0.00027744	0.00024388	-0.87904536
1.14009772	0.00027971	0.00024534	-0.87711780
1.14259771	0.00028200	0.00024680	-0.87519867
1.14509771	0.00028430	0.00024827	-0.87328792
1.14759770	0.00028661	0.00024975	-0.87138550
1.15009770	0.00028893	0.00025122	-0.86949135
1.15259769	0.00029127	0.00025271	-0.86760541
1.15509769	0.00029362	0.00025420	-0.86572764
1.15759768	0.00029599	0.00025569	-0.86385798
1.16009768	0.00029837	0.00025719	-0.86199638
1.16259767	0.00030076	0.00025869	-0.86014278
1.16509767	0.00030316	0.00026020	-0.85829714
1.16759766	0.00030558	0.00026172	-0.85645940
1.17009766	0.00030802	0.00026324	-0.85462952
1.17259765	0.00031046	0.00026477	-0.85280744
1.17509765	0.00031292	0.00026630	-0.85099311
1.17759764	0.00031540	0.00026783	-0.84918648
1.18009764	0.00031789	0.00026937	-0.84738751
1.18259763	0.00032039	0.00027092	-0.84559614
1.18509763	0.00032290	0.00027247	-0.84381234
1.18759762	0.00032543	0.00027403	-0.84203604
1.19009762	0.00032798	0.00027559	-0.84026720
1.19259761	0.00033054	0.00027716	-0.83850579
1.19509761	0.00033311	0.00027873	-0.83675174
1.19759760	0.00033569	0.00028031	-0.83500501
1.20009760	0.00033829	0.00028189	-0.83326556
1.20259759	0.00034091	0.00028348	-0.83153334
1.20509759	0.00034354	0.00028507	-0.82980831
1.20759758	0.00034618	0.00028667	-0.82809043
1.21009758	0.00034884	0.00028827	-0.82637964
1.21259757	0.00035151	0.00028988	-0.82467590
1.21509757	0.00035420	0.00029150	-0.82297918
1.21759756	0.00035690	0.00029312	-0.82128942
1.22009756	0.00035961	0.00029474	-0.81960659
1.22259755	0.00036234	0.00029637	-0.81793064
1.22509755	0.00036509	0.00029801	-0.81626153
1.22759754	0.00036785	0.00029965	-0.81459922
1.23009754	0.00037062	0.00030129	-0.81294366
1.23259753	0.00037341	0.00030294	-0.81129482
1.23509753	0.00037621	0.00030460	-0.80965266
1.23759752	0.00037903	0.00030626	-0.80801713
1.24009752	0.00038186	0.00030793	-0.80638819
1.24259751	0.00038471	0.00030960	-0.80476581
1.24509751	0.00038757	0.00031128	-0.80314995
1.24759750	0.00039045	0.00031296	-0.80154056
1.25009750	0.00039335	0.00031465	-0.79993760
1.25259749	0.00039625	0.00031635	-0.79834105
1.25509749	0.00039918	0.00031805	-0.79675086
1.25759748	0.00040212	0.00031975	-0.79516698
1.26009748	0.00040507	0.00032146	-0.79358940
1.26259747	0.00040804	0.00032317	-0.79201806
1.26509747	0.00041102	0.00032489	-0.79045293
1.26759746	0.00041402	0.00032662	-0.78889397
1.27009746	0.00041704	0.00032835	-0.78734115
1.27259745	0.00042007	0.00033009	-0.78579444
1.27509745	0.00042312	0.00033183	-0.78425378
1.27759744	0.00042618	0.00033358	-0.78271916
1.28009744	0.00042925	0.00033533	-0.78119053
1.28259743	0.00043235	0.00033709	-0.77966786
1.28509743	0.00043546	0.00033885	-0.77815112
1.28759742	0.00043858	0.00034062	-0.77664026
1.29009742	0.00044172	0.00034239	-0.77513526
1.29259741	0.00044488	0.00034417	-0.77363608
1.29509741	0.00044805	0.00034596	-0.77214269
1.29759740	0.00045123	0.00034775	-0.77065506
1.30009740	0.00045444	0.00034954	-0.76917314
1.30259739	0.00045766	0.00035134	-0.76769691
1.30509739	0.00046089	0.00035315	-0.76622634
1.30759738	0.00046414	0.00035496	-0.76476139
1.31009738	0.00046741	0.00035678	-0.76330204
1.31259737	0.00047069	0.00035860	-0.76184824
1.31509737	0.00047399	0.00036043	-0.76039997
1.31759736	0.00047731	0.00036226	-0.75895719
1.32009736	0.00048064	0.00036410	-0.75751988
1.32259735	0.00048399	0.00036594	-0.75608801
1.32509735	0.00048736	0.00036779	-0.75466153
1.32759734	0.00049074	0.00036964	-0.75324043
1.33009734	0.00049414	0.00037150	-0.75182467
1.33259733	0.00049755	0.00037337	-0.75041423
1.33509733	0.00050098	0.00037524	-0.74900906
1.33759732	0.00050443	0.00037712	-0.74760915
1.34009732	0.00050789	0.00037900	-0.74621446
1.34259731	0.00051137	0.00038088	-0.74482497
1.34509731	0.00051487	0.00038278	-0.74344064
1.34759730	0.00051839	0.00038467	-0.74206144
1.35009730	0.00052192	0.00038658	-0.74068736
1.35259729	0.00052547	0.00038849	-0.73931835
1.35509729	0.00052903	0.00039040	-0.73795439
1.35759728	0.00053261	0.00039232	-0.73659546
1.36009728	0.00053621	0.00039424	-0.73524153
1.36259727	0.00053983	0.00039618	-0.73389256
1.36509727	0.00054346	0.00039811	-0.73254853
1.36759726	0.00054711	0.00040005	-0.73120942
1.37009726	0.00055078	0.00040200	-0.72987519
1.37259725	0.00055446	0.00040395	-0.72854583
1.37509725	0.00055816	0.00040591	-0.72722129
1.37759724	0.00056188	0.00040787	-0.72590157
1.38009724	0.00056562	0.00040984	-0.72458662
1.38259723	0.00056937	0.00041181	-0.72327644
1.38509723	0.00057314	0.00041379	-0.72197098
1.38759722	0.00057693	0.00041578	-0.72067022
1.39009722	0.00058074	0.00041777	-0.71937415
1.39259721	0.00058456	0.00041976	-0.71808272
1.39509721	0.00058840	0.00042176	-0.71679593
1.39759720	0.00059226	0.00042377	-0.71551374
1.40009720	0.00059614	0.00042578	-0.71423613
1.40259719	0.00060003	0.00042780	-0.71296307
1.40509719	0.00060394	0.00042982	-0.71169454
1.40759718	0.00060787	0.00043185	-0.71043052
1.41009718	0.00061182	0.00043388	-0.70917098
1.41259717	0.00061579	0.00043592	-0.70791590
1.41509717	0.00061977	0.00043797	-0.70666525
1.41759716	0.00062377	0.00044002	-0.70541902
1.42009716	0.00062779	0.00044207	-0.70417717
1.42259715	0.00063183	0.00044414	-0.70293969
1.42509715	0.00063588	0.00044620	-0.70170655
1.42759714	0.00063996	0.00044827	-0.70047772
1.43009714	0.00064405	0.00045035	-0.69925320
1.43259713	0.00064816	0.00045244	-0.69803295
1.43509713	0.00065229	0.00045452	-0.69681695
1.43759712	0.00065643	0.00045662	-0.69560518
1.44009712	0.00066060	0.00045872	-0.69439761
1.44259711	0.00066478	0.00046082	-0.69319423
1.44509711	0.00066898	0.00046293	-0.69199502
1.44759710	0.00067320	0.00046505	-0.69079994
1.45009710	0.00067744	0.00046717	-0.68960899
1.45259709	0.00068170	0.00046930	-0.68842214
1.45509709	0.00068598	0.00047143	-0.68723936
1.45759708	0.00069027	0.00047357	-0.68606065
1.46009708	0.00069459	0.00047571	-0.68488597
1.46259707	0.00069892	0.00047786	-0.68371530
1.46509707	0.00070327	0.00048002	-0.68254863
1.46759706	0.00070764	0.00048218	-0.68138594
1.47009706	0.00071203	0.00048434	-0.68022720
1.47259705	0.00071644	0.00048651	-0.67907239
1.47509705	0.00072086	0.00048869	-0.67792150
1.47759704	0.00072531	0.00049087	-0.67677450
1.48009704	0.00072977	0.00049306	-0.67563138
1.48259703	0.00073426	0.00049525	-0.67449211
1.48509703	0.00073876	0.00049745	-0.67335668
1.48759702	0.00074328	0.00049965	-0.67222506
1.49009702	0.00074782	0.00050186	-0.67109724
1.49259701	0.00075239	0.00050408	-0.66997320
1.49509701	0.00075697	0.00050630	-0.66885292
1.49759700	0.00076157	0.00050852	-0.66773638
1.50009700	0.00076618	0.00051076	-0.66662356
1.50259699	0.00077082	0.00051299	-0.66551444
1.50509699	0.00077548	0.00051524	-0.66440901
1.50759698	0.00078016	0.00051748	-0.66330724
1.51009698	0.00078486	0.00051974	-0.66220913
1.51259697	0.00078957	0.00052200	-0.66111464
1.51509697	0.00079431	0.00052426	-0.66002376
1.51759696	0.00079906	0.00052653	-0.65893648
1.52009696	0.00080384	0.00052881	-0.65785277
1.52259695	0.00080864	0.00053109	-0.65677263
1.52509695	0.00081345	0.00053338	-0.65569602
1.52759694	0.00081829	0.00053567	-0.65462294
1.53009694	0.00082314	0.00053797	-0.65355336
1.53259693	0.00082802	0.00054027	-0.65248728
1.53509693	0.00083291	0.00054258	-0.65142466
1.53759692	0.00083783	0.00054489	-0.65036550
1.54009692	0.00084276	0.00054721	-0.64930978
1.54259691	0.00084772	0.00054954	-0.64825749
1.54509691	0.00085269	0.00055187	-0.64720859
1.54759690	0.00085769	0.00055421	-0.64616309
1.55009690	0.00086271	0.00055655	-0.64512096
1.55259689	0.00086774	0.00055890	-0.64408218
1.55509689	0.00087280	0.00056125	-0.64304675
1.55759688	0.00087788	0.00056361	-0.64201464
1.56009688	0.00088297	0.00056597	-0.64098583
1.56259687	0.00088809	0.00056834	-0.63996032
1.56509687	0.00089323	0.00057072	-0.63893809
1.56759686	0.00089839	0.00057310	-0.63791911
1.57009686	0.00090357	0.00057549	-0.63690338
1.57259685	0.00090877	0.00057788	-0.63589088
1.57509685	0.00091399	0.00058028	-0.63488159
1.57759684	0.00091923	0.00058268	-0.63387551
1.58009684	0.00092450	0.00058509	-0.63287260
1.58259683	0.00092978	0.00058750	-0.63187287
1.58509683	0.00093508	0.00058992	-0.63087629
1.58759682	0.00094041	0.00059235	-0.62988284
1.59009682	0.00094575	0.00059478	-0.62889252
1.59259681	0.00095112	0.00059721	-0.62790531
1.59509681	0.00095651	0.00059966	-0.62692120
1.59759680	0.00096192	0.00060210	-0.62594016
1.60009680	0.00096735	0.00060456	-0.62496219
1.60259679	0.00097280	0.00060702	-0.62398727
1.60509679	0.00097827	0.00060948	-0.62301539
1.60759678	0.00098377	0.00061195	-0.62204653
1.61009678	0.00098928	0.00061442	-0.62108068
1.61259677	0.00099482	0.00061691	-0.62011782
1.61509677	0.00100038	0.00061939	-0.61915795
1.61759676	0.00100596	0.00062188	-0.61820104
1.62009676	0.00101156	0.00062438	-0.61724708
1.62259675	0.00101718	0.00062688	-0.61629607
1.62509675	0.00102282	0.00062939	-0.61534798
1.62759674	0.00102849	0.00063191	-0.61440280
1.63009674	0.00103418	0.00063443	-0.61346052
1.63259673	0.00103989	0.00063695	-0.61252113
1.63509673	0.00104562	0.00063948	-0.61158461
1.63759672	0.00105137	0.00064202	-0.61065095
1.64009672	0.00105714	0.00064456	-0.60972014
1.64259671	0.00106294	0.00064711	-0.60879216
1.64509671	0.00106876	0.00064966	-0.60786700
1.64759670	0.00107460	0.00065222	-0.60694465
1.65009670	0.00108046	0.00065478	-0.60602509
1.65259669	0.00108634	0.00065735	-0.60510831
1.65509669	0.00109225	0.00065993	-0.60419431
1.65759668	0.00109817	0.00066251	-0.60328306
1.66009668	0.00110412	0.00066510	-0.60237456
1.66259667	0.00111010	0.00066769	-0.60146878
1.66509667	0.00111609	0.00067029	-0.60056573
1.66759666	0.00112211	0.00067289	-0.59966539
1.67009666	0.00112814	0.00067550	-0.59876774
1.67259665	0.00113421	0.00067811	-0.59787277
1.67509665	0.00114029	0.00068073	-0.59698048
1.67759664	0.00114639	0.00068336	-0.59609084
1.68009664	0.00115252	0.00068599	-0.59520386
1.68259663	0.00115867	0.00068862	-0.59431951
1.68509663	0.00116485	0.00069126	-0.59343778
1.68759662	0.00117104	0.00069391	-0.59255866
1.69009662	0.00117726	0.00069656	-0.59168215
1.69259661	0.00118350	0.00069922	-0.59080822
1.69509661	0.00118977	0.00070189	-0.58993688
1.69759660	0.00119605	0.00070456	-0.58906810
1.70009660	0.00120236	0.00070723	-0.58820187
1.70259659	0.00120870	0.00070991	-0.58733819
1.70509659	0.00121505	0.00071260	-0.58647704
1.70759658	0.00122143	0.00071529	-0.58561841
1.71009658	0.00122783	0.00071799	-0.58476229
1.71259657	0.00123425	0.00072069	-0.58390868
1.71509657	0.00124070	0.00072340	-0.58305755
1.71759656	0.00124717	0.00072611	-0.58220890
1.72009656	0.00125366	0.00072883	-0.58136271
1.72259655	0.00126018	0.00073156	-0.58051898
1.72509655	0.00126672	0.00073429	-0.57967770
1.72759654	0.00127328	0.00073703	-0.57883885
1.73009654	0.00127987	0.00073977	-0.57800243
1.73259653	0.00128648	0.00074251	-0.57716842
1.73509653	0.00129311	0.00074527	-0.57633681
1.73759652	0.00129977	0.00074803	-0.57550760
1.74009652	0.00130645	0.00075079	-0.57468077
1.74259651	0.00131315	0.00075356	-0.57385631
1.74509651	0.00131988	0.00075633	-0.57303421
1.74759650	0.00132663	0.00075911	-0.57221447
1.75009650	0.00133340	0.00076190	-0.57139706
1.75259649	0.00134020	0.00076469	-0.57058199
1.75509649	0.00134702	0.00076749	-0.56976924
1.75759648	0.00135386	0.00077029	-0.56895881
1.76009648	0.00136073	0.00077310	-0.56815067
1.76259647	0.00136762	0.00077591	-0.56734483
1.76509647	0.00137454	0.00077873	-0.56654127
1.76759646	0.00138148	0.00078156	-0.56573999
1.77009646	0.00138845	0.00078439	-0.56494096
1.77259645	0.00139543	0.00078723	-0.56414419
1.77509645	0.00140245	0.00079007	-0.56334967
1.77759644	0.00140948	0.00079291	-0.56255738
1.78009644	0.00141654	0.00079577	-0.56176732
1.78259643	0.00142363	0.00079863	-0.56097947
1.78509643	0.00143073	0.00080149	-0.56019383
1.78759642	0.00143787	0.00080436	-0.55941038
1.79009642	0.00144502	0.00080723	-0.55862913
1.79259641	0.00145221	0.00081011	-0.55785005
1.79509641	0.00145941	0.00081300	-0.55707314
1.79759640	0.00146664	0.00081589	-0.55629840
1.80009640	0.00147390	0.00081879	-0.55552580
1.80259639	0.00148117	0.00082169	-0.55475535
1.80509639	0.00148848	0.00082460	-0.55398704
1.80759638	0.00149581	0.00082751	-0.55322085
1.81009638	0.00150316	0.00083043	-0.55245677
1.81259637	0.00151054	0.00083335	-0.55169480
1.81509637	0.00151794	0.00083628	-0.55093493
1.81759636	0.00152536	0.00083922	-0.55017716
1.82009636	0.00153282	0.00084216	-0.54942146
1.82259635	0.00154029	0.00084511	-0.54866784
1.82509635	0.00154779	0.00084806	-0.54791628
1.82759634	0.00155532	0.00085102	-0.54716678
1.83009634	0.00156287	0.00085398	-0.54641932
1.83259633	0.00157044	0.00085695	-0.54567391
1.83509633	0.00157804	0.00085992	-0.54493052
1.83759632	0.00158567	0.00086290	-0.54418916
1.84009632	0.00159332	0.00086589	-0.54344981
1.84259631	0.00160100	0.00086888	-0.54271247
1.84509631	0.00160870	0.00087188	-0.54197713
1.84759630	0.00161642	0.00087488	-0.54124378
1.85009630	0.00162417	0.00087789	-0.54051240
1.85259629	0.00163195	0.00088090	-0.53978301
1.85509629	0.00163975	0.00088392	-0.53905558
1.85759628	0.00164758	0.00088694	-0.53833010
1.86009628	0.00165543	0.00088997	-0.53760658
1.86259627	0.00166331	0.00089301	-0.53688500
1.86509627	0.00167121	0.00089605	-0.53616535
1.86759626	0.00167914	0.00089909	-0.53544763
1.87009626	0.00168709	0.00090214	-0.53473183
1.87259625	0.00169507	0.00090520	-0.53401794
1.87509625	0.00170308	0.00090826	-0.53330596
1.87759624	0.00171111	0.00091133	-0.53259587
1.88009624	0.00171917	0.00091440	-0.53188767
1.88259623	0.00172725	0.00091748	-0.53118134
1.88509623	0.00173536	0.00092057	-0.53047690
1.88759622	0.00174349	0.00092366	-0.52977432
1.89009622	0.00175165	0.00092675	-0.52907359
1.89259621	0.00175984	0.00092985	-0.52837472
1.89509621	0.00176805	0.00093296	-0.52767770
1.89759620	0.00177629	0.00093607	-0.52698250
1.90009620	0.00178455	0.00093919	-0.52628914
1.90259619	0.00179284	0.00094231	-0.52559760
1.90509619	0.00180116	0.00094544	-0.52490788
1.90759618	0.00180950	0.00094857	-0.52421996
1.91009618	0.00181787	0.00095171	-0.52353385
1.91259617	0.00182626	0.00095486	-0.52284952
1.91509617	0.00183468	0.00095801	-0.52216699
1.91759616	0.00184313	0.00096116	-0.52148623
1.92009616	0.00185160	0.00096433	-0.52080725
1.92259615	0.00186010	0.00096749	-0.52013003
1.92509615	0.00186862	0.00097067	-0.51945457
1.92759614	0.00187718	0.00097384	-0.51878087
1.93009614	0.00188575	0.00097703	-0.51810891
1.93259613	0.00189436	0.00098021	-0.51743868
1.93509613	0.00190299	0.00098341	-0.51677019
1.93759612	0.00191165	0.00098661	-0.51610343
1.94009612	0.00192033	0.00098981	-0.51543838
1.94259611	0.00192904	0.00099302	-0.51477504
1.94509611	0.00193778	0.00099624	-0.51411341
1.94759610	0.00194655	0.00099946	-0.51345348
1.95009610	0.00195534	0.00100269	-0.51279524
1.95259609	0.00196416	0.00100592	-0.51213869
1.95509609	0.00197300	0.00100916	-0.51148381
1.95759608	0.00198187	0.00101240	-0.51083061
1.96009608	0.00199077	0.00101565	-0.51017907
1.96259607	0.00199970	0.00101890	-0.50952920
1.96509607	0.00200865	0.00102216	-0.50888097
1.96759606	0.00201763	0.00102543	-0.50823440
1.97009606	0.00202664	0.00102870	-0.50758946
1.97259605	0.00203567	0.00103198	-0.50694616
1.97509605	0.00204473	0.00103526	-0.50630449
1.97759604	0.00205382	0.00103854	-0.50566444
1.98009604	0.00206294	0.00104184	-0.50502601
1.98259603	0.00207208	0.00104513	-0.50438919
1.98509603	0.00208125	0.00104844	-0.50375397
1.98759602	0.00209044	0.00105175	-0.50312035
1.99009602	0.00209967	0.00105506	-0.50248832
1.99259601	0.00210892	0.00105838	-0.50185787
1.99509601	0.00211820	0.00106170	-0.50122901
1.99759600	0.00212751	0.00106503	-0.50060172
2.00009600	0.00213684	0.00106837	-0.49997600
2.00259600	0.00214620	0.00107171	-0.49935184
2.00509599	0.00215559	0.00107506	-0.49872924
2.00759599	0.00216501	0.00107841	-0.49810819
2.01009598	0.00217446	0.00108177	-0.49748868
2.01259597	0.00218393	0.00108513	-0.49687071
2.01509597	0.00219343	0.00108850	-0.49625428
2.01759596	0.00220296	0.00109187	-0.49563937
2.02009596	0.00221251	0.00109525	-0.49502599
2.02259595	0.00222210	0.00109864	-0.49441412
2.02509595	0.00223171	0.00110203	-0.49380376
2.02759594	0.00224135	0.00110542	-0.49319491
2.03009594	0.00225101	0.00110882	-0.49258756
2.03259593	0.00226071	0.00111223	-0.49198170
2.03509593	0.00227043	0.00111564	-0.49137733
2.03759592	0.00228018	0.00111906	-0.49077444
2.04009592	0.00228996	0.00112248	-0.49017303
2.04259591	0.00229977	0.00112591	-0.48957309
2.04509591	0.00230961	0.00112934	-0.48897462
2.04759591	0.00231947	0.00113278	-0.48837761
2.05009590	0.00232936	0.00113622	-0.48778206
2.05259590	0.00233928	0.00113967	-0.48718796
2.05509589	0.00234923	0.00114313	-0.48659530
2.05759589	0.00235921	0.00114659	-0.48600408
2.06009588	0.00236921	0.00115005	-0.48541430
2.06259587	0.00237925	0.00115352	-0.48482595
2.06509587	0.00238931	0.00115700	-0.48423902
2.06759586	0.00239940	0.00116048	-0.48365351
2.07009586	0.00240952	0.00116397	-0.48306942
2.07259585	0.00241967	0.00116746	-0.48248673
2.07509585	0.00242985	0.00117096	-0.48190545
2.07759584	0.00244005	0.00117446	-0.48132557
2.08009584	0.00245028	0.00117797	-0.48074708
2.08259583	0.00246055	0.00118148	-0.48016998
2.08509583	0.00247084	0.00118500	-0.47959426
2.08759582	0.00248116	0.00118852	-0.47901993
2.09009582	0.00249151	0.00119205	-0.47844696
2.09259582	0.00250189	0.00119559	-0.47787537
2.09509581	0.00251229	0.00119913	-0.47730514
2.09759581	0.00252273	0.00120268	-0.47673627
2.10009580	0.00253319	0.00120623	-0.47616875
2.10259580	0.00254369	0.00120978	-0.47560259
2.10509579	0.00255421	0.00121335	-0.47503777
2.10759578	0.00256476	0.00121691	-0.47447428
2.11009578	0.00257534	0.00122049	-0.47391214
2.11259577	0.00258595	0.00122406	-0.47335132
2.11509577	0.00259659	0.00122765	-0.47279183
2.11759576	0.00260726	0.00123123	-0.47223366
2.12009576	0.00261795	0.00123483	-0.47167681
2.12259575	0.00262868	0.00123843	-0.47112127
2.12509575	0.00263944	0.00124203	-0.47056703
2.12759574	0.00265022	0.00124564	-0.47001410
2.13009574	0.00266104	0.00124926	-0.46946247
2.13259573	0.00267188	0.00125288	-0.46891213
2.13509573	0.00268276	0.00125650	-0.46836307
2.13759572	0.00269366	0.00126013	-0.46781531
2.14009572	0.00270459	0.00126377	-0.46726882
2.14259572	0.00271555	0.00126741	-0.46672361
2.14509571	0.00272654	0.00127106	-0.46617967
2.14759571	0.00273757	0.00127471	-0.46563699
2.15009570	0.00274862	0.00127837	-0.46509558
2.15259570	0.00275970	0.00128203	-0.46455542
2.15509569	0.00277081	0.00128570	-0.46401652
2.15759568	0.00278195	0.00128937	-0.46347887
2.16009568	0.00279312	0.00129305	-0.46294246
2.16259567	0.00280432	0.00129674	-0.46240729
2.16509567	0.00281555	0.00130043	-0.46187335
2.16759566	0.00282681	0.00130412	-0.46134065
2.17009566	0.00283810	0.00130782	-0.46080918
2.17259565	0.00284942	0.00131153	-0.46027893
2.17509565	0.00286076	0.00131524	-0.45974990
2.17759564	0.00287214	0.00131895	-0.45922208
2.18009564	0.00288355	0.00132267	-0.45869547
2.18259563	0.00289499	0.00132640	-0.45817007
2.18509563	0.00290646	0.00133013	-0.45764587
2.18759562	0.00291796	0.00133387	-0.45712287
2.19009562	0.00292949	0.00133761	-0.45660107
2.19259562	0.00294105	0.00134136	-0.45608045
2.19509561	0.00295264	0.00134511	-0.45556102
2.19759561	0.00296426	0.00134887	-0.45504277
2.20009560	0.00297592	0.00135263	-0.45452570
2.20259560	0.00298760	0.00135640	-0.45400981
2.20509559	0.00299931	0.00136017	-0.45349508
2.20759558	0.00301105	0.00136395	-0.45298152
2.21009558	0.00302282	0.00136773	-0.45246912
2.21259557	0.00303463	0.00137152	-0.45195788
2.21509557	0.00304646	0.00137532	-0.45144779
2.21759556	0.00305833	0.00137912	-0.45093885
2.22009556	0.00307022	0.00138292	-0.45043106
2.22259555	0.00308215	0.00138673	-0.44992441
2.22509555	0.00309410	0.00139055	-0.44941890
2.22759554	0.00310609	0.00139437	-0.44891453
2.23009554	0.00311811	0.00139819	-0.44841128
2.23259553	0.00313016	0.00140203	-0.44790916
2.23509553	0.00314223	0.00140586	-0.44740817
2.23759552	0.00315434	0.00140970	-0.44690829
2.24009552	0.00316649	0.00141355	-0.44640954
2.24259552	0.00317866	0.00141740	-0.44591189
2.24509551	0.00319086	0.00142126	-0.44541535
2.24759551	0.00320309	0.00142512	-0.44491991
2.25009550	0.00321536	0.00142899	-0.44442558
2.25259550	0.00322765	0.00143286	-0.44393234
2.25509549	0.00323998	0.00143674	-0.44344020
2.25759548	0.00325234	0.00144062	-0.44294915
2.26009548	0.00326473	0.00144451	-0.44245918
2.26259547	0.00327715	0.00144840	-0.44197030
2.26509547	0.00328960	0.00145230	-0.44148250
2.26759546	0.00330208	0.00145620	-0.44099577
2.27009546	0.00331460	0.00146011	-0.44051011
2.27259545	0.00332714	0.00146403	-0.44002552
2.27509545	0.00333972	0.00146795	-0.43954200
2.27759544	0.00335233	0.00147187	-0.43905954
2.28009544	0.00336497	0.00147580	-0.43857813
2.28259543	0.00337764	0.00147973	-0.43809778
2.28509543	0.00339034	0.00148367	-0.43761848
2.28759542	0.00340307	0.00148762	-0.43714023
2.29009542	0.00341584	0.00149157	-0.43666303
2.29259542	0.00342863	0.00149552	-0.43618686
2.29509541	0.00344146	0.00149948	-0.43571173
2.29759541	0.00345432	0.00150345	-0.43523764
2.30009540	0.00346721	0.00150742	-0.43476458
2.30259539	0.00348013	0.00151140	-0.43429254
2.30509539	0.00349309	0.00151538	-0.43382153
2.30759538	0.00350608	0.00151936	-0.43335153
2.31009538	0.00351909	0.00152335	-0.43288256
2.31259537	0.00353214	0.00152735	-0.43241460
2.31509537	0.00354523	0.00153135	-0.43194765
2.31759536	0.00355834	0.00153536	-0.43148171
2.32009536	0.00357149	0.00153937	-0.43101677
2.32259535	0.00358466	0.00154339	-0.43055283
2.32509535	0.00359787	0.00154741	-0.43008989
2.32759534	0.00361111	0.00155144	-0.42962794
2.33009534	0.00362439	0.00155547	-0.42916699
2.33259533	0.00363769	0.00155950	-0.42870702
2.33509533	0.00365103	0.00156355	-0.42824804
2.33759532	0.00366440	0.00156759	-0.42779004
2.34009532	0.00367780	0.00157165	-0.42733302
2.34259532	0.00369124	0.00157570	-0.42687697
2.34509531	0.00370470	0.00157977	-0.42642190
2.34759531	0.00371820	0.00158383	-0.42596780
2.35009530	0.00373173	0.00158791	-0.42551466
2.35259529	0.00374529	0.00159198	-0.42506248
2.35509529	0.00375889	0.00159607	-0.42461127
2.35759528	0.00377252	0.00160015	-0.42416101
2.36009528	0.00378618	0.00160425	-0.42371171
2.36259527	0.00379987	0.00160834	-0.42326335
2.36509527	0.00381359	0.00161245	-0.42281595
2.36759526	0.00382735	0.00161656	-0.42236949
2.37009526	0.00384114	0.00162067	-0.42192397
2.37259525	0.00385496	0.00162479	-0.42147939
2.37509525	0.00386882	0.00162891	-0.42103575
2.37759524	0.00388270	0.00163304	-0.42059303
2.38009524	0.00389662	0.00163717	-0.42015125
2.38259523	0.00391058	0.00164131	-0.41971040
2.38509523	0.00392456	0.00164545	-0.41927047
2.38759522	0.00393858	0.00164960	-0.41883146
2.39009522	0.00395263	0.00165375	-0.41839337
2.39259522	0.00396671	0.00165791	-0.41795620
2.39509521	0.00398083	0.00166208	-0.41751994
2.39759521	0.00399498	0.00166624	-0.41708458
2.40009520	0.00400916	0.00167042	-0.41665014
2.40259519	0.00402338	0.00167460	-0.41621660
2.40509519	0.00403762	0.00167878	-0.41578396
2.40759518	0.00405190	0.00168297	-0.41535222
2.41009518	0.00406622	0.00168716	-0.41492137
2.41259517	0.00408056	0.00169136	-0.41449142
2.41509517	0.00409494	0.00169556	-0.41406236
2.41759516	0.00410936	0.00169977	-0.41363418
2.42009516	0.00412380	0.00170398	-0.41320689
2.42259515	0.00413828	0.00170820	-0.41278048
2.42509515	0.00415279	0.00171243	-0.41235495
2.42759514	0.00416734	0.00171665	-0.41193030
2.43009514	0.00418192	0.00172089	-0.41150652
2.43259513	0.00419653	0.00172512	-0.41108361
2.43509513	0.00421117	0.00172937	-0.41066157
2.43759513	0.00422585	0.00173362	-0.41024040
2.44009512	0.00424056	0.00173787	-0.40982009
2.44259512	0.00425531	0.00174213	-0.40940064
2.44509511	0.00427009	0.00174639	-0.40898205
2.44759510	0.00428490	0.00175066	-0.40856431
2.45009510	0.00429975	0.00175493	-0.40814742
2.45259509	0.00431462	0.00175921	-0.40773139
2.45509509	0.00432954	0.00176349	-0.40731620
2.45759508	0.00434448	0.00176778	-0.40690186
2.46009508	0.00435946	0.00177207	-0.40648835
2.46259507	0.00437447	0.00177637	-0.40607569
2.46509507	0.00438952	0.00178067	-0.40566387
2.46759506	0.00440460	0.00178498	-0.40525288
2.47009506	0.00441971	0.00178929	-0.40484272
2.47259505	0.00443486	0.00179361	-0.40443339
2.47509505	0.00445004	0.00179793	-0.40402489
2.47759504	0.00446526	0.00180225	-0.40361721
2.48009504	0.00448051	0.00180659	-0.40321035
2.48259503	0.00449579	0.00181092	-0.40280432
2.48509503	0.00451110	0.00181526	-0.40239910
2.48759503	0.00452645	0.00181961	-0.40199469
2.49009502	0.00454184	0.00182396	-0.40159110
2.49259502	0.00455726	0.00182832	-0.40118832
2.49509501	0.00457271	0.00183268	-0.40078634
2.49759500	0.00458819	0.00183704	-0.40038517
2.50009500	0.00460371	0.00184142	-0.39998480
2.50259499	0.00461927	0.00184579	-0.39958523
2.50509499	0.00463486	0.00185017	-0.39918646
2.50759498	0.00465048	0.00185456	-0.39878848
2.51009498	0.00466613	0.00185895	-0.39839130
2.51259497	0.00468182	0.00186334	-0.39799491
2.51509497	0.00469755	0.00186774	-0.39759930
2.51759496	0.00471331	0.00187215	-0.39720448
2.52009496	0.00472910	0.00187656	-0.39681044
2.52259495	0.00474493	0.00188097	-0.39641719
2.52509495	0.00476079	0.00188539	-0.39602471
2.52759494	0.00477668	0.00188981	-0.39563301
2.53009494	0.00479261	0.00189424	-0.39524209
2.53259493	0.00480858	0.00189868	-0.39485193
2.53509493	0.00482458	0.00190311	-0.39446255
2.53759493	0.00484061	0.00190756	-0.39407393
2.54009492	0.00485668	0.00191201	-0.39368608
2.54259492	0.00487278	0.00191646	-0.39329899
2.54509491	0.00488891	0.00192092	-0.39291266
2.54759490	0.00490508	0.00192538	-0.39252708
2.55009490	0.00492129	0.00192985	-0.39214227
2.55259489	0.00493753	0.00193432	-0.39175821
2.55509489	0.00495380	0.00193879	-0.39137490
2.55759488	0.00497011	0.00194328	-0.39099234
2.56009488	0.00498646	0.00194776	-0.39061052
2.56259487	0.00500284	0.00195225	-0.39022945
2.56509487	0.00501925	0.00195675	-0.38984913
2.56759486	0.00503570	0.00196125	-0.38946954
2.57009486	0.00505218	0.00196576	-0.38909070
2.57259485	0.00506870	0.00197027	-0.38871259
2.57509485	0.00508525	0.00197478	-0.38833521
2.57759484	0.00510184	0.00197930	-0.38795857
2.58009484	0.00511846	0.00198383	-0.38758265
2.58259483	0.00513511	0.00198835	-0.38720747
2.58509483	0.00515180	0.00199289	-0.38683300
2.58759483	0.00516853	0.00199743	-0.38645927
2.59009482	0.00518529	0.00200197	-0.38608625
2.59259481	0.00520209	0.00200652	-0.38571396
2.59509481	0.00521892	0.00201107	-0.38534238
2.59759480	0.00523579	0.00201563	-0.38497151
2.60009480	0.00525269	0.00202019	-0.38460136
2.60259479	0.00526962	0.00202476	-0.38423192
2.60509479	0.00528660	0.00202933	-0.38386319
2.60759478	0.00530360	0.00203391	-0.38349517
2.61009478	0.00532064	0.00203849	-0.38312785
2.61259477	0.00533772	0.00204307	-0.38276123
2.61509477	0.00535483	0.00204766	-0.38239532
2.61759476	0.00537198	0.00205226	-0.38203010
2.62009476	0.00538916	0.00205686	-0.38166559
2.62259475	0.00540638	0.00206146	-0.38130176
2.62509475	0.00542364	0.00206607	-0.38093863
2.62759474	0.00544092	0.00207069	-0.38057619
2.63009474	0.00545825	0.00207530	-0.38021444
2.63259473	0.00547561	0.00207993	-0.37985338
2.63509473	0.00549300	0.00208456	-0.37949300
2.63759473	0.00551043	0.00208919	-0.37913330
2.64009472	0.00552790	0.00209383	-0.37877429
2.64259471	0.00554540	0.00209847	-0.37841595
2.64509471	0.00556293	0.00210311	-0.37805830
2.64759470	0.00558051	0.00210776	-0.37770131
2.65009470	0.00559811	0.00211242	-0.37734501
2.65259469	0.00561576	0.00211708	-0.37698937
2.65509469	0.00563344	0.00212175	-0.37663440
2.65759468	0.00565115	0.00212642	-0.37628010
2.66009468	0.00566890	0.00213109	-0.37592647
2.66259467	0.00568669	0.00213577	-0.37557350
2.66509467	0.00570451	0.00214045	-0.37522119
2.66759466	0.00572236	0.00214514	-0.37486955
2.67009466	0.00574026	0.00214983	-0.37451856
2.67259465	0.00575819	0.00215453	-0.37416823
2.67509465	0.00577615	0.00215923	-0.37381855
2.67759464	0.00579415	0.00216394	-0.37346952
2.68009464	0.00581219	0.00216865	-0.37312115
2.68259463	0.00583026	0.00217337	-0.37277343
2.68509463	0.00584837	0.00217809	-0.37242635
2.68759463	0.00586651	0.00218281	-0.37207992
2.69009462	0.00588469	0.00218754	-0.37173414
2.69259461	0.00590290	0.00219227	-0.37138899
2.69509461	0.00592116	0.00219701	-0.37104449
2.69759460	0.00593944	0.00220176	-0.37070062
2.70009460	0.00595777	0.00220650	-0.37035739
2.70259459	0.00597613	0.00221125	-0.37001480
2.70509459	0.00599452	0.00221601	-0.36967284
2.70759458	0.00601295	0.00222077	-0.36933151
2.71009458	0.00603142	0.00222554	-0.36899081
2.71259457	0.00604992	0.00223031	-0.36865074
2.71509457	0.00606846	0.00223508	-0.36831130
2.71759456	0.00608704	0.00223986	-0.36797248
2.72009456	0.00610565	0.00224465	-0.36763428
2.72259455	0.00612430	0.00224944	-0.36729670
2.72509455	0.00614299	0.00225423	-0.36695974
2.72759454	0.00616171	0.00225903	-0.36662341
2.73009454	0.00618046	0.00226383	-0.36628768
2.73259454	0.00619926	0.00226863	-0.36595257
2.73509453	0.00621809	0.00227345	-0.36561808
2.73759453	0.00623695	0.00227826	-0.36528419
2.74009452	0.00625586	0.00228308	-0.36495091
2.74259451	0.00627480	0.00228790	-0.36461825
2.74509451	0.00629377	0.00229273	-0.36428618
2.74759450	0.00631278	0.00229757	-0.36395472
2.75009450	0.00633183	0.00230240	-0.36362387
2.75259449	0.00635092	0.00230725	-0.36329361
2.75509449	0.00637004	0.00231209	-0.36296396
2.75759448	0.00638919	0.00231695	-0.36263490
2.76009448	0.00640839	0.00232180	-0.36230644
2.76259447	0.00642762	0.00232666	-0.36197857
2.76509447	0.00644689	0.00233153	-0.36165130
2.76759446	0.00646619	0.00233639	-0.36132461
2.77009446	0.00648553	0.00234127	-0.36099852
2.77259445	0.00650491	0.00234615	-0.36067301
2.77509445	0.00652432	0.00235103	-0.36034810
2.77759444	0.00654378	0.00235591	-0.36002376
2.78009444	0.00656326	0.00236081	-0.35970001
2.78259444	0.00658279	0.00236570	-0.35937684
2.78509443	0.00660235	0.00237060	-0.35905425
2.78759442	0.00662195	0.00237551	-0.35873224
2.79009442	0.00664158	0.00238041	-0.35841081
2.79259441	0.00666125	0.00238533	-0.35808995
2.79509441	0.00668096	0.00239025	-0.35776967
2.79759440	0.00670071	0.00239517	-0.35744996
2.80009440	0.00672049	0.00240009	-0.35713082
2.80259439	0.00674031	0.00240502	-0.35681225
2.80509439	0.00676016	0.00240996	-0.35649424
2.80759438	0.00678006	0.00241490	-0.35617681
2.81009438	0.00679999	0.00241984	-0.35585993
2.81259437	0.00681995	0.00242479	-0.35554363
2.81509437	0.00683996	0.00242974	-0.35522788
2.81759436	0.00686000	0.00243470	-0.35491269
2.82009436	0.00688008	0.00243966	-0.35459806
2.82259435	0.00690019	0.00244463	-0.35428399
2.82509435	0.00692034	0.00244960	-0.35397048
2.82759434	0.00694053	0.00245457	-0.35365752
2.83009434	0.00696076	0.00245955	-0.35334511
2.83259434	0.00698102	0.00246453	-0.35303326
2.83509433	0.00700132	0.00246952	-0.35272195
2.83759432	0.00702166	0.00247451	-0.35241119
2.84009432	0.00704204	0.00247951	-0.35210098
2.84259431	0.00706245	0.00248451	-0.35179132
2.84509431	0.00708290	0.00248951	-0.35148220
2.84759430	0.00710339	0.00249452	-0.35117362
2.85009430	0.00712391	0.00249953	-0.35086558
2.85259429	0.00714447	0.00250455	-0.35055809
2.85509429	0.00716507	0.00250957	-0.35025113
2.85759428	0.00718571	0.00251460	-0.34994471
2.86009428	0.00720638	0.00251963	-0.34963882
2.86259427	0.00722709	0.00252466	-0.34933347
2.86509427	0.00724784	0.00252970	-0.34902866
2.86759426	0.00726862	0.00253475	-0.34872437
2.87009426	0.00728945	0.00253979	-0.34842061
2.87259425	0.00731031	0.00254485	-0.34811738
2.87509425	0.00733121	0.00254990	-0.34781468
2.87759424	0.00735214	0.00255496	-0.34751251
2.88009424	0.00737312	0.00256003	-0.34721086
2.88259424	0.00739413	0.00256509	-0.34690973
2.88509423	0.00741517	0.00257017	-0.34660913
2.88759422	0.00743626	0.00257524	-0.34630905
2.89009422	0.00745738	0.00258033	-0.34600948
2.89259421	0.00747855	0.00258541	-0.34571043
2.89509421	0.00749974	0.00259050	-0.34541190
2.89759420	0.00752098	0.00259559	-0.34511389
2.90009420	0.00754225	0.00260069	-0.34481639
2.90259419	0.00756357	0.00260580	-0.34451940
2.90509419	0.00758492	0.00261090	-0.34422292
2.90759418	0.00760630	0.00261601	-0.34392695
2.91009418	0.00762773	0.00262113	-0.34363149
2.91259417	0.00764919	0.00262625	-0.34333654
2.91509417	0.00767069	0.00263137	-0.34304209
2.91759416	0.00769223	0.00263650	-0.34274815
2.92009416	0.00771381	0.00264163	-0.34245471
2.92259415	0.00773542	0.00264677	-0.34216177
2.92509415	0.00775707	0.00265191	-0.34186934
2.92759414	0.00777876	0.00265705	-0.34157740
2.93009414	0.00780049	0.00266220	-0.34128596
2.93259413	0.00782226	0.00266735	-0.34099502
2.93509413	0.00784406	0.00267251	-0.34070458
2.93759412	0.00786590	0.00267767	-0.34041462
2.94009412	0.00788778	0.00268283	-0.34012517
2.94259411	0.00790970	0.00268800	-0.33983620
2.94509411	0.00793165	0.00269317	-0.33954772
2.94759410	0.00795365	0.00269835	-0.33925974
2.95009410	0.00797568	0.00270353	-0.33897224
2.95259409	0.00799775	0.00270872	-0.33868523
2.95509409	0.00801985	0.00271391	-0.33839870
2.95759408	0.00804200	0.00271910	-0.33811266
2.96009408	0.00806418	0.00272430	-0.33782710
2.96259407	0.00808641	0.00272950	-0.33754202
2.96509407	0.00810867	0.00273471	-0.33725743
2.96759406	0.00813096	0.00273992	-0.33697331
2.97009406	0.00815330	0.00274513	-0.33668967
2.97259405	0.00817567	0.00275035	-0.33640651
2.97509405	0.00819809	0.00275557	-0.33612383
2.97759404	0.00822054	0.00276080	-0.33584162
2.98009404	0.00824303	0.00276603	-0.33555988
2.98259403	0.00826556	0.00277126	-0.33527862
2.98509403	0.00828812	0.00277650	-0.33499782
2.98759402	0.00831072	0.00278175	-0.33471750
2.99009402	0.00833337	0.00278699	-0.33443764
2.99259401	0.00835605	0.00279224	-0.33415826
2.99509401	0.00837877	0.00279750	-0.33387934
2.99759400	0.00840152	0.00280276	-0.33360088
3.00009400	0.00842432	0.00280802	-0.33332289
3.00259399	0.00844715	0.00281329	-0.33304536
3.00509399	0.00847003	0.00281856	-0.33276829
3.00759398	0.00849294	0.00282383	-0.33249169
3.01009398	0.00851589	0.00282911	-0.33221554
3.01259397	0.00853887	0.00283439	-0.33193985
3.01509397	0.00856190	0.00283968	-0.33166462
3.01759396	0.00858497	0.00284497	-0.33138985
3.02009396	0.00860807	0.00285027	-0.33111553
3.02259395	0.00863121	0.00285556	-0.33084166
3.02509395	0.00865439	0.00286087	-0.33056825
3.02759394	0.00867761	0.00286617	-0.33029528
3.03009394	0.00870087	0.00287148	-0.33002277
3.03259393	0.00872416	0.00287680	-0.32975071
3.03509393	0.00874750	0.00288212	-0.32947909
3.03759392	0.00877087	0.00288744	-0.32920793
3.04009392	0.00879428	0.00289277	-0.32893721
3.04259391	0.00881773	0.00289810	-0.32866693
3.04509391	0.00884122	0.00290343	-0.32839710
3.04759390	0.00886475	0.00290877	-0.32812771
3.05009390	0.00888832	0.00291411	-0.32785876
3.05259389	0.00891192	0.00291946	-0.32759025
3.05509389	0.00893557	0.00292481	-0.32732218
3.05759388	0.00895925	0.00293016	-0.32705455
3.06009388	0.00898297	0.00293552	-0.32678736
3.06259387	0.00900673	0.00294088	-0.32652060
3.06509387	0.00903053	0.00294625	-0.32625428
3.06759386	0.00905437	0.00295162	-0.32598839
3.07009386	0.00907824	0.00295699	-0.32572294
3.07259385	0.00910216	0.00296237	-0.32545792
3.07509385	0.00912611	0.00296775	-0.32519333
3.07759384	0.00915011	0.00297314	-0.32492917
3.08009384	0.00917414	0.00297853	-0.32466543
3.08259383	0.00919821	0.00298392	-0.32440213
3.08509383	0.00922232	0.00298932	-0.32413925
3.08759382	0.00924647	0.00299472	-0.32387680
3.09009382	0.00927066	0.00300012	-0.32361477
3.09259381	0.00929488	0.00300553	-0.32335317
3.09509381	0.00931915	0.00301094	-0.32309198
3.09759380	0.00934345	0.00301636	-0.32283122
3.10009380	0.00936779	0.00302178	-0.32257088
3.10259379	0.00939218	0.00302720	-0.32231096
3.10509379	0.00941660	0.00303263	-0.32205146
3.10759378	0.00944106	0.00303806	-0.32179238
3.11009378	0.00946556	0.00304350	-0.32153371
3.11259377	0.00949010	0.00304894	-0.32127546
3.11509377	0.00951467	0.00305438	-0.32101762
3.11759376	0.00953929	0.00305982	-0.32076020
3.12009376	0.00956395	0.00306528	-0.32050319
3.12259375	0.00958864	0.00307073	-0.32024659
3.12509375	0.00961338	0.00307619	-0.31999040
3.12759374	0.00963815	0.00308165	-0.31973462
3.13009374	0.00966296	0.00308712	-0.31947925
3.13259373	0.00968781	0.00309258	-0.31922429
3.13509373	0.00971270	0.00309806	-0.31896973
3.13759372	0.00973763	0.00310353	-0.31871558
3.14009372	0.00976260	0.00310902	-0.31846183
3.14259371	0.00978761	0.00311450	-0.31820849
3.14509371	0.00981266	0.00311999	-0.31795555
3.14759370	0.00983774	0.00312548	-0.31770301
3.15009370	0.00986287	0.00313098	-0.31745087
3.15259369	0.00988803	0.00313648	-0.31719914
3.15509369	0.00991324	0.00314198	-0.31694780
3.15759368	0.00993848	0.00314749	-0.31669686
3.16009368	0.00996376	0.00315300	-0.31644631
3.16259367	0.00998909	0.00315851	-0.31619617
3.16509367	0.01001445	0.00316403	-0.31594642
3.16759366	0.01003985	0.00316955	-0.31569706
3.17009366	0.01006529	0.00317508	-0.31544809
3.17259365	0.01009077	0.00318061	-0.31519952
3.17509365	0.01011629	0.00318614	-0.31495134
3.17759364	0.01014185	0.00319167	-0.31470355
3.18009364	0.01016744	0.00319722	-0.31445615
3.18259363	0.01019308	0.00320276	-0.31420914
3.18509363	0.01021876	0.00320831	-0.31396251
3.18759362	0.01024447	0.00321386	-0.31371628
3.19009362	0.01027023	0.00321941	-0.31347042
3.19259361	0.01029602	0.00322497	-0.31322496
3.19509361	0.01032186	0.00323053	-0.31297988
3.19759360	0.01034773	0.00323610	-0.31273518
3.20009360	0.01037364	0.00324167	-0.31249086
3.20259359	0.01039960	0.00324724	-0.31224692
3.20509359	0.01042559	0.00325282	-0.31200337
3.20759358	0.01045162	0.00325840	-0.31176019
3.21009358	0.01047769	0.00326398	-0.31151740
3.21259357	0.01050380	0.00326957	-0.31127498
3.21509357	0.01052995	0.00327516	-0.31103294
3.21759356	0.01055615	0.00328076	-0.31079127
3.22009356	0.01058237	0.00328636	-0.31054998
3.22259355	0.01060864	0.00329196	-0.31030907
3.22509355	0.01063495	0.00329756	-0.31006852
3.22759354	0.01066130	0.00330317	-0.30982836
3.23009354	0.01068769	0.00330879	-0.30958856
3.23259353	0.01071412	0.00331440	-0.30934913
3.23509353	0.01074058	0.00332002	-0.30911007
3.23759352	0.01076709	0.00332565	-0.30887139
3.24009352	0.01079364	0.00333127	-0.30863307
3.24259351	0.01082023	0.00333690	-0.30839512
3.24509351	0.01084685	0.00334254	-0.30815753
3.24759350	0.01087352	0.00334818	-0.30792031
3.25009350	0.01090022	0.00335382	-0.30768346
3.25259349	0.01092697	0.00335946	-0.30744697
3.25509349	0.01095375	0.00336511	-0.30721084
3.25759348	0.01098058	0.00337076	-0.30697507
3.26009348	0.01100744	0.00337642	-0.30673967
3.26259347	0.01103435	0.00338208	-0.30650463
3.26509347	0.01106129	0.00338774	-0.30626995
3.26759346	0.01108828	0.00339341	-0.30603562
3.27009346	0.01111530	0.00339908	-0.30580166
3.27259345	0.01114236	0.00340475	-0.30556805
3.27509345	0.01116947	0.00341043	-0.30533480
3.27759344	0.01119661	0.00341611	-0.30510190
3.28009344	0.01122379	0.00342179	-0.30486936
3.28259343	0.01125101	0.00342748	-0.30463718
3.28509343	0.01127828	0.00343317	-0.30440535
3.28759342	0.01130558	0.00343886	-0.30417387
3.29009342	0.01133292	0.00344456	-0.30394274
3.29259341	0.01136031	0.00345026	-0.30371196
3.29509341	0.01138773	0.00345596	-0.30348153
3.29759340	0.01141519	0.00346167	-0.30325146
3.30009340	0.01144269	0.00346738	-0.30302173
3.30259339	0.01147023	0.00347310	-0.30279235
3.30509339	0.01149782	0.00347882	-0.30256331
3.30759338	0.01152544	0.00348454	-0.30233462
3.31009338	0.01155310	0.00349026	-0.30210628
3.31259337	0.01158080	0.00349599	-0.30187828
3.31509337	0.01160854	0.00350172	-0.30165063
3.31759336	0.01163633	0.00350746	-0.30142332
3.32009336	0.01166415	0.00351320	-0.30119635
3.32259335	0.01169201	0.00351894	-0.30096972
3.32509335	0.01171991	0.00352469	-0.30074344
3.32759334	0.01174785	0.00353044	-0.30051749
3.33009334	0.01177583	0.00353619	-0.30029188
3.33259333	0.01180386	0.00354194	-0.30006661
3.33509333	0.01183192	0.00354770	-0.29984168
3.33759332	0.01186002	0.00355346	-0.29961709
3.34009332	0.01188816	0.00355923	-0.29939283
3.34259331	0.01191634	0.00356500	-0.29916891
3.34509331	0.01194457	0.00357077	-0.29894532
3.34759330	0.01197283	0.00357655	-0.29872207
3.35009330	0.01200113	0.00358233	-0.29849915
3.35259329	0.01202947	0.00358811	-0.29827656
3.35509329	0.01205786	0.00359390	-0.29805431
3.35759328	0.01208628	0.00359969	-0.29783238
3.36009328	0.01211474	0.00360548	-0.29761079
3.36259327	0.01214325	0.00361127	-0.29738952
3.36509327	0.01217179	0.00361707	-0.29716858
3.36759326	0.01220037	0.00362288	-0.29694797
3.37009326	0.01222900	0.00362868	-0.29672769
3.37259325	0.01225766	0.00363449	-0.29650774
3.37509325	0.01228636	0.00364030	-0.29628811
3.37759324	0.01231511	0.00364612	-0.29606881
3.38009324	0.01234389	0.00365194	-0.29584983
3.38259323	0.01237272	0.00365776	-0.29563117
3.38509323	0.01240158	0.00366359	-0.29541284
3.38759322	0.01243049	0.00366942	-0.29519483
3.39009322	0.01245943	0.00367525	-0.29497714
3.39259321	0.01248842	0.00368108	-0.29475977
3.39509321	0.01251744	0.00368692	-0.29454272
3.39759320	0.01254651	0.00369276	-0.29432599
3.40009320	0.01257561	0.00369861	-0.29410958
3.40259319	0.01260476	0.00370446	-0.29389349
3.40509319	0.01263395	0.00371031	-0.29367772
3.40759318	0.01266317	0.00371616	-0.29346226
3.41009318	0.01269244	0.00372202	-0.29324712
3.41259317	0.01272175	0.00372788	-0.29303229
3.41509317	0.01275110	0.00373375	-0.29281778
3.41759316	0.01278048	0.00373962	-0.29260358
3.42009316	0.01280991	0.00374549	-0.29238970
3.42259315	0.01283938	0.00375136	-0.29217612
3.42509315	0.01286889	0.00375724	-0.29196286
3.42759314	0.01289844	0.00376312	-0.29174991
3.43009314	0.01292803	0.00376900	-0.29153727
3.43259313	0.01295766	0.00377489	-0.29132494
3.43509313	0.01298733	0.00378078	-0.29111292
3.43759312	0.01301704	0.00378667	-0.29090121
3.44009312	0.01304679	0.00379257	-0.29068981
3.44259311	0.01307658	0.00379847	-0.29047871
3.44509311	0.01310642	0.00380437	-0.29026792
3.44759310	0.01313629	0.00381028	-0.29005743
3.45009310	0.01316620	0.00381619	-0.28984725
3.45259309	0.01319615	0.00382210	-0.28963737
3.45509309	0.01322615	0.00382801	-0.28942780
3.45759308	0.01325618	0.00383393	-0.28921853
3.46009308	0.01328626	0.00383985	-0.28900957
3.46259307	0.01331637	0.00384578	-0.28880090
3.46509307	0.01334653	0.00385171	-0.28859254
3.46759306	0.01337672	0.00385764	-0.28838447
3.47009306	0.01340696	0.00386357	-0.28817671
3.47259305	0.01343723	0.00386951	-0.28796924
3.47509305	0.01346755	0.00387545	-0.28776208
3.47759304	0.01349791	0.00388139	-0.28755521
3.48009304	0.01352831	0.00388734	-0.28734864
3.48259303	0.01355874	0.00389329	-0.28714236
3.48509303	0.01358922	0.00389924	-0.28693639
3.48759302	0.01361974	0.00390520	-0.28673070
3.49009302	0.01365030	0.00391116	-0.28652531
3.49259301	0.01368090	0.00391712	-0.28632022
3.49509301	0.01371154	0.00392308	-0.28611542
3.49759300	0.01374222	0.00392905	-0.28591091
3.50009300	0.01377295	0.00393502	-0.28570669
3.50259299	0.01380371	0.00394100	-0.28550277
3.50509299	0.01383451	0.00394697	-0.28529914
3.50759298	0.01386535	0.00395295	-0.28509579
3.51009298	0.01389624	0.00395894	-0.28489274
3.51259297	0.01392716	0.00396492	-0.28468997
3.51509297	0.01395813	0.00397091	-0.28448750
3.51759296	0.01398913	0.00397691	-0.28428531
3.52009296	0.01402018	0.00398290	-0.28408341
3.52259295	0.01405127	0.00398890	-0.28388179
3.52509295	0.01408239	0.00399490	-0.28368046
3.52759294	0.01411356	0.00400090	-0.28347942
3.53009294	0.01414477	0.00400691	-0.28327866
3.53259293	0.01417602	0.00401292	-0.28307819
3.53509293	0.01420731	0.00401893	-0.28287799
3.53759292	0.01423864	0.00402495	-0.28267809
3.54009292	0.01427001	0.00403097	-0.28247846
3.54259291	0.01430142	0.00403699	-0.28227912
3.54509291	0.01433287	0.00404302	-0.28208005
3.54759290	0.01436436	0.00404904	-0.28188127
3.55009290	0.01439590	0.00405508	-0.28168277
3.55259289	0.01442747	0.00406111	-0.28148455
3.55509289	0.01445908	0.00406715	-0.28128660
3.55759288	0.01449074	0.00407319	-0.28108894
3.56009288	0.01452243	0.00407923	-0.28089155
3.56259287	0.01455417	0.00408527	-0.28069444
3.56509287	0.01458595	0.00409132	-0.28049760
3.56759286	0.01461776	0.00409737	-0.28030104
3.57009286	0.01464962	0.00410343	-0.28010476
3.57259285	0.01468152	0.00410949	-0.27990875
3.57509285	0.01471346	0.00411555	-0.27971302
3.57759284	0.01474544	0.00412161	-0.27951755
3.58009284	0.01477746	0.00412767	-0.27932237
3.58259283	0.01480952	0.00413374	-0.27912745
3.58509283	0.01484162	0.00413982	-0.27893281
3.58759282	0.01487376	0.00414589	-0.27873843
3.59009282	0.01490595	0.00415197	-0.27854433
3.59259281	0.01493817	0.00415805	-0.27835050
3.59509281	0.01497044	0.00416413	-0.27815694
3.59759280	0.01500274	0.00417022	-0.27796364
3.60009280	0.01503509	0.00417631	-0.27777062
3.60259279	0.01506747	0.00418240	-0.27757786
3.60509279	0.01509990	0.00418849	-0.27738537
3.60759278	0.01513237	0.00419459	-0.27719315
3.61009278	0.01516488	0.00420069	-0.27700119
3.61259277	0.01519742	0.00420679	-0.27680950
3.61509277	0.01523001	0.00421290	-0.27661807
3.61759276	0.01526264	0.00421901	-0.27642691
3.62009276	0.01529532	0.00422512	-0.27623602
3.62259275	0.01532803	0.00423123	-0.27604538
3.62509275	0.01536078	0.00423735	-0.27585501
3.62759274	0.01539357	0.00424347	-0.27566490
3.63009274	0.01542641	0.00424959	-0.27547506
3.63259273	0.01545928	0.00425572	-0.27528547
3.63509273	0.01549220	0.00426184	-0.27509615
3.63759272	0.01552515	0.00426797	-0.27490708
3.64009272	0.01555815	0.00427411	-0.27471828
3.64259271	0.01559119	0.00428024	-0.27452973
3.64509271	0.01562427	0.00428638	-0.27434144
3.64759270	0.01565738	0.00429253	-0.27415342
3.65009270	0.01569054	0.00429867	-0.27396564
3.65259269	0.01572374	0.00430482	-0.27377813
3.65509269	0.01575699	0.00431097	-0.27359087
3.65759268	0.01579027	0.00431712	-0.27340387
3.66009268	0.01582359	0.00432328	-0.27321713
3.66259267	0.01585695	0.00432943	-0.27303063
3.66509267	0.01589036	0.00433560	-0.27284440
3.66759266	0.01592380	0.00434176	-0.27265841
3.67009266	0.01595729	0.00434793	-0.27247268
3.67259265	0.01599081	0.00435409	-0.27228721
3.67509265	0.01602438	0.00436027	-0.27210198
3.67759264	0.01605799	0.00436644	-0.27191701
3.68009264	0.01609164	0.00437262	-0.27173229
3.68259263	0.01612533	0.00437880	-0.27154782
3.68509263	0.01615906	0.00438498	-0.27136360
3.68759262	0.01619283	0.00439116	-0.27117963
3.69009262	0.01622664	0.00439735	-0.27099591
3.69259261	0.01626049	0.00440354	-0.27081244
3.69509261	0.01629438	0.00440974	-0.27062921
3.69759260	0.01632832	0.00441593	-0.27044624
3.70009260	0.01636229	0.00442213	-0.27026351
3.70259259	0.01639631	0.00442833	-0.27008102
3.70509259	0.01643036	0.00443453	-0.26989879
3.70759258	0.01646446	0.00444074	-0.26971680
3.71009258	0.01649860	0.00444695	-0.26953505
3.71259257	0.01653277	0.00445316	-0.26935355
3.71509257	0.01656699	0.00445938	-0.26917230
3.71759256	0.01660125	0.00446559	-0.26899128
3.72009256	0.01663555	0.00447181	-0.26881052
3.72259255	0.01666989	0.00447803	-0.26862999
3.72509255	0.01670428	0.00448426	-0.26844971
3.72759254	0.01673870	0.00449049	-0.26826966
3.73009254	0.01677316	0.00449671	-0.26808986
3.73259253	0.01680767	0.00450295	-0.26791030
3.73509253	0.01684221	0.00450918	-0.26773098
3.73759252	0.01687680	0.00451542	-0.26755190
3.74009252	0.01691142	0.00452166	-0.26737306
3.74259251	0.01694609	0.00452790	-0.26719446
3.74509251	0.01698080	0.00453415	-0.26701610
3.74759250	0.01701555	0.00454039	-0.26683798
3.75009250	0.01705034	0.00454664	-0.26666009
3.75259249	0.01708517	0.00455290	-0.26648244
3.75509249	0.01712004	0.00455915	-0.26630503
3.75759248	0.01715495	0.00456541	-0.26612785
3.76009248	0.01718990	0.00457167	-0.26595091
3.76259247	0.01722490	0.00457793	-0.26577420
3.76509247	0.01725993	0.00458420	-0.26559773
3.76759246	0.01729500	0.00459047	-0.26542149
3.77009246	0.01733012	0.00459674	-0.26524548
3.77259245	0.01736528	0.00460301	-0.26506971
3.77509245	0.01740047	0.00460928	-0.26489417
3.77759244	0.01743571	0.00461556	-0.26471887
3.78009244	0.01747099	0.00462184	-0.26454380
3.78259243	0.01750631	0.00462812	-0.26436895
3.78509243	0.01754167	0.00463441	-0.26419434
3.78759242	0.01757707	0.00464070	-0.26401996
3.79009242	0.01761251	0.00464699	-0.26384581
3.79259241	0.01764799	0.00465328	-0.26367189
3.79509241	0.01768352	0.00465957	-0.26349820
3.79759240	0.01771908	0.00466587	-0.26332473
3.80009240	0.01775469	0.00467217	-0.26315150
3.80259239	0.01779033	0.00467847	-0.26297849
3.80509239	0.01782602	0.00468478	-0.26280571
3.80759238	0.01786174	0.00469109	-0.26263315
3.81009238	0.01789751	0.00469740	-0.26246083
3.81259237	0.01793332	0.00470371	-0.26228873
3.81509237	0.01796917	0.00471002	-0.26211685
3.81759236	0.01800506	0.00471634	-0.26194520
3.82009236	0.01804099	0.00472266	-0.26177378
3.82259235	0.01807696	0.00472898	-0.26160257
3.82509235	0.01811297	0.00473530	-0.26143160
3.82759234	0.01814902	0.00474163	-0.26126084
3.83009234	0.01818512	0.00474796	-0.26109031
3.83259233	0.01822125	0.00475429	-0.26092000
3.83509233	0.01825743	0.00476062	-0.26074992
3.83759232	0.01829364	0.00476696	-0.26058005
3.84009232	0.01832990	0.00477330	-0.26041041
3.84259231	0.01836620	0.00477964	-0.26024098
3.84509231	0.01840253	0.00478598	-0.26007178
3.84759230	0.01843891	0.00479232	-0.25990280
3.85009230	0.01847533	0.00479867	-0.25973403
3.85259229	0.01851179	0.00480502	-0.25956549
3.85509229	0.01854829	0.00481137	-0.25939716
3.85759228	0.01858483	0.00481773	-0.25922905
3.86009228	0.01862142	0.00482409	-0.25906116
3.86259227	0.01865804	0.00483044	-0.25889349
3.86509227	0.01869470	0.00483681	-0.25872604
3.86759226	0.01873141	0.00484317	-0.25855880
3.87009226	0.01876815	0.00484954	-0.25839177
3.87259225	0.01880494	0.00485590	-0.25822497
3.87509225	0.01884176	0.00486227	-0.25805837
3.87759224	0.01887863	0.00486865	-0.25789200
3.88009224	0.01891554	0.00487502	-0.25772583
3.88259223	0.01895248	0.00488140	-0.25755988
3.88509223	0.01898947	0.00488778	-0.25739415
3.88759222	0.01902650	0.00489416	-0.25722862
3.89009222	0.01906357	0.00490055	-0.25706331
3.89259221	0.01910068	0.00490693	-0.25689822
3.89509221	0.01913784	0.00491332	-0.25673333
3.89759220	0.01917503	0.00491971	-0.25656866
3.90009220	0.01921226	0.00492610	-0.25640419
3.90259219	0.01924953	0.00493250	-0.25623994
3.90509219	0.01928685	0.00493890	-0.25607590
3.90759218	0.01932420	0.00494530	-0.25591207
3.91009218	0.01936160	0.00495170	-0.25574845
3.91259217	0.01939904	0.00495810	-0.25558503
3.91509217	0.01943651	0.00496451	-0.25542183
3.91759216	0.01947403	0.00497092	-0.25525883
3.92009216	0.01951159	0.00497733	-0.25509604
3.92259215	0.01954919	0.00498374	-0.25493346
3.92509215	0.01958683	0.00499016	-0.25477109
3.92759214	0.01962451	0.00499657	-0.25460892
3.93009214	0.01966223	0.00500299	-0.25444696
3.93259213	0.01969999	0.00500942	-0.25428521
3.93509213	0.01973779	0.00501584	-0.25412366
3.93759212	0.01977563	0.00502227	-0.25396231
3.94009212	0.01981351	0.00502869	-0.25380117
3.94259211	0.01985144	0.00503512	-0.25364024
3.94509211	0.01988940	0.00504156	-0.25347951
3.94759210	0.01992741	0.00504799	-0.25331898
3.95009210	0.01996545	0.00505443	-0.25315865
3.95259209	0.02000354	0.00506087	-0.25299853
3.95509209	0.02004167	0.00506731	-0.25283861
3.95759208	0.02007983	0.00507375	-0.25267890
3.96009208	0.02011804	0.00508020	-0.25251938
3.96259207	0.02015629	0.00508664	-0.25236007
3.96509207	0.02019458	0.00509309	-0.25220095
3.96759206	0.02023291	0.00509954	-0.25204204
3.97009206	0.02027128	0.00510600	-0.25188333
3.97259205	0.02030969	0.00511245	-0.25172481
3.97509205	0.02034814	0.00511891	-0.25156650
3.97759204	0.02038663	0.00512537	-0.25140839
3.98009204	0.02042516	0.00513183	-0.25125047
3.98259203	0.02046374	0.00513830	-0.25109275
3.98509203	0.02050235	0.00514476	-0.25093523
3.98759202	0.02054100	0.00515123	-0.25077791
3.99009202	0.02057970	0.00515770	-0.25062079
3.99259201	0.02061843	0.00516417	-0.25046386
3.99509201	0.02065721	0.00517065	-0.25030713
3.99759200	0.02069602	0.00517712	-0.25015059
4.00009200	0.02073488	0.00518360	-0.24999425
4.00259199	0.02077378	0.00519008	-0.24983811
4.00509199	0.02081271	0.00519656	-0.24968216
4.00759198	0.02085169	0.00520305	-0.24952640
4.01009198	0.02089071	0.00520953	-0.24937084
4.01259197	0.02092977	0.00521602	-0.24921547
4.01509197	0.02096887	0.00522251	-0.24906030
4.01759196	0.02100801	0.00522900	-0.24890532
4.02009196	0.02104719	0.00523550	-0.24875053
4.02259195	0.02108641	0.00524200	-0.24859593
4.02509195	0.02112567	0.00524849	-0.24844153
4.02759194	0.02116497	0.00525499	-0.24828732
4.03009194	0.02120431	0.00526150	-0.24813330
4.03259193	0.02124369	0.00526800	-0.24797947
4.03509193	0.02128312	0.00527451	-0.24782583
4.03759192	0.02132258	0.00528101	-0.24767238
4.04009192	0.02136208	0.00528752	-0.24751912
4.04259191	0.02140163	0.00529404	-0.24736605
4.04509191	0.02144121	0.00530055	-0.24721317
4.04759190	0.02148084	0.00530707	-0.24706048
4.05009190	0.02152050	0.00531358	-0.24690798
4.05259189	0.02156021	0.00532010	-0.24675566
4.05509189	0.02159995	0.00532663	-0.24660354
4.05759188	0.02163974	0.00533315	-0.24645160
4.06009188	0.02167957	0.00533967	-0.24629984
4.06259187	0.02171943	0.00534620	-0.24614828
4.06509187	0.02175934	0.00535273	-0.24599690
4.06759186	0.02179929	0.00535926	-0.24584571
4.07009186	0.02183928	0.00536579	-0.24569470
4.07259185	0.02187931	0.00537233	-0.24554388
4.07509185	0.02191937	0.00537887	-0.24539324
4.07759184	0.02195948	0.00538540	-0.24524279
4.08009184	0.02199963	0.00539195	-0.24509252
4.08259183	0.02203982	0.00539849	-0.24494244
4.08509183	0.02208005	0.00540503	-0.24479254
4.08759182	0.02212032	0.00541158	-0.24464282
4.09009182	0.02216063	0.00541813	-0.24449329
4.09259181	0.02220098	0.00542468	-0.24434394
4.09509181	0.02224138	0.00543123	-0.24419477
4.09759180	0.02228181	0.00543778	-0.24404578
4.10009180	0.02232228	0.00544434	-0.24389698
4.10259179	0.02236279	0.00545089	-0.24374835
4.10509179	0.02240334	0.00545745	-0.24359991
4.10759178	0.02244393	0.00546401	-0.24345165
4.11009178	0.02248457	0.00547058	-0.24330357
4.11259177	0.02252524	0.00547714	-0.24315567
4.11509177	0.02256595	0.00548371	-0.24300795
4.11759176	0.02260671	0.00549027	-0.24286040
4.12009176	0.02264750	0.00549684	-0.24271304
4.12259175	0.02268833	0.00550342	-0.24256586
4.12509175	0.02272921	0.00550999	-0.24241885
4.12759174	0.02277012	0.00551656	-0.24227202
4.13009174	0.02281108	0.00552314	-0.24212537
4.13259173	0.02285207	0.00552972	-0.24197890
4.13509173	0.02289311	0.00553630	-0.24183260
4.13759172	0.02293418	0.00554288	-0.24168648
4.14009172	0.02297529	0.00554947	-0.24154054
4.14259171	0.02301645	0.00555605	-0.24139478
4.14509171	0.02305764	0.00556264	-0.24124919
4.14759170	0.02309888	0.00556923	-0.24110377
4.15009170	0.02314016	0.00557582	-0.24095853
4.15259169	0.02318147	0.00558241	-0.24081347
4.15509169	0.02322283	0.00558900	-0.24066858
4.15759168	0.02326422	0.00559560	-0.24052386
4.16009168	0.02330566	0.00560220	-0.24037932
4.16259167	0.02334713	0.00560880	-0.24023495
4.16509167	0.02338865	0.00561540	-0.24009075
4.16759166	0.02343021	0.00562200	-0.23994673
4.17009166	0.02347180	0.00562861	-0.23980288
4.17259165	0.02351344	0.00563521	-0.23965921
4.17509165	0.02355511	0.00564182	-0.23951570
4.17759164	0.02359683	0.00564843	-0.23937237
4.18009164	0.02363859	0.00565504	-0.23922921
4.18259163	0.02368038	0.00566165	-0.23908621
4.18509163	0.02372222	0.00566827	-0.23894339
4.18759162	0.02376409	0.00567488	-0.23880075
4.19009162	0.02380601	0.00568150	-0.23865827
4.19259161	0.02384797	0.00568812	-0.23851596
4.19509161	0.02388996	0.00569474	-0.23837382
4.19759160	0.02393200	0.00570136	-0.23823185
4.20009160	0.02397407	0.00570799	-0.23809005
4.20259159	0.02401619	0.00571461	-0.23794841
4.20509159	0.02405835	0.00572124	-0.23780695
4.20759158	0.02410054	0.00572787	-0.23766565
4.21009158	0.02414278	0.00573450	-0.23752452
4.21259157	0.02418505	0.00574113	-0.23738356
4.21509157	0.02422737	0.00574777	-0.23724277
4.21759156	0.02426972	0.00575440	-0.23710214
4.22009156	0.02431212	0.00576104	-0.23696168
4.22259155	0.02435455	0.00576768	-0.23682139
4.22509155	0.02439703	0.00577432	-0.23668126
4.22759154	0.02443954	0.00578096	-0.23654130
4.23009154	0.02448210	0.00578761	-0.23640150
4.23259153	0.02452469	0.00579425	-0.23626187
4.23509153	0.02456733	0.00580090	-0.23612241
4.23759152	0.02461000	0.00580754	-0.23598310
4.24009152	0.02465272	0.00581419	-0.23584397
4.24259151	0.02469547	0.00582085	-0.23570499
4.24509151	0.02473826	0.00582750	-0.23556618
4.24759150	0.02478110	0.00583415	-0.23542754
4.25009150	0.02482397	0.00584081	-0.23528905
4.25259149	0.02486688	0.00584747	-0.23515073
4.25509149	0.02490983	0.00585412	-0.23501257
4.25759148	0.02495283	0.00586078	-0.23487458
4.26009148	0.02499586	0.00586745	-0.23473674
4.26259147	0.02503893	0.00587411	-0.23459907
4.26509147	0.02508204	0.00588077	-0.23446156
4.26759146	0.02512519	0.00588744	-0.23432421
4.27009146	0.02516838	0.00589411	-0.23418702
4.27259145	0.02521162	0.00590078	-0.23404999
4.27509145	0.02525489	0.00590745	-0.23391312
4.27759144	0.02529820	0.00591412	-0.23377642
4.28009144	0.02534154	0.00592080	-0.23363987
4.28259143	0.02538493	0.00592747	-0.23350348
4.28509143	0.02542836	0.00593415	-0.23336725
4.28759142	0.02547183	0.00594083	-0.23323118
4.29009142	0.02551534	0.00594750	-0.23309527
4.29259141	0.02555889	0.00595419	-0.23295951
4.29509141	0.02560247	0.00596087	-0.23282392
4.29759140	0.02564610	0.00596755	-0.23268848
4.30009140	0.02568977	0.00597424	-0.23255320
4.30259139	0.02573347	0.00598092	-0.23241807
4.30509139	0.02577722	0.00598761	-0.23228311
4.30759138	0.02582100	0.00599430	-0.23214830
4.31009138	0.02586483	0.00600099	-0.23201364
4.31259137	0.02590869	0.00600769	-0.23187914
4.31509137	0.02595259	0.00601438	-0.23174480
4.31759136	0.02599654	0.00602107	-0.23161062
4.32009136	0.02604052	0.00602777	-0.23147659
4.32259135	0.02608454	0.00603447	-0.23134271
4.32509135	0.02612860	0.00604117	-0.23120899
4.32759134	0.02617270	0.00604787	-0.23107542
4.33009134	0.02621684	0.00605457	-0.23094201
4.33259133	0.02626102	0.00606127	-0.23080875
4.33509133	0.02630524	0.00606798	-0.23067565
4.33759132	0.02634950	0.00607469	-0.23054270
4.34009132	0.02639380	0.00608139	-0.23040990
4.34259131	0.02643814	0.00608810	-0.23027725
4.34509131	0.02648251	0.00609481	-0.23014476
4.34759130	0.02652693	0.00610152	-0.23001242
4.35009130	0.02657139	0.00610824	-0.22988023
4.35259129	0.02661588	0.00611495	-0.22974820
4.35509129	0.02666041	0.00612167	-0.22961631
4.35759128	0.02670499	0.00612838	-0.22948458
4.36009128	0.02674960	0.00613510	-0.22935300
4.36259127	0.02679425	0.00614182	-0.22922157
4.36509127	0.02683894	0.00614854	-0.22909028
4.36759126	0.02688367	0.00615526	-0.22895915
4.37009126	0.02692844	0.00616199	-0.22882817
4.37259125	0.02697325	0.00616871	-0.22869734
4.37509125	0.02701810	0.00617544	-0.22856666
4.37759124	0.02706299	0.00618216	-0.22843613
4.38009124	0.02710792	0.00618889	-0.22830575
4.38259123	0.02715288	0.00619562	-0.22817551
4.38509123	0.02719789	0.00620235	-0.22804543
4.38759122	0.02724293	0.00620909	-0.22791549
4.39009122	0.02728801	0.00621582	-0.22778570
4.39259121	0.02733314	0.00622255	-0.22765606
4.39509121	0.02737830	0.00622929	-0.22752656
4.39759120	0.02742350	0.00623603	-0.22739722
4.40009120	0.02746874	0.00624277	-0.22726802
4.40259119	0.02751402	0.00624951	-0.22713896
4.40509119	0.02755934	0.00625625	-0.22701006
4.40759118	0.02760469	0.00626299	-0.22688130
4.41009118	0.02765009	0.00626973	-0.22675268
4.41259117	0.02769553	0.00627648	-0.22662421
4.41509117	0.02774100	0.00628322	-0.22649589
4.41759116	0.02778651	0.00628997	-0.22636771
4.42009116	0.02783207	0.00629672	-0.22623968
4.42259115	0.02787766	0.00630347	-0.22611179
4.42509115	0.02792329	0.00631022	-0.22598405
4.42759114	0.02796896	0.00631697	-0.22585645
4.43009114	0.02801467	0.00632372	-0.22572899
4.43259113	0.02806041	0.00633048	-0.22560168
4.43509113	0.02810620	0.00633723	-0.22547451
4.43759112	0.02815202	0.00634399	-0.22534749
4.44009112	0.02819789	0.00635075	-0.22522060
4.44259111	0.02824379	0.00635750	-0.22509386
4.44509111	0.02828973	0.00636426	-0.22496727
4.44759110	0.02833571	0.00637103	-0.22484081
4.45009110	0.02838173	0.00637779	-0.22471450
4.45259109	0.02842779	0.00638455	-0.22458833
4.45509109	0.02847389	0.00639131	-0.22446230
4.45759108	0.02852003	0.00639808	-0.22433641
4.46009108	0.02856620	0.00640485	-0.22421067
4.46259107	0.02861242	0.00641161	-0.22408506
4.46509107	0.02865867	0.00641838	-0.22395960
4.46759106	0.02870496	0.00642515	-0.22383427
4.47009106	0.02875129	0.00643192	-0.22370909
4.47259105	0.02879766	0.00643870	-0.22358405
4.47509105	0.02884407	0.00644547	-0.22345914
4.47759104	0.02889051	0.00645224	-0.22333438
4.48009104	0.02893700	0.00645902	-0.22320975
4.48259103	0.02898352	0.00646580	-0.22308526
4.48509103	0.02903008	0.00647257	-0.22296092
4.48759102	0.02907668	0.00647935	-0.22283671
4.49009102	0.02912332	0.00648613	-0.22271263
4.49259101	0.02917000	0.00649291	-0.22258870
4.49509101	0.02921672	0.00649969	-0.22246491
4.49759100	0.02926348	0.00650648	-0.22234125
4.50009100	0.02931027	0.00651326	-0.22221773
4.50259099	0.02935710	0.00652005	-0.22209435
4.50509099	0.02940397	0.00652683	-0.22197110
4.50759098	0.02945088	0.00653362	-0.22184799
4.51009098	0.02949783	0.00654041	-0.22172502
4.51259097	0.02954482	0.00654720	-0.22160218
4.51509097	0.02959184	0.00655399	-0.22147948
4.51759096	0.02963891	0.00656078	-0.22135692
4.52009096	0.02968601	0.00656757	-0.22123449
4.52259095	0.02973315	0.00657436	-0.22111219
4.52509095	0.02978033	0.00658116	-0.22099003
4.52759094	0.02982755	0.00658795	-0.22086801
4.53009094	0.02987481	0.00659475	-0.22074612
4.53259093	0.02992210	0.00660154	-0.22062437
4.53509093	0.02996943	0.00660834	-0.22050275
4.53759092	0.03001680	0.00661514	-0.22038126
4.54009092	0.03006421	0.00662194	-0.22025991
4.54259091	0.03011166	0.00662874	-0.22013869
4.54509091	0.03015915	0.00663554	-0.22001760
4.54759090	0.03020667	0.00664235	-0.21989665
4.55009090	0.03025424	0.00664915	-0.21977583
4.55259089	0.03030184	0.00665595	-0.21965514
4.55509089	0.03034948	0.00666276	-0.21953459
4.55759088	0.03039716	0.00666957	-0.21941417
4.56009088	0.03044487	0.00667637	-0.21929388
4.56259087	0.03049263	0.00668318	-0.21917372
4.56509087	0.03054042	0.00668999	-0.21905369
4.56759086	0.03058825	0.00669680	-0.21893379
4.57009086	0.03063612	0.00670361	-0.21881403
4.57259085	0.03068403	0.00671043	-0.21869440
4.57509085	0.03073197	0.00671724	-0.21857489
4.57759084	0.03077996	0.00672405	-0.21845552
4.58009084	0.03082798	0.00673087	-0.21833628
4.58259083	0.03087604	0.00673768	-0.21821717
4.58509083	0.03092414	0.00674450	-0.21809819
4.58759082	0.03097227	0.00675132	-0.21797934
4.59009082	0.03102045	0.00675813	-0.21786061
4.59259081	0.03106866	0.00676495	-0.21774202
4.59509081	0.03111691	0.00677177	-0.21762356
4.59759080	0.03116520	0.00677859	-0.21750522
4.60009080	0.03121353	0.00678542	-0.21738701
4.60259079	0.03126189	0.00679224	-0.21726893
4.60509079	0.03131029	0.00679906	-0.21715098
4.60759078	0.03135873	0.00680589	-0.21703316
4.61009078	0.03140721	0.00681271	-0.21691547
4.61259077	0.03145573	0.00681954	-0.21679790
4.61509077	0.03150428	0.00682636	-0.21668046
4.61759076	0.03155288	0.00683319	-0.21656315
4.62009076	0.03160151	0.00684002	-0.21644596
4.62259075	0.03165017	0.00684685	-0.21632891
4.62509075	0.03169888	0.00685368	-0.21621197
4.62759074	0.03174762	0.00686051	-0.21609517
4.63009074	0.03179640	0.00686734	-0.21597849
4.63259073	0.03184522	0.00687417	-0.21586193
4.63509073	0.03189408	0.00688100	-0.21574551
4.63759072	0.03194298	0.00688784	-0.21562920
4.64009072	0.03199191	0.00689467	-0.21551303
4.64259071	0.03204088	0.00690151	-0.21539698
4.64509071	0.03208989	0.00690834	-0.21528105
4.64759070	0.03213893	0.00691518	-0.21516525
4.65009070	0.03218802	0.00692202	-0.21504957
4.65259069	0.03223714	0.00692886	-0.21493402
4.65509069	0.03228630	0.00693570	-0.21481859
4.65759068	0.03233549	0.00694254	-0.21470328
4.66009068	0.03238473	0.00694938	-0.21458810
4.66259067	0.03243400	0.00695622	-0.21447304
4.66509067	0.03248331	0.00696306	-0.21435811
4.66759066	0.03253266	0.00696990	-0.21424329
4.67009066	0.03258204	0.00697675	-0.21412861
4.67259065	0.03263146	0.00698359	-0.21401404
4.67509065	0.03268092	0.00699044	-0.21389960
4.67759064	0.03273042	0.00699728	-0.21378527
4.68009064	0.03277996	0.00700413	-0.21367108
4.68259063	0.03282953	0.00701098	-0.21355700
4.68509063	0.03287914	0.00701782	-0.21344304
4.68759062	0.03292879	0.00702467	-0.21332921
4.69009062	0.03297847	0.00703152	-0.21321550
4.69259061	0.03302819	0.00703837	-0.21310191
4.69509061	0.03307795	0.00704522	-0.21298843
4.69759060	0.03312775	0.00705207	-0.21287509
4.70009060	0.03317758	0.00705892	-0.21276186
4.70259059	0.03322745	0.00706578	-0.21264875
4.70509059	0.03327736	0.00707263	-0.21253576
4.70759058	0.03332731	0.00707948	-0.21242289
4.71009058	0.03337729	0.00708634	-0.21231014
4.71259057	0.03342731	0.00709319	-0.21219751
4.71509057	0.03347737	0.00710005	-0.21208500
4.71759056	0.03352747	0.00710691	-0.21197261
4.72009056	0.03357760	0.00711376	-0.21186034
4.72259055	0.03362777	0.00712062	-0.21174819
4.72509055	0.03367798	0.00712748	-0.21163616
4.72759054	0.03372822	0.00713434	-0.21152424
4.73009054	0.03377850	0.00714120	-0.21141244
4.73259053	0.03382882	0.00714806	-0.21130076
4.73509053	0.03387918	0.00715492	-0.21118920
4.73759052	0.03392957	0.00716178	-0.21107776
4.74009052	0.03398000	0.00716864	-0.21096644
4.74259051	0.03403047	0.00717550	-0.21085523
4.74509051	0.03408097	0.00718237	-0.21074414
4.74759050	0.03413152	0.00718923	-0.21063316
4.75009050	0.03418209	0.00719609	-0.21052230
4.75259049	0.03423271	0.00720296	-0.21041156
4.75509049	0.03428336	0.00720982	-0.21030094
4.75759048	0.03433405	0.00721669	-0.21019043
4.76009048	0.03438478	0.00722356	-0.21008004
4.76259047	0.03443554	0.00723042	-0.20996976
4.76509047	0.03448634	0.00723729	-0.20985960
4.76759046	0.03453718	0.00724416	-0.20974956
4.77009046	0.03458805	0.00725103	-0.20963963
4.77259045	0.03463896	0.00725790	-0.20952982
4.77509045	0.03468991	0.00726477	-0.20942012
4.77759044	0.03474090	0.00727164	-0.20931053
4.78009044	0.03479192	0.00727851	-0.20920106
4.78259043	0.03484298	0.00728538	-0.20909171
4.78509043	0.03489407	0.00729225	-0.20898247
4.78759042	0.03494520	0.00729912	-0.20887334
4.79009042	0.03499637	0.00730599	-0.20876433
4.79259041	0.03504758	0.00731287	-0.20865543
4.79509041	0.03509882	0.00731974	-0.20854664
4.79759040	0.03515010	0.00732661	-0.20843797
4.80009040	0.03520141	0.00733349	-0.20832941
4.80259039	0.03525276	0.00734036	-0.20822096
4.80509039	0.03530415	0.00734724	-0.20811263
4.80759038	0.03535558	0.00735412	-0.20800441
4.81009038	0.03540704	0.00736099	-0.20789630
4.81259037	0.03545854	0.00736787	-0.20778831
4.81509037	0.03551007	0.00737475	-0.20768042
4.81759036	0.03556165	0.00738163	-0.20757265
4.82009036	0.03561325	0.00738850	-0.20746499
4.82259035	0.03566490	0.00739538	-0.20735744
4.82509035	0.03571658	0.00740226	-0.20725001
4.82759034	0.03576830	0.00740914	-0.20714268
4.83009034	0.03582005	0.00741602	-0.20703547
4.83259033	0.03587184	0.00742290	-0.20692836
4.83509033	0.03592367	0.00742978	-0.20682137
4.83759032	0.03597553	0.00743666	-0.20671449
4.84009032	0.03602743	0.00744355	-0.20660771
4.84259031	0.03607937	0.00745043	-0.20650105
4.84509031	0.03613134	0.00745731	-0.20639450
4.84759030	0.03618335	0.00746419	-0.20628806
4.85009030	0.03623540	0.00747108	-0.20618173
4.85259029	0.03628748	0.00747796	-0.20607551
4.85509029	0.03633960	0.00748484	-0.20596939
4.85759028	0.03639175	0.00749173	-0.20586339
4.86009028	0.03644394	0.00749861	-0.20575749
4.86259027	0.03649617	0.00750550	-0.20565171
4.86509027	0.03654843	0.00751238	-0.20554603
4.86759026	0.03660073	0.00751927	-0.20544046
4.87009026	0.03665306	0.00752616	-0.20533500
4.87259025	0.03670544	0.00753304	-0.20522965
4.87509025	0.03675784	0.00753993	-0.20512441
4.87759024	0.03681029	0.00754682	-0.20501927
4.88009024	0.03686277	0.00755371	-0.20491424
4.88259023	0.03691528	0.00756059	-0.20480932
4.88509023	0.03696783	0.00756748	-0.20470451
4.88759022	0.03702042	0.00757437	-0.20459980
4.89009022	0.03707304	0.00758126	-0.20449520
4.89259021	0.03712570	0.00758815	-0.20439071
4.89509021	0.03717840	0.00759504	-0.20428633
4.89759020	0.03723113	0.00760193	-0.20418205
4.90009020	0.03728390	0.00760882	-0.20407788
4.90259019	0.03733670	0.00761571	-0.20397381
4.90509019	0.03738954	0.00762260	-0.20386985
4.90759018	0.03744242	0.00762949	-0.20376600
4.91009018	0.03749533	0.00763638	-0.20366225
4.91259017	0.03754827	0.00764327	-0.20355860
4.91509017	0.03760126	0.00765017	-0.20345507
4.91759016	0.03765428	0.00765706	-0.20335163
4.92009016	0.03770733	0.00766395	-0.20324831
4.92259015	0.03776042	0.00767084	-0.20314509
4.92509015	0.03781355	0.00767774	-0.20304197
4.92759014	0.03786671	0.00768463	-0.20293896
4.93009014	0.03791991	0.00769152	-0.20283605
4.93259013	0.03797314	0.00769842	-0.20273324
4.93509013	0.03802641	0.00770531	-0.20263054
4.93759012	0.03807971	0.00771221	-0.20252795
4.94009012	0.03813305	0.00771910	-0.20242546
4.94259011	0.03818643	0.00772599	-0.20232307
4.94509011	0.03823984	0.00773289	-0.20222078
4.94759010	0.03829328	0.00773978	-0.20211860
4.95009010	0.03834677	0.00774668	-0.20201652
4.95259009	0.03840028	0.00775358	-0.20191455
4.95509009	0.03845384	0.00776047	-0.20181268
4.95759008	0.03850742	0.00776737	-0.20171091
4.96009008	0.03856105	0.00777426	-0.20160924
4.96259007	0.03861471	0.00778116	-0.20150768
4.96509007	0.03866840	0.00778806	-0.20140622
4.96759006	0.03872213	0.00779495	-0.20130486
4.97009006	0.03877590	0.00780185	-0.20120360
4.97259005	0.03882970	0.00780875	-0.20110244
4.97509005	0.03888354	0.00781564	-0.20100139
4.97759004	0.03893741	0.00782254	-0.20090043
4.98009004	0.03899131	0.00782944	-0.20079958
4.98259003	0.03904526	0.00783634	-0.20069883
4.98509003	0.03909923	0.00784324	-0.20059818
4.98759002	0.03915325	0.00785013	-0.20049763
4.99009002	0.03920730	0.00785703	-0.20039719
4.99259001	0.03926138	0.00786393	-0.20029684
4.99509001	0.03931550	0.00787083	-0.20019659
4.99759000	0.03936965	0.00787773	-0.20009645
5.00009000	0.03942384	0.00788463	-0.19999640
5.00258999	0.03947806	0.00789152	-0.19989645
5.00508999	0.03953232	0.00789842	-0.19979661
5.00758998	0.03958661	0.00790532	-0.19969686
5.01008998	0.03964094	0.00791222	-0.19959721
5.01258997	0.03969531	0.00791912	-0.19949767
5.01508997	0.03974971	0.00792602	-0.19939822
5.01758996	0.03980414	0.00793292	-0.19929887
5.02008996	0.03985861	0.00793982	-0.19919962
5.02258995	0.03991311	0.00794672	-0.19910047
5.02508995	0.03996765	0.00795362	-0.19900141
5.02758994	0.04002222	0.00796052	-0.19890246
5.03008994	0.04007683	0.00796742	-0.19880360
5.03258993	0.04013148	0.00797432	-0.19870484
5.03508993	0.04018615	0.00798122	-0.19860618
5.03758992	0.04024087	0.00798812	-0.19850762
5.04008992	0.04029562	0.00799502	-0.19840916
5.04258991	0.04035040	0.00800192	-0.19831079
5.04508991	0.04040522	0.00800882	-0.19821252
5.04758990	0.04046007	0.00801572	-0.19811435
5.05008990	0.04051495	0.00802262	-0.19801628
5.05258989	0.04056988	0.00802952	-0.19791830
5.05508989	0.04062483	0.00803642	-0.19782042
5.05758988	0.04067982	0.00804332	-0.19772264
5.06008988	0.04073485	0.00805022	-0.19762495
5.06258987	0.04078991	0.00805712	-0.19752736
5.06508987	0.04084500	0.00806402	-0.19742986
5.06758986	0.04090013	0.00807092	-0.19733247
5.07008986	0.04095530	0.00807782	-0.19723516
5.07258985	0.04101049	0.00808472	-0.19713796
5.07508985	0.04106573	0.00809163	-0.19704085
5.07758984	0.04112099	0.00809853	-0.19694383
5.08008984	0.04117629	0.00810543	-0.19684691
5.08258983	0.04123163	0.00811233	-0.19675009
5.08508983	0.04128700	0.00811923	-0.19665336
5.08758982	0.04134241	0.00812613	-0.19655673
5.09008982	0.04139785	0.00813303	-0.19646019
5.09258981	0.04145332	0.00813993	-0.19636374
5.09508981	0.04150883	0.00814683	-0.19626739
5.09758980	0.04156437	0.00815373	-0.19617114
5.10008980	0.04161995	0.00816063	-0.19607498
5.10258979	0.04167556	0.00816753	-0.19597891
5.10508979	0.04173120	0.00817443	-0.19588294
5.10758978	0.04178688	0.00818133	-0.19578706
5.11008978	0.04184259	0.00818823	-0.19569128
5.11258977	0.04189834	0.00819513	-0.19559559
5.11508977	0.04195412	0.00820203	-0.19549999
5.11758976	0.04200994	0.00820893	-0.19540449
5.12008976	0.04206579	0.00821583	-0.19530908
5.12258975	0.04212167	0.00822273	-0.19521376
5.12508975	0.04217759	0.00822963	-0.19511853
5.12758974	0.04223354	0.00823653	-0.19502340
5.13008974	0.04228953	0.00824343	-0.19492836
5.13258973	0.04234555	0.00825033	-0.19483342
5.13508973	0.04240160	0.00825723	-0.19473856
5.13758972	0.04245769	0.00826413	-0.19464380
5.14008972	0.04251381	0.00827103	-0.19454913
5.14258971	0.04256997	0.00827792	-0.19445456
5.14508971	0.04262616	0.00828482	-0.19436007
5.14758970	0.04268238	0.00829172	-0.19426568
5.15008970	0.04273864	0.00829862	-0.19417138
5.15258969	0.04279493	0.00830552	-0.19407716
5.15508969	0.04285125	0.00831242	-0.19398305
5.15758968	0.04290761	0.00831932	-0.19388902
5.16008968	0.04296401	0.00832621	-0.19379508
5.16258967	0.04302043	0.00833311	-0.19370124
5.16508967	0.04307689	0.00834001	-0.19360748
5.16758966	0.04313339	0.00834691	-0.19351382
5.17008966	0.04318991	0.00835380	-0.19342024
5.17258965	0.04324647	0.00836070	-0.19332676
5.17508965	0.04330307	0.00836760	-0.19323337
5.17758964	0.04335970	0.00837449	-0.19314006
5.18008964	0.04341636	0.00838139	-0.19304685
5.18258963	0.04347305	0.00838829	-0.19295373
5.18508963	0.04352978	0.00839518	-0.19286070
5.18758962	0.04358654	0.00840208	-0.19276775
5.19008962	0.04364334	0.00840898	-0.19267490
5.19258961	0.04370017	0.00841587	-0.19258214
5.19508961	0.04375703	0.00842277	-0.19248946
5.19758960	0.04381393	0.00842966	-0.19239688
5.20008960	0.04387086	0.00843656	-0.19230438
5.20258959	0.04392782	0.00844345	-0.19221197
5.20508959	0.04398482	0.00845035	-0.19211965
5.20758958	0.04404184	0.00845724	-0.19202742
5.21008958	0.04409891	0.00846414	-0.19193528
5.21258957	0.04415600	0.00847103	-0.19184323
5.21508957	0.04421313	0.00847792	-0.19175126
5.21758956	0.04427029	0.00848482	-0.19165938
5.22008956	0.04432749	0.00849171	-0.19156759
5.22258955	0.04438472	0.00849860	-0.19147589
5.22508955	0.04444198	0.00850550	-0.19138428
5.22758954	0.04449928	0.00851239	-0.19129275
5.23008954	0.04455660	0.00851928	-0.19120132
5.23258953	0.04461396	0.00852617	-0.19110996
5.23508953	0.04467136	0.00853306	-0.19101870
5.23758952	0.04472879	0.00853996	-0.19092752
5.24008952	0.04478625	0.00854685	-0.19083643
5.24258951	0.04484374	0.00855374	-0.19074543
5.24508951	0.04490127	0.00856063	-0.19065452
5.24758950	0.04495883	0.00856752	-0.19056369
5.25008950	0.04501642	0.00857441	-0.19047294
5.25258949	0.04507404	0.00858130	-0.19038229
5.25508949	0.04513170	0.00858819	-0.19029172
5.25758948	0.04518939	0.00859508	-0.19020123
5.26008948	0.04524711	0.00860197	-0.19011083
5.26258947	0.04530487	0.00860886	-0.19002052
5.26508947	0.04536266	0.00861574	-0.18993030
5.26758946	0.04542048	0.00862263	-0.18984015
5.27008946	0.04547834	0.00862952	-0.18975010
5.27258945	0.04553622	0.00863641	-0.18966013
5.27508945	0.04559414	0.00864329	-0.18957025
5.27758944	0.04565210	0.00865018	-0.18948045
5.28008944	0.04571008	0.00865707	-0.18939073
5.28258943	0.04576810	0.00866395	-0.18930110
5.28508943	0.04582615	0.00867084	-0.18921156
5.28758942	0.04588423	0.00867772	-0.18912210
5.29008942	0.04594235	0.00868461	-0.18903272
5.29258941	0.04600050	0.00869149	-0.18894343
5.29508941	0.04605868	0.00869838	-0.18885422
5.29758940	0.04611689	0.00870526	-0.18876510
5.30008940	0.04617514	0.00871214	-0.18867606
5.30258939	0.04623341	0.00871903	-0.18858711
5.30508939	0.04629172	0.00872591	-0.18849824
5.30758938	0.04635007	0.00873279	-0.18840945
5.31008938	0.04640844	0.00873967	-0.18832075
5.31258937	0.04646685	0.00874655	-0.18823213
5.31508937	0.04652529	0.00875343	-0.18814359
5.31758936	0.04658376	0.00876032	-0.18805514
5.32008936	0.04664226	0.00876720	-0.18796677
5.32258935	0.04670080	0.00877408	-0.18787848
5.32508935	0.04675937	0.00878095	-0.18779028
5.32758934	0.04681797	0.00878783	-0.18770215
5.33008934	0.04687660	0.00879471	-0.18761412
5.33258933	0.04693527	0.00880159	-0.18752616
5.33508933	0.04699396	0.00880847	-0.18743829
5.33758932	0.04705269	0.00881535	-0.18735049
5.34008932	0.04711146	0.00882222	-0.18726279
5.34258931	0.04717025	0.00882910	-0.18717516
5.34508931	0.04722907	0.00883597	-0.18708761
5.34758930	0.04728793	0.00884285	-0.18700015
5.35008930	0.04734682	0.00884973	-0.18691277
5.35258929	0.04740574	0.00885660	-0.18682547
5.35508929	0.04746469	0.00886347	-0.18673825
5.35758928	0.04752368	0.00887035	-0.18665111
5.36008928	0.04758270	0.00887722	-0.18656406
5.36258927	0.04764174	0.00888409	-0.18647708
5.36508927	0.04770083	0.00889097	-0.18639019
5.36758926	0.04775994	0.00889784	-0.18630338
5.37008926	0.04781908	0.00890471	-0.18621664
5.37258925	0.04787826	0.00891158	-0.18612999
5.37508925	0.04793746	0.00891845	-0.18604342
5.37758924	0.04799670	0.00892532	-0.18595693
5.38008924	0.04805597	0.00893219	-0.18587052
5.38258923	0.04811528	0.00893906	-0.18578419
5.38508923	0.04817461	0.00894593	-0.18569794
5.38758922	0.04823398	0.00895279	-0.18561178
5.39008922	0.04829337	0.00895966	-0.18552569
5.39258921	0.04835280	0.00896653	-0.18543968
5.39508921	0.04841226	0.00897339	-0.18535375
5.39758920	0.04847175	0.00898026	-0.18526790
5.40008920	0.04853128	0.00898713	-0.18518213
5.40258919	0.04859083	0.00899399	-0.18509644
5.40508919	0.04865042	0.00900085	-0.18501082
5.40758918	0.04871004	0.00900772	-0.18492529
5.41008918	0.04876968	0.00901458	-0.18483984
5.41258917	0.04882936	0.00902144	-0.18475446
5.41508917	0.04888908	0.00902830	-0.18466917
5.41758916	0.04894882	0.00903517	-0.18458395
5.42008916	0.04900859	0.00904203	-0.18449881
5.42258915	0.04906840	0.00904889	-0.18441375
5.42508915	0.04912823	0.00905575	-0.18432877
5.42758914	0.04918810	0.00906261	-0.18424386
5.43008914	0.04924800	0.00906946	-0.18415904
5.43258913	0.04930793	0.00907632	-0.18407429
5.43508913	0.04936789	0.00908318	-0.18398962
5.43758912	0.04942788	0.00909004	-0.18390503
5.44008912	0.04948791	0.00909689	-0.18382052
5.44258911	0.04954796	0.00910375	-0.18373608
5.44508911	0.04960805	0.00911060	-0.18365172
5.44758910	0.04966816	0.00911746	-0.18356744
5.45008910	0.04972831	0.00912431	-0.18348324
5.45258909	0.04978849	0.00913116	-0.18339911
5.45508909	0.04984870	0.00913802	-0.18331506
5.45758908	0.04990894	0.00914487	-0.18323109
5.46008908	0.04996921	0.00915172	-0.18314720
5.46258907	0.05002951	0.00915857	-0.18306338
5.46508907	0.05008984	0.00916542	-0.18297963
5.46758906	0.05015020	0.00917227	-0.18289597
5.47008906	0.05021060	0.00917912	-0.18281238
5.47258905	0.05027102	0.00918597	-0.18272887
5.47508905	0.05033148	0.00919281	-0.18264543
5.47758904	0.05039196	0.00919966	-0.18256207
5.48008904	0.05045248	0.00920651	-0.18247879
5.48258903	0.05051303	0.00921335	-0.18239558
5.48508903	0.05057360	0.00922020	-0.18231245
5.48758902	0.05063421	0.00922704	-0.18222939
5.49008902	0.05069485	0.00923389	-0.18214641
5.49258901	0.05075552	0.00924073	-0.18206350
5.49508901	0.05081622	0.00924757	-0.18198067
5.49758900	0.05087695	0.00925441	-0.18189792
5.50008900	0.05093771	0.00926125	-0.18181524
5.50258899	0.05099850	0.00926809	-0.18173264
5.50508899	0.05105933	0.00927493	-0.18165011
5.50758898	0.05112018	0.00928177	-0.18156765
5.51008898	0.05118106	0.00928861	-0.18148527
5.51258897	0.05124197	0.00929545	-0.18140297
5.51508897	0.05130292	0.00930228	-0.18132074
5.51758896	0.05136389	0.00930912	-0.18123858
5.52008896	0.05142489	0.00931595	-0.18115650
5.52258895	0.05148593	0.00932279	-0.18107449
5.52508895	0.05154699	0.00932962	-0.18099256
5.52758894	0.05160808	0.00933645	-0.18091070
5.53008894	0.05166921	0.00934329	-0.18082892
5.53258893	0.05173036	0.00935012	-0.18074721
5.53508893	0.05179155	0.00935695	-0.18066557
5.53758892	0.05185276	0.00936378	-0.18058401
5.54008892	0.05191401	0.00937061	-0.18050252
5.54258891	0.05197528	0.00937744	-0.18042110
5.54508891	0.05203659	0.00938427	-0.18033976
5.54758890	0.05209792	0.00939109	-0.18025849
5.55008890	0.05215928	0.00939792	-0.18017729
5.55258889	0.05222068	0.00940474	-0.18009617
5.55508889	0.05228210	0.00941157	-0.18001512
5.55758888	0.05234356	0.00941839	-0.17993414
5.56008888	0.05240504	0.00942522	-0.17985324
5.56258887	0.05246655	0.00943204	-0.17977241
5.56508887	0.05252810	0.00943886	-0.17969165
5.56758886	0.05258967	0.00944568	-0.17961096
5.57008886	0.05265127	0.00945250	-0.17953035
5.57258885	0.05271291	0.00945932	-0.17944981
5.57508885	0.05277457	0.00946614	-0.17936934
5.57758884	0.05283626	0.00947296	-0.17928894
5.58008884	0.05289798	0.00947977	-0.17920862
5.58258883	0.05295973	0.00948659	-0.17912836
5.58508883	0.05302151	0.00949341	-0.17904818
5.58758882	0.05308332	0.00950022	-0.17896807
5.59008882	0.05314516	0.00950703	-0.17888803
5.59258881	0.05320703	0.00951385	-0.17880807
5.59508881	0.05326893	0.00952066	-0.17872817
5.59758880	0.05333086	0.00952747	-0.17864835
5.60008880	0.05339281	0.00953428	-0.17856860
5.60258879	0.05345480	0.00954109	-0.17848892
5.60508879	0.05351682	0.00954790	-0.17840931
5.60758878	0.05357886	0.00955471	-0.17832977
5.61008878	0.05364094	0.00956151	-0.17825030
5.61258877	0.05370304	0.00956832	-0.17817090
5.61508877	0.05376517	0.00957512	-0.17809157
5.61758876	0.05382734	0.00958193	-0.17801232
5.62008876	0.05388953	0.00958873	-0.17793313
5.62258875	0.05395175	0.00959554	-0.17785402
5.62508875	0.05401400	0.00960234	-0.17777497
5.62758874	0.05407628	0.00960914	-0.17769600
5.63008874	0.05413858	0.00961594	-0.17761709
5.63258873	0.05420092	0.00962274	-0.17753826
5.63508873	0.05426329	0.00962954	-0.17745949
5.63758872	0.05432568	0.00963633	-0.17738080
5.64008872	0.05438811	0.00964313	-0.17730218
5.64258871	0.05445056	0.00964993	-0.17722362
5.64508871	0.05451304	0.00965672	-0.17714513
5.64758870	0.05457555	0.00966351	-0.17706672
5.65008870	0.05463809	0.00967031	-0.17698837
5.65258869	0.05470066	0.00967710	-0.17691009
5.65508869	0.05476326	0.00968389	-0.17683189
5.65758868	0.05482588	0.00969068	-0.17675375
5.66008868	0.05488854	0.00969747	-0.17667568
5.66258867	0.05495122	0.00970426	-0.17659768
5.66508867	0.05501393	0.00971105	-0.17651974
5.66758866	0.05507667	0.00971783	-0.17644188
5.67008866	0.05513944	0.00972462	-0.17636409
5.67258865	0.05520224	0.00973140	-0.17628636
5.67508865	0.05526507	0.00973819	-0.17620870
5.67758864	0.05532792	0.00974497	-0.17613111
5.68008864	0.05539081	0.00975175	-0.17605359
5.68258863	0.05545372	0.00975853	-0.17597614
5.68508863	0.05551666	0.00976531	-0.17589875
5.68758862	0.05557963	0.00977209	-0.17582144
5.69008862	0.05564262	0.00977887	-0.17574419
5.69258861	0.05570565	0.00978564	-0.17566701
5.69508861	0.05576870	0.00979242	-0.17558989
5.69758860	0.05583179	0.00979920	-0.17551285
5.70008860	0.05589490	0.00980597	-0.17543587
5.70258859	0.05595804	0.00981274	-0.17535896
5.70508859	0.05602120	0.00981952	-0.17528212
5.70758858	0.05608440	0.00982629	-0.17520534
5.71008858	0.05614762	0.00983306	-0.17512863
5.71258857	0.05621088	0.00983983	-0.17505199
5.71508857	0.05627416	0.00984659	-0.17497542
5.71758856	0.05633746	0.00985336	-0.17489891
5.72008856	0.05640080	0.00986013	-0.17482247
5.72258855	0.05646417	0.00986689	-0.17474609
5.72508855	0.05652756	0.00987366	-0.17466979
5.72758854	0.05659098	0.00988042	-0.17459355
5.73008854	0.05665443	0.00988718	-0.17451737
5.73258853	0.05671790	0.00989394	-0.17444127
5.73508853	0.05678141	0.00990070	-0.17436522
5.73758852	0.05684494	0.00990746	-0.17428925
5.74008852	0.05690850	0.00991422	-0.17421334
5.74258851	0.05697209	0.00992098	-0.17413750
5.74508851	0.05703570	0.00992773	-0.17406172
5.74758850	0.05709935	0.00993449	-0.17398601
5.75008850	0.05716302	0.00994124	-0.17391037
5.75258849	0.05722672	0.00994799	-0.17383479
5.75508849	0.05729044	0.00995475	-0.17375927
5.75758848	0.05735420	0.00996150	-0.17368383
5.76008848	0.05741798	0.00996825	-0.17360844
5.76258847	0.05748179	0.00997499	-0.17353313
5.76508847	0.05754563	0.00998174	-0.17345788
5.76758846	0.05760949	0.00998849	-0.17338269
5.77008846	0.05767338	0.00999523	-0.17330757
5.77258845	0.05773730	0.01000198	-0.17323251
5.77508845	0.05780125	0.01000872	-0.17315752
5.77758844	0.05786523	0.01001546	-0.17308259
5.78008844	0.05792923	0.01002220	-0.17300773
5.78258843	0.05799326	0.01002894	-0.17293294
5.78508843	0.05805731	0.01003568	-0.17285820
5.78758842	0.05812140	0.01004242	-0.17278354
5.79008842	0.05818551	0.01004916	-0.17270893
5.79258841	0.05824965	0.01005589	-0.17263440
5.79508841	0.05831382	0.01006263	-0.17255992
5.79758840	0.05837801	0.01006936	-0.17248551
5.80008840	0.05844223	0.01007609	-0.17241117
5.80258839	0.05850648	0.01008282	-0.17233688
5.80508839	0.05857075	0.01008955	-0.17226267
5.80758838	0.05863505	0.01009628	-0.17218851
5.81008838	0.05869938	0.01010301	-0.17211442
5.81258837	0.05876374	0.01010974	-0.17204039
5.81508837	0.05882812	0.01011646	-0.17196643
5.81758836	0.05889253	0.01012319	-0.17189253
5.82008836	0.05895697	0.01012991	-0.17181870
5.82258835	0.05902143	0.01013663	-0.17174492
5.82508835	0.05908592	0.01014335	-0.17167122
5.82758834	0.05915044	0.01015007	-0.17159757
5.83008834	0.05921499	0.01015679	-0.17152399
5.83258833	0.05927956	0.01016351	-0.17145047
5.83508833	0.05934416	0.01017022	-0.17137701
5.83758832	0.05940878	0.01017694	-0.17130362
5.84008832	0.05947343	0.01018365	-0.17123029
5.84258831	0.05953811	0.01019037	-0.17115702
5.84508831	0.05960282	0.01019708	-0.17108381
5.84758830	0.05966755	0.01020379	-0.17101067
5.85008830	0.05973231	0.01021050	-0.17093759
5.85258829	0.05979709	0.01021720	-0.17086457
5.85508829	0.05986191	0.01022391	-0.17079162
5.85758828	0.05992674	0.01023062	-0.17071872
5.86008828	0.05999161	0.01023732	-0.17064589
5.86258827	0.06005650	0.01024402	-0.17057312
5.86508827	0.06012142	0.01025073	-0.17050042
5.86758826	0.06018636	0.01025743	-0.17042777
5.87008826	0.06025133	0.01026413	-0.17035519
5.87258825	0.06031633	0.01027083	-0.17028267
5.87508825	0.06038135	0.01027752	-0.17021021
5.87758824	0.06044640	0.01028422	-0.17013781
5.88008824	0.06051148	0.01029091	-0.17006548
5.88258823	0.06057658	0.01029761	-0.16999320
5.88508823	0.06064171	0.01030430	-0.16992099
5.88758822	0.06070686	0.01031099	-0.16984883
5.89008822	0.06077204	0.01031768	-0.16977674
5.89258821	0.06083725	0.01032437	-0.16970471
5.89508821	0.06090248	0.01033106	-0.16963275
5.89758820	0.06096774	0.01033774	-0.16956084
5.90008820	0.06103303	0.01034443	-0.16948899
5.90258819	0.06109834	0.01035111	-0.16941721
5.90508819	0.06116368	0.01035779	-0.16934548
5.90758818	0.06122904	0.01036447	-0.16927382
5.91008818	0.06129443	0.01037115	-0.16920221
5.91258817	0.06135984	0.01037783	-0.16913067
5.91508817	0.06142529	0.01038451	-0.16905919
5.91758816	0.06149075	0.01039118	-0.16898777
5.92008816	0.06155624	0.01039786	-0.16891640
5.92258815	0.06162176	0.01040453	-0.16884510
5.92508815	0.06168731	0.01041120	-0.16877386
5.92758814	0.06175288	0.01041788	-0.16870268
5.93008814	0.06181847	0.01042455	-0.16863156
5.93258813	0.06188409	0.01043121	-0.16856050
5.93508813	0.06194974	0.01043788	-0.16848949
5.93758812	0.06201541	0.01044455	-0.16841855
5.94008812	0.06208111	0.01045121	-0.16834767
5.94258811	0.06214684	0.01045787	-0.16827685
5.94508811	0.06221258	0.01046454	-0.16820609
5.94758810	0.06227836	0.01047120	-0.16813538
5.95008810	0.06234416	0.01047785	-0.16806474
5.95258809	0.06240999	0.01048451	-0.16799415
5.95508809	0.06247584	0.01049117	-0.16792363
5.95758808	0.06254171	0.01049782	-0.16785316
5.96008808	0.06260762	0.01050448	-0.16778276
5.96258807	0.06267354	0.01051113	-0.16771241
5.96508807	0.06273950	0.01051778	-0.16764212
5.96758806	0.06280547	0.01052443	-0.16757189
5.97008806	0.06287148	0.01053108	-0.16750172
5.97258805	0.06293750	0.01053773	-0.16743160
5.97508805	0.06300356	0.01054437	-0.16736155
5.97758804	0.06306964	0.01055102	-0.16729156
5.98008804	0.06313574	0.01055766	-0.16722162
5.98258803	0.06320187	0.01056430	-0.16715174
5.98508803	0.06326802	0.01057094	-0.16708192
5.98758802	0.06333420	0.01057758	-0.16701216
5.99008802	0.06340041	0.01058422	-0.16694246
5.99258801	0.06346664	0.01059086	-0.16687281
5.99508801	0.06353289	0.01059749	-0.16680322
5.99758800	0.06359917	0.01060412	-0.16673369
6.00008800	0.06366547	0.01061076	-0.16666422
6.00258799	0.06373180	0.01061739	-0.16659481
6.00508799	0.06379815	0.01062402	-0.16652545
6.00758798	0.06386453	0.01063064	-0.16645616
6.01008798	0.06393094	0.01063727	-0.16638692
6.01258797	0.06399736	0.01064390	-0.16631773
6.01508797	0.06406382	0.01065052	-0.16624861
6.01758796	0.06413029	0.01065714	-0.16617954
6.02008796	0.06419679	0.01066376	-0.16611053
6.02258795	0.06426332	0.01067038	-0.16604158
6.02508795	0.06432987	0.01067700	-0.16597268
6.02758794	0.06439645	0.01068362	-0.16590384
6.03008794	0.06446305	0.01069023	-0.16583506
6.03258793	0.06452967	0.01069685	-0.16576634
6.03508793	0.06459632	0.01070346	-0.16569767
6.03758792	0.06466300	0.01071007	-0.16562906
6.04008792	0.06472969	0.01071668	-0.16556050
6.04258791	0.06479642	0.01072329	-0.16549201
6.04508791	0.06486316	0.01072990	-0.16542357
6.04758790	0.06492993	0.01073650	-0.16535518
6.05008790	0.06499673	0.01074311	-0.16528685
6.05258789	0.06506355	0.01074971	-0.16521858
6.05508789	0.06513039	0.01075631	-0.16515037
6.05758788	0.06519726	0.01076291	-0.16508221
6.06008788	0.06526415	0.01076951	-0.16501411
6.06258787	0.06533107	0.01077610	-0.16494606
6.06508787	0.06539801	0.01078270	-0.16487807
6.06758786	0.06546498	0.01078929	-0.16481014
6.07008786	0.06553197	0.01079588	-0.16474226
6.07258785	0.06559898	0.01080247	-0.16467444
6.07508785	0.06566602	0.01080906	-0.16460667
6.07758784	0.06573308	0.01081565	-0.16453896
6.08008784	0.06580016	0.01082224	-0.16447131
6.08258783	0.06586727	0.01082882	-0.16440371
6.08508783	0.06593440	0.01083541	-0.16433617
6.08758782	0.06600156	0.01084199	-0.16426868
6.09008782	0.06606874	0.01084857	-0.16420124
6.09258781	0.06613594	0.01085515	-0.16413387
6.09508781	0.06620317	0.01086173	-0.16406655
6.09758780	0.06627042	0.01086830	-0.16399928
6.10008780	0.06633770	0.01087488	-0.16393207
6.10258779	0.06640500	0.01088145	-0.16386491
6.10508779	0.06647232	0.01088802	-0.16379781
6.10758778	0.06653967	0.01089459	-0.16373076
6.11008778	0.06660704	0.01090116	-0.16366377
6.11258777	0.06667443	0.01090773	-0.16359683
6.11508777	0.06674185	0.01091429	-0.16352995
6.11758776	0.06680929	0.01092085	-0.16346312
6.12008776	0.06687675	0.01092742	-0.16339635
6.12258775	0.06694424	0.01093398	-0.16332963
6.12508775	0.06701175	0.01094054	-0.16326297
6.12758774	0.06707928	0.01094709	-0.16319636
6.13008774	0.06714684	0.01095365	-0.16312980
6.13258773	0.06721442	0.01096021	-0.16306330
6.13508773	0.06728203	0.01096676	-0.16299685
6.13758772	0.06734965	0.01097331	-0.16293046
6.14008772	0.06741731	0.01097986	-0.16286412
6.14258771	0.06748498	0.01098641	-0.16279784
6.14508771	0.06755268	0.01099296	-0.16273161
6.14758770	0.06762040	0.01099950	-0.16266543
6.15008770	0.06768814	0.01100604	-0.16259931
6.15258769	0.06775591	0.01101259	-0.16253324
6.15508769	0.06782370	0.01101913	-0.16246722
6.15758768	0.06789151	0.01102567	-0.16240126
6.16008768	0.06795934	0.01103220	-0.16233535
6.16258767	0.06802720	0.01103874	-0.16226950
6.16508767	0.06809508	0.01104527	-0.16220369
6.16758766	0.06816299	0.01105181	-0.16213795
6.17008766	0.06823092	0.01105834	-0.16207225
6.17258765	0.06829887	0.01106487	-0.16200661
6.17508765	0.06836684	0.01107140	-0.16194102
6.17758764	0.06843483	0.01107792	-0.16187549
6.18008764	0.06850285	0.01108445	-0.16181000
6.18258763	0.06857089	0.01109097	-0.16174457
6.18508763	0.06863896	0.01109749	-0.16167920
6.18758762	0.06870704	0.01110401	-0.16161387
6.19008762	0.06877515	0.01111053	-0.16154860
6.19258761	0.06884328	0.01111705	-0.16148338
6.19508761	0.06891144	0.01112356	-0.16141822
6.19758760	0.06897961	0.01113008	-0.16135310
6.20008760	0.06904781	0.01113659	-0.16128804
6.20258759	0.06911604	0.01114310	-0.16122304
6.20508759	0.06918428	0.01114961	-0.16115808
6.20758758	0.06925255	0.01115611	-0.16109318
6.21008758	0.06932084	0.01116262	-0.16102832
6.21258757	0.06938915	0.01116912	-0.16096353
6.21508757	0.06945748	0.01117562	-0.16089878
6.21758756	0.06952584	0.01118212	-0.16083408
6.22008756	0.06959421	0.01118862	-0.16076944
6.22258755	0.06966262	0.01119512	-0.16070485
6.22508755	0.06973104	0.01120162	-0.16064031
6.22758754	0.06979948	0.01120811	-0.16057582
6.23008754	0.06986795	0.01121460	-0.16051139
6.23258753	0.06993644	0.01122109	-0.16044700
6.23508753	0.07000495	0.01122758	-0.16038267
6.23758752	0.07007348	0.01123407	-0.16031839
6.24008752	0.07014204	0.01124055	-0.16025416
6.24258751	0.07021062	0.01124704	-0.16018998
6.24508751	0.07027922	0.01125352	-0.16012586
6.24758750	0.07034784	0.01126000	-0.16006178
6.25008750	0.07041648	0.01126648	-0.15999776
6.25258749	0.07048514	0.01127296	-0.15993379
6.25508749	0.07055383	0.01127943	-0.15986987
6.25758748	0.07062254	0.01128591	-0.15980600
6.26008748	0.07069127	0.01129238	-0.15974218
6.26258747	0.07076002	0.01129885	-0.15967841
6.26508747	0.07082880	0.01130532	-0.15961469
6.26758746	0.07089759	0.01131178	-0.15955102
6.27008746	0.07096641	0.01131825	-0.15948741
6.27258745	0.07103525	0.01132471	-0.15942384
6.27508745	0.07110411	0.01133117	-0.15936033
6.27758744	0.07117299	0.01133763	-0.15929687
6.28008744	0.07124189	0.01134409	-0.15923345
6.28258743	0.07131082	0.01135055	-0.15917009
6.28508743	0.07137976	0.01135700	-0.15910678
6.28758742	0.07144873	0.01136346	-0.15904351
6.29008742	0.07151772	0.01136991	-0.15898030
6.29258741	0.07158673	0.01137636	-0.15891714
6.29508741	0.07165576	0.01138281	-0.15885403
6.29758740	0.07172482	0.01138925	-0.15879097
6.30008740	0.07179389	0.01139570	-0.15872796
6.30258739	0.07186299	0.01140214	-0.15866500
6.30508739	0.07193211	0.01140858	-0.15860208
6.30758738	0.07200124	0.01141502	-0.15853922
6.31008738	0.07207040	0.01142146	-0.15847641
6.31258737	0.07213958	0.01142789	-0.15841365
6.31508737	0.07220879	0.01143433	-0.15835094
6.31758736	0.07227801	0.01144076	-0.15828827
6.32008736	0.07234725	0.01144719	-0.15822566
6.32258735	0.07241652	0.01145362	-0.15816310
6.32508735	0.07248580	0.01146005	-0.15810058
6.32758734	0.07255511	0.01146647	-0.15803812
6.33008734	0.07262444	0.01147290	-0.15797570
6.33258733	0.07269379	0.01147932	-0.15791334
6.33508733	0.07276316	0.01148574	-0.15785102
6.33758732	0.07283255	0.01149216	-0.15778875
6.34008732	0.07290196	0.01149857	-0.15772653
6.34258731	0.07297139	0.01150499	-0.15766436
6.34508731	0.07304084	0.01151140	-0.15760224
6.34758730	0.07311032	0.01151781	-0.15754017
6.35008730	0.07317981	0.01152422	-0.15747815
6.35258729	0.07324932	0.01153063	-0.15741618
6.35508729	0.07331886	0.01153703	-0.15735425
6.35758728	0.07338841	0.01154344	-0.15729237
6.36008728	0.07345799	0.01154984	-0.15723055
6.36258727	0.07352759	0.01155624	-0.15716877
6.36508727	0.07359721	0.01156264	-0.15710704
6.36758726	0.07366684	0.01156904	-0.15704535
6.37008726	0.07373650	0.01157543	-0.15698372
6.37258725	0.07380618	0.01158182	-0.15692214
6.37508725	0.07387588	0.01158821	-0.15686060
6.37758724	0.07394560	0.01159460	-0.15679911
6.38008724	0.07401534	0.01160099	-0.15673767
6.38258723	0.07408510	0.01160738	-0.15667628
6.38508723	0.07415488	0.01161376	-0.15661493
6.38758722	0.07422468	0.01162014	-0.15655364
6.39008722	0.07429450	0.01162652	-0.15649239
6.39258721	0.07436434	0.01163290	-0.15643119
6.39508721	0.07443420	0.01163928	-0.15637003
6.39758720	0.07450408	0.01164565	-0.15630893
6.40008720	0.07457398	0.01165203	-0.15624787
6.40258719	0.07464390	0.01165840	-0.15618686
6.40508719	0.07471384	0.01166477	-0.15612590
6.40758718	0.07478381	0.01167113	-0.15606499
6.41008718	0.07485379	0.01167750	-0.15600412
6.41258717	0.07492379	0.01168386	-0.15594330
6.41508717	0.07499381	0.01169022	-0.15588253
6.41758716	0.07506385	0.01169658	-0.15582180
6.42008716	0.07513391	0.01170294	-0.15576113
6.42258715	0.07520399	0.01170930	-0.15570050
6.42508715	0.07527409	0.01171565	-0.15563991
6.42758714	0.07534421	0.01172200	-0.15557938
6.43008714	0.07541435	0.01172836	-0.15551889
6.43258713	0.07548451	0.01173470	-0.15545845
6.43508713	0.07555469	0.01174105	-0.15539805
6.43758712	0.07562488	0.01174740	-0.15533770
6.44008712	0.07569510	0.01175374	-0.15527740
6.44258711	0.07576534	0.01176008	-0.15521715
6.44508711	0.07583559	0.01176642	-0.15515694
6.44758710	0.07590587	0.01177276	-0.15509678
6.45008710	0.07597617	0.01177909	-0.15503667
6.45258709	0.07604648	0.01178543	-0.15497660
6.45508709	0.07611682	0.01179176	-0.15491658
6.45758708	0.07618717	0.01179809	-0.15485660
6.46008708	0.07625754	0.01180441	-0.15479667
6.46258707	0.07632793	0.01181074	-0.15473679
6.46508707	0.07639835	0.01181706	-0.15467696
6.46758706	0.07646878	0.01182339	-0.15461717
6.47008706	0.07653923	0.01182971	-0.15455743
6.47258705	0.07660970	0.01183602	-0.15449773
6.47508705	0.07668018	0.01184234	-0.15443808
6.47758704	0.07675069	0.01184865	-0.15437847
6.48008704	0.07682122	0.01185497	-0.15431891
6.48258703	0.07689176	0.01186128	-0.15425940
6.48508703	0.07696233	0.01186759	-0.15419994
6.48758702	0.07703291	0.01187389	-0.15414051
6.49008702	0.07710351	0.01188020	-0.15408114
6.49258701	0.07717413	0.01188650	-0.15402181
6.49508701	0.07724477	0.01189280	-0.15396253
6.49758700	0.07731543	0.01189910	-0.15390329
6.50008700	0.07738611	0.01190540	-0.15384409
6.50258699	0.07745681	0.01191169	-0.15378495
6.50508699	0.07752752	0.01191798	-0.15372585
6.50758698	0.07759826	0.01192427	-0.15366679
6.51008698	0.07766901	0.01193056	-0.15360778
6.51258697	0.07773978	0.01193685	-0.15354881
6.51508697	0.07781057	0.01194314	-0.15348989
6.51758696	0.07788138	0.01194942	-0.15343102
6.52008696	0.07795221	0.01195570	-0.15337219
6.52258695	0.07802305	0.01196198	-0.15331340
6.52508695	0.07809392	0.01196826	-0.15325466
6.52758694	0.07816480	0.01197453	-0.15319597
6.53008694	0.07823570	0.01198081	-0.15313732
6.53258693	0.07830662	0.01198708	-0.15307871
6.53508693	0.07837756	0.01199335	-0.15302015
6.53758692	0.07844851	0.01199961	-0.15296164
6.54008692	0.07851949	0.01200588	-0.15290317
6.54258691	0.07859048	0.01201214	-0.15284474
6.54508691	0.07866149	0.01201840	-0.15278636
6.54758690	0.07873252	0.01202466	-0.15272802
6.55008690	0.07880357	0.01203092	-0.15266973
6.55258689	0.07887463	0.01203717	-0.15261148
6.55508689	0.07894572	0.01204343	-0.15255328
6.55758688	0.07901682	0.01204968	-0.15249512
6.56008688	0.07908794	0.01205593	-0.15243701
6.56258687	0.07915907	0.01206218	-0.15237894
6.56508687	0.07923023	0.01206842	-0.15232091
6.56758686	0.07930140	0.01207466	-0.15226293
6.57008686	0.07937260	0.01208091	-0.15220499
6.57258685	0.07944381	0.01208714	-0.15214710
6.57508685	0.07951503	0.01209338	-0.15208925
6.57758684	0.07958628	0.01209962	-0.15203144
6.58008684	0.07965754	0.01210585	-0.15197368
6.58258683	0.07972882	0.01211208	-0.15191596
6.58508683	0.07980012	0.01211831	-0.15185829
6.58758682	0.07987144	0.01212454	-0.15180066
6.59008682	0.07994277	0.01213076	-0.15174307
6.59258681	0.08001412	0.01213698	-0.15168553
6.59508681	0.08008549	0.01214321	-0.15162803
6.59758680	0.08015688	0.01214942	-0.15157057
6.60008680	0.08022828	0.01215564	-0.15151316
6.60258679	0.08029970	0.01216186	-0.15145579
6.60508679	0.08037114	0.01216807	-0.15139846
6.60758678	0.08044260	0.01217428	-0.15134118
6.61008678	0.08051408	0.01218049	-0.15128394
6.61258677	0.08058557	0.01218669	-0.15122675
6.61508677	0.08065708	0.01219290	-0.15116960
6.61758676	0.08072860	0.01219910	-0.15111249
6.62008676	0.08080015	0.01220530	-0.15105542
6.62258675	0.08087171	0.01221150	-0.15099840
6.62508675	0.08094329	0.01221769	-0.15094142
6.62758674	0.08101488	0.01222389	-0.15088448
6.63008674	0.08108649	0.01223008	-0.15082759
6.63258673	0.08115812	0.01223627	-0.15077074
6.63508673	0.08122977	0.01224246	-0.15071393
6.63758672	0.08130143	0.01224864	-0.15065717
6.64008672	0.08137311	0.01225483	-0.15060044
6.64258671	0.08144481	0.01226101	-0.15054376
6.64508671	0.08151653	0.01226719	-0.15048713
6.64758670	0.08158826	0.01227337	-0.15043053
6.65008670	0.08166001	0.01227954	-0.15037398
6.65258669	0.08173177	0.01228571	-0.15031747
6.65508669	0.08180356	0.01229188	-0.15026100
6.65758668	0.08187536	0.01229805	-0.15020458
6.66008668	0.08194717	0.01230422	-0.15014820
6.66258667	0.08201901	0.01231038	-0.15009186
6.66508667	0.08209086	0.01231655	-0.15003556
6.66758666	0.08216272	0.01232271	-0.14997930
6.67008666	0.08223460	0.01232887	-0.14992309
6.67258665	0.08230650	0.01233502	-0.14986692
6.67508665	0.08237842	0.01234118	-0.14981079
6.67758664	0.08245035	0.01234733	-0.14975470
6.68008664	0.08252230	0.01235348	-0.14969866
6.68258663	0.08259427	0.01235963	-0.14964265
6.68508663	0.08266625	0.01236577	-0.14958669
6.68758662	0.08273825	0.01237191	-0.14953077
6.69008662	0.08281027	0.01237806	-0.14947490
6.69258661	0.08288230	0.01238420	-0.14941906
6.69508661	0.08295435	0.01239033	-0.14936327
6.69758660	0.08302641	0.01239647	-0.14930751
6.70008660	0.08309849	0.01240260	-0.14925180
6.70258659	0.08317059	0.01240873	-0.14919613
6.70508659	0.08324270	0.01241486	-0.14914050
6.70758658	0.08331483	0.01242098	-0.14908492
6.71008658	0.08338698	0.01242711	-0.14902937
6.71258657	0.08345914	0.01243323	-0.14897387
6.71508657	0.08353132	0.01243935	-0.14891841
6.71758656	0.08360351	0.01244547	-0.14886299
6.72008656	0.08367572	0.01245158	-0.14880761
6.72258655	0.08374795	0.01245770	-0.14875227
6.72508655	0.08382019	0.01246381	-0.14869697
6.72758654	0.08389244	0.01246992	-0.14864171
6.73008654	0.08396472	0.01247602	-0.14858650
6.73258653	0.08403701	0.01248213	-0.14853133
6.73508653	0.08410931	0.01248823	-0.14847619
6.73758652	0.08418163	0.01249433	-0.14842110
6.74008652	0.08425397	0.01250043	-0.14836605
6.74258651	0.08432632	0.01250652	-0.14831104
6.74508651	0.08439869	0.01251262	-0.14825607
6.74758650	0.08447108	0.01251871	-0.14820114
6.75008650	0.08454348	0.01252480	-0.14814625
6.75258649	0.08461589	0.01253089	-0.14809140
6.75508649	0.08468832	0.01253697	-0.14803659
6.75758648	0.08476077	0.01254305	-0.14798183
6.76008648	0.08483323	0.01254913	-0.14792710
6.76258647	0.08490571	0.01255521	-0.14787242
6.76508647	0.08497820	0.01256129	-0.14781777
6.76758646	0.08505071	0.01256736	-0.14776317
6.77008646	0.08512324	0.01257343	-0.14770860
6.77258645	0.08519578	0.01257950	-0.14765408
6.77508645	0.08526833	0.01258557	-0.14759959
6.77758644	0.08534090	0.01259164	-0.14754515
6.78008644	0.08541349	0.01259770	-0.14749074
6.78258643	0.08548609	0.01260376	-0.14743638
6.78508643	0.08555870	0.01260982	-0.14738206
6.78758642	0.08563133	0.01261587	-0.14732777
6.79008642	0.08570398	0.01262193	-0.14727353
6.79258641	0.08577664	0.01262798	-0.14721933
6.79508641	0.08584932	0.01263403	-0.14716516
6.79758640	0.08592201	0.01264008	-0.14711104
6.80008640	0.08599471	0.01264612	-0.14705696
6.80258639	0.08606744	0.01265216	-0.14700291
6.80508639	0.08614017	0.01265820	-0.14694891
6.80758638	0.08621292	0.01266424	-0.14689494
6.81008638	0.08628569	0.01267028	-0.14684102
6.81258637	0.08635847	0.01267631	-0.14678713
6.81508637	0.08643127	0.01268234	-0.14673328
6.81758636	0.08650408	0.01268837	-0.14667948
6.82008636	0.08657690	0.01269440	-0.14662571
6.82258635	0.08664974	0.01270042	-0.14657198
6.82508635	0.08672260	0.01270645	-0.14651829
6.82758634	0.08679547	0.01271247	-0.14646464
6.83008634	0.08686835	0.01271849	-0.14641103
6.83258633	0.08694125	0.01272450	-0.14635746
6.83508633	0.08701416	0.01273051	-0.14630393
6.83758632	0.08708709	0.01273653	-0.14625044
6.84008632	0.08716003	0.01274253	-0.14619699
6.84258631	0.08723299	0.01274854	-0.14614357
6.84508631	0.08730596	0.01275455	-0.14609020
6.84758630	0.08737895	0.01276055	-0.14603686
6.85008630	0.08745195	0.01276655	-0.14598356
6.85258629	0.08752496	0.01277254	-0.14593030
6.85508629	0.08759799	0.01277854	-0.14587708
6.85758628	0.08767103	0.01278453	-0.14582390
6.86008628	0.08774409	0.01279052	-0.14577076
6.86258627	0.08781716	0.01279651	-0.14571766
6.86508627	0.08789025	0.01280250	-0.14566459
6.86758626	0.08796335	0.01280848	-0.14561157
6.87008626	0.08803646	0.01281446	-0.14555858
6.87258625	0.08810959	0.01282044	-0.14550563
6.87508625	0.08818273	0.01282642	-0.14545272
6.87758624	0.08825589	0.01283239	-0.14539985
6.88008624	0.08832906	0.01283837	-0.14534702
6.88258623	0.08840224	0.01284434	-0.14529422
6.88508623	0.08847544	0.01285030	-0.14524146
6.88758622	0.08854866	0.01285627	-0.14518874
6.89008622	0.08862188	0.01286223	-0.14513606
6.89258621	0.08869512	0.01286819	-0.14508342
6.89508621	0.08876837	0.01287415	-0.14503082
6.89758620	0.08884164	0.01288011	-0.14497825
6.90008620	0.08891492	0.01288606	-0.14492573
6.90258619	0.08898822	0.01289201	-0.14487324
6.90508619	0.08906153	0.01289796	-0.14482078
6.90758618	0.08913485	0.01290391	-0.14476837
6.91008618	0.08920819	0.01290985	-0.14471600
6.91258617	0.08928153	0.01291579	-0.14466366
6.91508617	0.08935490	0.01292173	-0.14461136
6.91758616	0.08942827	0.01292767	-0.14455910
6.92008616	0.08950166	0.01293361	-0.14450687
6.92258615	0.08957507	0.01293954	-0.14445468
6.92508615	0.08964849	0.01294547	-0.14440254
6.92758614	0.08972192	0.01295140	-0.14435042
6.93008614	0.08979536	0.01295732	-0.14429835
6.93258613	0.08986882	0.01296325	-0.14424631
6.93508613	0.08994229	0.01296917	-0.14419432
6.93758612	0.09001577	0.01297509	-0.14414235
6.94008612	0.09008927	0.01298100	-0.14409043
6.94258611	0.09016278	0.01298692	-0.14403854
6.94508611	0.09023630	0.01299283	-0.14398670
6.94758610	0.09030984	0.01299874	-0.14393488
6.95008610	0.09038339	0.01300464	-0.14388311
6.95258609	0.09045695	0.01301055	-0.14383137
6.95508609	0.09053053	0.01301645	-0.14377967
6.95758608	0.09060411	0.01302235	-0.14372801
6.96008608	0.09067772	0.01302825	-0.14367638
6.96258607	0.09075133	0.01303414	-0.14362480
6.96508607	0.09082496	0.01304003	-0.14357324
6.96758606	0.09089860	0.01304592	-0.14352173
6.97008606	0.09097225	0.01305181	-0.14347025
6.97258605	0.09104592	0.01305770	-0.14341881
6.97508605	0.09111960	0.01306358	-0.14336741
6.97758604	0.09119329	0.01306946	-0.14331604
6.98008604	0.09126699	0.01307534	-0.14326471
6.98258603	0.09134071	0.01308122	-0.14321342
6.98508603	0.09141444	0.01308709	-0.14316216
6.98758602	0.09148818	0.01309296	-0.14311094
6.99008602	0.09156194	0.01309883	-0.14305976
6.99258601	0.09163571	0.01310469	-0.14300861
6.99508601	0.09170949	0.01311056	-0.14295750
6.99758600	0.09178328	0.01311642	-0.14290643
7.00008600	0.09185708	0.01312228	-0.14285539
7.00258599	0.09193090	0.01312814	-0.14280439
7.00508599	0.09200473	0.01313399	-0.14275342
7.00758598	0.09207857	0.01313984	-0.14270249
7.01008598	0.09215243	0.01314569	-0.14265160
7.01258597	0.09222630	0.01315154	-0.14260075
7.01508597	0.09230018	0.01315738	-0.14254993
7.01758596	0.09237407	0.01316323	-0.14249915
7.02008596	0.09244797	0.01316907	-0.14244840
7.02258595	0.09252189	0.01317490	-0.14239769
7.02508595	0.09259582	0.01318074	-0.14234701
7.02758594	0.09266976	0.01318657	-0.14229637
7.03008594	0.09274371	0.01319240	-0.14224577
7.03258593	0.09281767	0.01319823	-0.14219521
7.03508593	0.09289165	0.01320405	-0.14214467
7.03758592	0.09296564	0.01320988	-0.14209418
7.04008592	0.09303964	0.01321570	-0.14204372
7.04258591	0.09311365	0.01322151	-0.14199330
7.04508591	0.09318767	0.01322733	-0.14194291
7.04758590	0.09326171	0.01323314	-0.14189256
7.05008590	0.09333576	0.01323895	-0.14184224
7.05258589	0.09340982	0.01324476	-0.14179196
7.05508589	0.09348389	0.01325057	-0.14174172
7.05758588	0.09355797	0.01325637	-0.14169151
7.06008588	0.09363207	0.01326217	-0.14164134
7.06258587	0.09370618	0.01326797	-0.14159120
7.06508587	0.09378029	0.01327377	-0.14154110
7.06758586	0.09385442	0.01327956	-0.14149103
7.07008586	0.09392857	0.01328535	-0.14144100
7.07258585	0.09400272	0.01329114	-0.14139100
7.07508585	0.09407688	0.01329692	-0.14134104
7.07758584	0.09415106	0.01330271	-0.14129112
7.08008584	0.09422525	0.01330849	-0.14124123
7.08258583	0.09429945	0.01331427	-0.14119137
7.08508583	0.09437366	0.01332004	-0.14114155
7.08758582	0.09444788	0.01332582	-0.14109177
7.09008582	0.09452211	0.01333159	-0.14104202
7.09258581	0.09459636	0.01333736	-0.14099230
7.09508581	0.09467061	0.01334312	-0.14094262
7.09758580	0.09474488	0.01334889	-0.14089298
7.10008580	0.09481916	0.01335465	-0.14084337
7.10258579	0.09489345	0.01336041	-0.14079379
7.10508579	0.09496775	0.01336616	-0.14074425
7.10758578	0.09504206	0.01337192	-0.14069475
7.11008578	0.09511638	0.01337767	-0.14064528
7.11258577	0.09519072	0.01338342	-0.14059584
7.11508577	0.09526506	0.01338917	-0.14054644
7.11758576	0.09533942	0.01339491	-0.14049708
7.12008576	0.09541378	0.01340065	-0.14044775
7.12258575	0.09548816	0.01340639	-0.14039845
7.12508575	0.09556255	0.01341213	-0.14034919
7.12758574	0.09563695	0.01341786	-0.14029996
7.13008574	0.09571136	0.01342359	-0.14025077
7.13258573	0.09578578	0.01342932	-0.14020161
7.13508573	0.09586021	0.01343505	-0.14015249
7.13758572	0.09593465	0.01344077	-0.14010340
7.14008572	0.09600911	0.01344649	-0.14005434
7.14258571	0.09608357	0.01345221	-0.14000532
7.14508571	0.09615805	0.01345793	-0.13995633
7.14758570	0.09623253	0.01346364	-0.13990738
7.15008570	0.09630703	0.01346935	-0.13985846
7.15258569	0.09638153	0.01347506	-0.13980958
7.15508569	0.09645605	0.01348077	-0.13976073
7.15758568	0.09653058	0.01348647	-0.13971191
7.16008568	0.09660511	0.01349217	-0.13966313
7.16258567	0.09667966	0.01349787	-0.13961439
7.16508567	0.09675422	0.01350357	-0.13956567
7.16758566	0.09682879	0.01350926	-0.13951699
7.17008566	0.09690337	0.01351495	-0.13946835
7.17258565	0.09697796	0.01352064	-0.13941974
7.17508565	0.09705256	0.01352633	-0.13937116
7.17758564	0.09712717	0.01353201	-0.13932261
7.18008564	0.09720179	0.01353769	-0.13927410
7.18258563	0.09727642	0.01354337	-0.13922563
7.18508563	0.09735106	0.01354905	-0.13917719
7.18758562	0.09742571	0.01355472	-0.13912878
7.19008562	0.09750037	0.01356039	-0.13908040
7.19258561	0.09757504	0.01356606	-0.13903206
7.19508561	0.09764972	0.01357172	-0.13898375
7.19758560	0.09772441	0.01357739	-0.13893548
7.20008560	0.09779911	0.01358305	-0.13888724
7.20258559	0.09787382	0.01358871	-0.13883903
7.20508559	0.09794854	0.01359436	-0.13879086
7.20758558	0.09802327	0.01360001	-0.13874272
7.21008558	0.09809801	0.01360567	-0.13869461
7.21258557	0.09817276	0.01361131	-0.13864654
7.21508557	0.09824752	0.01361696	-0.13859849
7.21758556	0.09832229	0.01362260	-0.13855049
7.22008556	0.09839707	0.01362824	-0.13850251
7.22258555	0.09847185	0.01363388	-0.13845457
7.22508555	0.09854665	0.01363951	-0.13840667
7.22758554	0.09862146	0.01364515	-0.13835879
7.23008554	0.09869628	0.01365078	-0.13831095
7.23258553	0.09877110	0.01365640	-0.13826314
7.23508553	0.09884594	0.01366203	-0.13821537
7.23758552	0.09892078	0.01366765	-0.13816762
7.24008552	0.09899564	0.01367327	-0.13811992
7.24258551	0.09907050	0.01367889	-0.13807224
7.24508551	0.09914538	0.01368450	-0.13802460
7.24758550	0.09922026	0.01369011	-0.13797699
7.25008550	0.09929515	0.01369572	-0.13792941
7.25258549	0.09937005	0.01370133	-0.13788186
7.25508549	0.09944497	0.01370693	-0.13783435
7.25758548	0.09951989	0.01371253	-0.13778687
7.26008548	0.09959481	0.01371813	-0.13773943
7.26258547	0.09966975	0.01372373	-0.13769201
7.26508547	0.09974470	0.01372932	-0.13764463
7.26758546	0.09981966	0.01373491	-0.13759728
7.27008546	0.09989462	0.01374050	-0.13754996
7.27258545	0.09996960	0.01374609	-0.13750268
7.27508545	0.10004458	0.01375167	-0.13745543
7.27758544	0.10011957	0.01375725	-0.13740821
7.28008544	0.10019457	0.01376283	-0.13736103
7.28258543	0.10026959	0.01376840	-0.13731387
7.28508543	0.10034460	0.01377398	-0.13726675
7.28758542	0.10041963	0.01377955	-0.13721966
7.29008542	0.10049467	0.01378512	-0.13717260
7.29258541	0.10056971	0.01379068	-0.13712558
7.29508541	0.10064477	0.01379624	-0.13707859
7.29758540	0.10071983	0.01380180	-0.13703163
7.30008540	0.10079490	0.01380736	-0.13698470
7.30258539	0.10086998	0.01381291	-0.13693780
7.30508539	0.10094507	0.01381847	-0.13689094
7.30758538	0.10102017	0.01382402	-0.13684411
7.31008538	0.10109528	0.01382956	-0.13679731
7.31258537	0.10117039	0.01383511	-0.13675054
7.31508537	0.10124551	0.01384065	-0.13670380
7.31758536	0.10132065	0.01384619	-0.13665710
7.32008536	0.10139579	0.01385172	-0.13661043
7.32258535	0.10147093	0.01385726	-0.13656379
7.32508535	0.10154609	0.01386279	-0.13651718
7.32758534	0.10162126	0.01386831	-0.13647060
7.33008534	0.10169643	0.01387384	-0.13642406
7.33258533	0.10177161	0.01387936	-0.13637755
7.33508533	0.10184680	0.01388488	-0.13633107
7.33758532	0.10192200	0.01389040	-0.13628462
7.34008532	0.10199720	0.01389592	-0.13623820
7.34258531	0.10207242	0.01390143	-0.13619181
7.34508531	0.10214764	0.01390694	-0.13614546
7.34758530	0.10222287	0.01391244	-0.13609913
7.35008530	0.10229811	0.01391795	-0.13605284
7.35258529	0.10237335	0.01392345	-0.13600658
7.35508529	0.10244861	0.01392895	-0.13596035
7.35758528	0.10252387	0.01393445	-0.13591416
7.36008528	0.10259914	0.01393994	-0.13586799
7.36258527	0.10267442	0.01394543	-0.13582186
7.36508527	0.10274971	0.01395092	-0.13577575
7.36758526	0.10282500	0.01395640	-0.13572968
7.37008526	0.10290030	0.01396189	-0.13568364
7.37258525	0.10297561	0.01396737	-0.13563763
7.37508525	0.10305093	0.01397285	-0.13559165
7.37758524	0.10312625	0.01397832	-0.13554571
7.38008524	0.10320158	0.01398379	-0.13549979
7.38258523	0.10327692	0.01398926	-0.13545391
7.38508523	0.10335227	0.01399473	-0.13540805
7.38758522	0.10342763	0.01400019	-0.13536223
7.39008522	0.10350299	0.01400566	-0.13531644
7.39258521	0.10357836	0.01401111	-0.13527068
7.39508521	0.10365374	0.01401657	-0.13522495
7.39758520	0.10372912	0.01402202	-0.13517925
7.40008520	0.10380451	0.01402748	-0.13513358
7.40258519	0.10387991	0.01403292	-0.13508794
7.40508519	0.10395532	0.01403837	-0.13504234
7.40758518	0.10403074	0.01404381	-0.13499676
7.41008518	0.10410616	0.01404925	-0.13495122
7.41258517	0.10418159	0.01405469	-0.13490570
7.41508517	0.10425702	0.01406012	-0.13486022
7.41758516	0.10433247	0.01406556	-0.13481476
7.42008516	0.10440792	0.01407099	-0.13476934
7.42258515	0.10448337	0.01407641	-0.13472395
7.42508515	0.10455884	0.01408184	-0.13467859
7.42758514	0.10463431	0.01408726	-0.13463326
7.43008514	0.10470979	0.01409268	-0.13458796
7.43258513	0.10478528	0.01409809	-0.13454269
7.43508513	0.10486077	0.01410351	-0.13449745
7.43758512	0.10493627	0.01410892	-0.13445224
7.44008512	0.10501177	0.01411432	-0.13440706
7.44258511	0.10508729	0.01411973	-0.13436192
7.44508511	0.10516281	0.01412513	-0.13431680
7.44758510	0.10523834	0.01413053	-0.13427171
7.45008510	0.10531387	0.01413593	-0.13422665
7.45258509	0.10538941	0.01414132	-0.13418163
7.45508509	0.10546496	0.01414671	-0.13413663
7.45758508	0.10554051	0.01415210	-0.13409166
7.46008508	0.10561607	0.01415749	-0.13404673
7.46258507	0.10569164	0.01416287	-0.13400182
7.46508507	0.10576721	0.01416825	-0.13395695
7.46758506	0.10584279	0.01417363	-0.13391210
7.47008506	0.10591838	0.01417901	-0.13386728
7.47258505	0.10599397	0.01418438	-0.13382250
7.47508505	0.10606957	0.01418975	-0.13377774
7.47758504	0.10614518	0.01419512	-0.13373302
7.48008504	0.10622079	0.01420048	-0.13368832
7.48258503	0.10629641	0.01420584	-0.13364365
7.48508503	0.10637204	0.01421120	-0.13359902
7.48758502	0.10644767	0.01421656	-0.13355441
7.49008502	0.10652331	0.01422191	-0.13350983
7.49258501	0.10659895	0.01422726	-0.13346529
7.49508501	0.10667460	0.01423261	-0.13342077
7.49758500	0.10675026	0.01423795	-0.13337628
7.50008500	0.10682592	0.01424329	-0.13333182
7.50258499	0.10690159	0.01424863	-0.13328739
7.50508499	0.10697727	0.01425397	-0.13324299
7.50758498	0.10705295	0.01425931	-0.13319863
7.51008498	0.10712863	0.01426464	-0.13315429
7.51258497	0.10720433	0.01426997	-0.13310998
7.51508497	0.10728003	0.01427529	-0.13306569
7.51758496	0.10735573	0.01428061	-0.13302144
7.52008496	0.10743144	0.01428593	-0.13297722
7.52258495	0.10750716	0.01429125	-0.13293303
7.52508495	0.10758288	0.01429657	-0.13288887
7.52758494	0.10765861	0.01430188	-0.13284473
7.53008494	0.10773434	0.01430719	-0.13280063
7.53258493	0.10781008	0.01431249	-0.13275655
7.53508493	0.10788583	0.01431780	-0.13271251
7.53758492	0.10796158	0.01432310	-0.13266849
7.54008492	0.10803734	0.01432840	-0.13262450
7.54258491	0.10811310	0.01433369	-0.13258054
7.54508491	0.10818887	0.01433899	-0.13253661
7.54758490	0.10826464	0.01434428	-0.13249271
7.55008490	0.10834042	0.01434956	-0.13244884
7.55258489	0.10841621	0.01435485	-0.13240500
7.55508489	0.10849200	0.01436013	-0.13236119
7.55758488	0.10856779	0.01436541	-0.13231740
7.56008488	0.10864359	0.01437068	-0.13227365
7.56258487	0.10871940	0.01437596	-0.13222992
7.56508487	0.10879521	0.01438123	-0.13218622
7.56758486	0.10887103	0.01438650	-0.13214256
7.57008486	0.10894685	0.01439176	-0.13209892
7.57258485	0.10902268	0.01439702	-0.13205530
7.57508485	0.10909851	0.01440228	-0.13201172
7.57758484	0.10917435	0.01440754	-0.13196817
7.58008484	0.10925019	0.01441279	-0.13192464
7.58258483	0.10932604	0.01441804	-0.13188115
7.58508483	0.10940189	0.01442329	-0.13183768
7.58758482	0.10947775	0.01442854	-0.13179424
7.59008482	0.10955362	0.01443378	-0.13175083
7.59258481	0.10962948	0.01443902	-0.13170745
7.59508481	0.10970536	0.01444426	-0.13166410
7.59758480	0.10978124	0.01444949	-0.13162077
7.60008480	0.10985712	0.01445472	-0.13157748
7.60258479	0.10993301	0.01445995	-0.13153421
7.60508479	0.11000890	0.01446518	-0.13149097
7.60758478	0.11008480	0.01447040	-0.13144776
7.61008478	0.11016070	0.01447562	-0.13140458
7.61258477	0.11023661	0.01448084	-0.13136143
7.61508477	0.11031252	0.01448605	-0.13131830
7.61758476	0.11038844	0.01449126	-0.13127520
7.62008476	0.11046436	0.01449647	-0.13123214
7.62258475	0.11054028	0.01450168	-0.13118910
7.62508475	0.11061621	0.01450688	-0.13114608
7.62758474	0.11069215	0.01451208	-0.13110310
7.63008474	0.11076809	0.01451728	-0.13106014
7.63258473	0.11084403	0.01452248	-0.13101722
7.63508473	0.11091998	0.01452767	-0.13097432
7.63758472	0.11099593	0.01453286	-0.13093144
7.64008472	0.11107189	0.01453804	-0.13088860
7.64258471	0.11114785	0.01454323	-0.13084579
7.64508471	0.11122382	0.01454841	-0.13080300
7.64758470	0.11129979	0.01455359	-0.13076024
7.65008470	0.11137576	0.01455876	-0.13071751
7.65258469	0.11145174	0.01456393	-0.13067480
7.65508469	0.11152773	0.01456910	-0.13063213
7.65758468	0.11160371	0.01457427	-0.13058948
7.66008468	0.11167971	0.01457943	-0.13054686
7.66258467	0.11175570	0.01458460	-0.13050427
7.66508467	0.11183170	0.01458975	-0.13046170
7.66758466	0.11190770	0.01459491	-0.13041917
7.67008466	0.11198371	0.01460006	-0.13037666
7.67258465	0.11205972	0.01460521	-0.13033418
7.67508465	0.11213574	0.01461036	-0.13029172
7.67758464	0.11221176	0.01461550	-0.13024930
7.68008464	0.11228778	0.01462064	-0.13020690
7.68258463	0.11236381	0.01462578	-0.13016453
7.68508463	0.11243984	0.01463092	-0.13012218
7.68758462	0.11251588	0.01463605	-0.13007987
7.69008462	0.11259192	0.01464118	-0.13003758
7.69258461	0.11266796	0.01464631	-0.12999532
7.69508461	0.11274401	0.01465143	-0.12995309
7.69758460	0.11282006	0.01465655	-0.12991088
7.70008460	0.11289611	0.01466167	-0.12986870
7.70258459	0.11297217	0.01466679	-0.12982655
7.70508459	0.11304823	0.01467190	-0.12978443
7.70758458	0.11312429	0.01467701	-0.12974233
7.71008458	0.11320036	0.01468212	-0.12970026
7.71258457	0.11327643	0.01468722	-0.12965822
7.71508457	0.11335251	0.01469232	-0.12961621
7.71758456	0.11342859	0.01469742	-0.12957422
7.72008456	0.11350467	0.01470252	-0.12953226
7.72258455	0.11358076	0.01470761	-0.12949033
7.72508455	0.11365684	0.01471270	-0.12944842
7.72758454	0.11373294	0.01471779	-0.12940654
7.73008454	0.11380903	0.01472287	-0.12936469
7.73258453	0.11388513	0.01472795	-0.12932287
7.73508453	0.11396123	0.01473303	-0.12928107
7.73758452	0.11403734	0.01473811	-0.12923930
7.74008452	0.11411345	0.01474318	-0.12919756
7.74258451	0.11418956	0.01474825	-0.12915584
7.74508451	0.11426567	0.01475332	-0.12911415
7.74758450	0.11434179	0.01475838	-0.12907249
7.75008450	0.11441791	0.01476344	-0.12903085
7.75258449	0.11449403	0.01476850	-0.12898924
7.75508449	0.11457016	0.01477355	-0.12894766
7.75758448	0.11464629	0.01477861	-0.12890610
7.76008448	0.11472242	0.01478366	-0.12886458
7.76258447	0.11479856	0.01478870	-0.12882307
7.76508447	0.11487470	0.01479375	-0.12878160
7.76758446	0.11495084	0.01479879	-0.12874015
7.77008446	0.11502698	0.01480383	-0.12869873
7.77258445	0.11510313	0.01480886	-0.12865733
7.77508445	0.11517928	0.01481389	-0.12861597
7.77758444	0.11525543	0.01481892	-0.12857462
7.78008444	0.11533159	0.01482395	-0.12853331
7.78258443	0.11540774	0.01482897	-0.12849202
7.78508443	0.11548390	0.01483400	-0.12845076
7.78758442	0.11556007	0.01483901	-0.12840952
7.79008442	0.11563623	0.01484403	-0.12836831
7.79258441	0.11571240	0.01484904	-0.12832713
7.79508441	0.11578857	0.01485405	-0.12828597
7.79758440	0.11586474	0.01485906	-0.12824484
7.80008440	0.11594092	0.01486406	-0.12820374
7.80258439	0.11601710	0.01486906	-0.12816266
7.80508439	0.11609328	0.01487406	-0.12812161
7.80758438	0.11616946	0.01487905	-0.12808059
7.81008438	0.11624564	0.01488404	-0.12803959
7.81258437	0.11632183	0.01488903	-0.12799862
7.81508437	0.11639802	0.01489402	-0.12795767
7.81758436	0.11647421	0.01489900	-0.12791675
7.82008436	0.11655041	0.01490398	-0.12787586
7.82258435	0.11662660	0.01490896	-0.12783499
7.82508435	0.11670280	0.01491394	-0.12779415
7.82758434	0.11677900	0.01491891	-0.12775333
7.83008434	0.11685520	0.01492388	-0.12771255
7.83258433	0.11693141	0.01492884	-0.12767178
7.83508433	0.11700761	0.01493380	-0.12763104
7.83758432	0.11708382	0.01493876	-0.12759033
7.84008432	0.11716003	0.01494372	-0.12754965
7.84258431	0.11723624	0.01494868	-0.12750899
7.84508431	0.11731246	0.01495363	-0.12746836
7.84758430	0.11738867	0.01495857	-0.12742775
7.85008430	0.11746489	0.01496352	-0.12738717
7.85258429	0.11754111	0.01496846	-0.12734661
7.85508429	0.11761733	0.01497340	-0.12730608
7.85758428	0.11769356	0.01497834	-0.12726558
7.86008428	0.11776978	0.01498327	-0.12722510
7.86258427	0.11784601	0.01498820	-0.12718465
7.86508427	0.11792224	0.01499313	-0.12714422
7.86758426	0.11799847	0.01499806	-0.12710382
7.87008426	0.11807470	0.01500298	-0.12706344
7.87258425	0.11815093	0.01500790	-0.12702309
7.87508425	0.11822716	0.01501281	-0.12698277
7.87758424	0.11830340	0.01501773	-0.12694247
7.88008424	0.11837964	0.01502264	-0.12690220
7.88258423	0.11845588	0.01502754	-0.12686195
7.88508423	0.11853212	0.01503245	-0.12682173
7.88758422	0.11860836	0.01503735	-0.12678153
7.89008422	0.11868460	0.01504225	-0.12674136
7.89258421	0.11876084	0.01504714	-0.12670121
7.89508421	0.11883709	0.01505204	-0.12666109
7.89758420	0.11891334	0.01505693	-0.12662100
7.90008420	0.11898959	0.01506181	-0.12658093
7.90258419	0.11906583	0.01506670	-0.12654089
7.90508419	0.11914208	0.01507158	-0.12650087
7.90758418	0.11921834	0.01507645	-0.12646087
7.91008418	0.11929459	0.01508133	-0.12642090
7.91258417	0.11937084	0.01508620	-0.12638096
7.91508417	0.11944710	0.01509107	-0.12634104
7.91758416	0.11952335	0.01509594	-0.12630115
7.92008416	0.11959961	0.01510080	-0.12626128
7.92258415	0.11967587	0.01510566	-0.12622144
7.92508415	0.11975213	0.01511052	-0.12618163
7.92758414	0.11982839	0.01511537	-0.12614183
7.93008414	0.11990465	0.01512022	-0.12610207
7.93258413	0.11998091	0.01512507	-0.12606233
7.93508413	0.12005717	0.01512992	-0.12602261
7.93758412	0.12013343	0.01513476	-0.12598292
7.94008412	0.12020970	0.01513960	-0.12594325
7.94258411	0.12028596	0.01514444	-0.12590361
7.94508411	0.12036223	0.01514927	-0.12586399
7.94758410	0.12043849	0.01515410	-0.12582440
7.95008410	0.12051476	0.01515893	-0.12578483
7.95258409	0.12059102	0.01516375	-0.12574529
7.95508409	0.12066729	0.01516858	-0.12570577
7.95758408	0.12074356	0.01517339	-0.12566628
7.96008408	0.12081983	0.01517821	-0.12562681
7.96258407	0.12089610	0.01518302	-0.12558737
7.96508407	0.12097237	0.01518783	-0.12554795
7.96758406	0.12104864	0.01519264	-0.12550856
7.97008406	0.12112491	0.01519744	-0.12546919
7.97258405	0.12120118	0.01520225	-0.12542985
7.97508405	0.12127745	0.01520704	-0.12539053
7.97758404	0.12135372	0.01521184	-0.12535123
7.98008404	0.12142999	0.01521663	-0.12531196
7.98258403	0.12150626	0.01522142	-0.12527272
7.98508403	0.12158253	0.01522621	-0.12523350
7.98758402	0.12165881	0.01523099	-0.12519430
7.99008402	0.12173508	0.01523577	-0.12515513
7.99258401	0.12181135	0.01524055	-0.12511598
7.99508401	0.12188762	0.01524532	-0.12507686
7.99758400	0.12196389	0.01525009	-0.12503776
8.00008400	0.12204017	0.01525486	-0.12499869
8.00258399	0.12211644	0.01525963	-0.12495964
8.00508399	0.12219271	0.01526439	-0.12492061
8.00758398	0.12226898	0.01526915	-0.12488161
8.01008398	0.12234526	0.01527390	-0.12484264
8.01258397	0.12242153	0.01527866	-0.12480368
8.01508397	0.12249780	0.01528341	-0.12476476
8.01758396	0.12257407	0.01528816	-0.12472585
8.02008396	0.12265034	0.01529290	-0.12468697
8.02258395	0.12272662	0.01529764	-0.12464812
8.02508395	0.12280289	0.01530238	-0.12460929
8.02758394	0.12287916	0.01530712	-0.12457048
8.03008394	0.12295543	0.01531185	-0.12453170
8.03258393	0.12303170	0.01531658	-0.12449294
8.03508393	0.12310797	0.01532130	-0.12445421
8.03758392	0.12318424	0.01532603	-0.12441550
8.04008392	0.12326051	0.01533075	-0.12437681
8.04258391	0.12333677	0.01533547	-0.12433815
8.04508391	0.12341304	0.01534018	-0.12429951
8.04758390	0.12348931	0.01534489	-0.12426090
8.05008390	0.12356558	0.01534960	-0.12422231
8.05258389	0.12364184	0.01535431	-0.12418374
8.05508389	0.12371811	0.01535901	-0.12414520
8.05758388	0.12379437	0.01536371	-0.12410668
8.06008388	0.12387064	0.01536841	-0.12406819
8.06258387	0.12394690	0.01537310	-0.12402972
8.06508387	0.12402316	0.01537779	-0.12399127
8.06758386	0.12409942	0.01538248	-0.12395285
8.07008386	0.12417569	0.01538716	-0.12391445
8.07258385	0.12425195	0.01539184	-0.12387607
8.07508385	0.12432821	0.01539652	-0.12383772
8.07758384	0.12440446	0.01540120	-0.12379940
8.08008384	0.12448072	0.01540587	-0.12376109
8.08258383	0.12455698	0.01541054	-0.12372281
8.08508383	0.12463323	0.01541521	-0.12368456
8.08758382	0.12470949	0.01541987	-0.12364632
8.09008382	0.12478574	0.01542453	-0.12360811
8.09258381	0.12486200	0.01542919	-0.12356993
8.09508381	0.12493825	0.01543384	-0.12353177
8.09758380	0.12501450	0.01543849	-0.12349363
8.10008380	0.12509075	0.01544314	-0.12345551
8.10258379	0.12516699	0.01544779	-0.12341742
8.10508379	0.12524324	0.01545243	-0.12337935
8.10758378	0.12531949	0.01545707	-0.12334131
8.11008378	0.12539573	0.01546171	-0.12330329
8.11258377	0.12547197	0.01546634	-0.12326529
8.11508377	0.12554822	0.01547097	-0.12322732
8.11758376	0.12562446	0.01547560	-0.12318937
8.12008376	0.12570070	0.01548022	-0.12315144
8.12258375	0.12577693	0.01548484	-0.12311354
8.12508375	0.12585317	0.01548946	-0.12307565
8.12758374	0.12592940	0.01549408	-0.12303780
8.13008374	0.12600564	0.01549869	-0.12299996
8.13258373	0.12608187	0.01550330	-0.12296215
8.13508373	0.12615810	0.01550790	-0.12292436
8.13758372	0.12623433	0.01551251	-0.12288660
8.14008372	0.12631055	0.01551711	-0.12284886
8.14258371	0.12638678	0.01552170	-0.12281114
8.14508371	0.12646300	0.01552630	-0.12277345
8.14758370	0.12653922	0.01553089	-0.12273577
8.15008370	0.12661544	0.01553548	-0.12269813
8.15258369	0.12669166	0.01554006	-0.12266050
8.15508369	0.12676788	0.01554464	-0.12262290
8.15758368	0.12684409	0.01554922	-0.12258532
8.16008368	0.12692030	0.01555380	-0.12254776
8.16258367	0.12699652	0.01555837	-0.12251023
8.16508367	0.12707272	0.01556294	-0.12247272
8.16758366	0.12714893	0.01556751	-0.12243523
8.17008366	0.12722514	0.01557207	-0.12239777
8.17258365	0.12730134	0.01557663	-0.12236033
8.17508365	0.12737754	0.01558119	-0.12232291
8.17758364	0.12745374	0.01558575	-0.12228551
8.18008364	0.12752993	0.01559030	-0.12224814
8.18258363	0.12760613	0.01559485	-0.12221079
8.18508363	0.12768232	0.01559939	-0.12217346
8.18758362	0.12775851	0.01560393	-0.12213616
8.19008362	0.12783470	0.01560847	-0.12209888
8.19258361	0.12791089	0.01561301	-0.12206162
8.19508361	0.12798707	0.01561754	-0.12202438
8.19758360	0.12806325	0.01562207	-0.12198717
8.20008360	0.12813943	0.01562660	-0.12194998
8.20258359	0.12821561	0.01563112	-0.12191281
8.20508359	0.12829178	0.01563565	-0.12187566
8.20758358	0.12836795	0.01564016	-0.12183854
8.21008358	0.12844412	0.01564468	-0.12180144
8.21258357	0.12852029	0.01564919	-0.12176436
8.21508357	0.12859645	0.01565370	-0.12172731
8.21758356	0.12867261	0.01565821	-0.12169027
8.22008356	0.12874877	0.01566271	-0.12165326
8.22258355	0.12882493	0.01566721	-0.12161628
8.22508355	0.12890108	0.01567171	-0.12157931
8.22758354	0.12897724	0.01567620	-0.12154237
8.23008354	0.12905338	0.01568069	-0.12150545
8.23258353	0.12912953	0.01568518	-0.12146855
8.23508353	0.12920567	0.01568966	-0.12143168
8.23758352	0.12928181	0.01569414	-0.12139482
8.24008352	0.12935795	0.01569862	-0.12135799
8.24258351	0.12943409	0.01570310	-0.12132119
8.24508351	0.12951022	0.01570757	-0.12128440
8.24758350	0.12958635	0.01571204	-0.12124764
8.25008350	0.12966247	0.01571650	-0.12121089
8.25258349	0.12973860	0.01572097	-0.12117418
8.25508349	0.12981472	0.01572543	-0.12113748
8.25758348	0.12989084	0.01572988	-0.12110080
8.26008348	0.12996695	0.01573434	-0.12106415
8.26258347	0.13004306	0.01573879	-0.12102752
8.26508347	0.13011917	0.01574324	-0.12099091
8.26758346	0.13019528	0.01574768	-0.12095433
8.27008346	0.13027138	0.01575212	-0.12091776
8.27258345	0.13034748	0.01575656	-0.12088122
8.27508345	0.13042357	0.01576100	-0.12084470
8.27758344	0.13049966	0.01576543	-0.12080821
8.28008344	0.13057575	0.01576986	-0.12077173
8.28258343	0.13065184	0.01577429	-0.12073528
8.28508343	0.13072792	0.01577871	-0.12069884
8.28758342	0.13080400	0.01578313	-0.12066244
8.29008342	0.13088008	0.01578755	-0.12062605
8.29258341	0.13095615	0.01579196	-0.12058968
8.29508341	0.13103222	0.01579637	-0.12055334
8.29758340	0.13110829	0.01580078	-0.12051702
8.30008340	0.13118435	0.01580518	-0.12048072
8.30258339	0.13126041	0.01580959	-0.12044444
8.30508339	0.13133646	0.01581398	-0.12040818
8.30758338	0.13141251	0.01581838	-0.12037195
8.31008338	0.13148856	0.01582277	-0.12033574
8.31258337	0.13156461	0.01582716	-0.12029955
8.31508337	0.13164065	0.01583155	-0.12026338
8.31758336	0.13171668	0.01583593	-0.12022723
8.32008336	0.13179272	0.01584031	-0.12019110
8.32258335	0.13186875	0.01584469	-0.12015500
8.32508335	0.13194477	0.01584906	-0.12011892
8.32758334	0.13202079	0.01585343	-0.12008286
8.33008334	0.13209681	0.01585780	-0.12004682
8.33258333	0.13217283	0.01586217	-0.12001080
8.33508333	0.13224884	0.01586653	-0.11997481
8.33758332	0.13232484	0.01587089	-0.11993883
8.34008332	0.13240085	0.01587524	-0.11990288
8.34258331	0.13247685	0.01587960	-0.11986695
8.34508331	0.13255284	0.01588394	-0.11983104
8.34758330	0.13262883	0.01588829	-0.11979515
8.35008330	0.13270482	0.01589263	-0.11975928
8.35258329	0.13278080	0.01589697	-0.11972344
8.35508329	0.13285678	0.01590131	-0.11968762
8.35758328	0.13293275	0.01590564	-0.11965181
8.36008328	0.13300872	0.01590998	-0.11961603
8.36258327	0.13308469	0.01591430	-0.11958027
8.36508327	0.13316065	0.01591863	-0.11954454
8.36758326	0.13323661	0.01592295	-0.11950882
8.37008326	0.13331256	0.01592727	-0.11947312
8.37258325	0.13338851	0.01593158	-0.11943745
8.37508325	0.13346446	0.01593590	-0.11940180
8.37758324	0.13354040	0.01594021	-0.11936617
8.38008324	0.13361633	0.01594451	-0.11933056
8.38258323	0.13369226	0.01594881	-0.11929497
8.38508323	0.13376819	0.01595311	-0.11925940
8.38758322	0.13384411	0.01595741	-0.11922385
8.39008322	0.13392003	0.01596170	-0.11918833
8.39258321	0.13399594	0.01596600	-0.11915283
8.39508321	0.13407185	0.01597028	-0.11911734
8.39758320	0.13414776	0.01597457	-0.11908188
8.40008320	0.13422366	0.01597885	-0.11904644
8.40258319	0.13429955	0.01598313	-0.11901102
8.40508319	0.13437544	0.01598740	-0.11897562
8.40758318	0.13445133	0.01599167	-0.11894024
8.41008318	0.13452721	0.01599594	-0.11890489
8.41258317	0.13460309	0.01600021	-0.11886955
8.41508317	0.13467896	0.01600447	-0.11883424
8.41758316	0.13475482	0.01600873	-0.11879895
8.42008316	0.13483069	0.01601299	-0.11876367
8.42258315	0.13490654	0.01601724	-0.11872842
8.42508315	0.13498240	0.01602149	-0.11869319
8.42758314	0.13505824	0.01602574	-0.11865798
8.43008314	0.13513409	0.01602998	-0.11862279
8.43258313	0.13520992	0.01603422	-0.11858762
8.43508313	0.13528575	0.01603846	-0.11855248
8.43758312	0.13536158	0.01604270	-0.11851735
8.44008312	0.13543740	0.01604693	-0.11848225
8.44258311	0.13551322	0.01605116	-0.11844716
8.44508311	0.13558903	0.01605538	-0.11841210
8.44758310	0.13566484	0.01605960	-0.11837705
8.45008310	0.13574064	0.01606382	-0.11834203
8.45258309	0.13581644	0.01606804	-0.11830703
8.45508309	0.13589223	0.01607225	-0.11827205
8.45758308	0.13596802	0.01607646	-0.11823709
8.46008308	0.13604380	0.01608067	-0.11820215
8.46258307	0.13611957	0.01608487	-0.11816723
8.46508307	0.13619534	0.01608907	-0.11813233
8.46758306	0.13627111	0.01609327	-0.11809745
8.47008306	0.13634687	0.01609747	-0.11806260
8.47258305	0.13642262	0.01610166	-0.11802776
8.47508305	0.13649837	0.01610584	-0.11799294
8.47758304	0.13657411	0.01611003	-0.11795815
8.48008304	0.13664985	0.01611421	-0.11792337
8.48258303	0.13672558	0.01611839	-0.11788862
8.48508303	0.13680131	0.01612257	-0.11785389
8.48758302	0.13687703	0.01612674	-0.11781917
8.49008302	0.13695274	0.01613091	-0.11778448
8.49258301	0.13702845	0.01613507	-0.11774981
8.49508301	0.13710416	0.01613924	-0.11771515
8.49758300	0.13717985	0.01614340	-0.11768052
8.50008300	0.13725555	0.01614755	-0.11764591
8.50258299	0.13733123	0.01615171	-0.11761132
8.50508299	0.13740691	0.01615586	-0.11757675
8.50758298	0.13748259	0.01616001	-0.11754220
8.51008298	0.13755826	0.01616415	-0.11750767
8.51258297	0.13763392	0.01616829	-0.11747316
8.51508297	0.13770958	0.01617243	-0.11743867
8.51758296	0.13778523	0.01617656	-0.11740420
8.52008296	0.13786088	0.01618070	-0.11736975
8.52258295	0.13793652	0.01618483	-0.11733532
8.52508295	0.13801215	0.01618895	-0.11730091
8.52758294	0.13808778	0.01619307	-0.11726652
8.53008294	0.13816340	0.01619719	-0.11723215
8.53258293	0.13823902	0.01620131	-0.11719781
8.53508293	0.13831462	0.01620542	-0.11716348
8.53758292	0.13839023	0.01620953	-0.11712917
8.54008292	0.13846583	0.01621364	-0.11709488
8.54258291	0.13854142	0.01621774	-0.11706061
8.54508291	0.13861700	0.01622184	-0.11702637
8.54758290	0.13869258	0.01622594	-0.11699214
8.55008290	0.13876815	0.01623004	-0.11695793
8.55258289	0.13884372	0.01623413	-0.11692374
8.55508289	0.13891928	0.01623822	-0.11688957
8.55758288	0.13899483	0.01624230	-0.11685543
8.56008288	0.13907038	0.01624638	-0.11682130
8.56258287	0.13914592	0.01625046	-0.11678719
8.56508287	0.13922145	0.01625454	-0.11675310
8.56758286	0.13929698	0.01625861	-0.11671903
8.57008286	0.13937250	0.01626268	-0.11668499
8.57258285	0.13944801	0.01626674	-0.11665096
8.57508285	0.13952352	0.01627081	-0.11661695
8.57758284	0.13959902	0.01627487	-0.11658296
8.58008284	0.13967452	0.01627892	-0.11654899
8.58258283	0.13975001	0.01628298	-0.11651504
8.58508283	0.13982549	0.01628703	-0.11648111
8.58758282	0.13990096	0.01629108	-0.11644720
8.59008282	0.13997643	0.01629512	-0.11641331
8.59258281	0.14005189	0.01629916	-0.11637944
8.59508281	0.14012735	0.01630320	-0.11634559
8.59758280	0.14020279	0.01630723	-0.11631176
8.60008280	0.14027823	0.01631127	-0.11627795
8.60258279	0.14035367	0.01631529	-0.11624416
8.60508279	0.14042910	0.01631932	-0.11621039
8.60758278	0.14050452	0.01632334	-0.11617663
8.61008278	0.14057993	0.01632736	-0.11614290
8.61258277	0.14065533	0.01633138	-0.11610919
8.61508277	0.14073073	0.01633539	-0.11607550
8.61758276	0.14080613	0.01633940	-0.11604182
8.62008276	0.14088151	0.01634341	-0.11600817
8.62258275	0.14095689	0.01634741	-0.11597453
8.62508275	0.14103226	0.01635141	-0.11594092
8.62758274	0.14110763	0.01635541	-0.11590732
8.63008274	0.14118298	0.01635940	-0.11587374
8.63258273	0.14125833	0.01636339	-0.11584019
8.63508273	0.14133367	0.01636738	-0.11580665
8.63758272	0.14140901	0.01637136	-0.11577313
8.64008272	0.14148434	0.01637535	-0.11573963
8.64258271	0.14155966	0.01637932	-0.11570615
8.64508271	0.14163497	0.01638330	-0.11567269
8.64758270	0.14171028	0.01638727	-0.11563925
8.65008270	0.14178558	0.01639124	-0.11560583
8.65258269	0.14186087	0.01639521	-0.11557243
8.65508269	0.14193615	0.01639917	-0.11553905
8.65758268	0.14201143	0.01640313	-0.11550568
8.66008268	0.14208670	0.01640708	-0.11547234
8.66258267	0.14216196	0.01641104	-0.11543901
8.66508267	0.14223721	0.01641499	-0.11540571
8.66758266	0.14231246	0.01641893	-0.11537242
8.67008266	0.14238770	0.01642288	-0.11533915
8.67258265	0.14246293	0.01642682	-0.11530591
8.67508265	0.14253815	0.01643075	-0.11527268
8.67758264	0.14261337	0.01643469	-0.11523947
8.68008264	0.14268858	0.01643862	-0.11520628
8.68258263	0.14276378	0.01644255	-0.11517310
8.68508263	0.14283897	0.01644647	-0.11513995
8.68758262	0.14291416	0.01645039	-0.11510682
8.69008262	0.14298933	0.01645431	-0.11507370
8.69258261	0.14306450	0.01645823	-0.11504061
8.69508261	0.14313967	0.01646214	-0.11500753
8.69758260	0.14321482	0.01646605	-0.11497448
8.70008260	0.14328997	0.01646995	-0.11494144
8.70258259	0.14336510	0.01647386	-0.11490842
8.70508259	0.14344023	0.01647776	-0.11487542
8.70758258	0.14351536	0.01648165	-0.11484244
8.71008258	0.14359047	0.01648555	-0.11480947
8.71258257	0.14366558	0.01648944	-0.11477653
8.71508257	0.14374067	0.01649332	-0.11474361
8.71758256	0.14381576	0.01649721	-0.11471070
8.72008256	0.14389085	0.01650109	-0.11467781
8.72258255	0.14396592	0.01650496	-0.11464495
8.72508255	0.14404099	0.01650884	-0.11461210
8.72758254	0.14411604	0.01651271	-0.11457927
8.73008254	0.14419109	0.01651658	-0.11454645
8.73258253	0.14426613	0.01652044	-0.11451366
8.73508253	0.14434116	0.01652430	-0.11448089
8.73758252	0.14441619	0.01652816	-0.11444813
8.74008252	0.14449121	0.01653202	-0.11441540
8.74258251	0.14456621	0.01653587	-0.11438268
8.74508251	0.14464121	0.01653972	-0.11434998
8.74758250	0.14471620	0.01654357	-0.11431730
8.75008250	0.14479119	0.01654741	-0.11428464
8.75258249	0.14486616	0.01655125	-0.11425199
8.75508249	0.14494112	0.01655508	-0.11421937
8.75758248	0.14501608	0.01655892	-0.11418676
8.76008248	0.14509103	0.01656275	-0.11415418
8.76258247	0.14516597	0.01656657	-0.11412161
8.76508247	0.14524090	0.01657040	-0.11408906
8.76758246	0.14531582	0.01657422	-0.11405653
8.77008246	0.14539074	0.01657804	-0.11402401
8.77258245	0.14546564	0.01658185	-0.11399152
8.77508245	0.14554054	0.01658566	-0.11395904
8.77758244	0.14561543	0.01658947	-0.11392659
8.78008244	0.14569031	0.01659327	-0.11389415
8.78258243	0.14576518	0.01659707	-0.11386173
8.78508243	0.14584004	0.01660087	-0.11382932
8.78758242	0.14591489	0.01660467	-0.11379694
8.79008242	0.14598974	0.01660846	-0.11376458
8.79258241	0.14606457	0.01661225	-0.11373223
8.79508241	0.14613940	0.01661604	-0.11369990
8.79758240	0.14621422	0.01661982	-0.11366759
8.80008240	0.14628902	0.01662360	-0.11363530
8.80258239	0.14636382	0.01662737	-0.11360303
8.80508239	0.14643861	0.01663115	-0.11357077
8.80758238	0.14651340	0.01663492	-0.11353853
8.81008238	0.14658817	0.01663868	-0.11350632
8.81258237	0.14666293	0.01664245	-0.11347412
8.81508237	0.14673769	0.01664621	-0.11344193
8.81758236	0.14681243	0.01664996	-0.11340977
8.82008236	0.14688717	0.01665372	-0.11337763
8.82258235	0.14696189	0.01665747	-0.11334550
8.82508235	0.14703661	0.01666122	-0.11331339
8.82758234	0.14711132	0.01666496	-0.11328130
8.83008234	0.14718602	0.01666870	-0.11324923
8.83258233	0.14726071	0.01667244	-0.11321717
8.83508233	0.14733539	0.01667618	-0.11318514
8.83758232	0.14741006	0.01667991	-0.11315312
8.84008232	0.14748472	0.01668364	-0.11312112
8.84258231	0.14755937	0.01668736	-0.11308914
8.84508231	0.14763402	0.01669108	-0.11305717
8.84758230	0.14770865	0.01669480	-0.11302523
8.85008230	0.14778327	0.01669852	-0.11299330
8.85258229	0.14785789	0.01670223	-0.11296139
8.85508229	0.14793249	0.01670594	-0.11292950
8.85758228	0.14800709	0.01670965	-0.11289762
8.86008228	0.14808167	0.01671335	-0.11286577
8.86258227	0.14815625	0.01671705	-0.11283393
8.86508227	0.14823082	0.01672075	-0.11280211
8.86758226	0.14830537	0.01672444	-0.11277031
8.87008226	0.14837992	0.01672813	-0.11273853
8.87258225	0.14845446	0.01673182	-0.11270676
8.87508225	0.14852899	0.01673551	-0.11267501
8.87758224	0.14860351	0.01673919	-0.11264328
8.88008224	0.14867801	0.01674286	-0.11261157
8.88258223	0.14875251	0.01674654	-0.11257988
8.88508223	0.14882700	0.01675021	-0.11254820
8.88758222	0.14890148	0.01675388	-0.11251654
8.89008222	0.14897595	0.01675754	-0.11248490
8.89258221	0.14905041	0.01676121	-0.11245328
8.89508221	0.14912486	0.01676487	-0.11242167
8.89758220	0.14919930	0.01676852	-0.11239008
8.90008220	0.14927373	0.01677217	-0.11235851
8.90258219	0.14934814	0.01677582	-0.11232696
8.90508219	0.14942255	0.01677947	-0.11229543
8.90758218	0.14949695	0.01678311	-0.11226391
8.91008218	0.14957134	0.01678675	-0.11223241
8.91258217	0.14964572	0.01679039	-0.11220093
8.91508217	0.14972009	0.01679402	-0.11216947
8.91758216	0.14979445	0.01679765	-0.11213802
8.92008216	0.14986880	0.01680128	-0.11210659
8.92258215	0.14994313	0.01680490	-0.11207518
8.92508215	0.15001746	0.01680852	-0.11204379
8.92758214	0.15009178	0.01681214	-0.11201241
8.93008214	0.15016609	0.01681576	-0.11198105
8.93258213	0.15024039	0.01681937	-0.11194971
8.93508213	0.15031467	0.01682298	-0.11191839
8.93758212	0.15038895	0.01682658	-0.11188708
8.94008212	0.15046321	0.01683018	-0.11185580
8.94258211	0.15053747	0.01683378	-0.11182453
8.94508211	0.15061172	0.01683738	-0.11179327
8.94758210	0.15068595	0.01684097	-0.11176204
8.95008210	0.15076017	0.01684456	-0.11173082
8.95258209	0.15083439	0.01684814	-0.11169962
8.95508209	0.15090859	0.01685173	-0.11166843
8.95758208	0.15098278	0.01685531	-0.11163727
8.96008208	0.15105697	0.01685888	-0.11160612
8.96258207	0.15113114	0.01686246	-0.11157499
8.96508207	0.15120530	0.01686602	-0.11154388
8.96758206	0.15127945	0.01686959	-0.11151278
8.97008206	0.15135359	0.01687316	-0.11148170
8.97258205	0.15142772	0.01687672	-0.11145064
8.97508205	0.15150183	0.01688027	-0.11141959
8.97758204	0.15157594	0.01688383	-0.11138857
8.98008204	0.15165004	0.01688738	-0.11135756
8.98258203	0.15172412	0.01689093	-0.11132656
8.98508203	0.15179820	0.01689447	-0.11129559
8.98758202	0.15187226	0.01689801	-0.11126463
8.99008202	0.15194632	0.01690155	-0.11123369
8.99258201	0.15202036	0.01690508	-0.11120277
8.99508201	0.15209439	0.01690862	-0.11117186
8.99758200	0.15216841	0.01691214	-0.11114097
9.00008200	0.15224242	0.01691567	-0.11111010
9.00258199	0.15231642	0.01691919	-0.11107924
9.00508199	0.15239040	0.01692271	-0.11104841
9.00758198	0.15246438	0.01692623	-0.11101759
9.01008198	0.15253834	0.01692974	-0.11098678
9.01258197	0.15261230	0.01693325	-0.11095599
9.01508197	0.15268624	0.01693676	-0.11092523
9.01758196	0.15276017	0.01694026	-0.11089447
9.02008196	0.15283409	0.01694376	-0.11086374
9.02258195	0.15290800	0.01694726	-0.11083302
9.02508195	0.15298190	0.01695075	-0.11080232
9.02758194	0.15305579	0.01695424	-0.11077163
9.03008194	0.15312966	0.01695773	-0.11074097
9.03258193	0.15320353	0.01696121	-0.11071032
9.03508193	0.15327738	0.01696469	-0.11067968
9.03758192	0.15335122	0.01696817	-0.11064907
9.04008192	0.15342505	0.01697164	-0.11061847
9.04258191	0.15349887	0.01697512	-0.11058788
9.04508191	0.15357268	0.01697858	-0.11055732
9.04758190	0.15364647	0.01698205	-0.11052677
9.05008190	0.15372026	0.01698551	-0.11049624
9.05258189	0.15379403	0.01698897	-0.11046572
9.05508189	0.15386779	0.01699242	-0.11043522
9.05758188	0.15394154	0.01699588	-0.11040474
9.06008188	0.15401528	0.01699933	-0.11037428
9.06258187	0.15408900	0.01700277	-0.11034383
9.06508187	0.15416272	0.01700621	-0.11031340
9.06758186	0.15423642	0.01700965	-0.11028299
9.07008186	0.15431011	0.01701309	-0.11025259
9.07258185	0.15438379	0.01701652	-0.11022221
9.07508185	0.15445746	0.01701995	-0.11019184
9.07758184	0.15453112	0.01702338	-0.11016150
9.08008184	0.15460476	0.01702680	-0.11013117
9.08258183	0.15467839	0.01703022	-0.11010085
9.08508183	0.15475201	0.01703364	-0.11007056
9.08758182	0.15482562	0.01703705	-0.11004027
9.09008182	0.15489922	0.01704046	-0.11001001
9.09258181	0.15497281	0.01704387	-0.10997976
9.09508181	0.15504638	0.01704728	-0.10994953
9.09758180	0.15511994	0.01705068	-0.10991932
9.10008180	0.15519349	0.01705408	-0.10988912
9.10258179	0.15526703	0.01705747	-0.10985894
9.10508179	0.15534055	0.01706086	-0.10982878
9.10758178	0.15541407	0.01706425	-0.10979863
9.11008178	0.15548757	0.01706764	-0.10976850
9.11258177	0.15556106	0.01707102	-0.10973838
9.11508177	0.15563453	0.01707440	-0.10970829
9.11758176	0.15570800	0.01707777	-0.10967820
9.12008176	0.15578145	0.01708115	-0.10964814
9.12258175	0.15585489	0.01708452	-0.10961809
9.12508175	0.15592832	0.01708788	-0.10958806
9.12758174	0.15600173	0.01709124	-0.10955804
9.13008174	0.15607514	0.01709460	-0.10952804
9.13258173	0.15614853	0.01709796	-0.10949806
9.13508173	0.15622191	0.01710131	-0.10946810
9.13758172	0.15629528	0.01710467	-0.10943815
9.14008172	0.15636863	0.01710801	-0.10940821
9.14258171	0.15644197	0.01711136	-0.10937830
9.14508171	0.15651530	0.01711470	-0.10934839
9.14758170	0.15658862	0.01711803	-0.10931851
9.15008170	0.15666192	0.01712137	-0.10928864
9.15258169	0.15673521	0.01712470	-0.10925879
9.15508169	0.15680849	0.01712803	-0.10922895
9.15758168	0.15688176	0.01713135	-0.10919914
9.16008168	0.15695502	0.01713467	-0.10916933
9.16258167	0.15702826	0.01713799	-0.10913955
9.16508167	0.15710149	0.01714131	-0.10910978
9.16758166	0.15717470	0.01714462	-0.10908002
9.17008166	0.15724791	0.01714793	-0.10905028
9.17258165	0.15732110	0.01715123	-0.10902056
9.17508165	0.15739428	0.01715454	-0.10899086
9.17758164	0.15746744	0.01715784	-0.10896117
9.18008164	0.15754060	0.01716113	-0.10893149
9.18258163	0.15761374	0.01716443	-0.10890184
9.18508163	0.15768687	0.01716772	-0.10887220
9.18758162	0.15775998	0.01717100	-0.10884257
9.19008162	0.15783308	0.01717429	-0.10881296
9.19258161	0.15790617	0.01717757	-0.10878337
9.19508161	0.15797925	0.01718084	-0.10875379
9.19758160	0.15805231	0.01718412	-0.10872423
9.20008160	0.15812536	0.01718739	-0.10869469
9.20258159	0.15819840	0.01719065	-0.10866516
9.20508159	0.15827142	0.01719392	-0.10863565
9.20758158	0.15834444	0.01719718	-0.10860615
9.21008158	0.15841743	0.01720044	-0.10857667
9.21258157	0.15849042	0.01720369	-0.10854721
9.21508157	0.15856339	0.01720694	-0.10851776
9.21758156	0.15863635	0.01721019	-0.10848833
9.22008156	0.15870930	0.01721344	-0.10845891
9.22258155	0.15878223	0.01721668	-0.10842951
9.22508155	0.15885515	0.01721992	-0.10840013
9.22758154	0.15892806	0.01722315	-0.10837076
9.23008154	0.15900095	0.01722639	-0.10834140
9.23258153	0.15907383	0.01722962	-0.10831207
9.23508153	0.15914670	0.01723284	-0.10828275
9.23758152	0.15921955	0.01723606	-0.10825344
9.24008152	0.15929239	0.01723928	-0.10822415
9.24258151	0.15936522	0.01724250	-0.10819488
9.24508151	0.15943803	0.01724571	-0.10816562
9.24758150	0.15951083	0.01724892	-0.10813638
9.25008150	0.15958362	0.01725213	-0.10810716
9.25258149	0.15965639	0.01725533	-0.10807795
9.25508149	0.15972915	0.01725854	-0.10804875
9.25758148	0.15980190	0.01726173	-0.10801957
9.26008148	0.15987463	0.01726493	-0.10799041
9.26258147	0.15994735	0.01726812	-0.10796126
9.26508147	0.16002005	0.01727131	-0.10793213
9.26758146	0.16009275	0.01727449	-0.10790302
9.27008146	0.16016542	0.01727767	-0.10787392
9.27258145	0.16023809	0.01728085	-0.10784483
9.27508145	0.16031074	0.01728403	-0.10781576
9.27758144	0.16038338	0.01728720	-0.10778671
9.28008144	0.16045600	0.01729037	-0.10775768
9.28258143	0.16052861	0.01729353	-0.10772865
9.28508143	0.16060121	0.01729669	-0.10769965
9.28758142	0.16067379	0.01729985	-0.10767066
9.29008142	0.16074636	0.01730301	-0.10764168
9.29258141	0.16081891	0.01730616	-0.10761272
9.29508141	0.16089146	0.01730931	-0.10758378
9.29758140	0.16096398	0.01731246	-0.10755485
9.30008140	0.16103650	0.01731560	-0.10752594
9.30258139	0.16110900	0.01731874	-0.10749704
9.30508139	0.16118148	0.01732188	-0.10746816
9.30758138	0.16125395	0.01732501	-0.10743930
9.31008138	0.16132641	0.01732814	-0.10741045
9.31258137	0.16139886	0.01733127	-0.10738161
9.31508137	0.16147129	0.01733439	-0.10735279
9.31758136	0.16154370	0.01733751	-0.10732399
9.32008136	0.16161610	0.01734063	-0.10729520
9.32258135	0.16168849	0.01734375	-0.10726643
9.32508135	0.16176086	0.01734686	-0.10723767
9.32758134	0.16183322	0.01734997	-0.10720893
9.33008134	0.16190557	0.01735307	-0.10718020
9.33258133	0.16197790	0.01735617	-0.10715149
9.33508133	0.16205022	0.01735927	-0.10712279
9.33758132	0.16212252	0.01736237	-0.10709411
9.34008132	0.16219481	0.01736546	-0.10706545
9.34258131	0.16226708	0.01736855	-0.10703680
9.34508131	0.16233934	0.01737163	-0.10700816
9.34758130	0.16241159	0.01737472	-0.10697955
9.35008130	0.16248382	0.01737780	-0.10695094
9.35258129	0.16255603	0.01738087	-0.10692235
9.35508129	0.16262824	0.01738395	-0.10689378
9.35758128	0.16270042	0.01738702	-0.10686522
9.36008128	0.16277260	0.01739008	-0.10683668
9.36258127	0.16284476	0.01739315	-0.10680815
9.36508127	0.16291690	0.01739621	-0.10677964
9.36758126	0.16298903	0.01739927	-0.10675114
9.37008126	0.16306115	0.01740232	-0.10672266
9.37258125	0.16313325	0.01740537	-0.10669419
9.37508125	0.16320533	0.01740842	-0.10666574
9.37758124	0.16327741	0.01741146	-0.10663731
9.38008124	0.16334946	0.01741450	-0.10660888
9.38258123	0.16342151	0.01741754	-0.10658048
9.38508123	0.16349353	0.01742058	-0.10655209
9.38758122	0.16356555	0.01742361	-0.10652371
9.39008122	0.16363755	0.01742664	-0.10649535
9.39258121	0.16370953	0.01742966	-0.10646701
9.39508121	0.16378150	0.01743269	-0.10643868
9.39758120	0.16385345	0.01743570	-0.10641036
9.40008120	0.16392539	0.01743872	-0.10638206
9.40258119	0.16399732	0.01744173	-0.10635377
9.40508119	0.16406923	0.01744474	-0.10632550
9.40758118	0.16414112	0.01744775	-0.10629725
9.41008118	0.16421300	0.01745075	-0.10626901
9.41258117	0.16428487	0.01745375	-0.10624078
9.41508117	0.16435672	0.01745675	-0.10621257
9.41758116	0.16442855	0.01745974	-0.10618438
9.42008116	0.16450037	0.01746273	-0.10615620
9.42258115	0.16457218	0.01746572	-0.10612803
9.42508115	0.16464397	0.01746871	-0.10609988
9.42758114	0.16471574	0.01747169	-0.10607175
9.43008114	0.16478751	0.01747466	-0.10604363
9.43258113	0.16485925	0.01747764	-0.10601552
9.43508113	0.16493098	0.01748061	-0.10598743
9.43758112	0.16500270	0.01748358	-0.10595935
9.44008112	0.16507440	0.01748654	-0.10593129
9.44258111	0.16514608	0.01748951	-0.10590325
9.44508111	0.16521775	0.01749246	-0.10587522
9.44758110	0.16528940	0.01749542	-0.10584720
9.45008110	0.16536104	0.01749837	-0.10581920
9.45258109	0.16543267	0.01750132	-0.10579121
9.45508109	0.16550427	0.01750427	-0.10576324
9.45758108	0.16557587	0.01750721	-0.10573528
9.46008108	0.16564745	0.01751015	-0.10570734
9.46258107	0.16571901	0.01751309	-0.10567941
9.46508107	0.16579056	0.01751602	-0.10565150
9.46758106	0.16586209	0.01751895	-0.10562360
9.47008106	0.16593360	0.01752188	-0.10559572
9.47258105	0.16600510	0.01752480	-0.10556785
9.47508105	0.16607659	0.01752772	-0.10553999
9.47758104	0.16614806	0.01753064	-0.10551215
9.48008104	0.16621951	0.01753355	-0.10548433
9.48258103	0.16629095	0.01753647	-0.10545652
9.48508103	0.16636238	0.01753937	-0.10542873
9.48758102	0.16643378	0.01754228	-0.10540094
9.49008102	0.16650518	0.01754518	-0.10537318
9.49258101	0.16657655	0.01754808	-0.10534543
9.49508101	0.16664791	0.01755097	-0.10531769
9.49758100	0.16671926	0.01755387	-0.10528997
9.50008100	0.16679059	0.01755675	-0.10526226
9.50258099	0.16686190	0.01755964	-0.10523457
9.50508099	0.16693320	0.01756252	-0.10520689
9.50758098	0.16700448	0.01756540	-0.10517923
9.51008098	0.16707575	0.01756828	-0.10515158
9.51258097	0.16714700	0.01757115	-0.10512394
9.51508097	0.16721823	0.01757402	-0.10509632
9.51758096	0.16728945	0.01757689	-0.10506871
9.52008096	0.16736066	0.01757975	-0.10504112
9.52258095	0.16743184	0.01758261	-0.10501355
9.52508095	0.16750302	0.01758547	-0.10498598
9.52758094	0.16757417	0.01758832	-0.10495844
9.53008094	0.16764531	0.01759117	-0.10493090
9.53258093	0.16771643	0.01759402	-0.10490338
9.53508093	0.16778754	0.01759687	-0.10487588
9.53758092	0.16785863	0.01759971	-0.10484839
9.54008092	0.16792971	0.01760255	-0.10482091
9.54258091	0.16800077	0.01760538	-0.10479345
9.54508091	0.16807181	0.01760821	-0.10476601
9.54758090	0.16814284	0.01761104	-0.10473857
9.55008090	0.16821385	0.01761387	-0.10471115
9.55258089	0.16828485	0.01761669	-0.10468375
9.55508089	0.16835583	0.01761951	-0.10465636
9.55758088	0.16842679	0.01762232	-0.10462899
9.56008088	0.16849773	0.01762514	-0.10460163
9.56258087	0.16856866	0.01762795	-0.10457428
9.56508087	0.16863958	0.01763075	-0.10454695
9.56758086	0.16871048	0.01763356	-0.10451963
9.57008086	0.16878136	0.01763636	-0.10449233
9.57258085	0.16885222	0.01763915	-0.10446504
9.57508085	0.16892307	0.01764195	-0.10443776
9.57758084	0.16899391	0.01764474	-0.10441050
9.58008084	0.16906472	0.01764753	-0.10438325
9.58258083	0.16913552	0.01765031	-0.10435602
9.58508083	0.16920630	0.01765309	-0.10432880
9.58758082	0.16927707	0.01765587	-0.10430160
9.59008082	0.16934782	0.01765864	-0.10427441
9.59258081	0.16941856	0.01766142	-0.10424723
9.59508081	0.16948927	0.01766418	-0.10422007
9.59758080	0.16955997	0.01766695	-0.10419292
9.60008080	0.16963066	0.01766971	-0.10416579
9.60258079	0.16970133	0.01767247	-0.10413867
9.60508079	0.16977198	0.01767523	-0.10411157
9.60758078	0.16984261	0.01767798	-0.10408447
9.61008078	0.16991323	0.01768073	-0.10405740
9.61258077	0.16998383	0.01768348	-0.10403034
9.61508077	0.17005442	0.01768622	-0.10400329
9.61758076	0.17012498	0.01768896	-0.10397625
9.62008076	0.17019554	0.01769170	-0.10394923
9.62258075	0.17026607	0.01769443	-0.10392222
9.62508075	0.17033659	0.01769716	-0.10389523
9.62758074	0.17040709	0.01769989	-0.10386825
9.63008074	0.17047757	0.01770261	-0.10384129
9.63258073	0.17054804	0.01770533	-0.10381434
9.63508073	0.17061849	0.01770805	-0.10378740
9.63758072	0.17068893	0.01771076	-0.10376048
9.64008072	0.17075934	0.01771348	-0.10373357
9.64258071	0.17082974	0.01771618	-0.10370668
9.64508071	0.17090012	0.01771889	-0.10367980
9.64758070	0.17097049	0.01772159	-0.10365293
9.65008070	0.17104084	0.01772429	-0.10362608
9.65258069	0.17111117	0.01772699	-0.10359924
9.65508069	0.17118149	0.01772968	-0.10357241
9.65758068	0.17125179	0.01773237	-0.10354560
9.66008068	0.17132207	0.01773506	-0.10351880
9.66258067	0.17139233	0.01773774	-0.10349202
9.66508067	0.17146258	0.01774042	-0.10346525
9.66758066	0.17153281	0.01774310	-0.10343850
9.67008066	0.17160302	0.01774577	-0.10341175
9.67258065	0.17167321	0.01774844	-0.10338503
9.67508065	0.17174339	0.01775111	-0.10335831
9.67758064	0.17181355	0.01775377	-0.10333161
9.68008064	0.17188370	0.01775643	-0.10330492
9.68258063	0.17195382	0.01775909	-0.10327825
9.68508063	0.17202393	0.01776175	-0.10325159
9.68758062	0.17209403	0.01776440	-0.10322495
9.69008062	0.17216410	0.01776705	-0.10319832
9.69258061	0.17223416	0.01776969	-0.10317170
9.69508061	0.17230420	0.01777233	-0.10314509
9.69758060	0.17237422	0.01777497	-0.10311850
9.70008060	0.17244423	0.01777761	-0.10309193
9.70258059	0.17251421	0.01778024	-0.10306536
9.70508059	0.17258418	0.01778287	-0.10303881
9.70758058	0.17265414	0.01778550	-0.10301228
9.71008058	0.17272407	0.01778812	-0.10298576
9.71258057	0.17279399	0.01779074	-0.10295925
9.71508057	0.17286389	0.01779336	-0.10293275
9.71758056	0.17293377	0.01779597	-0.10290627
9.72008056	0.17300364	0.01779858	-0.10287981
9.72258055	0.17307349	0.01780119	-0.10285335
9.72508055	0.17314332	0.01780379	-0.10282691
9.72758054	0.17321313	0.01780639	-0.10280049
9.73008054	0.17328292	0.01780899	-0.10277407
9.73258053	0.17335270	0.01781159	-0.10274767
9.73508053	0.17342246	0.01781418	-0.10272129
9.73758052	0.17349220	0.01781677	-0.10269491
9.74008052	0.17356193	0.01781935	-0.10266856
9.74258051	0.17363163	0.01782193	-0.10264221
9.74508051	0.17370132	0.01782451	-0.10261588
9.74758050	0.17377099	0.01782709	-0.10258956
9.75008050	0.17384065	0.01782966	-0.10256326
9.75258049	0.17391028	0.01783223	-0.10253696
9.75508049	0.17397990	0.01783480	-0.10251069
9.75758048	0.17404950	0.01783736	-0.10248442
9.76008048	0.17411908	0.01783992	-0.10245817
9.76258047	0.17418865	0.01784248	-0.10243193
9.76508047	0.17425819	0.01784503	-0.10240571
9.76758046	0.17432772	0.01784758	-0.10237950
9.77008046	0.17439723	0.01785013	-0.10235330
9.77258045	0.17446672	0.01785268	-0.10232712
9.77508045	0.17453620	0.01785522	-0.10230095
9.77758044	0.17460565	0.01785776	-0.10227479
9.78008044	0.17467509	0.01786029	-0.10224865
9.78258043	0.17474451	0.01786282	-0.10222252
9.78508043	0.17481391	0.01786535	-0.10219640
9.78758042	0.17488330	0.01786788	-0.10217030
9.79008042	0.17495266	0.01787040	-0.10214421
9.79258041	0.17502201	0.01787292	-0.10211813
9.79508041	0.17509134	0.01787544	-0.10209207
9.79758040	0.17516065	0.01787795	-0.10206602
9.80008040	0.17522994	0.01788046	-0.10203998
9.80258039	0.17529922	0.01788297	-0.10201396
9.80508039	0.17536848	0.01788547	-0.10198795
9.80758038	0.17543771	0.01788797	-0.10196195
9.81008038	0.17550693	0.01789047	-0.10193596
9.81258037	0.17557614	0.01789296	-0.10190999
9.81508037	0.17564532	0.01789545	-0.10188404
9.81758036	0.17571448	0.01789794	-0.10185809
9.82008036	0.17578363	0.01790043	-0.10183216
9.82258035	0.17585276	0.01790291	-0.10180624
9.82508035	0.17592187	0.01790539	-0.10178034
9.82758034	0.17599096	0.01790786	-0.10175445
9.83008034	0.17606003	0.01791034	-0.10172857
9.83258033	0.17612909	0.01791280	-0.10170270
9.83508033	0.17619812	0.01791527	-0.10167685
9.83758032	0.17626714	0.01791773	-0.10165101
9.84008032	0.17633614	0.01792019	-0.10162519
9.84258031	0.17640512	0.01792265	-0.10159937
9.84508031	0.17647408	0.01792510	-0.10157357
9.84758030	0.17654303	0.01792755	-0.10154779
9.85008030	0.17661195	0.01793000	-0.10152202
9.85258029	0.17668086	0.01793245	-0.10149625
9.85508029	0.17674975	0.01793489	-0.10147051
9.85758028	0.17681862	0.01793732	-0.10144477
9.86008028	0.17688747	0.01793976	-0.10141905
9.86258027	0.17695630	0.01794219	-0.10139334
9.86508027	0.17702511	0.01794462	-0.10136765
9.86758026	0.17709390	0.01794704	-0.10134197
9.87008026	0.17716268	0.01794947	-0.10131630
9.87258025	0.17723144	0.01795189	-0.10129064
9.87508025	0.17730017	0.01795430	-0.10126500
9.87758024	0.17736889	0.01795672	-0.10123937
9.88008024	0.17743759	0.01795912	-0.10121375
9.88258023	0.17750627	0.01796153	-0.10118815
9.88508023	0.17757494	0.01796393	-0.10116256
9.88758022	0.17764358	0.01796634	-0.10113698
9.89008022	0.17771221	0.01796873	-0.10111141
9.89258021	0.17778081	0.01797113	-0.10108586
9.89508021	0.17784940	0.01797352	-0.10106032
9.89758020	0.17791797	0.01797591	-0.10103480
9.90008020	0.17798651	0.01797829	-0.10100928
9.90258019	0.17805504	0.01798067	-0.10098378
9.90508019	0.17812356	0.01798305	-0.10095829
9.90758018	0.17819205	0.01798543	-0.10093282
9.91008018	0.17826052	0.01798780	-0.10090736
9.91258017	0.17832897	0.01799017	-0.10088191
9.91508017	0.17839741	0.01799253	-0.10085647
9.91758016	0.17846582	0.01799490	-0.10083105
9.92008016	0.17853422	0.01799726	-0.10080564
9.92258015	0.17860260	0.01799961	-0.10078024
9.92508015	0.17867095	0.01800197	-0.10075485
9.92758014	0.17873929	0.01800432	-0.10072948
9.93008014	0.17880761	0.01800666	-0.10070412
9.93258013	0.17887591	0.01800901	-0.10067877
9.93508013	0.17894419	0.01801135	-0.10065344
9.93758012	0.17901246	0.01801369	-0.10062812
9.94008012	0.17908070	0.01801602	-0.10060281
9.94258011	0.17914892	0.01801835	-0.10057751
9.94508011	0.17921713	0.01802068	-0.10055223
9.94758010	0.17928531	0.01802301	-0.10052696
9.95008010	0.17935347	0.01802533	-0.10050170
9.95258009	0.17942162	0.01802765	-0.10047646
9.95508009	0.17948975	0.01802997	-0.10045123
9.95758008	0.17955785	0.01803228	-0.10042601
9.96008008	0.17962594	0.01803459	-0.10040080
9.96258007	0.17969401	0.01803689	-0.10037560
9.96508007	0.17976206	0.01803920	-0.10035042
9.96758006	0.17983009	0.01804150	-0.10032525
9.97008006	0.17989810	0.01804380	-0.10030010
9.97258005	0.17996609	0.01804609	-0.10027495
9.97508005	0.18003406	0.01804838	-0.10024982
9.97758004	0.18010201	0.01805067	-0.10022470
9.98008004	0.18016994	0.01805296	-0.10019960
9.98258003	0.18023785	0.01805524	-0.10017450
9.98508003	0.18030574	0.01805752	-0.10014942
9.98758002	0.18037361	0.01805979	-0.10012435
9.99008002	0.18044147	0.01806206	-0.10009930
9.99258001	0.18050930	0.01806433	-0.10007425
9.99508001	0.18057711	0.01806660	-0.10004922
9.99758000	0.18064490	0.01806886	-0.10002421
10.00008000	0.18071268	0.01807112	-0.09999920
10.00257999	0.18078043	0.01807338	-0.09997421
10.00507999	0.18084817	0.01807563	-0.09994923
10.00757998	0.18091588	0.01807789	-0.09992426
10.01007998	0.18098358	0.01808013	-0.09989930
10.01257997	0.18105125	0.01808238	-0.09987436
10.01507997	0.18111890	0.01808462	-0.09984943
10.01757996	0.18118654	0.01808686	-0.09982451
10.02007996	0.18125415	0.01808909	-0.09979960
10.02257995	0.18132175	0.01809132	-0.09977471
10.02507995	0.18138932	0.01809355	-0.09974983
10.02757994	0.18145688	0.01809578	-0.09972496
10.03007994	0.18152442	0.01809800	-0.09970010
10.03257993	0.18159193	0.01810022	-0.09967526
10.03507993	0.18165943	0.01810244	-0.09965043
10.03757992	0.18172690	0.01810465	-0.09962561
10.04007992	0.18179436	0.01810686	-0.09960080
10.04257991	0.18186179	0.01810907	-0.09957601
10.04507991	0.18192921	0.01811128	-0.09955122
10.04757990	0.18199660	0.01811348	-0.09952645
10.05007990	0.18206398	0.01811567	-0.09950170
10.05257989	0.18213133	0.01811787	-0.09947695
10.05507989	0.18219866	0.01812006	-0.09945222
10.05757988	0.18226598	0.01812225	-0.09942750
10.06007988	0.18233327	0.01812444	-0.09940279
10.06257987	0.18240055	0.01812662	-0.09937809
10.06507987	0.18246780	0.01812880	-0.09935341
10.06757986	0.18253503	0.01813097	-0.09932874
10.07007986	0.18260225	0.01813315	-0.09930408
10.07257985	0.18266944	0.01813532	-0.09927943
10.07507985	0.18273661	0.01813749	-0.09925480
10.07757984	0.18280376	0.01813965	-0.09923017
10.08007984	0.18287090	0.01814181	-0.09920556
10.08257983	0.18293801	0.01814397	-0.09918097
10.08507983	0.18300510	0.01814612	-0.09915638
10.08757982	0.18307217	0.01814827	-0.09913181
10.09007982	0.18313922	0.01815042	-0.09910724
10.09257981	0.18320625	0.01815257	-0.09908269
10.09507981	0.18327326	0.01815471	-0.09905816
10.09757980	0.18334025	0.01815685	-0.09903363
10.10007980	0.18340722	0.01815899	-0.09900912
10.10257979	0.18347416	0.01816112	-0.09898462
10.10507979	0.18354109	0.01816325	-0.09896013
10.10757978	0.18360800	0.01816538	-0.09893565
10.11007978	0.18367489	0.01816750	-0.09891119
10.11257977	0.18374175	0.01816962	-0.09888674
10.11507977	0.18380860	0.01817174	-0.09886229
10.11757976	0.18387542	0.01817385	-0.09883787
10.12007976	0.18394223	0.01817597	-0.09881345
10.12257975	0.18400901	0.01817807	-0.09878905
10.12507975	0.18407577	0.01818018	-0.09876465
10.12757974	0.18414251	0.01818228	-0.09874027
10.13007974	0.18420923	0.01818438	-0.09871591
10.13257973	0.18427594	0.01818648	-0.09869155
10.13507973	0.18434261	0.01818857	-0.09866721
10.13757972	0.18440927	0.01819066	-0.09864287
10.14007972	0.18447591	0.01819275	-0.09861855
10.14257971	0.18454253	0.01819483	-0.09859425
10.14507971	0.18460913	0.01819691	-0.09856995
10.14757970	0.18467570	0.01819899	-0.09854567
10.15007970	0.18474226	0.01820106	-0.09852139
10.15257969	0.18480879	0.01820314	-0.09849713
10.15507969	0.18487530	0.01820520	-0.09847289
10.15757968	0.18494180	0.01820727	-0.09844865
10.16007968	0.18500827	0.01820933	-0.09842442
10.16257967	0.18507472	0.01821139	-0.09840021
10.16507967	0.18514115	0.01821345	-0.09837601
10.16757966	0.18520756	0.01821550	-0.09835182
10.17007966	0.18527395	0.01821755	-0.09832765
10.17257965	0.18534031	0.01821960	-0.09830348
10.17507965	0.18540666	0.01822164	-0.09827933
10.17757964	0.18547298	0.01822368	-0.09825519
10.18007964	0.18553929	0.01822572	-0.09823106
10.18257963	0.18560557	0.01822776	-0.09820694
10.18507963	0.18567183	0.01822979	-0.09818284
10.18757962	0.18573807	0.01823182	-0.09815874
10.19007962	0.18580429	0.01823384	-0.09813466
10.19257961	0.18587049	0.01823586	-0.09811059
10.19507961	0.18593666	0.01823788	-0.09808653
10.19757960	0.18600282	0.01823990	-0.09806249
10.20007960	0.18606895	0.01824191	-0.09803845
10.20257959	0.18613507	0.01824392	-0.09801443
10.20507959	0.18620116	0.01824593	-0.09799042
10.20757958	0.18626723	0.01824793	-0.09796642
10.21007958	0.18633328	0.01824993	-0.09794243
10.21257957	0.18639931	0.01825193	-0.09791845
10.21507957	0.18646531	0.01825393	-0.09789449
10.21757956	0.18653130	0.01825592	-0.09787054
10.22007956	0.18659726	0.01825791	-0.09784660
10.22257955	0.18666321	0.01825989	-0.09782267
10.22507955	0.18672913	0.01826188	-0.09779875
10.22757954	0.18679503	0.01826385	-0.09777484
10.23007954	0.18686091	0.01826583	-0.09775095
10.23257953	0.18692676	0.01826780	-0.09772707
10.23507953	0.18699260	0.01826978	-0.09770320
10.23757952	0.18705842	0.01827174	-0.09767934
10.24007952	0.18712421	0.01827371	-0.09765549
10.24257951	0.18718998	0.01827567	-0.09763166
10.24507951	0.18725573	0.01827763	-0.09760783
10.24757950	0.18732146	0.01827958	-0.09758402
10.25007950	0.18738717	0.01828153	-0.09756022
10.25257949	0.18745285	0.01828348	-0.09753643
10.25507949	0.18751851	0.01828543	-0.09751265
10.25757948	0.18758416	0.01828737	-0.09748889
10.26007948	0.18764978	0.01828931	-0.09746513
10.26257947	0.18771538	0.01829125	-0.09744139
10.26507947	0.18778095	0.01829318	-0.09741766
10.26757946	0.18784651	0.01829511	-0.09739394
10.27007946	0.18791204	0.01829704	-0.09737023
10.27257945	0.18797756	0.01829896	-0.09734653
10.27507945	0.18804305	0.01830088	-0.09732285
10.27757944	0.18810851	0.01830280	-0.09729917
10.28007944	0.18817396	0.01830472	-0.09727551
10.28257943	0.18823939	0.01830663	-0.09725186
10.28507943	0.18830479	0.01830854	-0.09722822
10.28757942	0.18837017	0.01831045	-0.09720460
10.29007942	0.18843553	0.01831235	-0.09718098
10.29257941	0.18850087	0.01831425	-0.09715738
10.29507941	0.18856619	0.01831615	-0.09713378
10.29757940	0.18863148	0.01831804	-0.09711020
10.30007940	0.18869675	0.01831993	-0.09708663
10.30257939	0.18876200	0.01832182	-0.09706307
10.30507939	0.18882723	0.01832370	-0.09703952
10.30757938	0.18889244	0.01832559	-0.09701599
10.31007938	0.18895763	0.01832747	-0.09699246
10.31257937	0.18902279	0.01832934	-0.09696895
10.31507937	0.18908793	0.01833121	-0.09694545
10.31757936	0.18915305	0.01833308	-0.09692196
10.32007936	0.18921814	0.01833495	-0.09689848
10.32257935	0.18928322	0.01833681	-0.09687501
10.32507935	0.18934827	0.01833867	-0.09685156
10.32757934	0.18941330	0.01834053	-0.09682811
10.33007934	0.18947831	0.01834239	-0.09680468
10.33257933	0.18954330	0.01834424	-0.09678126
10.33507933	0.18960826	0.01834609	-0.09675784
10.33757932	0.18967321	0.01834793	-0.09673445
10.34007932	0.18973813	0.01834977	-0.09671106
10.34257931	0.18980302	0.01835161	-0.09668768
10.34507931	0.18986790	0.01835345	-0.09666431
10.34757930	0.18993275	0.01835528	-0.09664096
10.35007930	0.18999758	0.01835711	-0.09661762
10.35257929	0.19006239	0.01835894	-0.09659429
10.35507929	0.19012718	0.01836077	-0.09657097
10.35757928	0.19019195	0.01836259	-0.09654766
10.36007928	0.19025669	0.01836440	-0.09652436
10.36257927	0.19032141	0.01836622	-0.09650107
10.36507927	0.19038611	0.01836803	-0.09647780
10.36757926	0.19045078	0.01836984	-0.09645453
10.37007926	0.19051544	0.01837165	-0.09643128
10.37257925	0.19058007	0.01837345	-0.09640804
10.37507925	0.19064467	0.01837525	-0.09638481
10.37757924	0.19070926	0.01837705	-0.09636159
10.38007924	0.19077382	0.01837884	-0.09633838
10.38257923	0.19083837	0.01838063	-0.09631518
10.38507923	0.19090288	0.01838242	-0.09629200
10.38757922	0.19096738	0.01838420	-0.09626882
10.39007922	0.19103185	0.01838599	-0.09624566
10.39257921	0.19109631	0.01838777	-0.09622250
10.39507921	0.19116074	0.01838954	-0.09619936
10.39757920	0.19122514	0.01839131	-0.09617623
10.40007920	0.19128953	0.01839308	-0.09615311
10.40257919	0.19135389	0.01839485	-0.09613001
10.40507919	0.19141823	0.01839661	-0.09610691
10.40757918	0.19148254	0.01839837	-0.09608382
10.41007918	0.19154684	0.01840013	-0.09606075
10.41257917	0.19161111	0.01840189	-0.09603769
10.41507917	0.19167535	0.01840364	-0.09601463
10.41757916	0.19173958	0.01840539	-0.09599159
10.42007916	0.19180378	0.01840713	-0.09596856
10.42257915	0.19186796	0.01840888	-0.09594554
10.42507915	0.19193212	0.01841062	-0.09592253
10.42757914	0.19199626	0.01841235	-0.09589954
10.43007914	0.19206037	0.01841409	-0.09587655
10.43257913	0.19212446	0.01841582	-0.09585357
10.43507913	0.19218852	0.01841754	-0.09583061
10.43757912	0.19225257	0.01841927	-0.09580766
10.44007912	0.19231659	0.01842099	-0.09578471
10.44257911	0.19238059	0.01842271	-0.09576178
10.44507911	0.19244456	0.01842442	-0.09573886
10.44757910	0.19250852	0.01842614	-0.09571595
10.45007910	0.19257245	0.01842785	-0.09569306
10.45257909	0.19263635	0.01842955	-0.09567017
10.45507909	0.19270024	0.01843126	-0.09564729
10.45757908	0.19276410	0.01843296	-0.09562443
10.46007908	0.19282794	0.01843465	-0.09560157
10.46257907	0.19289175	0.01843635	-0.09557873
10.46507907	0.19295554	0.01843804	-0.09555590
10.46757906	0.19301931	0.01843973	-0.09553307
10.47007906	0.19308306	0.01844141	-0.09551026
10.47257905	0.19314678	0.01844310	-0.09548746
10.47507905	0.19321048	0.01844478	-0.09546467
10.47757904	0.19327416	0.01844645	-0.09544190
10.48007904	0.19333781	0.01844813	-0.09541913
10.48257903	0.19340145	0.01844980	-0.09539637
10.48507903	0.19346505	0.01845146	-0.09537363
10.48757902	0.19352864	0.01845313	-0.09535089
10.49007902	0.19359220	0.01845479	-0.09532817
10.49257901	0.19365574	0.01845645	-0.09530545
10.49507901	0.19371926	0.01845810	-0.09528275
10.49757900	0.19378275	0.01845976	-0.09526006
10.50007900	0.19384622	0.01846141	-0.09523738
10.50257899	0.19390966	0.01846305	-0.09521471
10.50507899	0.19397309	0.01846470	-0.09519205
10.50757898	0.19403649	0.01846634	-0.09516940
10.51007898	0.19409986	0.01846797	-0.09514676
10.51257897	0.19416322	0.01846961	-0.09512414
10.51507897	0.19422655	0.01847124	-0.09510152
10.51757896	0.19428985	0.01847287	-0.09507892
10.52007896	0.19435314	0.01847449	-0.09505632
10.52257895	0.19441640	0.01847612	-0.09503374
10.52507895	0.19447963	0.01847774	-0.09501116
10.52757894	0.19454285	0.01847935	-0.09498860
10.53007894	0.19460604	0.01848097	-0.09496605
10.53257893	0.19466920	0.01848258	-0.09494351
10.53507893	0.19473235	0.01848418	-0.09492098
10.53757892	0.19479547	0.01848579	-0.09489846
10.54007892	0.19485856	0.01848739	-0.09487595
10.54257891	0.19492164	0.01848899	-0.09485345
10.54507891	0.19498469	0.01849059	-0.09483096
10.54757890	0.19504771	0.01849218	-0.09480849
10.55007890	0.19511072	0.01849377	-0.09478602
10.55257889	0.19517370	0.01849536	-0.09476357
10.55507889	0.19523665	0.01849694	-0.09474112
10.55757888	0.19529958	0.01849852	-0.09471869
10.56007888	0.19536249	0.01850010	-0.09469626
10.56257887	0.19542538	0.01850167	-0.09467385
10.56507887	0.19548824	0.01850324	-0.09465145
10.56757886	0.19555108	0.01850481	-0.09462905
10.57007886	0.19561389	0.01850638	-0.09460667
10.57257885	0.19567668	0.01850794	-0.09458430
10.57507885	0.19573945	0.01850950	-0.09456194
10.57757884	0.19580219	0.01851106	-0.09453959
10.58007884	0.19586491	0.01851261	-0.09451725
10.58257883	0.19592761	0.01851416	-0.09449493
10.58507883	0.19599028	0.01851571	-0.09447261
10.58757882	0.19605293	0.01851726	-0.09445030
10.59007882	0.19611556	0.01851880	-0.09442800
10.59257881	0.19617816	0.01852034	-0.09440572
10.59507881	0.19624074	0.01852188	-0.09438344
10.59757880	0.19630329	0.01852341	-0.09436118
10.60007880	0.19636582	0.01852494	-0.09433892
10.60257879	0.19642833	0.01852647	-0.09431668
10.60507879	0.19649081	0.01852799	-0.09429444
10.60757878	0.19655327	0.01852951	-0.09427222
10.61007878	0.19661570	0.01853103	-0.09425001
10.61257877	0.19667811	0.01853255	-0.09422780
10.61507877	0.19674050	0.01853406	-0.09420561
10.61757876	0.19680287	0.01853557	-0.09418343
10.62007876	0.19686520	0.01853708	-0.09416126
10.62257875	0.19692752	0.01853858	-0.09413910
10.62507875	0.19698981	0.01854008	-0.09411695
10.62757874	0.19705208	0.01854158	-0.09409481
10.63007874	0.19711432	0.01854307	-0.09407268
10.63257873	0.19717654	0.01854456	-0.09405056
10.63507873	0.19723874	0.01854605	-0.09402845
10.63757872	0.19730091	0.01854754	-0.09400635
10.64007872	0.19736306	0.01854902	-0.09398427
10.64257871	0.19742518	0.01855050	-0.09396219
10.64507871	0.19748728	0.01855198	-0.09394012
10.64757870	0.19754936	0.01855345	-0.09391807
10.65007870	0.19761141	0.01855492	-0.09389602
10.65257869	0.19767344	0.01855639	-0.09387398
10.65507869	0.19773544	0.01855786	-0.09385196
10.65757868	0.19779742	0.01855932	-0.09382994
10.66007868	0.19785938	0.01856078	-0.09380794
10.66257867	0.19792131	0.01856224	-0.09378594
10.66507867	0.19798321	0.01856369	-0.09376396
10.66757866	0.19804510	0.01856514	-0.09374199
10.67007866	0.19810696	0.01856659	-0.09372002
10.67257865	0.19816879	0.01856803	-0.09369807
10.67507865	0.19823060	0.01856947	-0.09367612
10.67757864	0.19829239	0.01857091	-0.09365419
10.68007864	0.19835415	0.01857235	-0.09363227
10.68257863	0.19841589	0.01857378	-0.09361036
10.68507863	0.19847760	0.01857521	-0.09358845
10.68757862	0.19853929	0.01857664	-0.09356656
10.69007862	0.19860095	0.01857806	-0.09354468
10.69257861	0.19866259	0.01857948	-0.09352281
10.69507861	0.19872421	0.01858090	-0.09350095
10.69757860	0.19878580	0.01858232	-0.09347910
10.70007860	0.19884737	0.01858373	-0.09345726
10.70257859	0.19890891	0.01858514	-0.09343543
10.70507859	0.19897043	0.01858655	-0.09341361
10.70757858	0.19903192	0.01858795	-0.09339180
10.71007858	0.19909339	0.01858935	-0.09337000
10.71257857	0.19915484	0.01859075	-0.09334821
10.71507857	0.19921626	0.01859214	-0.09332643
10.71757856	0.19927766	0.01859353	-0.09330466
10.72007856	0.19933903	0.01859492	-0.09328290
10.72257855	0.19940038	0.01859631	-0.09326115
10.72507855	0.19946170	0.01859769	-0.09323941
10.72757854	0.19952300	0.01859907	-0.09321768
10.73007854	0.19958427	0.01860045	-0.09319596
10.73257853	0.19964552	0.01860182	-0.09317425
10.73507853	0.19970675	0.01860319	-0.09315256
10.73757852	0.19976795	0.01860456	-0.09313087
10.74007852	0.19982912	0.01860593	-0.09310919
10.74257851	0.19989027	0.01860729	-0.09308752
10.74507851	0.19995140	0.01860865	-0.09306586
10.74757850	0.20001250	0.01861001	-0.09304421
10.75007850	0.20007358	0.01861136	-0.09302258
10.75257849	0.20013463	0.01861271	-0.09300095
10.75507849	0.20019566	0.01861406	-0.09297933
10.75757848	0.20025666	0.01861540	-0.09295772
10.76007848	0.20031764	0.01861675	-0.09293613
10.76257847	0.20037860	0.01861808	-0.09291454
10.76507847	0.20043953	0.01861942	-0.09289296
10.76757846	0.20050043	0.01862075	-0.09287139
10.77007846	0.20056131	0.01862208	-0.09284983
10.77257845	0.20062217	0.01862341	-0.09282829
10.77507845	0.20068300	0.01862474	-0.09280675
10.77757844	0.20074380	0.01862606	-0.09278522
10.78007844	0.20080458	0.01862738	-0.09276370
10.78257843	0.20086534	0.01862869	-0.09274220
10.78507843	0.20092607	0.01863001	-0.09272070
10.78757842	0.20098678	0.01863132	-0.09269921
10.79007842	0.20104746	0.01863262	-0.09267773
10.79257841	0.20110811	0.01863393	-0.09265626
10.79507841	0.20116875	0.01863523	-0.09263481
10.79757840	0.20122935	0.01863653	-0.09261336
10.80007840	0.20128993	0.01863782	-0.09259192
10.80257839	0.20135049	0.01863911	-0.09257049
10.80507839	0.20141102	0.01864040	-0.09254907
10.80757838	0.20147153	0.01864169	-0.09252767
10.81007838	0.20153201	0.01864297	-0.09250627
10.81257837	0.20159247	0.01864426	-0.09248488
10.81507837	0.20165290	0.01864553	-0.09246350
10.81757836	0.20171331	0.01864681	-0.09244213
10.82007836	0.20177369	0.01864808	-0.09242077
10.82257835	0.20183405	0.01864935	-0.09239942
10.82507835	0.20189438	0.01865062	-0.09237808
10.82757834	0.20195469	0.01865188	-0.09235675
10.83007834	0.20201497	0.01865314	-0.09233544
10.83257833	0.20207523	0.01865440	-0.09231413
10.83507833	0.20213546	0.01865565	-0.09229283
10.83757832	0.20219566	0.01865690	-0.09227154
10.84007832	0.20225585	0.01865815	-0.09225026
10.84257831	0.20231600	0.01865940	-0.09222899
10.84507831	0.20237613	0.01866064	-0.09220773
10.84757830	0.20243624	0.01866188	-0.09218647
10.85007830	0.20249632	0.01866312	-0.09216523
10.85257829	0.20255638	0.01866436	-0.09214400
10.85507829	0.20261641	0.01866559	-0.09212278
10.85757828	0.20267641	0.01866682	-0.09210157
10.86007828	0.20273639	0.01866804	-0.09208037
10.86257827	0.20279635	0.01866926	-0.09205918
10.86507827	0.20285628	0.01867048	-0.09203799
10.86757826	0.20291618	0.01867170	-0.09201682
10.87007826	0.20297606	0.01867292	-0.09199566
10.87257825	0.20303592	0.01867413	-0.09197450
10.87507825	0.20309574	0.01867534	-0.09195336
10.87757824	0.20315555	0.01867654	-0.09193223
10.88007824	0.20321532	0.01867774	-0.09191110
10.88257823	0.20327508	0.01867894	-0.09188999
10.88507823	0.20333480	0.01868014	-0.09186888
10.88757822	0.20339451	0.01868134	-0.09184779
10.89007822	0.20345418	0.01868253	-0.09182670
10.89257821	0.20351383	0.01868372	-0.09180563
10.89507821	0.20357346	0.01868490	-0.09178456
10.89757820	0.20363306	0.01868608	-0.09176351
10.90007820	0.20369263	0.01868726	-0.09174246
10.90257819	0.20375218	0.01868844	-0.09172142
10.90507819	0.20381171	0.01868961	-0.09170040
10.90757818	0.20387121	0.01869079	-0.09167938
10.91007818	0.20393068	0.01869195	-0.09165837
10.91257817	0.20399013	0.01869312	-0.09163737
10.91507817	0.20404955	0.01869428	-0.09161638
10.91757816	0.20410895	0.01869544	-0.09159541
10.92007816	0.20416832	0.01869660	-0.09157444
10.92257815	0.20422766	0.01869775	-0.09155348
10.92507815	0.20428698	0.01869890	-0.09153253
10.92757814	0.20434628	0.01870005	-0.09151159
10.93007814	0.20440554	0.01870120	-0.09149065
10.93257813	0.20446479	0.01870234	-0.09146973
10.93507813	0.20452400	0.01870348	-0.09144882
10.93757812	0.20458320	0.01870462	-0.09142792
10.94007812	0.20464236	0.01870575	-0.09140703
10.94257811	0.20470150	0.01870688	-0.09138614
10.94507811	0.20476062	0.01870801	-0.09136527
10.94757810	0.20481971	0.01870913	-0.09134440
10.95007810	0.20487877	0.01871026	-0.09132355
10.95257809	0.20493781	0.01871138	-0.09130270
10.95507809	0.20499682	0.01871249	-0.09128187
10.95757808	0.20505581	0.01871361	-0.09126104
10.96007808	0.20511477	0.01871472	-0.09124023
10.96257807	0.20517370	0.01871583	-0.09121942
10.96507807	0.20523261	0.01871693	-0.09119862
10.96757806	0.20529150	0.01871803	-0.09117783
10.97007806	0.20535035	0.01871913	-0.09115705
10.97257805	0.20540918	0.01872023	-0.09113628
10.97507805	0.20546799	0.01872132	-0.09111553
10.97757804	0.20552677	0.01872241	-0.09109477
10.98007804	0.20558552	0.01872350	-0.09107403
10.98257803	0.20564425	0.01872459	-0.09105330
10.98507803	0.20570296	0.01872567	-0.09103258
10.98757802	0.20576163	0.01872675	-0.09101187
10.99007802	0.20582028	0.01872783	-0.09099116
10.99257801	0.20587891	0.01872890	-0.09097047
10.99507801	0.20593751	0.01872997	-0.09094979
10.99757800	0.20599608	0.01873104	-0.09092911
11.00007800	0.20605463	0.01873211	-0.09090845
11.00257799	0.20611315	0.01873317	-0.09088779
11.00507799	0.20617164	0.01873423	-0.09086714
11.00757798	0.20623011	0.01873529	-0.09084651
11.01007798	0.20628856	0.01873634	-0.09082588
11.01257797	0.20634697	0.01873739	-0.09080526
11.01507797	0.20640537	0.01873844	-0.09078465
11.01757796	0.20646373	0.01873948	-0.09076405
11.02007796	0.20652207	0.01874053	-0.09074346
11.02257795	0.20658038	0.01874157	-0.09072288
11.02507795	0.20663867	0.01874260	-0.09070231
11.02757794	0.20669693	0.01874364	-0.09068174
11.03007794	0.20675517	0.01874467	-0.09066119
11.03257793	0.20681338	0.01874570	-0.09064065
11.03507793	0.20687156	0.01874672	-0.09062011
11.03757792	0.20692971	0.01874775	-0.09059959
11.04007792	0.20698785	0.01874877	-0.09057907
11.04257791	0.20704595	0.01874978	-0.09055856
11.04507791	0.20710403	0.01875080	-0.09053807
11.04757790	0.20716208	0.01875181	-0.09051758
11.05007790	0.20722011	0.01875282	-0.09049710
11.05257789	0.20727811	0.01875382	-0.09047663
11.05507789	0.20733608	0.01875483	-0.09045617
11.05757788	0.20739403	0.01875583	-0.09043572
11.06007788	0.20745195	0.01875683	-0.09041528
11.06257787	0.20750984	0.01875782	-0.09039484
11.06507787	0.20756771	0.01875881	-0.09037442
11.06757786	0.20762555	0.01875980	-0.09035401
11.07007786	0.20768337	0.01876079	-0.09033360
11.07257785	0.20774116	0.01876177	-0.09031321
11.07507785	0.20779892	0.01876275	-0.09029282
11.07757784	0.20785666	0.01876373	-0.09027244
11.08007784	0.20791437	0.01876470	-0.09025207
11.08257783	0.20797206	0.01876568	-0.09023171
11.08507783	0.20802971	0.01876664	-0.09021136
11.08757782	0.20808735	0.01876761	-0.09019102
11.09007782	0.20814495	0.01876857	-0.09017069
11.09257781	0.20820253	0.01876954	-0.09015037
11.09507781	0.20826008	0.01877049	-0.09013006
11.09757780	0.20831761	0.01877145	-0.09010975
11.10007780	0.20837511	0.01877240	-0.09008946
11.10257779	0.20843258	0.01877335	-0.09006917
11.10507779	0.20849003	0.01877430	-0.09004890
11.10757778	0.20854745	0.01877524	-0.09002863
11.11007778	0.20860485	0.01877618	-0.09000837
11.11257777	0.20866221	0.01877712	-0.08998812
11.11507777	0.20871956	0.01877806	-0.08996788
11.11757776	0.20877687	0.01877899	-0.08994765
11.12007776	0.20883416	0.01877992	-0.08992743
11.12257775	0.20889142	0.01878085	-0.08990722
11.12507775	0.20894866	0.01878177	-0.08988701
11.12757774	0.20900586	0.01878269	-0.08986682
11.13007774	0.20906305	0.01878361	-0.08984663
11.13257773	0.20912020	0.01878453	-0.08982646
11.13507773	0.20917733	0.01878544	-0.08980629
11.13757772	0.20923443	0.01878635	-0.08978613
11.14007772	0.20929151	0.01878726	-0.08976598
11.14257771	0.20934856	0.01878816	-0.08974584
11.14507771	0.20940558	0.01878906	-0.08972571
11.14757770	0.20946258	0.01878996	-0.08970559
11.15007770	0.20951955	0.01879086	-0.08968547
11.15257769	0.20957649	0.01879175	-0.08966537
11.15507769	0.20963341	0.01879264	-0.08964527
11.15757768	0.20969029	0.01879353	-0.08962519
11.16007768	0.20974716	0.01879442	-0.08960511
11.16257767	0.20980399	0.01879530	-0.08958504
11.16507767	0.20986080	0.01879618	-0.08956498
11.16757766	0.20991759	0.01879706	-0.08954493
11.17007766	0.20997434	0.01879793	-0.08952489
11.17257765	0.21003107	0.01879880	-0.08950486
11.17507765	0.21008777	0.01879967	-0.08948484
11.17757764	0.21014445	0.01880054	-0.08946482
11.18007764	0.21020110	0.01880140	-0.08944482
11.18257763	0.21025772	0.01880226	-0.08942482
11.18507763	0.21031431	0.01880312	-0.08940483
11.18757762	0.21037088	0.01880397	-0.08938485
11.19007762	0.21042742	0.01880482	-0.08936489
11.19257761	0.21048394	0.01880567	-0.08934492
11.19507761	0.21054043	0.01880652	-0.08932497
11.19757760	0.21059689	0.01880736	-0.08930503
11.20007760	0.21065332	0.01880820	-0.08928510
11.20257759	0.21070973	0.01880904	-0.08926517
11.20507759	0.21076611	0.01880988	-0.08924525
11.20757758	0.21082246	0.01881071	-0.08922535
11.21007758	0.21087879	0.01881154	-0.08920545
11.21257757	0.21093509	0.01881236	-0.08918556
11.21507757	0.21099136	0.01881319	-0.08916568
11.21757756	0.21104761	0.01881401	-0.08914581
11.22007756	0.21110383	0.01881483	-0.08912594
11.22257755	0.21116002	0.01881564	-0.08910609
11.22507755	0.21121619	0.01881646	-0.08908624
11.22757754	0.21127232	0.01881727	-0.08906641
11.23007754	0.21132843	0.01881807	-0.08904658
11.23257753	0.21138452	0.01881888	-0.08902676
11.23507753	0.21144058	0.01881968	-0.08900695
11.23757752	0.21149661	0.01882048	-0.08898715
11.24007752	0.21155261	0.01882128	-0.08896736
11.24257751	0.21160858	0.01882207	-0.08894757
11.24507751	0.21166453	0.01882286	-0.08892780
11.24757750	0.21172046	0.01882365	-0.08890803
11.25007750	0.21177635	0.01882443	-0.08888828
11.25257749	0.21183222	0.01882522	-0.08886853
11.25507749	0.21188806	0.01882600	-0.08884879
11.25757748	0.21194387	0.01882677	-0.08882906
11.26007748	0.21199966	0.01882755	-0.08880934
11.26257747	0.21205542	0.01882832	-0.08878962
11.26507747	0.21211115	0.01882909	-0.08876992
11.26757746	0.21216685	0.01882986	-0.08875022
11.27007746	0.21222253	0.01883062	-0.08873053
11.27257745	0.21227818	0.01883138	-0.08871086
11.27507745	0.21233381	0.01883214	-0.08869119
11.27757744	0.21238940	0.01883289	-0.08867153
11.28007744	0.21244497	0.01883364	-0.08865187
11.28257743	0.21250051	0.01883439	-0.08863223
11.28507743	0.21255603	0.01883514	-0.08861260
11.28757742	0.21261152	0.01883589	-0.08859297
11.29007742	0.21266698	0.01883663	-0.08857335
11.29257741	0.21272241	0.01883737	-0.08855374
11.29507741	0.21277781	0.01883810	-0.08853414
11.29757740	0.21283319	0.01883883	-0.08851455
11.30007740	0.21288854	0.01883957	-0.08849497
11.30257739	0.21294387	0.01884029	-0.08847540
11.30507739	0.21299916	0.01884102	-0.08845583
11.30757738	0.21305443	0.01884174	-0.08843627
11.31007738	0.21310967	0.01884246	-0.08841672
11.31257737	0.21316489	0.01884318	-0.08839719
11.31507737	0.21322008	0.01884389	-0.08837765
11.31757736	0.21327524	0.01884460	-0.08835813
11.32007736	0.21333037	0.01884531	-0.08833862
11.32257735	0.21338547	0.01884602	-0.08831911
11.32507735	0.21344055	0.01884672	-0.08829962
11.32757734	0.21349560	0.01884742	-0.08828013
11.33007734	0.21355062	0.01884812	-0.08826065
11.33257733	0.21360562	0.01884881	-0.08824118
11.33507733	0.21366059	0.01884950	-0.08822172
11.33757732	0.21371553	0.01885019	-0.08820227
11.34007732	0.21377044	0.01885088	-0.08818282
11.34257731	0.21382533	0.01885156	-0.08816338
11.34507731	0.21388018	0.01885225	-0.08814396
11.34757730	0.21393501	0.01885292	-0.08812454
11.35007730	0.21398982	0.01885360	-0.08810513
11.35257729	0.21404459	0.01885427	-0.08808572
11.35507729	0.21409934	0.01885494	-0.08806633
11.35757728	0.21415406	0.01885561	-0.08804695
11.36007728	0.21420876	0.01885628	-0.08802757
11.36257727	0.21426342	0.01885694	-0.08800820
11.36507727	0.21431806	0.01885760	-0.08798884
11.36757726	0.21437267	0.01885825	-0.08796949
11.37007726	0.21442725	0.01885891	-0.08795015
11.37257725	0.21448181	0.01885956	-0.08793082
11.37507725	0.21453634	0.01886021	-0.08791149
11.37757724	0.21459084	0.01886086	-0.08789217
11.38007724	0.21464531	0.01886150	-0.08787287
11.38257723	0.21469975	0.01886214	-0.08785357
11.38507723	0.21475417	0.01886278	-0.08783427
11.38757722	0.21480856	0.01886341	-0.08781499
11.39007722	0.21486292	0.01886404	-0.08779572
11.39257721	0.21491726	0.01886467	-0.08777645
11.39507721	0.21497156	0.01886530	-0.08775719
11.39757720	0.21502584	0.01886593	-0.08773794
11.40007720	0.21508009	0.01886655	-0.08771870
11.40257719	0.21513432	0.01886717	-0.08769947
11.40507719	0.21518851	0.01886778	-0.08768025
11.40757718	0.21524268	0.01886840	-0.08766103
11.41007718	0.21529682	0.01886901	-0.08764183
11.41257717	0.21535093	0.01886961	-0.08762263
11.41507717	0.21540502	0.01887022	-0.08760344
11.41757716	0.21545907	0.01887082	-0.08758426
11.42007716	0.21551310	0.01887142	-0.08756508
11.42257715	0.21556711	0.01887202	-0.08754592
11.42507715	0.21562108	0.01887261	-0.08752676
11.42757714	0.21567503	0.01887321	-0.08750761
11.43007714	0.21572894	0.01887380	-0.08748847
11.43257713	0.21578283	0.01887438	-0.08746934
11.43507713	0.21583670	0.01887497	-0.08745022
11.43757712	0.21589053	0.01887555	-0.08743110
11.44007712	0.21594434	0.01887613	-0.08741200
11.44257711	0.21599812	0.01887670	-0.08739290
11.44507711	0.21605187	0.01887728	-0.08737381
11.44757710	0.21610559	0.01887785	-0.08735473
11.45007710	0.21615929	0.01887841	-0.08733566
11.45257709	0.21621296	0.01887898	-0.08731659
11.45507709	0.21626660	0.01887954	-0.08729754
11.45757708	0.21632021	0.01888010	-0.08727849
11.46007708	0.21637379	0.01888066	-0.08725945
11.46257707	0.21642735	0.01888121	-0.08724042
11.46507707	0.21648087	0.01888176	-0.08722139
11.46757706	0.21653437	0.01888231	-0.08720238
11.47007706	0.21658785	0.01888286	-0.08718337
11.47257705	0.21664129	0.01888340	-0.08716437
11.47507705	0.21669471	0.01888394	-0.08714538
11.47757704	0.21674810	0.01888448	-0.08712640
11.48007704	0.21680146	0.01888502	-0.08710743
11.48257703	0.21685479	0.01888555	-0.08708846
11.48507703	0.21690809	0.01888608	-0.08706951
11.48757702	0.21696137	0.01888661	-0.08705056
11.49007702	0.21701462	0.01888713	-0.08703162
11.49257701	0.21706784	0.01888766	-0.08701269
11.49507701	0.21712103	0.01888818	-0.08699376
11.49757700	0.21717419	0.01888869	-0.08697485
11.50007700	0.21722733	0.01888921	-0.08695594
11.50257699	0.21728044	0.01888972	-0.08693704
11.50507699	0.21733352	0.01889023	-0.08691815
11.50757698	0.21738657	0.01889073	-0.08689927
11.51007698	0.21743959	0.01889124	-0.08688039
11.51257697	0.21749259	0.01889174	-0.08686153
11.51507697	0.21754555	0.01889224	-0.08684267
11.51757696	0.21759849	0.01889273	-0.08682382
11.52007696	0.21765140	0.01889322	-0.08680498
11.52257695	0.21770429	0.01889372	-0.08678614
11.52507695	0.21775714	0.01889420	-0.08676732
11.52757694	0.21780997	0.01889469	-0.08674850
11.53007694	0.21786277	0.01889517	-0.08672969
11.53257693	0.21791554	0.01889565	-0.08671089
11.53507693	0.21796828	0.01889613	-0.08669210
11.53757692	0.21802099	0.01889660	-0.08667331
11.54007692	0.21807368	0.01889707	-0.08665454
11.54257691	0.21812634	0.01889754	-0.08663577
11.54507691	0.21817897	0.01889801	-0.08661701
11.54757690	0.21823157	0.01889847	-0.08659825
11.55007690	0.21828414	0.01889893	-0.08657951
11.55257689	0.21833668	0.01889939	-0.08656077
11.55507689	0.21838920	0.01889985	-0.08654205
11.55757688	0.21844169	0.01890030	-0.08652333
11.56007688	0.21849415	0.01890075	-0.08650462
11.56257687	0.21854658	0.01890120	-0.08648591
11.56507687	0.21859898	0.01890165	-0.08646722
11.56757686	0.21865136	0.01890209	-0.08644853
11.57007686	0.21870370	0.01890253	-0.08642985
11.57257685	0.21875602	0.01890297	-0.08641118
11.57507685	0.21880831	0.01890340	-0.08639251
11.57757684	0.21886057	0.01890383	-0.08637386
11.58007684	0.21891281	0.01890426	-0.08635521
11.58257683	0.21896501	0.01890469	-0.08633657
11.58507683	0.21901719	0.01890511	-0.08631794
11.58757682	0.21906934	0.01890553	-0.08629932
11.59007682	0.21912145	0.01890595	-0.08628071
11.59257681	0.21917355	0.01890637	-0.08626210
11.59507681	0.21922561	0.01890678	-0.08624350
11.59757680	0.21927764	0.01890719	-0.08622491
11.60007680	0.21932965	0.01890760	-0.08620633
11.60257679	0.21938163	0.01890801	-0.08618775
11.60507679	0.21943358	0.01890841	-0.08616918
11.60757678	0.21948550	0.01890881	-0.08615063
11.61007678	0.21953739	0.01890921	-0.08613207
11.61257677	0.21958925	0.01890961	-0.08611353
11.61507677	0.21964109	0.01891000	-0.08609500
11.61757676	0.21969290	0.01891039	-0.08607647
11.62007676	0.21974467	0.01891078	-0.08605795
11.62257675	0.21979642	0.01891116	-0.08603944
11.62507675	0.21984814	0.01891154	-0.08602094
11.62757674	0.21989984	0.01891192	-0.08600244
11.63007674	0.21995150	0.01891230	-0.08598396
11.63257673	0.22000314	0.01891267	-0.08596548
11.63507673	0.22005475	0.01891305	-0.08594701
11.63757672	0.22010632	0.01891342	-0.08592854
11.64007672	0.22015787	0.01891378	-0.08591009
11.64257671	0.22020940	0.01891415	-0.08589164
11.64507671	0.22026089	0.01891451	-0.08587320
11.64757670	0.22031235	0.01891487	-0.08585477
11.65007670	0.22036379	0.01891522	-0.08583634
11.65257669	0.22041520	0.01891558	-0.08581793
11.65507669	0.22046658	0.01891593	-0.08579952
11.65757668	0.22051793	0.01891627	-0.08578112
11.66007668	0.22056925	0.01891662	-0.08576273
11.66257667	0.22062054	0.01891696	-0.08574435
11.66507667	0.22067180	0.01891730	-0.08572597
11.66757666	0.22072304	0.01891764	-0.08570760
11.67007666	0.22077425	0.01891798	-0.08568924
11.67257665	0.22082543	0.01891831	-0.08567089
11.67507665	0.22087658	0.01891864	-0.08565254
11.67757664	0.22092770	0.01891897	-0.08563421
11.68007664	0.22097879	0.01891929	-0.08561588
11.68257663	0.22102985	0.01891961	-0.08559756
11.68507663	0.22108089	0.01891993	-0.08557924
11.68757662	0.22113189	0.01892025	-0.08556094
11.69007662	0.22118287	0.01892057	-0.08554264
11.69257661	0.22123382	0.01892088	-0.08552435
11.69507661	0.22128474	0.01892119	-0.08550607
11.69757660	0.22133563	0.01892149	-0.08548779
11.70007660	0.22138649	0.01892180	-0.08546953
11.70257659	0.22143733	0.01892210	-0.08545127
11.70507659	0.22148813	0.01892240	-0.08543302
11.70757658	0.22153891	0.01892270	-0.08541477
11.71007658	0.22158966	0.01892299	-0.08539654
11.71257657	0.22164037	0.01892328	-0.08537831
11.71507657	0.22169106	0.01892357	-0.08536009
11.71757656	0.22174173	0.01892386	-0.08534188
11.72007656	0.22179236	0.01892414	-0.08532367
11.72257655	0.22184296	0.01892442	-0.08530548
11.72507655	0.22189354	0.01892470	-0.08528729
11.72757654	0.22194408	0.01892497	-0.08526911
11.73007654	0.22199460	0.01892525	-0.08525094
11.73257653	0.22204509	0.01892552	-0.08523277
11.73507653	0.22209555	0.01892579	-0.08521461
11.73757652	0.22214598	0.01892605	-0.08519646
11.74007652	0.22219638	0.01892631	-0.08517832
11.74257651	0.22224675	0.01892657	-0.08516019
11.74507651	0.22229709	0.01892683	-0.08514206
11.74757650	0.22234741	0.01892709	-0.08512394
11.75007650	0.22239770	0.01892734	-0.08510583
11.75257649	0.22244795	0.01892759	-0.08508773
11.75507649	0.22249818	0.01892784	-0.08506963
11.75757648	0.22254838	0.01892808	-0.08505154
11.76007648	0.22259855	0.01892833	-0.08503346
11.76257647	0.22264869	0.01892856	-0.08501539
11.76507647	0.22269880	0.01892880	-0.08499732
11.76757646	0.22274889	0.01892904	-0.08497927
11.77007646	0.22279894	0.01892927	-0.08496122
11.77257645	0.22284897	0.01892950	-0.08494317
11.77507645	0.22289896	0.01892973	-0.08492514
11.77757644	0.22294893	0.01892995	-0.08490711
11.78007644	0.22299887	0.01893017	-0.08488909
11.78257643	0.22304878	0.01893039	-0.08487108
11.78507643	0.22309866	0.01893061	-0.08485308
11.78757642	0.22314851	0.01893082	-0.08483508
11.79007642	0.22319833	0.01893103	-0.08481709
11.79257641	0.22324813	0.01893124	-0.08479911
11.79507641	0.22329789	0.01893145	-0.08478114
11.79757640	0.22334763	0.01893165	-0.08476317
11.80007640	0.22339733	0.01893185	-0.08474521
11.80257639	0.22344701	0.01893205	-0.08472726
11.80507639	0.22349666	0.01893225	-0.08470932
11.80757638	0.22354628	0.01893244	-0.08469139
11.81007638	0.22359587	0.01893264	-0.08467346
11.81257637	0.22364543	0.01893282	-0.08465554
11.81507637	0.22369496	0.01893301	-0.08463762
11.81757636	0.22374447	0.01893319	-0.08461972
11.82007636	0.22379394	0.01893338	-0.08460182
11.82257635	0.22384338	0.01893355	-0.08458393
11.82507635	0.22389280	0.01893373	-0.08456605
11.82757634	0.22394219	0.01893390	-0.08454818
11.83007634	0.22399154	0.01893407	-0.08453031
11.83257633	0.22404087	0.01893424	-0.08451245
11.83507633	0.22409017	0.01893441	-0.08449460
11.83757632	0.22413944	0.01893457	-0.08447675
11.84007632	0.22418868	0.01893473	-0.08445892
11.84257631	0.22423789	0.01893489	-0.08444109
11.84507631	0.22428707	0.01893505	-0.08442326
11.84757630	0.22433623	0.01893520	-0.08440545
11.85007630	0.22438535	0.01893535	-0.08438764
11.85257629	0.22443445	0.01893550	-0.08436984
11.85507629	0.22448351	0.01893564	-0.08435205
11.85757628	0.22453255	0.01893579	-0.08433427
11.86007628	0.22458155	0.01893593	-0.08431649
11.86257627	0.22463053	0.01893607	-0.08429872
11.86507627	0.22467948	0.01893620	-0.08428096
11.86757626	0.22472840	0.01893634	-0.08426320
11.87007626	0.22477729	0.01893647	-0.08424546
11.87257625	0.22482615	0.01893659	-0.08422772
11.87507625	0.22487498	0.01893672	-0.08420999
11.87757624	0.22492379	0.01893684	-0.08419226
11.88007624	0.22497256	0.01893696	-0.08417454
11.88257623	0.22502130	0.01893708	-0.08415683
11.88507623	0.22507002	0.01893720	-0.08413913
11.88757622	0.22511870	0.01893731	-0.08412144
11.89007622	0.22516736	0.01893742	-0.08410375
11.89257621	0.22521598	0.01893753	-0.08408607
11.89507621	0.22526458	0.01893763	-0.08406840
11.89757620	0.22531315	0.01893774	-0.08405073
11.90007620	0.22536169	0.01893784	-0.08403308
11.90257619	0.22541020	0.01893793	-0.08401543
11.90507619	0.22545868	0.01893803	-0.08399778
11.90757618	0.22550713	0.01893812	-0.08398015
11.91007618	0.22555555	0.01893821	-0.08396252
11.91257617	0.22560394	0.01893830	-0.08394490
11.91507617	0.22565230	0.01893839	-0.08392729
11.91757616	0.22570064	0.01893847	-0.08390968
11.92007616	0.22574894	0.01893855	-0.08389208
11.92257615	0.22579721	0.01893863	-0.08387449
11.92507615	0.22584546	0.01893870	-0.08385691
11.92757614	0.22589367	0.01893877	-0.08383933
11.93007614	0.22594186	0.01893884	-0.08382176
11.93257613	0.22599002	0.01893891	-0.08380420
11.93507613	0.22603814	0.01893898	-0.08378665
11.93757612	0.22608624	0.01893904	-0.08376910
11.94007612	0.22613431	0.01893910	-0.08375156
11.94257611	0.22618235	0.01893916	-0.08373403
11.94507611	0.22623036	0.01893921	-0.08371650
11.94757610	0.22627834	0.01893927	-0.08369899
11.95007610	0.22632629	0.01893932	-0.08368148
11.95257609	0.22637421	0.01893937	-0.08366397
11.95507609	0.22642210	0.01893941	-0.08364648
11.95757608	0.22646996	0.01893945	-0.08362899
11.96007608	0.22651780	0.01893949	-0.08361151
11.96257607	0.22656560	0.01893953	-0.08359403
11.96507607	0.22661337	0.01893957	-0.08357657
11.96757606	0.22666112	0.01893960	-0.08355911
11.97007606	0.22670883	0.01893963	-0.08354166
11.97257605	0.22675652	0.01893966	-0.08352421
11.97507605	0.22680417	0.01893969	-0.08350678
11.97757604	0.22685180	0.01893971	-0.08348935
11.98007604	0.22689939	0.01893973	-0.08347192
11.98257603	0.22694696	0.01893975	-0.08345451
11.98507603	0.22699450	0.01893976	-0.08343710
11.98757602	0.22704201	0.01893978	-0.08341970
11.99007602	0.22708948	0.01893979	-0.08340231
11.99257601	0.22713693	0.01893980	-0.08338492
11.99507601	0.22718435	0.01893980	-0.08336754
11.99757600	0.22723174	0.01893980	-0.08335017
12.00007600	0.22727910	0.01893981	-0.08333281
12.00257599	0.22732643	0.01893980	-0.08331545
12.00507599	0.22737373	0.01893980	-0.08329810
12.00757598	0.22742100	0.01893979	-0.08328076
12.01007598	0.22746825	0.01893978	-0.08326342
12.01257597	0.22751546	0.01893977	-0.08324609
12.01507597	0.22756264	0.01893976	-0.08322877
12.01757596	0.22760979	0.01893974	-0.08321146
12.02007596	0.22765692	0.01893972	-0.08319415
12.02257595	0.22770401	0.01893970	-0.08317685
12.02507595	0.22775107	0.01893968	-0.08315956
12.02757594	0.22779811	0.01893965	-0.08314227
12.03007594	0.22784511	0.01893962	-0.08312499
12.03257593	0.22789209	0.01893959	-0.08310772
12.03507593	0.22793903	0.01893956	-0.08309046
12.03757592	0.22798595	0.01893952	-0.08307320
12.04007592	0.22803283	0.01893948	-0.08305595
12.04257591	0.22807969	0.01893944	-0.08303871
12.04507591	0.22812651	0.01893940	-0.08302148
12.04757590	0.22817331	0.01893935	-0.08300425
12.05007590	0.22822008	0.01893931	-0.08298703
12.05257589	0.22826681	0.01893926	-0.08296982
12.05507589	0.22831352	0.01893920	-0.08295261
12.05757588	0.22836020	0.01893915	-0.08293541
12.06007588	0.22840685	0.01893909	-0.08291822
12.06257587	0.22845346	0.01893903	-0.08290103
12.06507587	0.22850005	0.01893897	-0.08288386
12.06757586	0.22854661	0.01893890	-0.08286668
12.07007586	0.22859314	0.01893883	-0.08284952
12.07257585	0.22863964	0.01893876	-0.08283236
12.07507585	0.22868611	0.01893869	-0.08281521
12.07757584	0.22873255	0.01893861	-0.08279807
12.08007584	0.22877896	0.01893854	-0.08278094
12.08257583	0.22882534	0.01893846	-0.08276381
12.08507583	0.22887169	0.01893837	-0.08274669
12.08757582	0.22891801	0.01893829	-0.08272957
12.09007582	0.22896430	0.01893820	-0.08271247
12.09257581	0.22901056	0.01893811	-0.08269537
12.09507581	0.22905679	0.01893802	-0.08267827
12.09757580	0.22910299	0.01893793	-0.08266119
12.10007580	0.22914916	0.01893783	-0.08264411
12.10257579	0.22919531	0.01893773	-0.08262704
12.10507579	0.22924142	0.01893763	-0.08260997
12.10757578	0.22928750	0.01893752	-0.08259292
12.11007578	0.22933355	0.01893742	-0.08257587
12.11257577	0.22937957	0.01893731	-0.08255882
12.11507577	0.22942557	0.01893720	-0.08254179
12.11757576	0.22947153	0.01893708	-0.08252476
12.12007576	0.22951746	0.01893697	-0.08250774
12.12257575	0.22956336	0.01893685	-0.08249072
12.12507575	0.22960924	0.01893673	-0.08247371
12.12757574	0.22965508	0.01893660	-0.08245671
12.13007574	0.22970089	0.01893648	-0.08243972
12.13257573	0.22974668	0.01893635	-0.08242273
12.13507573	0.22979243	0.01893622	-0.08240575
12.13757572	0.22983815	0.01893608	-0.08238878
12.14007572	0.22988385	0.01893595	-0.08237181
12.14257571	0.22992951	0.01893581	-0.08235485
12.14507571	0.22997514	0.01893567	-0.08233790
12.14757570	0.23002075	0.01893553	-0.08232095
12.15007570	0.23006632	0.01893538	-0.08230401
12.15257569	0.23011186	0.01893523	-0.08228708
12.15507569	0.23015738	0.01893508	-0.08227016
12.15757568	0.23020286	0.01893493	-0.08225324
12.16007568	0.23024832	0.01893478	-0.08223633
12.16257567	0.23029374	0.01893462	-0.08221943
12.16507567	0.23033913	0.01893446	-0.08220253
12.16757566	0.23038450	0.01893430	-0.08218564
12.17007566	0.23042983	0.01893413	-0.08216876
12.17257565	0.23047514	0.01893397	-0.08215188
12.17507565	0.23052041	0.01893380	-0.08213501
12.17757564	0.23056565	0.01893363	-0.08211815
12.18007564	0.23061087	0.01893345	-0.08210130
12.18257563	0.23065605	0.01893327	-0.08208445
12.18507563	0.23070121	0.01893310	-0.08206761
12.18757562	0.23074633	0.01893291	-0.08205077
12.19007562	0.23079142	0.01893273	-0.08203395
12.19257561	0.23083649	0.01893255	-0.08201713
12.19507561	0.23088152	0.01893236	-0.08200031
12.19757560	0.23092653	0.01893217	-0.08198350
12.20007560	0.23097150	0.01893197	-0.08196671
12.20257559	0.23101644	0.01893178	-0.08194991
12.20507559	0.23106136	0.01893158	-0.08193313
12.20757558	0.23110624	0.01893138	-0.08191635
12.21007558	0.23115110	0.01893118	-0.08189957
12.21257557	0.23119592	0.01893097	-0.08188281
12.21507557	0.23124071	0.01893076	-0.08186605
12.21757556	0.23128548	0.01893055	-0.08184930
12.22007556	0.23133021	0.01893034	-0.08183255
12.22257555	0.23137491	0.01893013	-0.08181582
12.22507555	0.23141959	0.01892991	-0.08179909
12.22757554	0.23146423	0.01892969	-0.08178236
12.23007554	0.23150884	0.01892947	-0.08176564
12.23257553	0.23155342	0.01892925	-0.08174893
12.23507553	0.23159798	0.01892902	-0.08173223
12.23757552	0.23164250	0.01892879	-0.08171553
12.24007552	0.23168699	0.01892856	-0.08169884
12.24257551	0.23173146	0.01892833	-0.08168216
12.24507551	0.23177589	0.01892809	-0.08166548
12.24757550	0.23182029	0.01892785	-0.08164881
12.25007550	0.23186466	0.01892761	-0.08163215
12.25257549	0.23190900	0.01892737	-0.08161549
12.25507549	0.23195332	0.01892712	-0.08159884
12.25757548	0.23199760	0.01892687	-0.08158220
12.26007548	0.23204185	0.01892662	-0.08156557
12.26257547	0.23208607	0.01892637	-0.08154894
12.26507547	0.23213026	0.01892612	-0.08153232
12.26757546	0.23217442	0.01892586	-0.08151570
12.27007546	0.23221855	0.01892560	-0.08149909
12.27257545	0.23226265	0.01892534	-0.08148249
12.27507545	0.23230672	0.01892508	-0.08146589
12.27757544	0.23235076	0.01892481	-0.08144931
12.28007544	0.23239477	0.01892454	-0.08143272
12.28257543	0.23243875	0.01892427	-0.08141615
12.28507543	0.23248270	0.01892399	-0.08139958
12.28757542	0.23252662	0.01892372	-0.08138302
12.29007542	0.23257051	0.01892344	-0.08136647
12.29257541	0.23261437	0.01892316	-0.08134992
12.29507541	0.23265820	0.01892288	-0.08133338
12.29757540	0.23270200	0.01892259	-0.08131684
12.30007540	0.23274577	0.01892230	-0.08130031
12.30257539	0.23278950	0.01892201	-0.08128379
12.30507539	0.23283321	0.01892172	-0.08126728
12.30757538	0.23287689	0.01892143	-0.08125077
12.31007538	0.23292054	0.01892113	-0.08123427
12.31257537	0.23296415	0.01892083	-0.08121778
12.31507537	0.23300774	0.01892053	-0.08120129
12.31757536	0.23305130	0.01892023	-0.08118481
12.32007536	0.23309482	0.01891992	-0.08116833
12.32257535	0.23313832	0.01891961	-0.08115187
12.32507535	0.23318179	0.01891930	-0.08113541
12.32757534	0.23322522	0.01891899	-0.08111895
12.33007534	0.23326863	0.01891867	-0.08110251
12.33257533	0.23331200	0.01891835	-0.08108606
12.33507533	0.23335535	0.01891803	-0.08106963
12.33757532	0.23339866	0.01891771	-0.08105320
12.34007532	0.23344194	0.01891738	-0.08103678
12.34257531	0.23348520	0.01891706	-0.08102037
12.34507531	0.23352842	0.01891673	-0.08100396
12.34757530	0.23357161	0.01891640	-0.08098756
12.35007530	0.23361478	0.01891606	-0.08097117
12.35257529	0.23365791	0.01891572	-0.08095478
12.35507529	0.23370101	0.01891539	-0.08093840
12.35757528	0.23374408	0.01891504	-0.08092202
12.36007528	0.23378712	0.01891470	-0.08090566
12.36257527	0.23383014	0.01891435	-0.08088930
12.36507527	0.23387312	0.01891401	-0.08087294
12.36757526	0.23391607	0.01891366	-0.08085659
12.37007526	0.23395899	0.01891330	-0.08084025
12.37257525	0.23400188	0.01891295	-0.08082392
12.37507525	0.23404474	0.01891259	-0.08080759
12.37757524	0.23408756	0.01891223	-0.08079127
12.38007524	0.23413036	0.01891187	-0.08077495
12.38257523	0.23417313	0.01891150	-0.08075865
12.38507523	0.23421587	0.01891114	-0.08074234
12.38757522	0.23425858	0.01891077	-0.08072605
12.39007522	0.23430125	0.01891040	-0.08070976
12.39257521	0.23434390	0.01891002	-0.08069348
12.39507521	0.23438652	0.01890965	-0.08067720
12.39757520	0.23442910	0.01890927	-0.08066093
12.40007520	0.23447166	0.01890889	-0.08064467
12.40257519	0.23451418	0.01890851	-0.08062842
12.40507519	0.23455668	0.01890812	-0.08061217
12.40757518	0.23459914	0.01890773	-0.08059593
12.41007518	0.23464158	0.01890735	-0.08057969
12.41257517	0.23468398	0.01890695	-0.08056346
12.41507517	0.23472635	0.01890656	-0.08054724
12.41757516	0.23476869	0.01890616	-0.08053102
12.42007516	0.23481101	0.01890576	-0.08051481
12.42257515	0.23485329	0.01890536	-0.08049861
12.42507515	0.23489554	0.01890496	-0.08048241
12.42757514	0.23493776	0.01890455	-0.08046622
12.43007514	0.23497995	0.01890415	-0.08045004
12.43257513	0.23502211	0.01890374	-0.08043386
12.43507513	0.23506424	0.01890332	-0.08041769
12.43757512	0.23510634	0.01890291	-0.08040152
12.44007512	0.23514841	0.01890249	-0.08038537
12.44257511	0.23519045	0.01890207	-0.08036922
12.44507511	0.23523245	0.01890165	-0.08035307
12.44757510	0.23527443	0.01890123	-0.08033693
12.45007510	0.23531638	0.01890080	-0.08032080
12.45257509	0.23535829	0.01890037	-0.08030468
12.45507509	0.23540018	0.01889994	-0.08028856
12.45757508	0.23544203	0.01889951	-0.08027244
12.46007508	0.23548386	0.01889907	-0.08025634
12.46257507	0.23552565	0.01889863	-0.08024024
12.46507507	0.23556742	0.01889819	-0.08022415
12.46757506	0.23560915	0.01889775	-0.08020806
12.47007506	0.23565085	0.01889731	-0.08019198
12.47257505	0.23569252	0.01889686	-0.08017591
12.47507505	0.23573417	0.01889641	-0.08015984
12.47757504	0.23577578	0.01889596	-0.08014378
12.48007504	0.23581736	0.01889551	-0.08012772
12.48257503	0.23585891	0.01889505	-0.08011168
12.48507503	0.23590043	0.01889459	-0.08009563
12.48757502	0.23594192	0.01889413	-0.08007960
12.49007502	0.23598337	0.01889367	-0.08006357
12.49257501	0.23602480	0.01889321	-0.08004755
12.49507501	0.23606620	0.01889274	-0.08003153
12.49757500	0.23610757	0.01889227	-0.08001552
12.50007500	0.23614890	0.01889180	-0.07999952
12.50257499	0.23619021	0.01889133	-0.07998352
12.50507499	0.23623148	0.01889085	-0.07996753
12.50757498	0.23627273	0.01889037	-0.07995155
12.51007498	0.23631394	0.01888989	-0.07993557
12.51257497	0.23635513	0.01888941	-0.07991960
12.51507497	0.23639628	0.01888892	-0.07990364
12.51757496	0.23643740	0.01888843	-0.07988768
12.52007496	0.23647849	0.01888795	-0.07987173
12.52257495	0.23651955	0.01888745	-0.07985578
12.52507495	0.23656058	0.01888696	-0.07983984
12.52757494	0.23660158	0.01888646	-0.07982391
12.53007494	0.23664255	0.01888596	-0.07980798
12.53257493	0.23668349	0.01888546	-0.07979206
12.53507493	0.23672440	0.01888496	-0.07977615
12.53757492	0.23676528	0.01888446	-0.07976024
12.54007492	0.23680613	0.01888395	-0.07974434
12.54257491	0.23684694	0.01888344	-0.07972845
12.54507491	0.23688773	0.01888293	-0.07971256
12.54757490	0.23692848	0.01888241	-0.07969668
12.55007490	0.23696921	0.01888190	-0.07968080
12.55257489	0.23700990	0.01888138	-0.07966493
12.55507489	0.23705056	0.01888086	-0.07964907
12.55757488	0.23709120	0.01888033	-0.07963321
12.56007488	0.23713180	0.01887981	-0.07961736
12.56257487	0.23717237	0.01887928	-0.07960152
12.56507487	0.23721291	0.01887875	-0.07958568
12.56757486	0.23725342	0.01887822	-0.07956985
12.57007486	0.23729390	0.01887768	-0.07955402
12.57257485	0.23733435	0.01887715	-0.07953820
12.57507485	0.23737477	0.01887661	-0.07952239
12.57757484	0.23741516	0.01887607	-0.07950658
12.58007484	0.23745551	0.01887552	-0.07949078
12.58257483	0.23749584	0.01887498	-0.07947499
12.58507483	0.23753613	0.01887443	-0.07945920
12.58757482	0.23757640	0.01887388	-0.07944342
12.59007482	0.23761663	0.01887333	-0.07942765
12.59257481	0.23765684	0.01887278	-0.07941188
12.59507481	0.23769701	0.01887222	-0.07939611
12.59757480	0.23773715	0.01887166	-0.07938036
12.60007480	0.23777726	0.01887110	-0.07936461
12.60257479	0.23781734	0.01887054	-0.07934886
12.60507479	0.23785739	0.01886997	-0.07933313
12.60757478	0.23789741	0.01886940	-0.07931740
12.61007478	0.23793740	0.01886883	-0.07930167
12.61257477	0.23797736	0.01886826	-0.07928595
12.61507477	0.23801729	0.01886769	-0.07927024
12.61757476	0.23805718	0.01886711	-0.07925453
12.62007476	0.23809705	0.01886653	-0.07923883
12.62257475	0.23813689	0.01886595	-0.07922314
12.62507475	0.23817669	0.01886537	-0.07920745
12.62757474	0.23821646	0.01886478	-0.07919177
12.63007474	0.23825621	0.01886420	-0.07917610
12.63257473	0.23829592	0.01886361	-0.07916043
12.63507473	0.23833560	0.01886301	-0.07914476
12.63757472	0.23837525	0.01886242	-0.07912911
12.64007472	0.23841487	0.01886182	-0.07911346
12.64257471	0.23845446	0.01886123	-0.07909781
12.64507471	0.23849402	0.01886063	-0.07908217
12.64757470	0.23853355	0.01886002	-0.07906654
12.65007470	0.23857305	0.01885942	-0.07905092
12.65257469	0.23861251	0.01885881	-0.07903530
12.65507469	0.23865195	0.01885820	-0.07901968
12.65757468	0.23869135	0.01885759	-0.07900408
12.66007468	0.23873073	0.01885698	-0.07898848
12.66257467	0.23877007	0.01885636	-0.07897288
12.66507467	0.23880938	0.01885574	-0.07895729
12.66757466	0.23884867	0.01885512	-0.07894171
12.67007466	0.23888792	0.01885450	-0.07892613
12.67257465	0.23892714	0.01885388	-0.07891056
12.67507465	0.23896633	0.01885325	-0.07889500
12.67757464	0.23900549	0.01885262	-0.07887944
12.68007464	0.23904462	0.01885199	-0.07886389
12.68257463	0.23908371	0.01885135	-0.07884834
12.68507463	0.23912278	0.01885072	-0.07883280
12.68757462	0.23916182	0.01885008	-0.07881727
12.69007462	0.23920082	0.01884944	-0.07880174
12.69257461	0.23923980	0.01884880	-0.07878622
12.69507461	0.23927874	0.01884816	-0.07877071
12.69757460	0.23931765	0.01884751	-0.07875520
12.70007460	0.23935653	0.01884686	-0.07873969
12.70257459	0.23939539	0.01884621	-0.07872420
12.70507459	0.23943421	0.01884556	-0.07870871
12.70757458	0.23947300	0.01884490	-0.07869322
12.71007458	0.23951175	0.01884424	-0.07867774
12.71257457	0.23955048	0.01884359	-0.07866227
12.71507457	0.23958918	0.01884292	-0.07864681
12.71757456	0.23962785	0.01884226	-0.07863135
12.72007456	0.23966648	0.01884159	-0.07861589
12.72257455	0.23970509	0.01884093	-0.07860044
12.72507455	0.23974366	0.01884026	-0.07858500
12.72757454	0.23978220	0.01883958	-0.07856957
12.73007454	0.23982072	0.01883891	-0.07855414
12.73257453	0.23985920	0.01883823	-0.07853871
12.73507453	0.23989765	0.01883755	-0.07852329
12.73757452	0.23993607	0.01883687	-0.07850788
12.74007452	0.23997446	0.01883619	-0.07849248
12.74257451	0.24001282	0.01883550	-0.07847708
12.74507451	0.24005114	0.01883482	-0.07846168
12.74757450	0.24008944	0.01883413	-0.07844630
12.75007450	0.24012771	0.01883344	-0.07843091
12.75257449	0.24016594	0.01883274	-0.07841554
12.75507449	0.24020414	0.01883205	-0.07840017
12.75757448	0.24024232	0.01883135	-0.07838481
12.76007448	0.24028046	0.01883065	-0.07836945
12.76257447	0.24031857	0.01882994	-0.07835410
12.76507447	0.24035665	0.01882924	-0.07833875
12.76757446	0.24039470	0.01882853	-0.07832341
12.77007446	0.24043272	0.01882782	-0.07830808
12.77257445	0.24047071	0.01882711	-0.07829275
12.77507445	0.24050867	0.01882640	-0.07827743
12.77757444	0.24054659	0.01882569	-0.07826211
12.78007444	0.24058449	0.01882497	-0.07824681
12.78257443	0.24062235	0.01882425	-0.07823150
12.78507443	0.24066019	0.01882353	-0.07821620
12.78757442	0.24069799	0.01882280	-0.07820091
12.79007442	0.24073576	0.01882208	-0.07818563
12.79257441	0.24077350	0.01882135	-0.07817035
12.79507441	0.24081121	0.01882062	-0.07815507
12.79757440	0.24084889	0.01881989	-0.07813981
12.80007440	0.24088654	0.01881915	-0.07812455
12.80257439	0.24092416	0.01881842	-0.07810929
12.80507439	0.24096175	0.01881768	-0.07809404
12.80757438	0.24099930	0.01881694	-0.07807880
12.81007438	0.24103683	0.01881619	-0.07806356
12.81257437	0.24107432	0.01881545	-0.07804833
12.81507437	0.24111179	0.01881470	-0.07803310
12.81757436	0.24114922	0.01881395	-0.07801788
12.82007436	0.24118662	0.01881320	-0.07800267
12.82257435	0.24122399	0.01881245	-0.07798746
12.82507435	0.24126133	0.01881169	-0.07797226
12.82757434	0.24129864	0.01881093	-0.07795706
12.83007434	0.24133592	0.01881017	-0.07794187
12.83257433	0.24137316	0.01880941	-0.07792669
12.83507433	0.24141038	0.01880865	-0.07791151
12.83757432	0.24144757	0.01880788	-0.07789634
12.84007432	0.24148472	0.01880711	-0.07788117
12.84257431	0.24152184	0.01880634	-0.07786601
12.84507431	0.24155894	0.01880557	-0.07785085
12.84757430	0.24159600	0.01880479	-0.07783570
12.85007430	0.24163303	0.01880402	-0.07782056
12.85257429	0.24167003	0.01880324	-0.07780542
12.85507429	0.24170700	0.01880246	-0.07779029
12.85757428	0.24174394	0.01880168	-0.07777517
12.86007428	0.24178084	0.01880089	-0.07776005
12.86257427	0.24181772	0.01880010	-0.07774493
12.86507427	0.24185456	0.01879931	-0.07772983
12.86757426	0.24189138	0.01879852	-0.07771473
12.87007426	0.24192816	0.01879773	-0.07769963
12.87257425	0.24196491	0.01879693	-0.07768454
12.87507425	0.24200164	0.01879614	-0.07766945
12.87757424	0.24203833	0.01879534	-0.07765438
12.88007424	0.24207499	0.01879453	-0.07763930
12.88257423	0.24211161	0.01879373	-0.07762424
12.88507423	0.24214821	0.01879292	-0.07760918
12.88757422	0.24218478	0.01879212	-0.07759412
12.89007422	0.24222132	0.01879130	-0.07757907
12.89257421	0.24225782	0.01879049	-0.07756403
12.89507421	0.24229429	0.01878968	-0.07754899
12.89757420	0.24233074	0.01878886	-0.07753396
12.90007420	0.24236715	0.01878804	-0.07751893
12.90257419	0.24240353	0.01878722	-0.07750391
12.90507419	0.24243988	0.01878640	-0.07748890
12.90757418	0.24247620	0.01878557	-0.07747389
12.91007418	0.24251249	0.01878475	-0.07745889
12.91257417	0.24254875	0.01878392	-0.07744389
12.91507417	0.24258497	0.01878309	-0.07742890
12.91757416	0.24262117	0.01878225	-0.07741392
12.92007416	0.24265733	0.01878142	-0.07739894
12.92257415	0.24269347	0.01878058	-0.07738396
12.92507415	0.24272957	0.01877974	-0.07736900
12.92757414	0.24276564	0.01877890	-0.07735403
12.93007414	0.24280168	0.01877806	-0.07733908
12.93257413	0.24283769	0.01877721	-0.07732413
12.93507413	0.24287367	0.01877636	-0.07730918
12.93757412	0.24290962	0.01877552	-0.07729424
12.94007412	0.24294553	0.01877466	-0.07727931
12.94257411	0.24298142	0.01877381	-0.07726438
12.94507411	0.24301727	0.01877295	-0.07724946
12.94757410	0.24305310	0.01877210	-0.07723455
12.95007410	0.24308889	0.01877124	-0.07721964
12.95257409	0.24312465	0.01877037	-0.07720473
12.95507409	0.24316038	0.01876951	-0.07718983
12.95757408	0.24319608	0.01876864	-0.07717494
12.96007408	0.24323175	0.01876777	-0.07716005
12.96257407	0.24326739	0.01876690	-0.07714517
12.96507407	0.24330300	0.01876603	-0.07713030
12.96757406	0.24333857	0.01876516	-0.07711543
12.97007406	0.24337412	0.01876428	-0.07710056
12.97257405	0.24340963	0.01876340	-0.07708570
12.97507405	0.24344512	0.01876252	-0.07707085
12.97757404	0.24348057	0.01876164	-0.07705600
12.98007404	0.24351599	0.01876076	-0.07704116
12.98257403	0.24355138	0.01875987	-0.07702633
12.98507403	0.24358674	0.01875898	-0.07701150
12.98757402	0.24362207	0.01875809	-0.07699667
12.99007402	0.24365737	0.01875720	-0.07698186
12.99257401	0.24369263	0.01875630	-0.07696704
12.99507401	0.24372787	0.01875540	-0.07695224
12.99757400	0.24376307	0.01875451	-0.07693743
13.00007400	0.24379824	0.01875360	-0.07692264
13.00257399	0.24383339	0.01875270	-0.07690785
13.00507399	0.24386850	0.01875180	-0.07689307
13.00757398	0.24390358	0.01875089	-0.07687829
13.01007398	0.24393863	0.01874998	-0.07686351
13.01257397	0.24397365	0.01874907	-0.07684875
13.01507397	0.24400863	0.01874816	-0.07683399
13.01757396	0.24404359	0.01874724	-0.07681923
13.02007396	0.24407851	0.01874632	-0.07680448
13.02257395	0.24411341	0.01874540	-0.07678973
13.02507395	0.24414827	0.01874448	-0.07677500
13.02757394	0.24418310	0.01874356	-0.07676026
13.03007394	0.24421790	0.01874263	-0.07674554
13.03257393	0.24425268	0.01874171	-0.07673081
13.03507393	0.24428741	0.01874078	-0.07671610
13.03757392	0.24432212	0.01873985	-0.07670139
13.04007392	0.24435680	0.01873891	-0.07668668
13.04257391	0.24439145	0.01873798	-0.07667198
13.04507391	0.24442606	0.01873704	-0.07665729
13.04757390	0.24446065	0.01873610	-0.07664260
13.05007390	0.24449520	0.01873516	-0.07662792
13.05257389	0.24452972	0.01873421	-0.07661324
13.05507389	0.24456421	0.01873327	-0.07659857
13.05757388	0.24459867	0.01873232	-0.07658391
13.06007388	0.24463310	0.01873137	-0.07656925
13.06257387	0.24466750	0.01873042	-0.07655459
13.06507387	0.24470187	0.01872947	-0.07653994
13.06757386	0.24473620	0.01872851	-0.07652530
13.07007386	0.24477051	0.01872755	-0.07651066
13.07257385	0.24480478	0.01872659	-0.07649603
13.07507385	0.24483902	0.01872563	-0.07648140
13.07757384	0.24487324	0.01872467	-0.07646678
13.08007384	0.24490742	0.01872370	-0.07645217
13.08257383	0.24494157	0.01872274	-0.07643756
13.08507383	0.24497569	0.01872177	-0.07642295
13.08757382	0.24500977	0.01872079	-0.07640836
13.09007382	0.24504383	0.01871982	-0.07639376
13.09257381	0.24507786	0.01871884	-0.07637918
13.09507381	0.24511185	0.01871787	-0.07636459
13.09757380	0.24514581	0.01871689	-0.07635002
13.10007380	0.24517975	0.01871591	-0.07633545
13.10257379	0.24521365	0.01871492	-0.07632088
13.10507379	0.24524752	0.01871394	-0.07630632
13.10757378	0.24528136	0.01871295	-0.07629177
13.11007378	0.24531517	0.01871196	-0.07627722
13.11257377	0.24534895	0.01871097	-0.07626268
13.11507377	0.24538269	0.01870997	-0.07624814
13.11757376	0.24541641	0.01870898	-0.07623361
13.12007376	0.24545009	0.01870798	-0.07621908
13.12257375	0.24548375	0.01870698	-0.07620456
13.12507375	0.24551737	0.01870598	-0.07619005
13.12757374	0.24555096	0.01870498	-0.07617554
13.13007374	0.24558452	0.01870397	-0.07616103
13.13257373	0.24561805	0.01870296	-0.07614654
13.13507373	0.24565155	0.01870195	-0.07613204
13.13757372	0.24568501	0.01870094	-0.07611756
13.14007372	0.24571845	0.01869993	-0.07610307
13.14257371	0.24575186	0.01869891	-0.07608860
13.14507371	0.24578523	0.01869790	-0.07607413
13.14757370	0.24581857	0.01869688	-0.07605966
13.15007370	0.24585189	0.01869586	-0.07604520
13.15257369	0.24588517	0.01869483	-0.07603075
13.15507369	0.24591842	0.01869381	-0.07601630
13.15757368	0.24595164	0.01869278	-0.07600185
13.16007368	0.24598482	0.01869175	-0.07598742
13.16257367	0.24601798	0.01869072	-0.07597298
13.16507367	0.24605111	0.01868969	-0.07595856
13.16757366	0.24608420	0.01868865	-0.07594414
13.17007366	0.24611726	0.01868761	-0.07592972
13.17257365	0.24615030	0.01868658	-0.07591531
13.17507365	0.24618330	0.01868553	-0.07590090
13.17757364	0.24621627	0.01868449	-0.07588650
13.18007364	0.24624921	0.01868345	-0.07587211
13.18257363	0.24628212	0.01868240	-0.07585772
13.18507363	0.24631500	0.01868135	-0.07584334
13.18757362	0.24634784	0.01868030	-0.07582896
13.19007362	0.24638066	0.01867925	-0.07581459
13.19257361	0.24641344	0.01867819	-0.07580022
13.19507361	0.24644620	0.01867714	-0.07578586
13.19757360	0.24647892	0.01867608	-0.07577150
13.20007360	0.24651161	0.01867502	-0.07575715
13.20257359	0.24654427	0.01867396	-0.07574281
13.20507359	0.24657690	0.01867289	-0.07572847
13.20757358	0.24660950	0.01867182	-0.07571413
13.21007358	0.24664206	0.01867076	-0.07569981
13.21257357	0.24667460	0.01866969	-0.07568548
13.21507357	0.24670711	0.01866861	-0.07567116
13.21757356	0.24673958	0.01866754	-0.07565685
13.22007356	0.24677202	0.01866646	-0.07564254
13.22257355	0.24680443	0.01866539	-0.07562824
13.22507355	0.24683682	0.01866431	-0.07561395
13.22757354	0.24686917	0.01866322	-0.07559966
13.23007354	0.24690148	0.01866214	-0.07558537
13.23257353	0.24693377	0.01866105	-0.07557109
13.23507353	0.24696603	0.01865997	-0.07555681
13.23757352	0.24699826	0.01865888	-0.07554255
13.24007352	0.24703045	0.01865779	-0.07552828
13.24257351	0.24706261	0.01865669	-0.07551402
13.24507351	0.24709475	0.01865560	-0.07549977
13.24757350	0.24712685	0.01865450	-0.07548552
13.25007350	0.24715892	0.01865340	-0.07547128
13.25257349	0.24719096	0.01865230	-0.07545704
13.25507349	0.24722297	0.01865120	-0.07544281
13.25757348	0.24725494	0.01865009	-0.07542858
13.26007348	0.24728689	0.01864898	-0.07541436
13.26257347	0.24731881	0.01864787	-0.07540015
13.26507347	0.24735069	0.01864676	-0.07538594
13.26757346	0.24738254	0.01864565	-0.07537173
13.27007346	0.24741437	0.01864454	-0.07535753
13.27257345	0.24744616	0.01864342	-0.07534334
13.27507345	0.24747792	0.01864230	-0.07532915
13.27757344	0.24750965	0.01864118	-0.07531497
13.28007344	0.24754134	0.01864006	-0.07530079
13.28257343	0.24757301	0.01863893	-0.07528662
13.28507343	0.24760465	0.01863781	-0.07527245
13.28757342	0.24763625	0.01863668	-0.07525829
13.29007342	0.24766783	0.01863555	-0.07524413
13.29257341	0.24769937	0.01863442	-0.07522998
13.29507341	0.24773088	0.01863328	-0.07521583
13.29757340	0.24776236	0.01863215	-0.07520169
13.30007340	0.24779381	0.01863101	-0.07518755
13.30257339	0.24782523	0.01862987	-0.07517342
13.30507339	0.24785662	0.01862873	-0.07515930
13.30757338	0.24788797	0.01862759	-0.07514518
13.31007338	0.24791930	0.01862644	-0.07513107
13.31257337	0.24795059	0.01862529	-0.07511696
13.31507337	0.24798186	0.01862415	-0.07510285
13.31757336	0.24801309	0.01862299	-0.07508875
13.32007336	0.24804429	0.01862184	-0.07507466
13.32257335	0.24807546	0.01862069	-0.07506057
13.32507335	0.24810660	0.01861953	-0.07504649
13.32757334	0.24813771	0.01861837	-0.07503241
13.33007334	0.24816879	0.01861721	-0.07501834
13.33257333	0.24819983	0.01861605	-0.07500428
13.33507333	0.24823085	0.01861488	-0.07499021
13.33757332	0.24826183	0.01861372	-0.07497616
13.34007332	0.24829279	0.01861255	-0.07496211
13.34257331	0.24832371	0.01861138	-0.07494806
13.34507331	0.24835460	0.01861021	-0.07493402
13.34757330	0.24838546	0.01860904	-0.07491999
13.35007330	0.24841629	0.01860786	-0.07490596
13.35257329	0.24844709	0.01860668	-0.07489193
13.35507329	0.24847786	0.01860550	-0.07487791
13.35757328	0.24850859	0.01860432	-0.07486390
13.36007328	0.24853930	0.01860314	-0.07484989
13.36257327	0.24856997	0.01860195	-0.07483589
13.36507327	0.24860061	0.01860077	-0.07482189
13.36757326	0.24863123	0.01859958	-0.07480789
13.37007326	0.24866181	0.01859839	-0.07479391
13.37257325	0.24869236	0.01859720	-0.07477992
13.37507325	0.24872288	0.01859600	-0.07476595
13.37757324	0.24875336	0.01859480	-0.07475197
13.38007324	0.24878382	0.01859361	-0.07473801
13.38257323	0.24881425	0.01859241	-0.07472404
13.38507323	0.24884464	0.01859121	-0.07471009
13.38757322	0.24887501	0.01859000	-0.07469614
13.39007322	0.24890534	0.01858880	-0.07468219
13.39257321	0.24893564	0.01858759	-0.07466825
13.39507321	0.24896591	0.01858638	-0.07465431
13.39757320	0.24899615	0.01858517	-0.07464038
13.40007320	0.24902636	0.01858396	-0.07462646
13.40257319	0.24905654	0.01858274	-0.07461254
13.40507319	0.24908668	0.01858152	-0.07459862
13.40757318	0.24911680	0.01858031	-0.07458471
13.41007318	0.24914688	0.01857908	-0.07457081
13.41257317	0.24917694	0.01857786	-0.07455691
13.41507317	0.24920696	0.01857664	-0.07454301
13.41757316	0.24923695	0.01857541	-0.07452913
13.42007316	0.24926691	0.01857418	-0.07451524
13.42257315	0.24929684	0.01857295	-0.07450136
13.42507315	0.24932674	0.01857172	-0.07448749
13.42757314	0.24935661	0.01857049	-0.07447362
13.43007314	0.24938645	0.01856925	-0.07445976
13.43257313	0.24941625	0.01856802	-0.07444590
13.43507313	0.24944603	0.01856678	-0.07443205
13.43757312	0.24947577	0.01856554	-0.07441820
13.44007312	0.24950548	0.01856430	-0.07440436
13.44257311	0.24953516	0.01856305	-0.07439052
13.44507311	0.24956482	0.01856180	-0.07437669
13.44757310	0.24959443	0.01856056	-0.07436286
13.45007310	0.24962402	0.01855931	-0.07434904
13.45257309	0.24965358	0.01855805	-0.07433522
13.45507309	0.24968311	0.01855680	-0.07432141
13.45757308	0.24971260	0.01855555	-0.07430760
13.46007308	0.24974207	0.01855429	-0.07429380
13.46257307	0.24977150	0.01855303	-0.07428001
13.46507307	0.24980090	0.01855177	-0.07426621
13.46757306	0.24983028	0.01855050	-0.07425243
13.47007306	0.24985962	0.01854924	-0.07423865
13.47257305	0.24988893	0.01854797	-0.07422487
13.47507305	0.24991821	0.01854671	-0.07421110
13.47757304	0.24994745	0.01854543	-0.07419733
13.48007304	0.24997667	0.01854416	-0.07418357
13.48257303	0.25000586	0.01854289	-0.07416982
13.48507303	0.25003501	0.01854161	-0.07415607
13.48757302	0.25006414	0.01854034	-0.07414232
13.49007302	0.25009323	0.01853906	-0.07412858
13.49257301	0.25012229	0.01853778	-0.07411485
13.49507301	0.25015132	0.01853649	-0.07410112
13.49757300	0.25018032	0.01853521	-0.07408739
13.50007300	0.25020929	0.01853392	-0.07407367
13.50257299	0.25023823	0.01853263	-0.07405996
13.50507299	0.25026713	0.01853134	-0.07404625
13.50757298	0.25029601	0.01853005	-0.07403254
13.51007298	0.25032486	0.01852876	-0.07401885
13.51257297	0.25035367	0.01852746	-0.07400515
13.51507297	0.25038245	0.01852616	-0.07399146
13.51757296	0.25041121	0.01852486	-0.07397778
13.52007296	0.25043993	0.01852356	-0.07396410
13.52257295	0.25046862	0.01852226	-0.07395042
13.52507295	0.25049728	0.01852096	-0.07393675
13.52757294	0.25052590	0.01851965	-0.07392309
13.53007294	0.25055450	0.01851834	-0.07390943
13.53257293	0.25058307	0.01851703	-0.07389578
13.53507293	0.25061160	0.01851572	-0.07388213
13.53757292	0.25064011	0.01851441	-0.07386848
13.54007292	0.25066858	0.01851309	-0.07385485
13.54257291	0.25069702	0.01851177	-0.07384121
13.54507291	0.25072544	0.01851045	-0.07382758
13.54757290	0.25075382	0.01850913	-0.07381396
13.55007290	0.25078217	0.01850781	-0.07380034
13.55257289	0.25081049	0.01850648	-0.07378673
13.55507289	0.25083877	0.01850516	-0.07377312
13.55757288	0.25086703	0.01850383	-0.07375951
13.56007288	0.25089526	0.01850250	-0.07374592
13.56257287	0.25092345	0.01850117	-0.07373232
13.56507287	0.25095162	0.01849984	-0.07371873
13.56757286	0.25097975	0.01849850	-0.07370515
13.57007286	0.25100785	0.01849716	-0.07369157
13.57257285	0.25103592	0.01849582	-0.07367800
13.57507285	0.25106396	0.01849448	-0.07366443
13.57757284	0.25109197	0.01849314	-0.07365087
13.58007284	0.25111995	0.01849180	-0.07363731
13.58257283	0.25114790	0.01849045	-0.07362375
13.58507283	0.25117581	0.01848910	-0.07361021
13.58757282	0.25120370	0.01848775	-0.07359666
13.59007282	0.25123156	0.01848640	-0.07358312
13.59257281	0.25125938	0.01848505	-0.07356959
13.59507281	0.25128717	0.01848369	-0.07355606
13.59757280	0.25131493	0.01848234	-0.07354254
13.60007280	0.25134267	0.01848098	-0.07352902
13.60257279	0.25137037	0.01847962	-0.07351550
13.60507279	0.25139803	0.01847826	-0.07350200
13.60757278	0.25142567	0.01847689	-0.07348849
13.61007278	0.25145328	0.01847553	-0.07347499
13.61257277	0.25148086	0.01847416	-0.07346150
13.61507277	0.25150840	0.01847279	-0.07344801
13.61757276	0.25153592	0.01847142	-0.07343453
13.62007276	0.25156340	0.01847005	-0.07342105
13.62257275	0.25159085	0.01846867	-0.07340757
13.62507275	0.25161828	0.01846730	-0.07339410
13.62757274	0.25164567	0.01846592	-0.07338064
13.63007274	0.25167303	0.01846454	-0.07336718
13.63257273	0.25170036	0.01846316	-0.07335373
13.63507273	0.25172765	0.01846178	-0.07334028
13.63757272	0.25175492	0.01846039	-0.07332683
13.64007272	0.25178216	0.01845900	-0.07331339
13.64257271	0.25180936	0.01845762	-0.07329996
13.64507271	0.25183654	0.01845623	-0.07328653
13.64757270	0.25186368	0.01845483	-0.07327310
13.65007270	0.25189080	0.01845344	-0.07325968
13.65257269	0.25191788	0.01845204	-0.07324627
13.65507269	0.25194493	0.01845065	-0.07323286
13.65757268	0.25197195	0.01844925	-0.07321945
13.66007268	0.25199894	0.01844785	-0.07320605
13.66257267	0.25202590	0.01844645	-0.07319266
13.66507267	0.25205283	0.01844504	-0.07317927
13.66757266	0.25207972	0.01844364	-0.07316588
13.67007266	0.25210659	0.01844223	-0.07315250
13.67257265	0.25213342	0.01844082	-0.07313912
13.67507265	0.25216023	0.01843941	-0.07312575
13.67757264	0.25218700	0.01843799	-0.07311239
13.68007264	0.25221374	0.01843658	-0.07309903
13.68257263	0.25224046	0.01843516	-0.07308567
13.68507263	0.25226714	0.01843374	-0.07307232
13.68757262	0.25229379	0.01843232	-0.07305897
13.69007262	0.25232041	0.01843090	-0.07304563
13.69257261	0.25234699	0.01842948	-0.07303229
13.69507261	0.25237355	0.01842806	-0.07301896
13.69757260	0.25240008	0.01842663	-0.07300564
13.70007260	0.25242657	0.01842520	-0.07299231
13.70257259	0.25245304	0.01842377	-0.07297900
13.70507259	0.25247947	0.01842234	-0.07296568
13.70757258	0.25250588	0.01842090	-0.07295238
13.71007258	0.25253225	0.01841947	-0.07293907
13.71257257	0.25255859	0.01841803	-0.07292578
13.71507257	0.25258490	0.01841659	-0.07291248
13.71757256	0.25261118	0.01841515	-0.07289920
13.72007256	0.25263743	0.01841371	-0.07288591
13.72257255	0.25266365	0.01841227	-0.07287263
13.72507255	0.25268983	0.01841082	-0.07285936
13.72757254	0.25271599	0.01840937	-0.07284609
13.73007254	0.25274212	0.01840792	-0.07283283
13.73257253	0.25276821	0.01840647	-0.07281957
13.73507253	0.25279428	0.01840502	-0.07280631
13.73757252	0.25282031	0.01840357	-0.07279306
13.74007252	0.25284631	0.01840211	-0.07277982
13.74257251	0.25287228	0.01840065	-0.07276658
13.74507251	0.25289822	0.01839919	-0.07275334
13.74757250	0.25292413	0.01839773	-0.07274011
13.75007250	0.25295001	0.01839627	-0.07272689
13.75257249	0.25297586	0.01839480	-0.07271367
13.75507249	0.25300168	0.01839334	-0.07270045
13.75757248	0.25302747	0.01839187	-0.07268724
13.76007248	0.25305322	0.01839040	-0.07267404
13.76257247	0.25307895	0.01838893	-0.07266083
13.76507247	0.25310464	0.01838745	-0.07264764
13.76757246	0.25313030	0.01838598	-0.07263445
13.77007246	0.25315594	0.01838450	-0.07262126
13.77257245	0.25318154	0.01838302	-0.07260808
13.77507245	0.25320711	0.01838154	-0.07259490
13.77757244	0.25323265	0.01838006	-0.07258173
13.78007244	0.25325816	0.01837858	-0.07256856
13.78257243	0.25328364	0.01837709	-0.07255540
13.78507243	0.25330909	0.01837561	-0.07254224
13.78757242	0.25333451	0.01837412	-0.07252908
13.79007242	0.25335989	0.01837263	-0.07251594
13.79257241	0.25338525	0.01837114	-0.07250279
13.79507241	0.25341057	0.01836964	-0.07248965
13.79757240	0.25343587	0.01836815	-0.07247652
13.80007240	0.25346113	0.01836665	-0.07246339
13.80257239	0.25348636	0.01836515	-0.07245026
13.80507239	0.25351156	0.01836365	-0.07243714
13.80757238	0.25353674	0.01836215	-0.07242403
13.81007238	0.25356188	0.01836065	-0.07241092
13.81257237	0.25358699	0.01835914	-0.07239781
13.81507237	0.25361207	0.01835764	-0.07238471
13.81757236	0.25363711	0.01835613	-0.07237161
13.82007236	0.25366213	0.01835462	-0.07235852
13.82257235	0.25368712	0.01835310	-0.07234543
13.82507235	0.25371207	0.01835159	-0.07233235
13.82757234	0.25373700	0.01835008	-0.07231927
13.83007234	0.25376189	0.01834856	-0.07230620
13.83257233	0.25378676	0.01834704	-0.07229313
13.83507233	0.25381159	0.01834552	-0.07228007
13.83757232	0.25383639	0.01834400	-0.07226701
13.84007232	0.25386116	0.01834247	-0.07225396
13.84257231	0.25388591	0.01834095	-0.07224091
13.84507231	0.25391062	0.01833942	-0.07222786
13.84757230	0.25393529	0.01833789	-0.07221482
13.85007230	0.25395994	0.01833636	-0.07220179
13.85257229	0.25398456	0.01833483	-0.07218876
13.85507229	0.25400915	0.01833330	-0.07217573
13.85757228	0.25403371	0.01833176	-0.07216271
13.86007228	0.25405823	0.01833022	-0.07214970
13.86257227	0.25408273	0.01832869	-0.07213668
13.86507227	0.25410719	0.01832715	-0.07212368
13.86757226	0.25413163	0.01832560	-0.07211068
13.87007226	0.25415603	0.01832406	-0.07209768
13.87257225	0.25418040	0.01832251	-0.07208468
13.87507225	0.25420474	0.01832097	-0.07207170
13.87757224	0.25422905	0.01831942	-0.07205871
13.88007224	0.25425333	0.01831787	-0.07204573
13.88257223	0.25427758	0.01831632	-0.07203276
13.88507223	0.25430180	0.01831476	-0.07201979
13.88757222	0.25432599	0.01831321	-0.07200683
13.89007222	0.25435015	0.01831165	-0.07199387
13.89257221	0.25437428	0.01831009	-0.07198091
13.89507221	0.25439837	0.01830853	-0.07196796
13.89757220	0.25442244	0.01830697	-0.07195501
13.90007220	0.25444647	0.01830541	-0.07194207
13.90257219	0.25447048	0.01830384	-0.07192914
13.90507219	0.25449445	0.01830227	-0.07191620
13.90757218	0.25451839	0.01830071	-0.07190328
13.91007218	0.25454231	0.01829914	-0.07189035
13.91257217	0.25456619	0.01829756	-0.07187743
13.91507217	0.25459004	0.01829599	-0.07186452
13.91757216	0.25461386	0.01829442	-0.07185161
13.92007216	0.25463765	0.01829284	-0.07183871
13.92257215	0.25466141	0.01829126	-0.07182581
13.92507215	0.25468514	0.01828968	-0.07181291
13.92757214	0.25470884	0.01828810	-0.07180002
13.93007214	0.25473250	0.01828652	-0.07178714
13.93257213	0.25475614	0.01828493	-0.07177426
13.93507213	0.25477975	0.01828335	-0.07176138
13.93757212	0.25480332	0.01828176	-0.07174851
13.94007212	0.25482687	0.01828017	-0.07173564
13.94257211	0.25485038	0.01827858	-0.07172278
13.94507211	0.25487386	0.01827698	-0.07170992
13.94757210	0.25489732	0.01827539	-0.07169707
13.95007210	0.25492074	0.01827379	-0.07168422
13.95257209	0.25494413	0.01827220	-0.07167137
13.95507209	0.25496749	0.01827060	-0.07165853
13.95757208	0.25499082	0.01826900	-0.07164570
13.96007208	0.25501412	0.01826739	-0.07163287
13.96257207	0.25503739	0.01826579	-0.07162004
13.96507207	0.25506063	0.01826418	-0.07160722
13.96757206	0.25508384	0.01826258	-0.07159440
13.97007206	0.25510702	0.01826097	-0.07158159
13.97257205	0.25513016	0.01825936	-0.07156878
13.97507205	0.25515328	0.01825774	-0.07155598
13.97757204	0.25517637	0.01825613	-0.07154318
13.98007204	0.25519942	0.01825451	-0.07153039
13.98257203	0.25522245	0.01825290	-0.07151760
13.98507203	0.25524544	0.01825128	-0.07150482
13.98757202	0.25526840	0.01824966	-0.07149204
13.99007202	0.25529134	0.01824804	-0.07147926
13.99257201	0.25531424	0.01824641	-0.07146649
13.99507201	0.25533711	0.01824479	-0.07145372
13.99757200	0.25535995	0.01824316	-0.07144096
14.00007200	0.25538276	0.01824153	-0.07142820
14.00257199	0.25540555	0.01823990	-0.07141545
14.00507199	0.25542830	0.01823827	-0.07140270
14.00757198	0.25545101	0.01823664	-0.07138996
14.01007198	0.25547370	0.01823500	-0.07137722
14.01257197	0.25549636	0.01823337	-0.07136449
14.01507197	0.25551899	0.01823173	-0.07135176
14.01757196	0.25554159	0.01823009	-0.07133903
14.02007196	0.25556415	0.01822845	-0.07132631
14.02257195	0.25558669	0.01822681	-0.07131359
14.02507195	0.25560919	0.01822516	-0.07130088
14.02757194	0.25563167	0.01822352	-0.07128817
14.03007194	0.25565411	0.01822187	-0.07127547
14.03257193	0.25567653	0.01822022	-0.07126277
14.03507193	0.25569891	0.01821857	-0.07125008
14.03757192	0.25572127	0.01821692	-0.07123739
14.04007192	0.25574359	0.01821526	-0.07122471
14.04257191	0.25576588	0.01821361	-0.07121203
14.04507191	0.25578814	0.01821195	-0.07119935
14.04757190	0.25581037	0.01821029	-0.07118668
14.05007190	0.25583257	0.01820863	-0.07117401
14.05257189	0.25585474	0.01820697	-0.07116135
14.05507189	0.25587688	0.01820531	-0.07114869
14.05757188	0.25589899	0.01820364	-0.07113604
14.06007188	0.25592107	0.01820197	-0.07112339
14.06257187	0.25594312	0.01820031	-0.07111075
14.06507187	0.25596514	0.01819864	-0.07109811
14.06757186	0.25598713	0.01819697	-0.07108547
14.07007186	0.25600908	0.01819529	-0.07107284
14.07257185	0.25603101	0.01819362	-0.07106022
14.07507185	0.25605291	0.01819194	-0.07104759
14.07757184	0.25607477	0.01819027	-0.07103498
14.08007184	0.25609661	0.01818859	-0.07102236
14.08257183	0.25611841	0.01818691	-0.07100976
14.08507183	0.25614019	0.01818522	-0.07099715
14.08757182	0.25616193	0.01818354	-0.07098455
14.09007182	0.25618364	0.01818186	-0.07097196
14.09257181	0.25620533	0.01818017	-0.07095937
14.09507181	0.25622698	0.01817848	-0.07094678
14.09757180	0.25624860	0.01817679	-0.07093420
14.10007180	0.25627019	0.01817510	-0.07092162
14.10257179	0.25629175	0.01817341	-0.07090905
14.10507179	0.25631328	0.01817171	-0.07089648
14.10757178	0.25633479	0.01817001	-0.07088392
14.11007178	0.25635626	0.01816832	-0.07087136
14.11257177	0.25637770	0.01816662	-0.07085881
14.11507177	0.25639910	0.01816492	-0.07084626
14.11757176	0.25642048	0.01816321	-0.07083371
14.12007176	0.25644183	0.01816151	-0.07082117
14.12257175	0.25646315	0.01815981	-0.07080863
14.12507175	0.25648444	0.01815810	-0.07079610
14.12757174	0.25650570	0.01815639	-0.07078357
14.13007174	0.25652692	0.01815468	-0.07077105
14.13257173	0.25654812	0.01815297	-0.07075853
14.13507173	0.25656929	0.01815125	-0.07074602
14.13757172	0.25659042	0.01814954	-0.07073350
14.14007172	0.25661153	0.01814782	-0.07072100
14.14257171	0.25663260	0.01814611	-0.07070850
14.14507171	0.25665365	0.01814439	-0.07069600
14.14757170	0.25667466	0.01814267	-0.07068351
14.15007170	0.25669565	0.01814094	-0.07067102
14.15257169	0.25671660	0.01813922	-0.07065854
14.15507169	0.25673752	0.01813749	-0.07064606
14.15757168	0.25675842	0.01813577	-0.07063358
14.16007168	0.25677928	0.01813404	-0.07062111
14.16257167	0.25680011	0.01813231	-0.07060865
14.16507167	0.25682092	0.01813058	-0.07059618
14.16757166	0.25684169	0.01812884	-0.07058373
14.17007166	0.25686243	0.01812711	-0.07057127
14.17257165	0.25688314	0.01812537	-0.07055882
14.17507165	0.25690382	0.01812363	-0.07054638
14.17757164	0.25692447	0.01812190	-0.07053394
14.18007164	0.25694509	0.01812015	-0.07052151
14.18257163	0.25696568	0.01811841	-0.07050907
14.18507163	0.25698624	0.01811667	-0.07049665
14.18757162	0.25700677	0.01811492	-0.07048423
14.19007162	0.25702727	0.01811318	-0.07047181
14.19257161	0.25704774	0.01811143	-0.07045939
14.19507161	0.25706818	0.01810968	-0.07044699
14.19757160	0.25708859	0.01810793	-0.07043458
14.20007160	0.25710896	0.01810617	-0.07042218
14.20257159	0.25712931	0.01810442	-0.07040978
14.20507159	0.25714963	0.01810266	-0.07039739
14.20757158	0.25716992	0.01810091	-0.07038501
14.21007158	0.25719017	0.01809915	-0.07037262
14.21257157	0.25721040	0.01809739	-0.07036024
14.21507157	0.25723060	0.01809562	-0.07034787
14.21757156	0.25725076	0.01809386	-0.07033550
14.22007156	0.25727090	0.01809210	-0.07032313
14.22257155	0.25729101	0.01809033	-0.07031077
14.22507155	0.25731108	0.01808856	-0.07029842
14.22757154	0.25733113	0.01808679	-0.07028606
14.23007154	0.25735114	0.01808502	-0.07027372
14.23257153	0.25737113	0.01808325	-0.07026137
14.23507153	0.25739108	0.01808147	-0.07024903
14.23757152	0.25741101	0.01807970	-0.07023670
14.24007152	0.25743090	0.01807792	-0.07022437
14.24257151	0.25745077	0.01807614	-0.07021204
14.24507151	0.25747060	0.01807436	-0.07019972
14.24757150	0.25749040	0.01807258	-0.07018740
14.25007150	0.25751018	0.01807080	-0.07017509
14.25257149	0.25752992	0.01806901	-0.07016278
14.25507149	0.25754963	0.01806723	-0.07015047
14.25757148	0.25756932	0.01806544	-0.07013817
14.26007148	0.25758897	0.01806365	-0.07012588
14.26257147	0.25760859	0.01806186	-0.07011358
14.26507147	0.25762818	0.01806007	-0.07010130
14.26757146	0.25764775	0.01805828	-0.07008901
14.27007146	0.25766728	0.01805648	-0.07007673
14.27257145	0.25768678	0.01805468	-0.07006446
14.27507145	0.25770625	0.01805289	-0.07005219
14.27757144	0.25772569	0.01805109	-0.07003992
14.28007144	0.25774511	0.01804929	-0.07002766
14.28257143	0.25776449	0.01804748	-0.07001540
14.28507143	0.25778384	0.01804568	-0.07000315
14.28757142	0.25780316	0.01804388	-0.06999090
14.29007142	0.25782245	0.01804207	-0.06997866
14.29257141	0.25784171	0.01804026	-0.06996642
14.29507141	0.25786094	0.01803845	-0.06995418
14.29757140	0.25788014	0.01803664	-0.06994195
14.30007140	0.25789931	0.01803483	-0.06992972
14.30257139	0.25791845	0.01803301	-0.06991750
14.30507139	0.25793756	0.01803120	-0.06990528
14.30757138	0.25795664	0.01802938	-0.06989306
14.31007138	0.25797569	0.01802756	-0.06988085
14.31257137	0.25799471	0.01802574	-0.06986865
14.31507137	0.25801370	0.01802392	-0.06985645
14.31757136	0.25803266	0.01802210	-0.06984425
14.32007136	0.25805159	0.01802027	-0.06983205
14.32257135	0.25807049	0.01801845	-0.06981987
14.32507135	0.25808936	0.01801662	-0.06980768
14.32757134	0.25810820	0.01801479	-0.06979550
14.33007134	0.25812701	0.01801296	-0.06978332
14.33257133	0.25814579	0.01801113	-0.06977115
14.33507133	0.25816454	0.01800930	-0.06975898
14.33757132	0.25818326	0.01800746	-0.06974682
14.34007132	0.25820195	0.01800563	-0.06973466
14.34257131	0.25822061	0.01800379	-0.06972250
14.34507131	0.25823924	0.01800195	-0.06971035
14.34757130	0.25825784	0.01800011	-0.06969821
14.35007130	0.25827641	0.01799827	-0.06968606
14.35257129	0.25829494	0.01799642	-0.06967393
14.35507129	0.25831345	0.01799458	-0.06966179
14.35757128	0.25833193	0.01799273	-0.06964966
14.36007128	0.25835038	0.01799088	-0.06963754
14.36257127	0.25836880	0.01798904	-0.06962542
14.36507127	0.25838719	0.01798718	-0.06961330
14.36757126	0.25840555	0.01798533	-0.06960119
14.37007126	0.25842388	0.01798348	-0.06958908
14.37257125	0.25844218	0.01798162	-0.06957697
14.37507125	0.25846045	0.01797977	-0.06956487
14.37757124	0.25847868	0.01797791	-0.06955278
14.38007124	0.25849689	0.01797605	-0.06954068
14.38257123	0.25851507	0.01797419	-0.06952860
14.38507123	0.25853322	0.01797233	-0.06951651
14.38757122	0.25855134	0.01797046	-0.06950443
14.39007122	0.25856943	0.01796860	-0.06949236
14.39257121	0.25858749	0.01796673	-0.06948029
14.39507121	0.25860552	0.01796487	-0.06946822
14.39757120	0.25862352	0.01796300	-0.06945616
14.40007120	0.25864149	0.01796113	-0.06944410
14.40257119	0.25865943	0.01795925	-0.06943205
14.40507119	0.25867734	0.01795738	-0.06942000
14.40757118	0.25869522	0.01795551	-0.06940795
14.41007118	0.25871307	0.01795363	-0.06939591
14.41257117	0.25873089	0.01795175	-0.06938387
14.41507117	0.25874868	0.01794987	-0.06937184
14.41757116	0.25876644	0.01794799	-0.06935981
14.42007116	0.25878417	0.01794611	-0.06934779
14.42257115	0.25880187	0.01794423	-0.06933576
14.42507115	0.25881954	0.01794234	-0.06932375
14.42757114	0.25883718	0.01794045	-0.06931174
14.43007114	0.25885479	0.01793857	-0.06929973
14.43257113	0.25887237	0.01793668	-0.06928772
14.43507113	0.25888992	0.01793479	-0.06927572
14.43757112	0.25890744	0.01793289	-0.06926373
14.44007112	0.25892493	0.01793100	-0.06925174
14.44257111	0.25894239	0.01792911	-0.06923975
14.44507111	0.25895982	0.01792721	-0.06922777
14.44757110	0.25897722	0.01792531	-0.06921579
14.45007110	0.25899460	0.01792341	-0.06920381
14.45257109	0.25901194	0.01792151	-0.06919184
14.45507109	0.25902925	0.01791961	-0.06917987
14.45757108	0.25904653	0.01791771	-0.06916791
14.46007108	0.25906378	0.01791580	-0.06915595
14.46257107	0.25908101	0.01791390	-0.06914400
14.46507107	0.25909820	0.01791199	-0.06913205
14.46757106	0.25911536	0.01791008	-0.06912010
14.47007106	0.25913249	0.01790817	-0.06910816
14.47257105	0.25914960	0.01790626	-0.06909622
14.47507105	0.25916667	0.01790435	-0.06908429
14.47757104	0.25918371	0.01790243	-0.06907236
14.48007104	0.25920073	0.01790051	-0.06906043
14.48257103	0.25921771	0.01789860	-0.06904851
14.48507103	0.25923466	0.01789668	-0.06903660
14.48757102	0.25925159	0.01789476	-0.06902468
14.49007102	0.25926848	0.01789284	-0.06901277
14.49257101	0.25928535	0.01789091	-0.06900087
14.49507101	0.25930218	0.01788899	-0.06898897
14.49757100	0.25931899	0.01788706	-0.06897707
14.50007100	0.25933576	0.01788514	-0.06896518
14.50257099	0.25935251	0.01788321	-0.06895329
14.50507099	0.25936923	0.01788128	-0.06894141
14.50757098	0.25938591	0.01787935	-0.06892953
14.51007098	0.25940257	0.01787742	-0.06891765
14.51257097	0.25941919	0.01787548	-0.06890578
14.51507097	0.25943579	0.01787355	-0.06889391
14.51757096	0.25945236	0.01787161	-0.06888205
14.52007096	0.25946890	0.01786967	-0.06887019
14.52257095	0.25948540	0.01786773	-0.06885833
14.52507095	0.25950188	0.01786579	-0.06884648
14.52757094	0.25951833	0.01786385	-0.06883463
14.53007094	0.25953475	0.01786191	-0.06882279
14.53257093	0.25955114	0.01785996	-0.06881095
14.53507093	0.25956750	0.01785801	-0.06879911
14.53757092	0.25958383	0.01785607	-0.06878728
14.54007092	0.25960013	0.01785412	-0.06877546
14.54257091	0.25961640	0.01785217	-0.06876363
14.54507091	0.25963264	0.01785021	-0.06875181
14.54757090	0.25964885	0.01784826	-0.06874000
14.55007090	0.25966503	0.01784631	-0.06872819
14.55257089	0.25968118	0.01784435	-0.06871638
14.55507089	0.25969730	0.01784239	-0.06870458
14.55757088	0.25971340	0.01784043	-0.06869278
14.56007088	0.25972946	0.01783847	-0.06868098
14.56257087	0.25974549	0.01783651	-0.06866919
14.56507087	0.25976149	0.01783455	-0.06865741
14.56757086	0.25977747	0.01783259	-0.06864562
14.57007086	0.25979341	0.01783062	-0.06863385
14.57257085	0.25980933	0.01782865	-0.06862207
14.57507085	0.25982521	0.01782669	-0.06861030
14.57757084	0.25984107	0.01782472	-0.06859853
14.58007084	0.25985689	0.01782275	-0.06858677
14.58257083	0.25987269	0.01782077	-0.06857501
14.58507083	0.25988846	0.01781880	-0.06856326
14.58757082	0.25990419	0.01781682	-0.06855151
14.59007082	0.25991990	0.01781485	-0.06853976
14.59257081	0.25993558	0.01781287	-0.06852802
14.59507081	0.25995123	0.01781089	-0.06851628
14.59757080	0.25996684	0.01780891	-0.06850455
14.60007080	0.25998243	0.01780693	-0.06849282
14.60257079	0.25999799	0.01780495	-0.06848109
14.60507079	0.26001352	0.01780296	-0.06846937
14.60757078	0.26002902	0.01780098	-0.06845765
14.61007078	0.26004449	0.01779899	-0.06844594
14.61257077	0.26005993	0.01779700	-0.06843423
14.61507077	0.26007535	0.01779501	-0.06842252
14.61757076	0.26009073	0.01779302	-0.06841082
14.62007076	0.26010608	0.01779103	-0.06839912
14.62257075	0.26012140	0.01778903	-0.06838743
14.62507075	0.26013670	0.01778704	-0.06837574
14.62757074	0.26015196	0.01778504	-0.06836405
14.63007074	0.26016720	0.01778304	-0.06835237
14.63257073	0.26018240	0.01778105	-0.06834069
14.63507073	0.26019758	0.01777904	-0.06832902
14.63757072	0.26021272	0.01777704	-0.06831735
14.64007072	0.26022784	0.01777504	-0.06830568
14.64257071	0.26024293	0.01777304	-0.06829402
14.64507071	0.26025798	0.01777103	-0.06828236
14.64757070	0.26027301	0.01776902	-0.06827071
14.65007070	0.26028801	0.01776701	-0.06825906
14.65257069	0.26030298	0.01776500	-0.06824741
14.65507069	0.26031792	0.01776299	-0.06823577
14.65757068	0.26033283	0.01776098	-0.06822413
14.66007068	0.26034771	0.01775897	-0.06821250
14.66257067	0.26036256	0.01775695	-0.06820086
14.66507067	0.26037738	0.01775494	-0.06818924
14.66757066	0.26039218	0.01775292	-0.06817762
14.67007066	0.26040694	0.01775090	-0.06816600
14.67257065	0.26042167	0.01774888	-0.06815438
14.67507065	0.26043638	0.01774686	-0.06814277
14.67757064	0.26045105	0.01774483	-0.06813117
14.68007064	0.26046570	0.01774281	-0.06811956
14.68257063	0.26048032	0.01774078	-0.06810796
14.68507063	0.26049490	0.01773876	-0.06809637
14.68757062	0.26050946	0.01773673	-0.06808478
14.69007062	0.26052399	0.01773470	-0.06807319
14.69257061	0.26053849	0.01773267	-0.06806161
14.69507061	0.26055296	0.01773064	-0.06805003
14.69757060	0.26056740	0.01772860	-0.06803846
14.70007060	0.26058181	0.01772657	-0.06802688
14.70257059	0.26059619	0.01772453	-0.06801532
14.70507059	0.26061054	0.01772249	-0.06800375
14.70757058	0.26062486	0.01772046	-0.06799219
14.71007058	0.26063915	0.01771842	-0.06798064
14.71257057	0.26065342	0.01771638	-0.06796909
14.71507057	0.26066765	0.01771433	-0.06795754
14.71757056	0.26068186	0.01771229	-0.06794600
14.72007056	0.26069603	0.01771024	-0.06793446
14.72257055	0.26071018	0.01770820	-0.06792292
14.72507055	0.26072430	0.01770615	-0.06791139
14.72757054	0.26073839	0.01770410	-0.06789986
14.73007054	0.26075244	0.01770205	-0.06788834
14.73257053	0.26076647	0.01770000	-0.06787682
14.73507053	0.26078047	0.01769795	-0.06786530
14.73757052	0.26079444	0.01769589	-0.06785379
14.74007052	0.26080839	0.01769384	-0.06784228
14.74257051	0.26082230	0.01769178	-0.06783078
14.74507051	0.26083618	0.01768972	-0.06781928
14.74757050	0.26085003	0.01768766	-0.06780778
14.75007050	0.26086386	0.01768560	-0.06779629
14.75257049	0.26087765	0.01768354	-0.06778480
14.75507049	0.26089142	0.01768148	-0.06777331
14.75757048	0.26090516	0.01767941	-0.06776183
14.76007048	0.26091886	0.01767735	-0.06775035
14.76257047	0.26093254	0.01767528	-0.06773888
14.76507047	0.26094619	0.01767321	-0.06772741
14.76757046	0.26095981	0.01767114	-0.06771595
14.77007046	0.26097340	0.01766907	-0.06770448
14.77257045	0.26098696	0.01766700	-0.06769303
14.77507045	0.26100050	0.01766492	-0.06768157
14.77757044	0.26101400	0.01766285	-0.06767012
14.78007044	0.26102747	0.01766077	-0.06765868
14.78257043	0.26104092	0.01765870	-0.06764723
14.78507043	0.26105433	0.01765662	-0.06763580
14.78757042	0.26106772	0.01765454	-0.06762436
14.79007042	0.26108108	0.01765246	-0.06761293
14.79257041	0.26109440	0.01765037	-0.06760150
14.79507041	0.26110770	0.01764829	-0.06759008
14.79757040	0.26112097	0.01764621	-0.06757866
14.80007040	0.26113421	0.01764412	-0.06756725
14.80257039	0.26114743	0.01764203	-0.06755583
14.80507039	0.26116061	0.01763994	-0.06754443
14.80757038	0.26117376	0.01763785	-0.06753302
14.81007038	0.26118688	0.01763576	-0.06752162
14.81257037	0.26119998	0.01763367	-0.06751023
14.81507037	0.26121305	0.01763158	-0.06749884
14.81757036	0.26122608	0.01762948	-0.06748745
14.82007036	0.26123909	0.01762739	-0.06747606
14.82257035	0.26125207	0.01762529	-0.06746468
14.82507035	0.26126502	0.01762319	-0.06745331
14.82757034	0.26127794	0.01762109	-0.06744193
14.83007034	0.26129083	0.01761899	-0.06743056
14.83257033	0.26130369	0.01761689	-0.06741920
14.83507033	0.26131652	0.01761478	-0.06740784
14.83757032	0.26132933	0.01761268	-0.06739648
14.84007032	0.26134210	0.01761057	-0.06738513
14.84257031	0.26135485	0.01760846	-0.06737378
14.84507031	0.26136757	0.01760635	-0.06736243
14.84757030	0.26138025	0.01760424	-0.06735109
14.85007030	0.26139291	0.01760213	-0.06733975
14.85257029	0.26140554	0.01760002	-0.06732841
14.85507029	0.26141814	0.01759791	-0.06731708
14.85757028	0.26143072	0.01759579	-0.06730576
14.86007028	0.26144326	0.01759368	-0.06729443
14.86257027	0.26145577	0.01759156	-0.06728311
14.86507027	0.26146826	0.01758944	-0.06727180
14.86757026	0.26148071	0.01758732	-0.06726049
14.87007026	0.26149314	0.01758520	-0.06724918
14.87257025	0.26150554	0.01758308	-0.06723787
14.87507025	0.26151791	0.01758095	-0.06722657
14.87757024	0.26153025	0.01757883	-0.06721528
14.88007024	0.26154256	0.01757670	-0.06720398
14.88257023	0.26155484	0.01757457	-0.06719269
14.88507023	0.26156709	0.01757245	-0.06718141
14.88757022	0.26157932	0.01757032	-0.06717013
14.89007022	0.26159151	0.01756819	-0.06715885
14.89257021	0.26160368	0.01756605	-0.06714758
14.89507021	0.26161582	0.01756392	-0.06713631
14.89757020	0.26162792	0.01756178	-0.06712504
14.90007020	0.26164000	0.01755965	-0.06711378
14.90257019	0.26165205	0.01755751	-0.06710252
14.90507019	0.26166408	0.01755537	-0.06709126
14.90757018	0.26167607	0.01755323	-0.06708001
14.91007018	0.26168803	0.01755109	-0.06706877
14.91257017	0.26169997	0.01754895	-0.06705752
14.91507017	0.26171187	0.01754681	-0.06704628
14.91757016	0.26172375	0.01754466	-0.06703505
14.92007016	0.26173560	0.01754252	-0.06702381
14.92257015	0.26174742	0.01754037	-0.06701258
14.92507015	0.26175921	0.01753822	-0.06700136
14.92757014	0.26177097	0.01753607	-0.06699014
14.93007014	0.26178270	0.01753392	-0.06697892
14.93257013	0.26179441	0.01753177	-0.06696771
14.93507013	0.26180608	0.01752962	-0.06695650
14.93757012	0.26181773	0.01752746	-0.06694529
14.94007012	0.26182935	0.01752531	-0.06693409
14.94257011	0.26184094	0.01752315	-0.06692289
14.94507011	0.26185250	0.01752099	-0.06691170
14.94757010	0.26186403	0.01751884	-0.06690051
14.95007010	0.26187553	0.01751668	-0.06688932
14.95257009	0.26188700	0.01751451	-0.06687813
14.95507009	0.26189845	0.01751235	-0.06686696
14.95757008	0.26190987	0.01751019	-0.06685578
14.96007008	0.26192125	0.01750802	-0.06684461
14.96257007	0.26193261	0.01750586	-0.06683344
14.96507007	0.26194394	0.01750369	-0.06682227
14.96757006	0.26195524	0.01750152	-0.06681111
14.97007006	0.26196651	0.01749935	-0.06679995
14.97257005	0.26197776	0.01749718	-0.06678880
14.97507005	0.26198897	0.01749501	-0.06677765
14.97757004	0.26200016	0.01749283	-0.06676650
14.98007004	0.26201132	0.01749066	-0.06675536
14.98257003	0.26202245	0.01748848	-0.06674422
14.98507003	0.26203355	0.01748631	-0.06673309
14.98757002	0.26204462	0.01748413	-0.06672196
14.99007002	0.26205566	0.01748195	-0.06671083
14.99257001	0.26206667	0.01747977	-0.06669971
14.99507001	0.26207766	0.01747759	-0.06668858
14.99757000	0.26208861	0.01747541	-0.06667747
15.00007000	0.26209954	0.01747322	-0.06666636
15.00256999	0.26211044	0.01747104	-0.06665525
15.00506999	0.26212131	0.01746885	-0.06664414
15.00756998	0.26213215	0.01746666	-0.06663304
15.01006998	0.26214297	0.01746447	-0.06662194
15.01256997	0.26215375	0.01746228	-0.06661085
15.01506997	0.26216451	0.01746009	-0.06659976
15.01756996	0.26217523	0.01745790	-0.06658867
15.02006996	0.26218593	0.01745571	-0.06657759
15.02256995	0.26219660	0.01745351	-0.06656651
15.02506995	0.26220724	0.01745132	-0.06655543
15.02756994	0.26221786	0.01744912	-0.06654436
15.03006994	0.26222844	0.01744692	-0.06653329
15.03256993	0.26223900	0.01744472	-0.06652223
15.03506993	0.26224952	0.01744252	-0.06651116
15.03756992	0.26226002	0.01744032	-0.06650011
15.04006992	0.26227049	0.01743812	-0.06648905
15.04256991	0.26228093	0.01743591	-0.06647800
15.04506991	0.26229135	0.01743371	-0.06646696
15.04756990	0.26230173	0.01743150	-0.06645591
15.05006990	0.26231208	0.01742929	-0.06644487
15.05256989	0.26232241	0.01742708	-0.06643384
15.05506989	0.26233271	0.01742487	-0.06642281
15.05756988	0.26234298	0.01742266	-0.06641178
15.06006988	0.26235322	0.01742045	-0.06640075
15.06256987	0.26236343	0.01741824	-0.06638973
15.06506987	0.26237362	0.01741602	-0.06637872
15.06756986	0.26238377	0.01741381	-0.06636770
15.07006986	0.26239390	0.01741159	-0.06635669
15.07256985	0.26240400	0.01740937	-0.06634569
15.07506985	0.26241407	0.01740715	-0.06633468
15.07756984	0.26242411	0.01740493	-0.06632369
15.08006984	0.26243413	0.01740271	-0.06631269
15.08256983	0.26244411	0.01740049	-0.06630170
15.08506983	0.26245407	0.01739827	-0.06629071
15.08756982	0.26246400	0.01739604	-0.06627973
15.09006982	0.26247390	0.01739382	-0.06626875
15.09256981	0.26248377	0.01739159	-0.06625777
15.09506981	0.26249361	0.01738936	-0.06624680
15.09756980	0.26250342	0.01738713	-0.06623583
15.10006980	0.26251321	0.01738490	-0.06622486
15.10256979	0.26252297	0.01738267	-0.06621390
15.10506979	0.26253270	0.01738044	-0.06620294
15.10756978	0.26254240	0.01737820	-0.06619198
15.11006978	0.26255207	0.01737597	-0.06618103
15.11256977	0.26256171	0.01737373	-0.06617008
15.11506977	0.26257133	0.01737149	-0.06615914
15.11756976	0.26258091	0.01736925	-0.06614820
15.12006976	0.26259047	0.01736701	-0.06613726
15.12256975	0.26260000	0.01736477	-0.06612633
15.12506975	0.26260950	0.01736253	-0.06611540
15.12756974	0.26261898	0.01736029	-0.06610447
15.13006974	0.26262842	0.01735804	-0.06609355
15.13256973	0.26263784	0.01735580	-0.06608263
15.13506973	0.26264723	0.01735355	-0.06607171
15.13756972	0.26265659	0.01735130	-0.06606080
15.14006972	0.26266592	0.01734906	-0.06604989
15.14256971	0.26267522	0.01734681	-0.06603899
15.14506971	0.26268450	0.01734456	-0.06602809
15.14756970	0.26269375	0.01734230	-0.06601719
15.15006970	0.26270296	0.01734005	-0.06600630
15.15256969	0.26271215	0.01733780	-0.06599541
15.15506969	0.26272132	0.01733554	-0.06598452
15.15756968	0.26273045	0.01733328	-0.06597364
15.16006968	0.26273956	0.01733103	-0.06596276
15.16256967	0.26274863	0.01732877	-0.06595188
15.16506967	0.26275768	0.01732651	-0.06594101
15.16756966	0.26276670	0.01732425	-0.06593014
15.17006966	0.26277569	0.01732198	-0.06591928
15.17256965	0.26278466	0.01731972	-0.06590841
15.17506965	0.26279360	0.01731746	-0.06589756
15.17756964	0.26280250	0.01731519	-0.06588670
15.18006964	0.26281138	0.01731292	-0.06587585
15.18256963	0.26282023	0.01731066	-0.06586500
15.18506963	0.26282906	0.01730839	-0.06585416
15.18756962	0.26283785	0.01730612	-0.06584332
15.19006962	0.26284662	0.01730385	-0.06583248
15.19256961	0.26285536	0.01730157	-0.06582165
15.19506961	0.26286407	0.01729930	-0.06581082
15.19756960	0.26287275	0.01729703	-0.06579999
15.20006960	0.26288140	0.01729475	-0.06578917
15.20256959	0.26289003	0.01729247	-0.06577835
15.20506959	0.26289863	0.01729020	-0.06576754
15.20756958	0.26290720	0.01728792	-0.06575673
15.21006958	0.26291574	0.01728564	-0.06574592
15.21256957	0.26292425	0.01728336	-0.06573511
15.21506957	0.26293273	0.01728107	-0.06572431
15.21756956	0.26294119	0.01727879	-0.06571352
15.22006956	0.26294962	0.01727651	-0.06570272
15.22256955	0.26295802	0.01727422	-0.06569193
15.22506955	0.26296639	0.01727193	-0.06568114
15.22756954	0.26297474	0.01726965	-0.06567036
15.23006954	0.26298305	0.01726736	-0.06565958
15.23256953	0.26299134	0.01726507	-0.06564881
15.23506953	0.26299960	0.01726278	-0.06563803
15.23756952	0.26300784	0.01726048	-0.06562726
15.24006952	0.26301604	0.01725819	-0.06561650
15.24256951	0.26302422	0.01725590	-0.06560574
15.24506951	0.26303236	0.01725360	-0.06559498
15.24756950	0.26304048	0.01725131	-0.06558422
15.25006950	0.26304857	0.01724901	-0.06557347
15.25256949	0.26305664	0.01724671	-0.06556272
15.25506949	0.26306467	0.01724441	-0.06555198
15.25756948	0.26307268	0.01724211	-0.06554124
15.26006948	0.26308066	0.01723981	-0.06553050
15.26256947	0.26308861	0.01723750	-0.06551977
15.26506947	0.26309654	0.01723520	-0.06550904
15.26756946	0.26310443	0.01723290	-0.06549831
15.27006946	0.26311230	0.01723059	-0.06548759
15.27256945	0.26312014	0.01722828	-0.06547687
15.27506945	0.26312795	0.01722597	-0.06546615
15.27756944	0.26313574	0.01722366	-0.06545544
15.28006944	0.26314349	0.01722135	-0.06544473
15.28256943	0.26315122	0.01721904	-0.06543402
15.28506943	0.26315892	0.01721673	-0.06542332
15.28756942	0.26316659	0.01721442	-0.06541262
15.29006942	0.26317424	0.01721210	-0.06540193
15.29256941	0.26318185	0.01720979	-0.06539123
15.29506941	0.26318944	0.01720747	-0.06538055
15.29756940	0.26319700	0.01720515	-0.06536986
15.30006940	0.26320453	0.01720283	-0.06535918
15.30256939	0.26321204	0.01720051	-0.06534850
15.30506939	0.26321952	0.01719819	-0.06533783
15.30756938	0.26322697	0.01719587	-0.06532716
15.31006938	0.26323439	0.01719355	-0.06531649
15.31256937	0.26324178	0.01719122	-0.06530583
15.31506937	0.26324914	0.01718890	-0.06529517
15.31756936	0.26325648	0.01718657	-0.06528451
15.32006936	0.26326379	0.01718424	-0.06527386
15.32256935	0.26327107	0.01718191	-0.06526321
15.32506935	0.26327833	0.01717958	-0.06525256
15.32756934	0.26328555	0.01717725	-0.06524192
15.33006934	0.26329275	0.01717492	-0.06523128
15.33256933	0.26329992	0.01717259	-0.06522064
15.33506933	0.26330706	0.01717026	-0.06521001
15.33756932	0.26331418	0.01716792	-0.06519938
15.34006932	0.26332127	0.01716559	-0.06518875
15.34256931	0.26332832	0.01716325	-0.06517813
15.34506931	0.26333536	0.01716091	-0.06516751
15.34756930	0.26334236	0.01715857	-0.06515690
15.35006930	0.26334934	0.01715623	-0.06514629
15.35256929	0.26335628	0.01715389	-0.06513568
15.35506929	0.26336320	0.01715155	-0.06512507
15.35756928	0.26337010	0.01714920	-0.06511447
15.36006928	0.26337696	0.01714686	-0.06510387
15.36256927	0.26338380	0.01714451	-0.06509328
15.36506927	0.26339061	0.01714217	-0.06508269
15.36756926	0.26339739	0.01713982	-0.06507210
15.37006926	0.26340414	0.01713747	-0.06506152
15.37256925	0.26341087	0.01713512	-0.06505093
15.37506925	0.26341757	0.01713277	-0.06504036
15.37756924	0.26342424	0.01713042	-0.06502978
15.38006924	0.26343088	0.01712807	-0.06501921
15.38256923	0.26343750	0.01712572	-0.06500865
15.38506923	0.26344409	0.01712336	-0.06499808
15.38756922	0.26345065	0.01712100	-0.06498752
15.39006922	0.26345718	0.01711865	-0.06497697
15.39256921	0.26346368	0.01711629	-0.06496641
15.39506921	0.26347016	0.01711393	-0.06495586
15.39756920	0.26347661	0.01711157	-0.06494532
15.40006920	0.26348303	0.01710921	-0.06493477
15.40256919	0.26348943	0.01710685	-0.06492423
15.40506919	0.26349579	0.01710449	-0.06491370
15.40756918	0.26350213	0.01710212	-0.06490316
15.41006918	0.26350844	0.01709976	-0.06489264
15.41256917	0.26351473	0.01709739	-0.06488211
15.41506917	0.26352098	0.01709502	-0.06487159
15.41756916	0.26352721	0.01709266	-0.06486107
15.42006916	0.26353341	0.01709029	-0.06485055
15.42256915	0.26353959	0.01708792	-0.06484004
15.42506915	0.26354573	0.01708555	-0.06482953
15.42756914	0.26355185	0.01708317	-0.06481903
15.43006914	0.26355794	0.01708080	-0.06480852
15.43256913	0.26356401	0.01707843	-0.06479802
15.43506913	0.26357004	0.01707605	-0.06478753
15.43756912	0.26357605	0.01707368	-0.06477704
15.44006912	0.26358203	0.01707130	-0.06476655
15.44256911	0.26358799	0.01706892	-0.06475606
15.44506911	0.26359391	0.01706654	-0.06474558
15.44756910	0.26359981	0.01706416	-0.06473510
15.45006910	0.26360568	0.01706178	-0.06472463
15.45256909	0.26361152	0.01705940	-0.06471416
15.45506909	0.26361734	0.01705701	-0.06470369
15.45756908	0.26362313	0.01705463	-0.06469323
15.46006908	0.26362889	0.01705225	-0.06468276
15.46256907	0.26363462	0.01704986	-0.06467231
15.46506907	0.26364033	0.01704747	-0.06466185
15.46756906	0.26364601	0.01704508	-0.06465140
15.47006906	0.26365166	0.01704269	-0.06464095
15.47256905	0.26365728	0.01704030	-0.06463051
15.47506905	0.26366288	0.01703791	-0.06462007
15.47756904	0.26366845	0.01703552	-0.06460963
15.48006904	0.26367399	0.01703313	-0.06459920
15.48256903	0.26367950	0.01703073	-0.06458876
15.48506903	0.26368499	0.01702834	-0.06457834
15.48756902	0.26369045	0.01702594	-0.06456791
15.49006902	0.26369588	0.01702354	-0.06455749
15.49256901	0.26370129	0.01702115	-0.06454707
15.49506901	0.26370666	0.01701875	-0.06453666
15.49756900	0.26371201	0.01701635	-0.06452625
15.50006900	0.26371734	0.01701395	-0.06451584
15.50256899	0.26372263	0.01701154	-0.06450544
15.50506899	0.26372790	0.01700914	-0.06449504
15.50756898	0.26373314	0.01700674	-0.06448464
15.51006898	0.26373835	0.01700433	-0.06447425
15.51256897	0.26374354	0.01700193	-0.06446386
15.51506897	0.26374870	0.01699952	-0.06445347
15.51756896	0.26375383	0.01699711	-0.06444308
15.52006896	0.26375893	0.01699470	-0.06443270
15.52256895	0.26376401	0.01699229	-0.06442233
15.52506895	0.26376906	0.01698988	-0.06441195
15.52756894	0.26377408	0.01698747	-0.06440158
15.53006894	0.26377908	0.01698506	-0.06439121
15.53256893	0.26378405	0.01698264	-0.06438085
15.53506893	0.26378899	0.01698023	-0.06437049
15.53756892	0.26379390	0.01697781	-0.06436013
15.54006892	0.26379879	0.01697539	-0.06434978
15.54256891	0.26380365	0.01697298	-0.06433943
15.54506891	0.26380848	0.01697056	-0.06432908
15.54756890	0.26381328	0.01696814	-0.06431874
15.55006890	0.26381806	0.01696572	-0.06430840
15.55256889	0.26382281	0.01696329	-0.06429806
15.55506889	0.26382753	0.01696087	-0.06428773
15.55756888	0.26383223	0.01695845	-0.06427739
15.56006888	0.26383690	0.01695602	-0.06426707
15.56256887	0.26384154	0.01695360	-0.06425674
15.56506887	0.26384615	0.01695117	-0.06424642
15.56756886	0.26385074	0.01694874	-0.06423611
15.57006886	0.26385530	0.01694632	-0.06422579
15.57256885	0.26385983	0.01694389	-0.06421548
15.57506885	0.26386434	0.01694146	-0.06420517
15.57756884	0.26386882	0.01693902	-0.06419487
15.58006884	0.26387327	0.01693659	-0.06418457
15.58256883	0.26387769	0.01693416	-0.06417427
15.58506883	0.26388209	0.01693172	-0.06416398
15.58756882	0.26388646	0.01692929	-0.06415369
15.59006882	0.26389080	0.01692685	-0.06414340
15.59256881	0.26389512	0.01692442	-0.06413311
15.59506881	0.26389941	0.01692198	-0.06412283
15.59756880	0.26390367	0.01691954	-0.06411256
15.60006880	0.26390790	0.01691710	-0.06410228
15.60256879	0.26391211	0.01691466	-0.06409201
15.60506879	0.26391629	0.01691222	-0.06408174
15.60756878	0.26392044	0.01690977	-0.06407148
15.61006878	0.26392457	0.01690733	-0.06406122
15.61256877	0.26392867	0.01690488	-0.06405096
15.61506877	0.26393274	0.01690244	-0.06404070
15.61756876	0.26393679	0.01689999	-0.06403045
15.62006876	0.26394081	0.01689754	-0.06402020
15.62256875	0.26394480	0.01689510	-0.06400996
15.62506875	0.26394876	0.01689265	-0.06399972
15.62756874	0.26395270	0.01689020	-0.06398948
15.63006874	0.26395661	0.01688774	-0.06397925
15.63256873	0.26396050	0.01688529	-0.06396901
15.63506873	0.26396435	0.01688284	-0.06395879
15.63756872	0.26396818	0.01688039	-0.06394856
15.64006872	0.26397199	0.01687793	-0.06393834
15.64256871	0.26397576	0.01687547	-0.06392812
15.64506871	0.26397951	0.01687302	-0.06391790
15.64756870	0.26398323	0.01687056	-0.06390769
15.65006870	0.26398693	0.01686810	-0.06389748
15.65256869	0.26399060	0.01686564	-0.06388728
15.65506869	0.26399424	0.01686318	-0.06387708
15.65756868	0.26399785	0.01686072	-0.06386688
15.66006868	0.26400144	0.01685826	-0.06385668
15.66256867	0.26400500	0.01685579	-0.06384649
15.66506867	0.26400854	0.01685333	-0.06383630
15.66756866	0.26401204	0.01685086	-0.06382611
15.67006866	0.26401552	0.01684840	-0.06381593
15.67256865	0.26401898	0.01684593	-0.06380575
15.67506865	0.26402240	0.01684346	-0.06379557
15.67756864	0.26402580	0.01684099	-0.06378540
15.68006864	0.26402918	0.01683852	-0.06377523
15.68256863	0.26403252	0.01683605	-0.06376506
15.68506863	0.26403584	0.01683358	-0.06375490
15.68756862	0.26403913	0.01683111	-0.06374474
15.69006862	0.26404240	0.01682863	-0.06373458
15.69256861	0.26404564	0.01682616	-0.06372443
15.69506861	0.26404885	0.01682368	-0.06371428
15.69756860	0.26405204	0.01682121	-0.06370413
15.70006860	0.26405519	0.01681873	-0.06369399
15.70256859	0.26405833	0.01681625	-0.06368385
15.70506859	0.26406143	0.01681377	-0.06367371
15.70756858	0.26406451	0.01681129	-0.06366358
15.71006858	0.26406756	0.01680881	-0.06365345
15.71256857	0.26407059	0.01680633	-0.06364332
15.71506857	0.26407359	0.01680385	-0.06363319
15.71756856	0.26407656	0.01680136	-0.06362307
15.72006856	0.26407950	0.01679888	-0.06361295
15.72256855	0.26408242	0.01679639	-0.06360284
15.72506855	0.26408531	0.01679391	-0.06359273
15.72756854	0.26408818	0.01679142	-0.06358262
15.73006854	0.26409102	0.01678893	-0.06357251
15.73256853	0.26409383	0.01678644	-0.06356241
15.73506853	0.26409661	0.01678395	-0.06355231
15.73756852	0.26409937	0.01678146	-0.06354222
15.74006852	0.26410210	0.01677897	-0.06353212
15.74256851	0.26410481	0.01677648	-0.06352204
15.74506851	0.26410749	0.01677398	-0.06351195
15.74756850	0.26411014	0.01677149	-0.06350187
15.75006850	0.26411276	0.01676899	-0.06349179
15.75256849	0.26411536	0.01676650	-0.06348171
15.75506849	0.26411793	0.01676400	-0.06347164
15.75756848	0.26412048	0.01676150	-0.06346157
15.76006848	0.26412300	0.01675900	-0.06345150
15.76256847	0.26412549	0.01675650	-0.06344144
15.76506847	0.26412796	0.01675400	-0.06343138
15.76756846	0.26413040	0.01675150	-0.06342132
15.77006846	0.26413281	0.01674900	-0.06341127
15.77256845	0.26413519	0.01674649	-0.06340121
15.77506845	0.26413755	0.01674399	-0.06339117
15.77756844	0.26413989	0.01674148	-0.06338112
15.78006844	0.26414219	0.01673898	-0.06337108
15.78256843	0.26414447	0.01673647	-0.06336104
15.78506843	0.26414673	0.01673396	-0.06335101
15.78756842	0.26414895	0.01673145	-0.06334098
15.79006842	0.26415116	0.01672894	-0.06333095
15.79256841	0.26415333	0.01672643	-0.06332092
15.79506841	0.26415548	0.01672392	-0.06331090
15.79756840	0.26415760	0.01672141	-0.06330088
15.80006840	0.26415969	0.01671890	-0.06329087
15.80256839	0.26416176	0.01671638	-0.06328085
15.80506839	0.26416380	0.01671387	-0.06327084
15.80756838	0.26416582	0.01671135	-0.06326084
15.81006838	0.26416781	0.01670883	-0.06325083
15.81256837	0.26416977	0.01670632	-0.06324083
15.81506837	0.26417171	0.01670380	-0.06323084
15.81756836	0.26417362	0.01670128	-0.06322084
15.82006836	0.26417550	0.01669876	-0.06321085
15.82256835	0.26417736	0.01669624	-0.06320086
15.82506835	0.26417919	0.01669372	-0.06319088
15.82756834	0.26418099	0.01669119	-0.06318090
15.83006834	0.26418277	0.01668867	-0.06317092
15.83256833	0.26418452	0.01668614	-0.06316095
15.83506833	0.26418625	0.01668362	-0.06315097
15.83756832	0.26418795	0.01668109	-0.06314101
15.84006832	0.26418962	0.01667857	-0.06313104
15.84256831	0.26419127	0.01667604	-0.06312108
15.84506831	0.26419289	0.01667351	-0.06311112
15.84756830	0.26419448	0.01667098	-0.06310116
15.85006830	0.26419605	0.01666845	-0.06309121
15.85256829	0.26419759	0.01666592	-0.06308126
15.85506829	0.26419910	0.01666338	-0.06307131
15.85756828	0.26420059	0.01666085	-0.06306137
15.86006828	0.26420205	0.01665832	-0.06305143
15.86256827	0.26420349	0.01665578	-0.06304149
15.86506827	0.26420490	0.01665325	-0.06303156
15.86756826	0.26420628	0.01665071	-0.06302163
15.87006826	0.26420764	0.01664817	-0.06301170
15.87256825	0.26420897	0.01664563	-0.06300178
15.87506825	0.26421028	0.01664310	-0.06299186
15.87756824	0.26421156	0.01664056	-0.06298194
15.88006824	0.26421281	0.01663801	-0.06297202
15.88256823	0.26421404	0.01663547	-0.06296211
15.88506823	0.26421524	0.01663293	-0.06295220
15.88756822	0.26421641	0.01663039	-0.06294229
15.89006822	0.26421756	0.01662784	-0.06293239
15.89256821	0.26421868	0.01662530	-0.06292249
15.89506821	0.26421977	0.01662275	-0.06291260
15.89756820	0.26422084	0.01662021	-0.06290270
15.90006820	0.26422189	0.01661766	-0.06289281
15.90256819	0.26422290	0.01661511	-0.06288292
15.90506819	0.26422390	0.01661256	-0.06287304
15.90756818	0.26422486	0.01661001	-0.06286316
15.91006818	0.26422580	0.01660746	-0.06285328
15.91256817	0.26422671	0.01660491	-0.06284341
15.91506817	0.26422760	0.01660235	-0.06283354
15.91756816	0.26422846	0.01659980	-0.06282367
15.92006816	0.26422929	0.01659725	-0.06281380
15.92256815	0.26423010	0.01659469	-0.06280394
15.92506815	0.26423088	0.01659214	-0.06279408
15.92756814	0.26423164	0.01658958	-0.06278422
15.93006814	0.26423237	0.01658702	-0.06277437
15.93256813	0.26423308	0.01658446	-0.06276452
15.93506813	0.26423375	0.01658190	-0.06275467
15.93756812	0.26423441	0.01657934	-0.06274483
15.94006812	0.26423503	0.01657678	-0.06273499
15.94256811	0.26423563	0.01657422	-0.06272515
15.94506811	0.26423621	0.01657166	-0.06271532
15.94756810	0.26423675	0.01656909	-0.06270549
15.95006810	0.26423728	0.01656653	-0.06269566
15.95256809	0.26423777	0.01656396	-0.06268583
15.95506809	0.26423824	0.01656140	-0.06267601
15.95756808	0.26423869	0.01655883	-0.06266619
15.96006808	0.26423911	0.01655626	-0.06265637
15.96256807	0.26423950	0.01655370	-0.06264656
15.96506807	0.26423987	0.01655113	-0.06263675
15.96756806	0.26424021	0.01654856	-0.06262694
15.97006806	0.26424052	0.01654599	-0.06261714
15.97256805	0.26424081	0.01654341	-0.06260734
15.97506805	0.26424107	0.01654084	-0.06259754
15.97756804	0.26424131	0.01653827	-0.06258775
15.98006804	0.26424152	0.01653569	-0.06257796
15.98256803	0.26424171	0.01653312	-0.06256817
15.98506803	0.26424187	0.01653054	-0.06255838
15.98756802	0.26424200	0.01652797	-0.06254860
15.99006802	0.26424211	0.01652539	-0.06253882
15.99256801	0.26424219	0.01652281	-0.06252904
15.99506801	0.26424224	0.01652023	-0.06251927
15.99756800	0.26424227	0.01651765	-0.06250950
16.00006800	0.26424228	0.01651507	-0.06249973
16.00256799	0.26424226	0.01651249	-0.06248997
16.00506799	0.26424221	0.01650991	-0.06248021
16.00756798	0.26424214	0.01650733	-0.06247045
16.01006798	0.26424204	0.01650474	-0.06246070
16.01256797	0.26424191	0.01650216	-0.06245094
16.01506797	0.26424176	0.01649957	-0.06244120
16.01756796	0.26424159	0.01649699	-0.06243145
16.02006796	0.26424139	0.01649440	-0.06242171
16.02256795	0.26424116	0.01649181	-0.06241197
16.02506795	0.26424090	0.01648922	-0.06240223
16.02756794	0.26424063	0.01648663	-0.06239250
16.03006794	0.26424032	0.01648404	-0.06238277
16.03256793	0.26423999	0.01648145	-0.06237304
16.03506793	0.26423963	0.01647886	-0.06236332
16.03756792	0.26423925	0.01647627	-0.06235359
16.04006792	0.26423884	0.01647367	-0.06234388
16.04256791	0.26423841	0.01647108	-0.06233416
16.04506791	0.26423795	0.01646848	-0.06232445
16.04756790	0.26423747	0.01646589	-0.06231474
16.05006790	0.26423696	0.01646329	-0.06230503
16.05256789	0.26423642	0.01646069	-0.06229533
16.05506789	0.26423586	0.01645810	-0.06228563
16.05756788	0.26423527	0.01645550	-0.06227593
16.06006788	0.26423466	0.01645290	-0.06226624
16.06256787	0.26423402	0.01645030	-0.06225655
16.06506787	0.26423336	0.01644770	-0.06224686
16.06756786	0.26423267	0.01644509	-0.06223717
16.07006786	0.26423195	0.01644249	-0.06222749
16.07256785	0.26423121	0.01643989	-0.06221781
16.07506785	0.26423045	0.01643728	-0.06220814
16.07756784	0.26422965	0.01643468	-0.06219846
16.08006784	0.26422884	0.01643207	-0.06218879
16.08256783	0.26422799	0.01642947	-0.06217913
16.08506783	0.26422713	0.01642686	-0.06216946
16.08756782	0.26422623	0.01642425	-0.06215980
16.09006782	0.26422531	0.01642164	-0.06215014
16.09256781	0.26422437	0.01641903	-0.06214049
16.09506781	0.26422340	0.01641642	-0.06213083
16.09756780	0.26422240	0.01641381	-0.06212119
16.10006780	0.26422138	0.01641120	-0.06211154
16.10256779	0.26422033	0.01640858	-0.06210190
16.10506779	0.26421926	0.01640597	-0.06209226
16.10756778	0.26421816	0.01640336	-0.06208262
16.11006778	0.26421704	0.01640074	-0.06207299
16.11256777	0.26421589	0.01639812	-0.06206335
16.11506777	0.26421471	0.01639551	-0.06205373
16.11756776	0.26421351	0.01639289	-0.06204410
16.12006776	0.26421229	0.01639027	-0.06203448
16.12256775	0.26421104	0.01638765	-0.06202486
16.12506775	0.26420976	0.01638503	-0.06201524
16.12756774	0.26420846	0.01638241	-0.06200563
16.13006774	0.26420713	0.01637979	-0.06199602
16.13256773	0.26420578	0.01637717	-0.06198641
16.13506773	0.26420440	0.01637455	-0.06197681
16.13756772	0.26420300	0.01637192	-0.06196721
16.14006772	0.26420157	0.01636930	-0.06195761
16.14256771	0.26420012	0.01636667	-0.06194801
16.14506771	0.26419864	0.01636405	-0.06193842
16.14756770	0.26419714	0.01636142	-0.06192883
16.15006770	0.26419561	0.01635879	-0.06191925
16.15256769	0.26419405	0.01635616	-0.06190966
16.15506769	0.26419247	0.01635354	-0.06190008
16.15756768	0.26419086	0.01635091	-0.06189050
16.16006768	0.26418923	0.01634828	-0.06188093
16.16256767	0.26418758	0.01634564	-0.06187136
16.16506767	0.26418590	0.01634301	-0.06186179
16.16756766	0.26418419	0.01634038	-0.06185222
16.17006766	0.26418246	0.01633775	-0.06184266
16.17256765	0.26418070	0.01633511	-0.06183310
16.17506765	0.26417892	0.01633248	-0.06182354
16.17756764	0.26417711	0.01632984	-0.06181399
16.18006764	0.26417528	0.01632720	-0.06180444
16.18256763	0.26417342	0.01632457	-0.06179489
16.18506763	0.26417154	0.01632193	-0.06178535
16.18756762	0.26416963	0.01631929	-0.06177580
16.19006762	0.26416769	0.01631665	-0.06176626
16.19256761	0.26416573	0.01631401	-0.06175673
16.19506761	0.26416375	0.01631137	-0.06174720
16.19756760	0.26416174	0.01630873	-0.06173766
16.20006760	0.26415971	0.01630609	-0.06172814
16.20256759	0.26415765	0.01630344	-0.06171861
16.20506759	0.26415556	0.01630080	-0.06170909
16.20756758	0.26415345	0.01629816	-0.06169957
16.21006758	0.26415132	0.01629551	-0.06169006
16.21256757	0.26414916	0.01629286	-0.06168054
16.21506757	0.26414697	0.01629022	-0.06167104
16.21756756	0.26414476	0.01628757	-0.06166153
16.22006756	0.26414253	0.01628492	-0.06165202
16.22256755	0.26414027	0.01628227	-0.06164252
16.22506755	0.26413798	0.01627962	-0.06163303
16.22756754	0.26413567	0.01627697	-0.06162353
16.23006754	0.26413333	0.01627432	-0.06161404
16.23256753	0.26413097	0.01627167	-0.06160455
16.23506753	0.26412859	0.01626902	-0.06159506
16.23756752	0.26412618	0.01626636	-0.06158558
16.24006752	0.26412374	0.01626371	-0.06157610
16.24256751	0.26412128	0.01626105	-0.06156662
16.24506751	0.26411879	0.01625840	-0.06155715
16.24756750	0.26411628	0.01625574	-0.06154767
16.25006750	0.26411375	0.01625309	-0.06153821
16.25256749	0.26411119	0.01625043	-0.06152874
16.25506749	0.26410860	0.01624777	-0.06151928
16.25756748	0.26410599	0.01624511	-0.06150982
16.26006748	0.26410335	0.01624245	-0.06150036
16.26256747	0.26410069	0.01623979	-0.06149091
16.26506747	0.26409801	0.01623713	-0.06148145
16.26756746	0.26409530	0.01623447	-0.06147201
16.27006746	0.26409256	0.01623180	-0.06146256
16.27256745	0.26408980	0.01622914	-0.06145312
16.27506745	0.26408702	0.01622648	-0.06144368
16.27756744	0.26408421	0.01622381	-0.06143424
16.28006744	0.26408137	0.01622115	-0.06142481
16.28256743	0.26407851	0.01621848	-0.06141538
16.28506743	0.26407563	0.01621581	-0.06140595
16.28756742	0.26407272	0.01621315	-0.06139652
16.29006742	0.26406978	0.01621048	-0.06138710
16.29256741	0.26406682	0.01620781	-0.06137768
16.29506741	0.26406384	0.01620514	-0.06136826
16.29756740	0.26406083	0.01620247	-0.06135885
16.30006740	0.26405779	0.01619980	-0.06134944
16.30256739	0.26405474	0.01619713	-0.06134003
16.30506739	0.26405165	0.01619445	-0.06133063
16.30756738	0.26404854	0.01619178	-0.06132122
16.31006738	0.26404541	0.01618911	-0.06131183
16.31256737	0.26404225	0.01618643	-0.06130243
16.31506737	0.26403907	0.01618376	-0.06129304
16.31756736	0.26403586	0.01618108	-0.06128364
16.32006736	0.26403263	0.01617840	-0.06127426
16.32256735	0.26402937	0.01617573	-0.06126487
16.32506735	0.26402609	0.01617305	-0.06125549
16.32756734	0.26402278	0.01617037	-0.06124611
16.33006734	0.26401945	0.01616769	-0.06123673
16.33256733	0.26401610	0.01616501	-0.06122736
16.33506733	0.26401272	0.01616233	-0.06121799
16.33756732	0.26400931	0.01615965	-0.06120862
16.34006732	0.26400588	0.01615696	-0.06119926
16.34256731	0.26400243	0.01615428	-0.06118990
16.34506731	0.26399895	0.01615160	-0.06118054
16.34756730	0.26399544	0.01614891	-0.06117118
16.35006730	0.26399192	0.01614623	-0.06116183
16.35256729	0.26398836	0.01614354	-0.06115248
16.35506729	0.26398478	0.01614086	-0.06114313
16.35756728	0.26398118	0.01613817	-0.06113378
16.36006728	0.26397755	0.01613548	-0.06112444
16.36256727	0.26397390	0.01613279	-0.06111510
16.36506727	0.26397023	0.01613010	-0.06110577
16.36756726	0.26396653	0.01612741	-0.06109643
16.37006726	0.26396280	0.01612472	-0.06108710
16.37256725	0.26395905	0.01612203	-0.06107778
16.37506725	0.26395527	0.01611934	-0.06106845
16.37756724	0.26395148	0.01611665	-0.06105913
16.38006724	0.26394765	0.01611395	-0.06104981
16.38256723	0.26394380	0.01611126	-0.06104049
16.38506723	0.26393993	0.01610857	-0.06103118
16.38756722	0.26393603	0.01610587	-0.06102187
16.39006722	0.26393211	0.01610317	-0.06101256
16.39256721	0.26392816	0.01610048	-0.06100326
16.39506721	0.26392419	0.01609778	-0.06099396
16.39756720	0.26392020	0.01609508	-0.06098466
16.40006720	0.26391618	0.01609238	-0.06097536
16.40256719	0.26391213	0.01608968	-0.06096607
16.40506719	0.26390807	0.01608698	-0.06095678
16.40756718	0.26390397	0.01608428	-0.06094749
16.41006718	0.26389985	0.01608158	-0.06093820
16.41256717	0.26389571	0.01607888	-0.06092892
16.41506717	0.26389155	0.01607618	-0.06091964
16.41756716	0.26388735	0.01607347	-0.06091036
16.42006716	0.26388314	0.01607077	-0.06090109
16.42256715	0.26387890	0.01606807	-0.06089182
16.42506715	0.26387464	0.01606536	-0.06088255
16.42756714	0.26387035	0.01606266	-0.06087329
16.43006714	0.26386603	0.01605995	-0.06086402
16.43256713	0.26386170	0.01605724	-0.06085476
16.43506713	0.26385733	0.01605453	-0.06084551
16.43756712	0.26385295	0.01605182	-0.06083625
16.44006712	0.26384854	0.01604912	-0.06082700
16.44256711	0.26384410	0.01604641	-0.06081775
16.44506711	0.26383964	0.01604370	-0.06080851
16.44756710	0.26383516	0.01604098	-0.06079927
16.45006710	0.26383065	0.01603827	-0.06079003
16.45256709	0.26382612	0.01603556	-0.06078079
16.45506709	0.26382156	0.01603285	-0.06077155
16.45756708	0.26381698	0.01603013	-0.06076232
16.46006708	0.26381238	0.01602742	-0.06075309
16.46256707	0.26380775	0.01602470	-0.06074387
16.46506707	0.26380310	0.01602199	-0.06073464
16.46756706	0.26379842	0.01601927	-0.06072542
16.47006706	0.26379372	0.01601655	-0.06071621
16.47256705	0.26378899	0.01601384	-0.06070699
16.47506705	0.26378424	0.01601112	-0.06069778
16.47756704	0.26377947	0.01600840	-0.06068857
16.48006704	0.26377467	0.01600568	-0.06067936
16.48256703	0.26376984	0.01600296	-0.06067016
16.48506703	0.26376500	0.01600024	-0.06066096
16.48756702	0.26376013	0.01599752	-0.06065176
16.49006702	0.26375523	0.01599479	-0.06064257
16.49256701	0.26375031	0.01599207	-0.06063337
16.49506701	0.26374537	0.01598935	-0.06062419
16.49756700	0.26374040	0.01598662	-0.06061500
16.50006700	0.26373541	0.01598390	-0.06060581
16.50256699	0.26373039	0.01598117	-0.06059663
16.50506699	0.26372535	0.01597845	-0.06058745
16.50756698	0.26372029	0.01597572	-0.06057828
16.51006698	0.26371520	0.01597299	-0.06056911
16.51256697	0.26371009	0.01597027	-0.06055994
16.51506697	0.26370495	0.01596754	-0.06055077
16.51756696	0.26369979	0.01596481	-0.06054160
16.52006696	0.26369460	0.01596208	-0.06053244
16.52256695	0.26368939	0.01595935	-0.06052328
16.52506695	0.26368416	0.01595662	-0.06051413
16.52756694	0.26367890	0.01595389	-0.06050497
16.53006694	0.26367362	0.01595115	-0.06049582
16.53256693	0.26366832	0.01594842	-0.06048667
16.53506693	0.26366299	0.01594569	-0.06047753
16.53756692	0.26365764	0.01594295	-0.06046839
16.54006692	0.26365226	0.01594022	-0.06045925
16.54256691	0.26364686	0.01593748	-0.06045011
16.54506691	0.26364143	0.01593475	-0.06044098
16.54756690	0.26363598	0.01593201	-0.06043185
16.55006690	0.26363051	0.01592927	-0.06042272
16.55256689	0.26362501	0.01592653	-0.06041359
16.55506689	0.26361949	0.01592380	-0.06040447
16.55756688	0.26361395	0.01592106	-0.06039535
16.56006688	0.26360838	0.01591832	-0.06038623
16.56256687	0.26360279	0.01591558	-0.06037711
16.56506687	0.26359717	0.01591283	-0.06036800
16.56756686	0.26359153	0.01591009	-0.06035889
16.57006686	0.26358587	0.01590735	-0.06034979
16.57256685	0.26358018	0.01590461	-0.06034068
16.57506685	0.26357447	0.01590186	-0.06033158
16.57756684	0.26356873	0.01589912	-0.06032248
16.58006684	0.26356297	0.01589638	-0.06031339
16.58256683	0.26355719	0.01589363	-0.06030429
16.58506683	0.26355138	0.01589088	-0.06029520
16.58756682	0.26354555	0.01588814	-0.06028612
16.59006682	0.26353969	0.01588539	-0.06027703
16.59256681	0.26353381	0.01588264	-0.06026795
16.59506681	0.26352791	0.01587989	-0.06025887
16.59756680	0.26352198	0.01587715	-0.06024980
16.60006680	0.26351603	0.01587440	-0.06024072
16.60256679	0.26351006	0.01587165	-0.06023165
16.60506679	0.26350406	0.01586890	-0.06022258
16.60756678	0.26349804	0.01586614	-0.06021352
16.61006678	0.26349200	0.01586339	-0.06020445
16.61256677	0.26348593	0.01586064	-0.06019539
16.61506677	0.26347983	0.01585789	-0.06018634
16.61756676	0.26347372	0.01585513	-0.06017728
16.62006676	0.26346758	0.01585238	-0.06016823
16.62256675	0.26346141	0.01584962	-0.06015918
16.62506675	0.26345523	0.01584687	-0.06015013
16.62756674	0.26344901	0.01584411	-0.06014109
16.63006674	0.26344278	0.01584135	-0.06013205
16.63256673	0.26343652	0.01583860	-0.06012301
16.63506673	0.26343024	0.01583584	-0.06011398
16.63756672	0.26342393	0.01583308	-0.06010494
16.64006672	0.26341760	0.01583032	-0.06009591
16.64256671	0.26341125	0.01582756	-0.06008689
16.64506671	0.26340487	0.01582480	-0.06007786
16.64756670	0.26339847	0.01582204	-0.06006884
16.65006670	0.26339205	0.01581928	-0.06005982
16.65256669	0.26338560	0.01581652	-0.06005080
16.65506669	0.26337913	0.01581375	-0.06004179
16.65756668	0.26337263	0.01581099	-0.06003278
16.66006668	0.26336611	0.01580823	-0.06002377
16.66256667	0.26335957	0.01580546	-0.06001476
16.66506667	0.26335301	0.01580270	-0.06000576
16.66756666	0.26334642	0.01579993	-0.05999676
16.67006666	0.26333981	0.01579717	-0.05998776
16.67256665	0.26333317	0.01579440	-0.05997877
16.67506665	0.26332651	0.01579163	-0.05996978
16.67756664	0.26331983	0.01578886	-0.05996079
16.68006664	0.26331312	0.01578610	-0.05995180
16.68256663	0.26330639	0.01578333	-0.05994281
16.68506663	0.26329964	0.01578056	-0.05993383
16.68756662	0.26329286	0.01577779	-0.05992485
16.69006662	0.26328606	0.01577502	-0.05991588
16.69256661	0.26327923	0.01577224	-0.05990690
16.69506661	0.26327239	0.01576947	-0.05989793
16.69756660	0.26326551	0.01576670	-0.05988897
16.70006660	0.26325862	0.01576393	-0.05988000
16.70256659	0.26325170	0.01576115	-0.05987104
16.70506659	0.26324476	0.01575838	-0.05986208
16.70756658	0.26323780	0.01575560	-0.05985312
16.71006658	0.26323081	0.01575283	-0.05984417
16.71256657	0.26322380	0.01575005	-0.05983521
16.71506657	0.26321676	0.01574728	-0.05982626
16.71756656	0.26320970	0.01574450	-0.05981732
16.72006656	0.26320262	0.01574172	-0.05980837
16.72256655	0.26319552	0.01573894	-0.05979943
16.72506655	0.26318839	0.01573616	-0.05979049
16.72756654	0.26318124	0.01573338	-0.05978156
16.73006654	0.26317406	0.01573060	-0.05977263
16.73256653	0.26316686	0.01572782	-0.05976369
16.73506653	0.26315964	0.01572504	-0.05975477
16.73756652	0.26315240	0.01572226	-0.05974584
16.74006652	0.26314513	0.01571948	-0.05973692
16.74256651	0.26313784	0.01571670	-0.05972800
16.74506651	0.26313052	0.01571391	-0.05971908
16.74756650	0.26312319	0.01571113	-0.05971017
16.75006650	0.26311583	0.01570835	-0.05970126
16.75256649	0.26310844	0.01570556	-0.05969235
16.75506649	0.26310103	0.01570277	-0.05968344
16.75756648	0.26309360	0.01569999	-0.05967454
16.76006648	0.26308615	0.01569720	-0.05966563
16.76256647	0.26307867	0.01569441	-0.05965674
16.76506647	0.26307117	0.01569163	-0.05964784
16.76756646	0.26306365	0.01568884	-0.05963895
16.77006646	0.26305610	0.01568605	-0.05963006
16.77256645	0.26304853	0.01568326	-0.05962117
16.77506645	0.26304094	0.01568047	-0.05961228
16.77756644	0.26303332	0.01567768	-0.05960340
16.78006644	0.26302568	0.01567489	-0.05959452
16.78256643	0.26301802	0.01567210	-0.05958564
16.78506643	0.26301033	0.01566931	-0.05957677
16.78756642	0.26300262	0.01566651	-0.05956790
16.79006642	0.26299489	0.01566372	-0.05955903
16.79256641	0.26298714	0.01566093	-0.05955016
16.79506641	0.26297936	0.01565813	-0.05954129
16.79756640	0.26297156	0.01565534	-0.05953243
16.80006640	0.26296373	0.01565254	-0.05952357
16.80256639	0.26295589	0.01564975	-0.05951472
16.80506639	0.26294802	0.01564695	-0.05950586
16.80756638	0.26294012	0.01564415	-0.05949701
16.81006638	0.26293221	0.01564135	-0.05948816
16.81256637	0.26292427	0.01563856	-0.05947932
16.81506637	0.26291630	0.01563576	-0.05947048
16.81756636	0.26290832	0.01563296	-0.05946164
16.82006636	0.26290031	0.01563016	-0.05945280
16.82256635	0.26289228	0.01562736	-0.05944396
16.82506635	0.26288422	0.01562456	-0.05943513
16.82756634	0.26287615	0.01562176	-0.05942630
16.83006634	0.26286805	0.01561895	-0.05941747
16.83256633	0.26285992	0.01561615	-0.05940865
16.83506633	0.26285178	0.01561335	-0.05939983
16.83756632	0.26284361	0.01561055	-0.05939101
16.84006632	0.26283541	0.01560774	-0.05938219
16.84256631	0.26282720	0.01560494	-0.05937337
16.84506631	0.26281896	0.01560213	-0.05936456
16.84756630	0.26281070	0.01559933	-0.05935575
16.85006630	0.26280242	0.01559652	-0.05934695
16.85256629	0.26279411	0.01559371	-0.05933814
16.85506629	0.26278578	0.01559091	-0.05932934
16.85756628	0.26277743	0.01558810	-0.05932054
16.86006628	0.26276905	0.01558529	-0.05931175
16.86256627	0.26276065	0.01558248	-0.05930295
16.86506627	0.26275223	0.01557967	-0.05929416
16.86756626	0.26274379	0.01557686	-0.05928538
16.87006626	0.26273532	0.01557405	-0.05927659
16.87256625	0.26272683	0.01557124	-0.05926781
16.87506625	0.26271832	0.01556843	-0.05925903
16.87756624	0.26270979	0.01556562	-0.05925025
16.88006624	0.26270123	0.01556281	-0.05924147
16.88256623	0.26269265	0.01556000	-0.05923270
16.88506623	0.26268404	0.01555718	-0.05922393
16.88756622	0.26267542	0.01555437	-0.05921516
16.89006622	0.26266677	0.01555155	-0.05920640
16.89256621	0.26265810	0.01554874	-0.05919764
16.89506621	0.26264940	0.01554592	-0.05918888
16.89756620	0.26264069	0.01554311	-0.05918012
16.90006620	0.26263195	0.01554029	-0.05917137
16.90256619	0.26262318	0.01553747	-0.05916261
16.90506619	0.26261440	0.01553466	-0.05915386
16.90756618	0.26260559	0.01553184	-0.05914512
16.91006618	0.26259676	0.01552902	-0.05913637
16.91256617	0.26258791	0.01552620	-0.05912763
16.91506617	0.26257903	0.01552338	-0.05911889
16.91756616	0.26257013	0.01552056	-0.05911016
16.92006616	0.26256121	0.01551774	-0.05910142
16.92256615	0.26255227	0.01551492	-0.05909269
16.92506615	0.26254330	0.01551210	-0.05908396
16.92756614	0.26253431	0.01550928	-0.05907524
16.93006614	0.26252530	0.01550645	-0.05906651
16.93256613	0.26251627	0.01550363	-0.05905779
16.93506613	0.26250721	0.01550081	-0.05904908
16.93756612	0.26249813	0.01549798	-0.05904036
16.94006612	0.26248903	0.01549516	-0.05903165
16.94256611	0.26247990	0.01549233	-0.05902294
16.94506611	0.26247076	0.01548951	-0.05901423
16.94756610	0.26246159	0.01548668	-0.05900552
16.95006610	0.26245240	0.01548386	-0.05899682
16.95256609	0.26244318	0.01548103	-0.05898812
16.95506609	0.26243394	0.01547820	-0.05897942
16.95756608	0.26242468	0.01547537	-0.05897073
16.96006608	0.26241540	0.01547255	-0.05896203
16.96256607	0.26240610	0.01546972	-0.05895334
16.96506607	0.26239677	0.01546689	-0.05894466
16.96756606	0.26238742	0.01546406	-0.05893597
16.97006606	0.26237805	0.01546123	-0.05892729
16.97256605	0.26236866	0.01545840	-0.05891861
16.97506605	0.26235924	0.01545557	-0.05890993
16.97756604	0.26234980	0.01545273	-0.05890126
16.98006604	0.26234034	0.01544990	-0.05889259
16.98256603	0.26233085	0.01544707	-0.05888392
16.98506603	0.26232135	0.01544423	-0.05887525
16.98756602	0.26231182	0.01544140	-0.05886659
16.99006602	0.26230227	0.01543857	-0.05885792
16.99256601	0.26229269	0.01543573	-0.05884926
16.99506601	0.26228310	0.01543290	-0.05884061
16.99756600	0.26227348	0.01543006	-0.05883195
17.00006600	0.26226384	0.01542722	-0.05882330
17.00256599	0.26225418	0.01542439	-0.05881465
17.00506599	0.26224449	0.01542155	-0.05880601
17.00756598	0.26223478	0.01541871	-0.05879736
17.01006598	0.26222505	0.01541588	-0.05878872
17.01256597	0.26221530	0.01541304	-0.05878008
17.01506597	0.26220553	0.01541020	-0.05877144
17.01756596	0.26219573	0.01540736	-0.05876281
17.02006596	0.26218591	0.01540452	-0.05875418
17.02256595	0.26217607	0.01540168	-0.05874555
17.02506595	0.26216620	0.01539884	-0.05873692
17.02756594	0.26215632	0.01539599	-0.05872830
17.03006594	0.26214641	0.01539315	-0.05871968
17.03256593	0.26213648	0.01539031	-0.05871106
17.03506593	0.26212653	0.01538747	-0.05870244
17.03756592	0.26211655	0.01538462	-0.05869383
17.04006592	0.26210656	0.01538178	-0.05868522
17.04256591	0.26209654	0.01537894	-0.05867661
17.04506591	0.26208650	0.01537609	-0.05866800
17.04756590	0.26207643	0.01537325	-0.05865940
17.05006590	0.26206635	0.01537040	-0.05865080
17.05256589	0.26205624	0.01536755	-0.05864220
17.05506589	0.26204611	0.01536471	-0.05863361
17.05756588	0.26203596	0.01536186	-0.05862501
17.06006588	0.26202578	0.01535901	-0.05861642
17.06256587	0.26201559	0.01535617	-0.05860783
17.06506587	0.26200537	0.01535332	-0.05859925
17.06756586	0.26199513	0.01535047	-0.05859066
17.07006586	0.26198486	0.01534762	-0.05858208
17.07256585	0.26197458	0.01534477	-0.05857350
17.07506585	0.26196427	0.01534192	-0.05856493
17.07756584	0.26195394	0.01533907	-0.05855635
17.08006584	0.26194359	0.01533622	-0.05854778
17.08256583	0.26193322	0.01533337	-0.05853922
17.08506583	0.26192283	0.01533051	-0.05853065
17.08756582	0.26191241	0.01532766	-0.05852209
17.09006582	0.26190197	0.01532481	-0.05851353
17.09256581	0.26189151	0.01532195	-0.05850497
17.09506581	0.26188103	0.01531910	-0.05849641
17.09756580	0.26187052	0.01531625	-0.05848786
17.10006580	0.26185999	0.01531339	-0.05847931
17.10256579	0.26184944	0.01531054	-0.05847076
17.10506579	0.26183887	0.01530768	-0.05846221
17.10756578	0.26182828	0.01530482	-0.05845367
17.11006578	0.26181767	0.01530197	-0.05844513
17.11256577	0.26180703	0.01529911	-0.05843659
17.11506577	0.26179637	0.01529625	-0.05842805
17.11756576	0.26178569	0.01529339	-0.05841952
17.12006576	0.26177499	0.01529054	-0.05841099
17.12256575	0.26176426	0.01528768	-0.05840246
17.12506575	0.26175352	0.01528482	-0.05839394
17.12756574	0.26174275	0.01528196	-0.05838541
17.13006574	0.26173196	0.01527910	-0.05837689
17.13256573	0.26172115	0.01527624	-0.05836837
17.13506573	0.26171031	0.01527338	-0.05835986
17.13756572	0.26169946	0.01527052	-0.05835134
17.14006572	0.26168858	0.01526765	-0.05834283
17.14256571	0.26167768	0.01526479	-0.05833433
17.14506571	0.26166676	0.01526193	-0.05832582
17.14756570	0.26165582	0.01525906	-0.05831732
17.15006570	0.26164485	0.01525620	-0.05830881
17.15256569	0.26163387	0.01525334	-0.05830032
17.15506569	0.26162286	0.01525047	-0.05829182
17.15756568	0.26161183	0.01524761	-0.05828333
17.16006568	0.26160078	0.01524474	-0.05827484
17.16256567	0.26158970	0.01524188	-0.05826635
17.16506567	0.26157861	0.01523901	-0.05825786
17.16756566	0.26156749	0.01523614	-0.05824938
17.17006566	0.26155635	0.01523328	-0.05824090
17.17256565	0.26154519	0.01523041	-0.05823242
17.17506565	0.26153401	0.01522754	-0.05822394
17.17756564	0.26152281	0.01522467	-0.05821547
17.18006564	0.26151158	0.01522180	-0.05820700
17.18256563	0.26150034	0.01521893	-0.05819853
17.18506563	0.26148907	0.01521606	-0.05819006
17.18756562	0.26147778	0.01521319	-0.05818160
17.19006562	0.26146646	0.01521032	-0.05817313
17.19256561	0.26145513	0.01520745	-0.05816468
17.19506561	0.26144378	0.01520458	-0.05815622
17.19756560	0.26143240	0.01520171	-0.05814776
17.20006560	0.26142100	0.01519884	-0.05813931
17.20256559	0.26140958	0.01519596	-0.05813086
17.20506559	0.26139814	0.01519309	-0.05812242
17.20756558	0.26138668	0.01519022	-0.05811397
17.21006558	0.26137519	0.01518734	-0.05810553
17.21256557	0.26136368	0.01518447	-0.05809709
17.21506557	0.26135216	0.01518160	-0.05808865
17.21756556	0.26134061	0.01517872	-0.05808022
17.22006556	0.26132904	0.01517584	-0.05807179
17.22256555	0.26131744	0.01517297	-0.05806336
17.22506555	0.26130583	0.01517009	-0.05805493
17.22756554	0.26129419	0.01516722	-0.05804651
17.23006554	0.26128254	0.01516434	-0.05803808
17.23256553	0.26127086	0.01516146	-0.05802966
17.23506553	0.26125916	0.01515858	-0.05802125
17.23756552	0.26124744	0.01515570	-0.05801283
17.24006552	0.26123569	0.01515282	-0.05800442
17.24256551	0.26122393	0.01514995	-0.05799601
17.24506551	0.26121214	0.01514707	-0.05798760
17.24756550	0.26120034	0.01514419	-0.05797920
17.25006550	0.26118851	0.01514131	-0.05797079
17.25256549	0.26117666	0.01513842	-0.05796239
17.25506549	0.26116479	0.01513554	-0.05795400
17.25756548	0.26115289	0.01513266	-0.05794560
17.26006548	0.26114098	0.01512978	-0.05793721
17.26256547	0.26112904	0.01512690	-0.05792882
17.26506547	0.26111709	0.01512401	-0.05792043
17.26756546	0.26110511	0.01512113	-0.05791204
17.27006546	0.26109311	0.01511825	-0.05790366
17.27256545	0.26108109	0.01511536	-0.05789528
17.27506545	0.26106905	0.01511248	-0.05788690
17.27756544	0.26105698	0.01510959	-0.05787852
17.28006544	0.26104490	0.01510671	-0.05787015
17.28256543	0.26103279	0.01510382	-0.05786178
17.28506543	0.26102066	0.01510094	-0.05785341
17.28756542	0.26100852	0.01509805	-0.05784505
17.29006542	0.26099635	0.01509516	-0.05783668
17.29256541	0.26098415	0.01509228	-0.05782832
17.29506541	0.26097194	0.01508939	-0.05781996
17.29756540	0.26095971	0.01508650	-0.05781160
17.30006540	0.26094745	0.01508361	-0.05780325
17.30256539	0.26093518	0.01508072	-0.05779490
17.30506539	0.26092288	0.01507783	-0.05778655
17.30756538	0.26091056	0.01507494	-0.05777820
17.31006538	0.26089822	0.01507205	-0.05776986
17.31256537	0.26088586	0.01506916	-0.05776151
17.31506537	0.26087348	0.01506627	-0.05775317
17.31756536	0.26086107	0.01506338	-0.05774484
17.32006536	0.26084865	0.01506049	-0.05773650
17.32256535	0.26083620	0.01505760	-0.05772817
17.32506535	0.26082374	0.01505470	-0.05771984
17.32756534	0.26081125	0.01505181	-0.05771151
17.33006534	0.26079874	0.01504892	-0.05770319
17.33256533	0.26078621	0.01504602	-0.05769486
17.33506533	0.26077366	0.01504313	-0.05768654
17.33756532	0.26076108	0.01504024	-0.05767823
17.34006532	0.26074849	0.01503734	-0.05766991
17.34256531	0.26073588	0.01503445	-0.05766160
17.34506531	0.26072324	0.01503155	-0.05765329
17.34756530	0.26071058	0.01502866	-0.05764498
17.35006530	0.26069791	0.01502576	-0.05763667
17.35256529	0.26068521	0.01502286	-0.05762837
17.35506529	0.26067249	0.01501997	-0.05762007
17.35756528	0.26065975	0.01501707	-0.05761177
17.36006528	0.26064699	0.01501417	-0.05760347
17.36256527	0.26063420	0.01501127	-0.05759518
17.36506527	0.26062140	0.01500837	-0.05758688
17.36756526	0.26060857	0.01500548	-0.05757859
17.37006526	0.26059573	0.01500258	-0.05757031
17.37256525	0.26058286	0.01499968	-0.05756202
17.37506525	0.26056997	0.01499678	-0.05755374
17.37756524	0.26055706	0.01499388	-0.05754546
17.38006524	0.26054413	0.01499098	-0.05753718
17.38256523	0.26053118	0.01498807	-0.05752891
17.38506523	0.26051821	0.01498517	-0.05752064
17.38756522	0.26050522	0.01498227	-0.05751237
17.39006522	0.26049221	0.01497937	-0.05750410
17.39256521	0.26047917	0.01497647	-0.05749583
17.39506521	0.26046612	0.01497356	-0.05748757
17.39756520	0.26045304	0.01497066	-0.05747931
17.40006520	0.26043995	0.01496776	-0.05747105
17.40256519	0.26042683	0.01496485	-0.05746279
17.40506519	0.26041369	0.01496195	-0.05745454
17.40756518	0.26040053	0.01495904	-0.05744629
17.41006518	0.26038735	0.01495614	-0.05743804
17.41256517	0.26037415	0.01495323	-0.05742979
17.41506517	0.26036093	0.01495033	-0.05742155
17.41756516	0.26034768	0.01494742	-0.05741331
17.42006516	0.26033442	0.01494451	-0.05740507
17.42256515	0.26032114	0.01494161	-0.05739683
17.42506515	0.26030783	0.01493870	-0.05738859
17.42756514	0.26029451	0.01493579	-0.05738036
17.43006514	0.26028116	0.01493289	-0.05737213
17.43256513	0.26026779	0.01492998	-0.05736390
17.43506513	0.26025441	0.01492707	-0.05735568
17.43756512	0.26024100	0.01492416	-0.05734746
17.44006512	0.26022757	0.01492125	-0.05733924
17.44256511	0.26021412	0.01491834	-0.05733102
17.44506511	0.26020065	0.01491543	-0.05732280
17.44756510	0.26018716	0.01491252	-0.05731459
17.45006510	0.26017364	0.01490961	-0.05730638
17.45256509	0.26016011	0.01490670	-0.05729817
17.45506509	0.26014656	0.01490379	-0.05728996
17.45756508	0.26013298	0.01490087	-0.05728176
17.46006508	0.26011939	0.01489796	-0.05727356
17.46256507	0.26010577	0.01489505	-0.05726536
17.46506507	0.26009214	0.01489214	-0.05725716
17.46756506	0.26007848	0.01488922	-0.05724896
17.47006506	0.26006481	0.01488631	-0.05724077
17.47256505	0.26005111	0.01488340	-0.05723258
17.47506505	0.26003739	0.01488048	-0.05722439
17.47756504	0.26002365	0.01487757	-0.05721621
17.48006504	0.26000989	0.01487465	-0.05720803
17.48256503	0.25999611	0.01487174	-0.05719984
17.48506503	0.25998231	0.01486882	-0.05719167
17.48756502	0.25996849	0.01486591	-0.05718349
17.49006502	0.25995465	0.01486299	-0.05717532
17.49256501	0.25994079	0.01486007	-0.05716714
17.49506501	0.25992690	0.01485716	-0.05715898
17.49756500	0.25991300	0.01485424	-0.05715081
17.50006500	0.25989908	0.01485132	-0.05714264
17.50256499	0.25988513	0.01484840	-0.05713448
17.50506499	0.25987117	0.01484548	-0.05712632
17.50756498	0.25985719	0.01484257	-0.05711817
17.51006498	0.25984318	0.01483965	-0.05711001
17.51256497	0.25982915	0.01483673	-0.05710186
17.51506497	0.25981511	0.01483381	-0.05709371
17.51756496	0.25980104	0.01483089	-0.05708556
17.52006496	0.25978695	0.01482797	-0.05707741
17.52256495	0.25977285	0.01482505	-0.05706927
17.52506495	0.25975872	0.01482213	-0.05706113
17.52756494	0.25974457	0.01481920	-0.05705299
17.53006494	0.25973040	0.01481628	-0.05704485
17.53256493	0.25971621	0.01481336	-0.05703672
17.53506493	0.25970201	0.01481044	-0.05702859
17.53756492	0.25968778	0.01480752	-0.05702046
17.54006492	0.25967353	0.01480459	-0.05701233
17.54256491	0.25965926	0.01480167	-0.05700421
17.54506491	0.25964497	0.01479875	-0.05699608
17.54756490	0.25963065	0.01479582	-0.05698796
17.55006490	0.25961632	0.01479290	-0.05697985
17.55256489	0.25960197	0.01478997	-0.05697173
17.55506489	0.25958760	0.01478705	-0.05696362
17.55756488	0.25957321	0.01478412	-0.05695551
17.56006488	0.25955880	0.01478120	-0.05694740
17.56256487	0.25954436	0.01477827	-0.05693929
17.56506487	0.25952991	0.01477535	-0.05693119
17.56756486	0.25951544	0.01477242	-0.05692309
17.57006486	0.25950095	0.01476949	-0.05691499
17.57256485	0.25948643	0.01476657	-0.05690689
17.57506485	0.25947190	0.01476364	-0.05689879
17.57756484	0.25945734	0.01476071	-0.05689070
17.58006484	0.25944277	0.01475778	-0.05688261
17.58256483	0.25942818	0.01475485	-0.05687452
17.58506483	0.25941356	0.01475193	-0.05686644
17.58756482	0.25939893	0.01474900	-0.05685835
17.59006482	0.25938427	0.01474607	-0.05685027
17.59256481	0.25936960	0.01474314	-0.05684220
17.59506481	0.25935490	0.01474021	-0.05683412
17.59756480	0.25934019	0.01473728	-0.05682604
17.60006480	0.25932545	0.01473435	-0.05681797
17.60256479	0.25931070	0.01473142	-0.05680990
17.60506479	0.25929592	0.01472848	-0.05680184
17.60756478	0.25928113	0.01472555	-0.05679377
17.61006478	0.25926631	0.01472262	-0.05678571
17.61256477	0.25925148	0.01471969	-0.05677765
17.61506477	0.25923662	0.01471676	-0.05676959
17.61756476	0.25922175	0.01471382	-0.05676153
17.62006476	0.25920685	0.01471089	-0.05675348
17.62256475	0.25919194	0.01470796	-0.05674543
17.62506475	0.25917700	0.01470502	-0.05673738
17.62756474	0.25916205	0.01470209	-0.05672933
17.63006474	0.25914707	0.01469916	-0.05672129
17.63256473	0.25913207	0.01469622	-0.05671325
17.63506473	0.25911706	0.01469329	-0.05670521
17.63756472	0.25910202	0.01469035	-0.05669717
17.64006472	0.25908697	0.01468742	-0.05668913
17.64256471	0.25907189	0.01468448	-0.05668110
17.64506471	0.25905680	0.01468154	-0.05667307
17.64756470	0.25904168	0.01467861	-0.05666504
17.65006470	0.25902655	0.01467567	-0.05665702
17.65256469	0.25901139	0.01467273	-0.05664899
17.65506469	0.25899622	0.01466980	-0.05664097
17.65756468	0.25898102	0.01466686	-0.05663295
17.66006468	0.25896581	0.01466392	-0.05662493
17.66256467	0.25895057	0.01466098	-0.05661692
17.66506467	0.25893532	0.01465805	-0.05660891
17.66756466	0.25892004	0.01465511	-0.05660090
17.67006466	0.25890475	0.01465217	-0.05659289
17.67256465	0.25888944	0.01464923	-0.05658488
17.67506465	0.25887410	0.01464629	-0.05657688
17.67756464	0.25885875	0.01464335	-0.05656888
17.68006464	0.25884338	0.01464041	-0.05656088
17.68256463	0.25882798	0.01463747	-0.05655288
17.68506463	0.25881257	0.01463453	-0.05654489
17.68756462	0.25879714	0.01463159	-0.05653690
17.69006462	0.25878168	0.01462865	-0.05652891
17.69256461	0.25876621	0.01462570	-0.05652092
17.69506461	0.25875072	0.01462276	-0.05651293
17.69756460	0.25873521	0.01461982	-0.05650495
17.70006460	0.25871968	0.01461688	-0.05649697
17.70256459	0.25870413	0.01461393	-0.05648899
17.70506459	0.25868856	0.01461099	-0.05648101
17.70756458	0.25867297	0.01460805	-0.05647304
17.71006458	0.25865736	0.01460511	-0.05646507
17.71256457	0.25864173	0.01460216	-0.05645710
17.71506457	0.25862608	0.01459922	-0.05644913
17.71756456	0.25861041	0.01459627	-0.05644117
17.72006456	0.25859472	0.01459333	-0.05643320
17.72256455	0.25857901	0.01459038	-0.05642524
17.72506455	0.25856328	0.01458744	-0.05641728
17.72756454	0.25854753	0.01458449	-0.05640933
17.73006454	0.25853177	0.01458155	-0.05640137
17.73256453	0.25851598	0.01457860	-0.05639342
17.73506453	0.25850017	0.01457565	-0.05638547
17.73756452	0.25848435	0.01457271	-0.05637753
17.74006452	0.25846850	0.01456976	-0.05636958
17.74256451	0.25845264	0.01456681	-0.05636164
17.74506451	0.25843675	0.01456387	-0.05635370
17.74756450	0.25842085	0.01456092	-0.05634576
17.75006450	0.25840492	0.01455797	-0.05633782
17.75256449	0.25838898	0.01455502	-0.05632989
17.75506449	0.25837302	0.01455207	-0.05632196
17.75756448	0.25835703	0.01454913	-0.05631403
17.76006448	0.25834103	0.01454618	-0.05630610
17.76256447	0.25832501	0.01454323	-0.05629818
17.76506447	0.25830897	0.01454028	-0.05629025
17.76756446	0.25829291	0.01453733	-0.05628233
17.77006446	0.25827683	0.01453438	-0.05627442
17.77256445	0.25826073	0.01453143	-0.05626650
17.77506445	0.25824461	0.01452848	-0.05625859
17.77756444	0.25822847	0.01452553	-0.05625068
17.78006444	0.25821231	0.01452257	-0.05624277
17.78256443	0.25819614	0.01451962	-0.05623486
17.78506443	0.25817994	0.01451667	-0.05622695
17.78756442	0.25816373	0.01451372	-0.05621905
17.79006442	0.25814749	0.01451077	-0.05621115
17.79256441	0.25813124	0.01450782	-0.05620325
17.79506441	0.25811496	0.01450486	-0.05619536
17.79756440	0.25809867	0.01450191	-0.05618746
17.80006440	0.25808236	0.01449896	-0.05617957
17.80256439	0.25806602	0.01449600	-0.05617168
17.80506439	0.25804967	0.01449305	-0.05616380
17.80756438	0.25803330	0.01449010	-0.05615591
17.81006438	0.25801691	0.01448714	-0.05614803
17.81256437	0.25800050	0.01448419	-0.05614015
17.81506437	0.25798407	0.01448123	-0.05613227
17.81756436	0.25796763	0.01447828	-0.05612439
17.82006436	0.25795116	0.01447532	-0.05611652
17.82256435	0.25793467	0.01447237	-0.05610865
17.82506435	0.25791817	0.01446941	-0.05610078
17.82756434	0.25790164	0.01446645	-0.05609291
17.83006434	0.25788510	0.01446350	-0.05608505
17.83256433	0.25786854	0.01446054	-0.05607718
17.83506433	0.25785195	0.01445758	-0.05606932
17.83756432	0.25783535	0.01445463	-0.05606147
17.84006432	0.25781873	0.01445167	-0.05605361
17.84256431	0.25780209	0.01444871	-0.05604576
17.84506431	0.25778543	0.01444576	-0.05603790
17.84756430	0.25776875	0.01444280	-0.05603005
17.85006430	0.25775206	0.01443984	-0.05602221
17.85256429	0.25773534	0.01443688	-0.05601436
17.85506429	0.25771860	0.01443392	-0.05600652
17.85756428	0.25770185	0.01443096	-0.05599868
17.86006428	0.25768507	0.01442800	-0.05599084
17.86256427	0.25766828	0.01442504	-0.05598300
17.86506427	0.25765147	0.01442208	-0.05597517
17.86756426	0.25763464	0.01441912	-0.05596734
17.87006426	0.25761779	0.01441616	-0.05595951
17.87256425	0.25760092	0.01441320	-0.05595168
17.87506425	0.25758403	0.01441024	-0.05594385
17.87756424	0.25756712	0.01440728	-0.05593603
17.88006424	0.25755019	0.01440432	-0.05592821
17.88256423	0.25753325	0.01440136	-0.05592039
17.88506423	0.25751628	0.01439840	-0.05591258
17.88756422	0.25749930	0.01439544	-0.05590476
17.89006422	0.25748230	0.01439247	-0.05589695
17.89256421	0.25746528	0.01438951	-0.05588914
17.89506421	0.25744823	0.01438655	-0.05588133
17.89756420	0.25743117	0.01438359	-0.05587352
17.90006420	0.25741410	0.01438062	-0.05586572
17.90256419	0.25739700	0.01437766	-0.05585792
17.90506419	0.25737988	0.01437470	-0.05585012
17.90756418	0.25736275	0.01437173	-0.05584232
17.91006418	0.25734559	0.01436877	-0.05583453
17.91256417	0.25732842	0.01436581	-0.05582674
17.91506417	0.25731123	0.01436284	-0.05581895
17.91756416	0.25729402	0.01435988	-0.05581116
17.92006416	0.25727679	0.01435691	-0.05580337
17.92256415	0.25725954	0.01435395	-0.05579559
17.92506415	0.25724227	0.01435098	-0.05578781
17.92756414	0.25722498	0.01434802	-0.05578003
17.93006414	0.25720768	0.01434505	-0.05577225
17.93256413	0.25719035	0.01434208	-0.05576447
17.93506413	0.25717301	0.01433912	-0.05575670
17.93756412	0.25715565	0.01433615	-0.05574893
17.94006412	0.25713827	0.01433319	-0.05574116
17.94256411	0.25712087	0.01433022	-0.05573339
17.94506411	0.25710345	0.01432725	-0.05572563
17.94756410	0.25708601	0.01432428	-0.05571787
17.95006410	0.25706856	0.01432132	-0.05571011
17.95256409	0.25705108	0.01431835	-0.05570235
17.95506409	0.25703359	0.01431538	-0.05569459
17.95756408	0.25701608	0.01431241	-0.05568684
17.96006408	0.25699854	0.01430944	-0.05567909
17.96256407	0.25698099	0.01430648	-0.05567134
17.96506407	0.25696343	0.01430351	-0.05566359
17.96756406	0.25694584	0.01430054	-0.05565585
17.97006406	0.25692823	0.01429757	-0.05564810
17.97256405	0.25691061	0.01429460	-0.05564036
17.97506405	0.25689297	0.01429163	-0.05563263
17.97756404	0.25687530	0.01428866	-0.05562489
17.98006404	0.25685762	0.01428569	-0.05561715
17.98256403	0.25683992	0.01428272	-0.05560942
17.98506403	0.25682221	0.01427975	-0.05560169
17.98756402	0.25680447	0.01427678	-0.05559396
17.99006402	0.25678672	0.01427381	-0.05558624
17.99256401	0.25676894	0.01427084	-0.05557852
17.99506401	0.25675115	0.01426787	-0.05557079
17.99756400	0.25673334	0.01426489	-0.05556308
18.00006400	0.25671551	0.01426192	-0.05555536
18.00256399	0.25669766	0.01425895	-0.05554764
18.00506399	0.25667979	0.01425598	-0.05553993
18.00756398	0.25666191	0.01425301	-0.05553222
18.01006398	0.25664401	0.01425003	-0.05552451
18.01256397	0.25662608	0.01424706	-0.05551680
18.01506397	0.25660814	0.01424409	-0.05550910
18.01756396	0.25659018	0.01424111	-0.05550140
18.02006396	0.25657221	0.01423814	-0.05549370
18.02256395	0.25655421	0.01423517	-0.05548600
18.02506395	0.25653620	0.01423219	-0.05547831
18.02756394	0.25651816	0.01422922	-0.05547061
18.03006394	0.25650011	0.01422625	-0.05546292
18.03256393	0.25648204	0.01422327	-0.05545523
18.03506393	0.25646395	0.01422030	-0.05544754
18.03756392	0.25644584	0.01421732	-0.05543986
18.04006392	0.25642772	0.01421435	-0.05543218
18.04256391	0.25640958	0.01421137	-0.05542450
18.04506391	0.25639141	0.01420840	-0.05541682
18.04756390	0.25637323	0.01420542	-0.05540914
18.05006390	0.25635503	0.01420244	-0.05540147
18.05256389	0.25633682	0.01419947	-0.05539379
18.05506389	0.25631858	0.01419649	-0.05538612
18.05756388	0.25630033	0.01419352	-0.05537846
18.06006388	0.25628205	0.01419054	-0.05537079
18.06256387	0.25626376	0.01418756	-0.05536313
18.06506387	0.25624545	0.01418459	-0.05535546
18.06756386	0.25622713	0.01418161	-0.05534780
18.07006386	0.25620878	0.01417863	-0.05534015
18.07256385	0.25619042	0.01417565	-0.05533249
18.07506385	0.25617203	0.01417268	-0.05532484
18.07756384	0.25615363	0.01416970	-0.05531719
18.08006384	0.25613521	0.01416672	-0.05530954
18.08256383	0.25611678	0.01416374	-0.05530189
18.08506383	0.25609832	0.01416076	-0.05529425
18.08756382	0.25607985	0.01415779	-0.05528661
18.09006382	0.25606136	0.01415481	-0.05527896
18.09256381	0.25604285	0.01415183	-0.05527133
18.09506381	0.25602432	0.01414885	-0.05526369
18.09756380	0.25600577	0.01414587	-0.05525606
18.10006380	0.25598721	0.01414289	-0.05524842
18.10256379	0.25596862	0.01413991	-0.05524079
18.10506379	0.25595002	0.01413693	-0.05523317
18.10756378	0.25593140	0.01413395	-0.05522554
18.11006378	0.25591276	0.01413097	-0.05521792
18.11256377	0.25589411	0.01412799	-0.05521030
18.11506377	0.25587543	0.01412501	-0.05520268
18.11756376	0.25585674	0.01412203	-0.05519506
18.12006376	0.25583803	0.01411905	-0.05518744
18.12256375	0.25581930	0.01411607	-0.05517983
18.12506375	0.25580056	0.01411308	-0.05517222
18.12756374	0.25578179	0.01411010	-0.05516461
18.13006374	0.25576301	0.01410712	-0.05515700
18.13256373	0.25574421	0.01410414	-0.05514940
18.13506373	0.25572539	0.01410116	-0.05514180
18.13756372	0.25570655	0.01409818	-0.05513420
18.14006372	0.25568770	0.01409519	-0.05512660
18.14256371	0.25566883	0.01409221	-0.05511900
18.14506371	0.25564994	0.01408923	-0.05511141
18.14756370	0.25563103	0.01408624	-0.05510382
18.15006370	0.25561210	0.01408326	-0.05509623
18.15256369	0.25559316	0.01408028	-0.05508864
18.15506369	0.25557419	0.01407730	-0.05508105
18.15756368	0.25555521	0.01407431	-0.05507347
18.16006368	0.25553621	0.01407133	-0.05506589
18.16256367	0.25551720	0.01406834	-0.05505831
18.16506367	0.25549816	0.01406536	-0.05505073
18.16756366	0.25547911	0.01406238	-0.05504315
18.17006366	0.25546004	0.01405939	-0.05503558
18.17256365	0.25544095	0.01405641	-0.05502801
18.17506365	0.25542184	0.01405342	-0.05502044
18.17756364	0.25540272	0.01405044	-0.05501287
18.18006364	0.25538358	0.01404745	-0.05500531
18.18256363	0.25536442	0.01404447	-0.05499775
18.18506363	0.25534524	0.01404148	-0.05499018
18.18756362	0.25532604	0.01403850	-0.05498263
18.19006362	0.25530683	0.01403551	-0.05497507
18.19256361	0.25528760	0.01403252	-0.05496751
18.19506361	0.25526835	0.01402954	-0.05495996
18.19756360	0.25524908	0.01402655	-0.05495241
18.20006360	0.25522979	0.01402357	-0.05494486
18.20256359	0.25521049	0.01402058	-0.05493732
18.20506359	0.25519117	0.01401759	-0.05492977
18.20756358	0.25517183	0.01401461	-0.05492223
18.21006358	0.25515248	0.01401162	-0.05491469
18.21256357	0.25513310	0.01400863	-0.05490715
18.21506357	0.25511371	0.01400564	-0.05489962
18.21756356	0.25509430	0.01400266	-0.05489208
18.22006356	0.25507487	0.01399967	-0.05488455
18.22256355	0.25505543	0.01399668	-0.05487702
18.22506355	0.25503597	0.01399369	-0.05486949
18.22756354	0.25501649	0.01399071	-0.05486197
18.23006354	0.25499699	0.01398772	-0.05485444
18.23256353	0.25497747	0.01398473	-0.05484692
18.23506353	0.25495794	0.01398174	-0.05483940
18.23756352	0.25493839	0.01397875	-0.05483189
18.24006352	0.25491882	0.01397576	-0.05482437
18.24256351	0.25489923	0.01397277	-0.05481686
18.24506351	0.25487963	0.01396979	-0.05480935
18.24756350	0.25486001	0.01396680	-0.05480184
18.25006350	0.25484037	0.01396381	-0.05479433
18.25256349	0.25482071	0.01396082	-0.05478682
18.25506349	0.25480103	0.01395783	-0.05477932
18.25756348	0.25478134	0.01395484	-0.05477182
18.26006348	0.25476163	0.01395185	-0.05476432
18.26256347	0.25474190	0.01394886	-0.05475683
18.26506347	0.25472216	0.01394587	-0.05474933
18.26756346	0.25470240	0.01394288	-0.05474184
18.27006346	0.25468262	0.01393989	-0.05473435
18.27256345	0.25466282	0.01393690	-0.05472686
18.27506345	0.25464300	0.01393391	-0.05471937
18.27756344	0.25462317	0.01393091	-0.05471189
18.28006344	0.25460332	0.01392792	-0.05470441
18.28256343	0.25458345	0.01392493	-0.05469692
18.28506343	0.25456357	0.01392194	-0.05468945
18.28756342	0.25454367	0.01391895	-0.05468197
18.29006342	0.25452374	0.01391596	-0.05467450
18.29256341	0.25450381	0.01391297	-0.05466702
18.29506341	0.25448385	0.01390997	-0.05465955
18.29756340	0.25446388	0.01390698	-0.05465209
18.30006340	0.25444389	0.01390399	-0.05464462
18.30256339	0.25442388	0.01390100	-0.05463716
18.30506339	0.25440386	0.01389800	-0.05462969
18.30756338	0.25438381	0.01389501	-0.05462223
18.31006338	0.25436376	0.01389202	-0.05461478
18.31256337	0.25434368	0.01388903	-0.05460732
18.31506337	0.25432358	0.01388603	-0.05459987
18.31756336	0.25430347	0.01388304	-0.05459241
18.32006336	0.25428334	0.01388005	-0.05458496
18.32256335	0.25426320	0.01387705	-0.05457752
18.32506335	0.25424303	0.01387406	-0.05457007
18.32756334	0.25422285	0.01387107	-0.05456263
18.33006334	0.25420265	0.01386807	-0.05455519
18.33256333	0.25418244	0.01386508	-0.05454775
18.33506333	0.25416220	0.01386208	-0.05454031
18.33756332	0.25414195	0.01385909	-0.05453287
18.34006332	0.25412169	0.01385610	-0.05452544
18.34256331	0.25410140	0.01385310	-0.05451801
18.34506331	0.25408110	0.01385011	-0.05451058
18.34756330	0.25406078	0.01384711	-0.05450315
18.35006330	0.25404044	0.01384412	-0.05449572
18.35256329	0.25402009	0.01384112	-0.05448830
18.35506329	0.25399972	0.01383813	-0.05448088
18.35756328	0.25397933	0.01383513	-0.05447346
18.36006328	0.25395892	0.01383214	-0.05446604
18.36256327	0.25393850	0.01382914	-0.05445863
18.36506327	0.25391806	0.01382615	-0.05445121
18.36756326	0.25389760	0.01382315	-0.05444380
18.37006326	0.25387713	0.01382016	-0.05443639
18.37256325	0.25385664	0.01381716	-0.05442899
18.37506325	0.25383613	0.01381416	-0.05442158
18.37756324	0.25381560	0.01381117	-0.05441418
18.38006324	0.25379506	0.01380817	-0.05440678
18.38256323	0.25377450	0.01380517	-0.05439938
18.38506323	0.25375392	0.01380218	-0.05439198
18.38756322	0.25373333	0.01379918	-0.05438459
18.39006322	0.25371272	0.01379619	-0.05437719
18.39256321	0.25369209	0.01379319	-0.05436980
18.39506321	0.25367144	0.01379019	-0.05436241
18.39756320	0.25365078	0.01378719	-0.05435502
18.40006320	0.25363010	0.01378420	-0.05434764
18.40256319	0.25360940	0.01378120	-0.05434026
18.40506319	0.25358869	0.01377820	-0.05433288
18.40756318	0.25356796	0.01377521	-0.05432550
18.41006318	0.25354721	0.01377221	-0.05431812
18.41256317	0.25352645	0.01376921	-0.05431074
18.41506317	0.25350566	0.01376621	-0.05430337
18.41756316	0.25348487	0.01376321	-0.05429600
18.42006316	0.25346405	0.01376022	-0.05428863
18.42256315	0.25344322	0.01375722	-0.05428126
18.42506315	0.25342237	0.01375422	-0.05427390
18.42756314	0.25340150	0.01375122	-0.05426653
18.43006314	0.25338062	0.01374822	-0.05425917
18.43256313	0.25335972	0.01374522	-0.05425181
18.43506313	0.25333880	0.01374223	-0.05424446
18.43756312	0.25331786	0.01373923	-0.05423710
18.44006312	0.25329691	0.01373623	-0.05422975
18.44256311	0.25327595	0.01373323	-0.05422240
18.44506311	0.25325496	0.01373023	-0.05421505
18.44756310	0.25323396	0.01372723	-0.05420770
18.45006310	0.25321294	0.01372423	-0.05420036
18.45256309	0.25319190	0.01372123	-0.05419301
18.45506309	0.25317085	0.01371823	-0.05418567
18.45756308	0.25314978	0.01371523	-0.05417833
18.46006308	0.25312870	0.01371223	-0.05417100
18.46256307	0.25310759	0.01370923	-0.05416366
18.46506307	0.25308647	0.01370623	-0.05415633
18.46756306	0.25306534	0.01370323	-0.05414900
18.47006306	0.25304418	0.01370023	-0.05414167
18.47256305	0.25302301	0.01369723	-0.05413434
18.47506305	0.25300183	0.01369423	-0.05412701
18.47756304	0.25298062	0.01369123	-0.05411969
18.48006304	0.25295940	0.01368823	-0.05411237
18.48256303	0.25293817	0.01368523	-0.05410505
18.48506303	0.25291691	0.01368223	-0.05409773
18.48756302	0.25289564	0.01367923	-0.05409042
18.49006302	0.25287435	0.01367623	-0.05408310
18.49256301	0.25285305	0.01367323	-0.05407579
18.49506301	0.25283173	0.01367023	-0.05406848
18.49756300	0.25281039	0.01366723	-0.05406118
18.50006300	0.25278904	0.01366423	-0.05405387
18.50256299	0.25276767	0.01366122	-0.05404657
18.50506299	0.25274628	0.01365822	-0.05403926
18.50756298	0.25272488	0.01365522	-0.05403197
18.51006298	0.25270345	0.01365222	-0.05402467
18.51256297	0.25268202	0.01364922	-0.05401737
18.51506297	0.25266056	0.01364622	-0.05401008
18.51756296	0.25263909	0.01364321	-0.05400279
18.52006296	0.25261761	0.01364021	-0.05399550
18.52256295	0.25259610	0.01363721	-0.05398821
18.52506295	0.25257458	0.01363421	-0.05398092
18.52756294	0.25255304	0.01363121	-0.05397364
18.53006294	0.25253149	0.01362820	-0.05396636
18.53256293	0.25250992	0.01362520	-0.05395908
18.53506293	0.25248833	0.01362220	-0.05395180
18.53756292	0.25246673	0.01361920	-0.05394452
18.54006292	0.25244511	0.01361619	-0.05393725
18.54256291	0.25242348	0.01361319	-0.05392998
18.54506291	0.25240182	0.01361019	-0.05392271
18.54756290	0.25238015	0.01360719	-0.05391544
18.55006290	0.25235847	0.01360418	-0.05390817
18.55256289	0.25233677	0.01360118	-0.05390091
18.55506289	0.25231505	0.01359818	-0.05389365
18.55756288	0.25229331	0.01359517	-0.05388639
18.56006288	0.25227156	0.01359217	-0.05387913
18.56256287	0.25224979	0.01358917	-0.05387187
18.56506287	0.25222801	0.01358617	-0.05386462
18.56756286	0.25220621	0.01358316	-0.05385736
18.57006286	0.25218439	0.01358016	-0.05385011
18.57256285	0.25216256	0.01357715	-0.05384287
18.57506285	0.25214071	0.01357415	-0.05383562
18.57756284	0.25211884	0.01357115	-0.05382837
18.58006284	0.25209696	0.01356814	-0.05382113
18.58256283	0.25207506	0.01356514	-0.05381389
18.58506283	0.25205315	0.01356214	-0.05380665
18.58756282	0.25203121	0.01355913	-0.05379941
18.59006282	0.25200927	0.01355613	-0.05379218
18.59256281	0.25198730	0.01355312	-0.05378495
18.59506281	0.25196532	0.01355012	-0.05377772
18.59756280	0.25194332	0.01354712	-0.05377049
18.60006280	0.25192131	0.01354411	-0.05376326
18.60256279	0.25189928	0.01354111	-0.05375603
18.60506279	0.25187723	0.01353810	-0.05374881
18.60756278	0.25185517	0.01353510	-0.05374159
18.61006278	0.25183309	0.01353209	-0.05373437
18.61256277	0.25181100	0.01352909	-0.05372715
18.61506277	0.25178889	0.01352608	-0.05371994
18.61756276	0.25176676	0.01352308	-0.05371272
18.62006276	0.25174462	0.01352007	-0.05370551
18.62256275	0.25172246	0.01351707	-0.05369830
18.62506275	0.25170028	0.01351406	-0.05369109
18.62756274	0.25167809	0.01351106	-0.05368389
18.63006274	0.25165588	0.01350805	-0.05367668
18.63256273	0.25163366	0.01350505	-0.05366948
18.63506273	0.25161142	0.01350204	-0.05366228
18.63756272	0.25158916	0.01349904	-0.05365508
18.64006272	0.25156689	0.01349603	-0.05364789
18.64256271	0.25154460	0.01349303	-0.05364069
18.64506271	0.25152230	0.01349002	-0.05363350
18.64756270	0.25149998	0.01348702	-0.05362631
18.65006270	0.25147764	0.01348401	-0.05361912
18.65256269	0.25145528	0.01348100	-0.05361194
18.65506269	0.25143292	0.01347800	-0.05360475
18.65756268	0.25141053	0.01347499	-0.05359757
18.66006268	0.25138813	0.01347199	-0.05359039
18.66256267	0.25136571	0.01346898	-0.05358321
18.66506267	0.25134328	0.01346598	-0.05357603
18.66756266	0.25132083	0.01346297	-0.05356886
18.67006266	0.25129836	0.01345996	-0.05356168
18.67256265	0.25127588	0.01345696	-0.05355451
18.67506265	0.25125338	0.01345395	-0.05354734
18.67756264	0.25123087	0.01345095	-0.05354018
18.68006264	0.25120834	0.01344794	-0.05353301
18.68256263	0.25118579	0.01344493	-0.05352585
18.68506263	0.25116323	0.01344193	-0.05351869
18.68756262	0.25114065	0.01343892	-0.05351153
18.69006262	0.25111806	0.01343591	-0.05350437
18.69256261	0.25109545	0.01343291	-0.05349721
18.69506261	0.25107283	0.01342990	-0.05349006
18.69756260	0.25105019	0.01342689	-0.05348291
18.70006260	0.25102753	0.01342389	-0.05347576
18.70256259	0.25100485	0.01342088	-0.05346861
18.70506259	0.25098217	0.01341787	-0.05346146
18.70756258	0.25095946	0.01341487	-0.05345432
18.71006258	0.25093674	0.01341186	-0.05344718
18.71256257	0.25091400	0.01340885	-0.05344004
18.71506257	0.25089125	0.01340585	-0.05343290
18.71756256	0.25086848	0.01340284	-0.05342576
18.72006256	0.25084570	0.01339983	-0.05341862
18.72256255	0.25082290	0.01339683	-0.05341149
18.72506255	0.25080008	0.01339382	-0.05340436
18.72756254	0.25077725	0.01339081	-0.05339723
18.73006254	0.25075440	0.01338780	-0.05339010
18.73256253	0.25073154	0.01338480	-0.05338298
18.73506253	0.25070866	0.01338179	-0.05337586
18.73756252	0.25068577	0.01337878	-0.05336873
18.74006252	0.25066286	0.01337577	-0.05336161
18.74256251	0.25063993	0.01337277	-0.05335450
18.74506251	0.25061699	0.01336976	-0.05334738
18.74756250	0.25059403	0.01336675	-0.05334027
18.75006250	0.25057106	0.01336375	-0.05333316
18.75256249	0.25054807	0.01336074	-0.05332605
18.75506249	0.25052506	0.01335773	-0.05331894
18.75756248	0.25050204	0.01335472	-0.05331183
18.76006248	0.25047900	0.01335171	-0.05330473
18.76256247	0.25045595	0.01334871	-0.05329762
18.76506247	0.25043288	0.01334570	-0.05329052
18.76756246	0.25040980	0.01334269	-0.05328342
18.77006246	0.25038670	0.01333968	-0.05327633
18.77256245	0.25036359	0.01333668	-0.05326923
18.77506245	0.25034046	0.01333367	-0.05326214
18.77756244	0.25031731	0.01333066	-0.05325505
18.78006244	0.25029415	0.01332765	-0.05324796
18.78256243	0.25027097	0.01332464	-0.05324087
18.78506243	0.25024778	0.01332164	-0.05323379
18.78756242	0.25022457	0.01331863	-0.05322670
18.79006242	0.25020135	0.01331562	-0.05321962
18.79256241	0.25017811	0.01331261	-0.05321254
18.79506241	0.25015485	0.01330960	-0.05320546
18.79756240	0.25013158	0.01330660	-0.05319839
18.80006240	0.25010830	0.01330359	-0.05319131
18.80256239	0.25008500	0.01330058	-0.05318424
18.80506239	0.25006168	0.01329757	-0.05317717
18.80756238	0.25003835	0.01329456	-0.05317010
18.81006238	0.25001500	0.01329156	-0.05316303
18.81256237	0.24999163	0.01328855	-0.05315597
18.81506237	0.24996826	0.01328554	-0.05314891
18.81756236	0.24994486	0.01328253	-0.05314185
18.82006236	0.24992145	0.01327952	-0.05313479
18.82256235	0.24989802	0.01327651	-0.05312773
18.82506235	0.24987458	0.01327351	-0.05312067
18.82756234	0.24985113	0.01327050	-0.05311362
18.83006234	0.24982766	0.01326749	-0.05310657
18.83256233	0.24980417	0.01326448	-0.05309952
18.83506233	0.24978067	0.01326147	-0.05309247
18.83756232	0.24975715	0.01325846	-0.05308542
18.84006232	0.24973361	0.01325546	-0.05307838
18.84256231	0.24971007	0.01325245	-0.05307134
18.84506231	0.24968650	0.01324944	-0.05306430
18.84756230	0.24966292	0.01324643	-0.05305726
18.85006230	0.24963933	0.01324342	-0.05305022
18.85256229	0.24961572	0.01324041	-0.05304319
18.85506229	0.24959209	0.01323740	-0.05303615
18.85756228	0.24956845	0.01323440	-0.05302912
18.86006228	0.24954480	0.01323139	-0.05302209
18.86256227	0.24952112	0.01322838	-0.05301507
18.86506227	0.24949744	0.01322537	-0.05300804
18.86756226	0.24947374	0.01322236	-0.05300102
18.87006226	0.24945002	0.01321935	-0.05299400
18.87256225	0.24942629	0.01321634	-0.05298698
18.87506225	0.24940254	0.01321334	-0.05297996
18.87756224	0.24937877	0.01321033	-0.05297294
18.88006224	0.24935500	0.01320732	-0.05296593
18.88256223	0.24933120	0.01320431	-0.05295891
18.88506223	0.24930739	0.01320130	-0.05295190
18.88756222	0.24928357	0.01319829	-0.05294490
18.89006222	0.24925973	0.01319528	-0.05293789
18.89256221	0.24923588	0.01319228	-0.05293088
18.89506221	0.24921201	0.01318927	-0.05292388
18.89756220	0.24918812	0.01318626	-0.05291688
18.90006220	0.24916422	0.01318325	-0.05290988
18.90256219	0.24914031	0.01318024	-0.05290288
18.90506219	0.24911638	0.01317723	-0.05289589
18.90756218	0.24909243	0.01317422	-0.05288889
18.91006218	0.24906847	0.01317121	-0.05288190
18.91256217	0.24904450	0.01316821	-0.05287491
18.91506217	0.24902051	0.01316520	-0.05286792
18.91756216	0.24899650	0.01316219	-0.05286093
18.92006216	0.24897248	0.01315918	-0.05285395
18.92256215	0.24894844	0.01315617	-0.05284697
18.92506215	0.24892439	0.01315316	-0.05283998
18.92756214	0.24890033	0.01315015	-0.05283301
18.93006214	0.24887625	0.01314714	-0.05282603
18.93256213	0.24885215	0.01314413	-0.05281905
18.93506213	0.24882804	0.01314113	-0.05281208
18.93756212	0.24880391	0.01313812	-0.05280511
18.94006212	0.24877977	0.01313511	-0.05279814
18.94256211	0.24875562	0.01313210	-0.05279117
18.94506211	0.24873145	0.01312909	-0.05278420
18.94756210	0.24870726	0.01312608	-0.05277724
18.95006210	0.24868306	0.01312307	-0.05277028
18.95256209	0.24865884	0.01312006	-0.05276331
18.95506209	0.24863461	0.01311706	-0.05275636
18.95756208	0.24861037	0.01311405	-0.05274940
18.96006208	0.24858611	0.01311104	-0.05274244
18.96256207	0.24856183	0.01310803	-0.05273549
18.96506207	0.24853754	0.01310502	-0.05272854
18.96756206	0.24851323	0.01310201	-0.05272159
18.97006206	0.24848891	0.01309900	-0.05271464
18.97256205	0.24846458	0.01309600	-0.05270769
18.97506205	0.24844023	0.01309299	-0.05270075
18.97756204	0.24841586	0.01308998	-0.05269381
18.98006204	0.24839148	0.01308697	-0.05268687
18.98256203	0.24836709	0.01308396	-0.05267993
18.98506203	0.24834268	0.01308095	-0.05267299
18.98756202	0.24831825	0.01307794	-0.05266606
18.99006202	0.24829382	0.01307493	-0.05265912
18.99256201	0.24826936	0.01307193	-0.05265219
18.99506201	0.24824489	0.01306892	-0.05264526
18.99756200	0.24822041	0.01306591	-0.05263833
19.00006200	0.24819591	0.01306290	-0.05263141
19.00256199	0.24817140	0.01305989	-0.05262448
19.00506199	0.24814687	0.01305688	-0.05261756
19.00756198	0.24812233	0.01305387	-0.05261064
19.01006198	0.24809777	0.01305087	-0.05260372
19.01256197	0.24807320	0.01304786	-0.05259680
19.01506197	0.24804861	0.01304485	-0.05258989
19.01756196	0.24802401	0.01304184	-0.05258298
19.02006196	0.24799939	0.01303883	-0.05257606
19.02256195	0.24797476	0.01303582	-0.05256915
19.02506195	0.24795011	0.01303282	-0.05256225
19.02756194	0.24792545	0.01302981	-0.05255534
19.03006194	0.24790078	0.01302680	-0.05254844
19.03256193	0.24787609	0.01302379	-0.05254153
19.03506193	0.24785139	0.01302078	-0.05253463
19.03756192	0.24782667	0.01301777	-0.05252773
19.04006192	0.24780193	0.01301477	-0.05252084
19.04256191	0.24777718	0.01301176	-0.05251394
19.04506191	0.24775242	0.01300875	-0.05250705
19.04756190	0.24772764	0.01300574	-0.05250016
19.05006190	0.24770285	0.01300273	-0.05249327
19.05256189	0.24767804	0.01299972	-0.05248638
19.05506189	0.24765322	0.01299672	-0.05247949
19.05756188	0.24762839	0.01299371	-0.05247261
19.06006188	0.24760354	0.01299070	-0.05246573
19.06256187	0.24757867	0.01298769	-0.05245885
19.06506187	0.24755379	0.01298468	-0.05245197
19.06756186	0.24752890	0.01298168	-0.05244509
19.07006186	0.24750399	0.01297867	-0.05243821
19.07256185	0.24747907	0.01297566	-0.05243134
19.07506185	0.24745413	0.01297265	-0.05242447
19.07756184	0.24742918	0.01296964	-0.05241760
19.08006184	0.24740421	0.01296664	-0.05241073
19.08256183	0.24737923	0.01296363	-0.05240387
19.08506183	0.24735423	0.01296062	-0.05239700
19.08756182	0.24732922	0.01295761	-0.05239014
19.09006182	0.24730420	0.01295460	-0.05238328
19.09256181	0.24727916	0.01295160	-0.05237642
19.09506181	0.24725411	0.01294859	-0.05236956
19.09756180	0.24722904	0.01294558	-0.05236271
19.10006180	0.24720396	0.01294257	-0.05235585
19.10256179	0.24717886	0.01293957	-0.05234900
19.10506179	0.24715375	0.01293656	-0.05234215
19.10756178	0.24712863	0.01293355	-0.05233530
19.11006178	0.24710349	0.01293054	-0.05232845
19.11256177	0.24707833	0.01292754	-0.05232161
19.11506177	0.24705316	0.01292453	-0.05231477
19.11756176	0.24702798	0.01292152	-0.05230793
19.12006176	0.24700278	0.01291851	-0.05230109
19.12256175	0.24697757	0.01291551	-0.05229425
19.12506175	0.24695235	0.01291250	-0.05228741
19.12756174	0.24692711	0.01290949	-0.05228058
19.13006174	0.24690185	0.01290648	-0.05227375
19.13256173	0.24687658	0.01290348	-0.05226692
19.13506173	0.24685130	0.01290047	-0.05226009
19.13756172	0.24682600	0.01289746	-0.05225326
19.14006172	0.24680069	0.01289446	-0.05224644
19.14256171	0.24677537	0.01289145	-0.05223961
19.14506171	0.24675003	0.01288844	-0.05223279
19.14756170	0.24672467	0.01288544	-0.05222597
19.15006170	0.24669931	0.01288243	-0.05221915
19.15256169	0.24667392	0.01287942	-0.05221234
19.15506169	0.24664853	0.01287642	-0.05220552
19.15756168	0.24662312	0.01287341	-0.05219871
19.16006168	0.24659769	0.01287040	-0.05219190
19.16256167	0.24657225	0.01286740	-0.05218509
19.16506167	0.24654680	0.01286439	-0.05217828
19.16756166	0.24652133	0.01286138	-0.05217148
19.17006166	0.24649585	0.01285838	-0.05216467
19.17256165	0.24647035	0.01285537	-0.05215787
19.17506165	0.24644484	0.01285236	-0.05215107
19.17756164	0.24641932	0.01284936	-0.05214427
19.18006164	0.24639378	0.01284635	-0.05213748
19.18256163	0.24636823	0.01284334	-0.05213068
19.18506163	0.24634266	0.01284034	-0.05212389
19.18756162	0.24631708	0.01283733	-0.05211710
19.19006162	0.24629149	0.01283432	-0.05211031
19.19256161	0.24626588	0.01283132	-0.05210352
19.19506161	0.24624025	0.01282831	-0.05209673
19.19756160	0.24621462	0.01282531	-0.05208995
19.20006160	0.24618897	0.01282230	-0.05208317
19.20256159	0.24616330	0.01281930	-0.05207639
19.20506159	0.24613762	0.01281629	-0.05206961
19.20756158	0.24611193	0.01281328	-0.05206283
19.21006158	0.24608622	0.01281028	-0.05205605
19.21256157	0.24606050	0.01280727	-0.05204928
19.21506157	0.24603477	0.01280427	-0.05204251
19.21756156	0.24600902	0.01280126	-0.05203574
19.22006156	0.24598326	0.01279826	-0.05202897
19.22256155	0.24595748	0.01279525	-0.05202220
19.22506155	0.24593169	0.01279224	-0.05201544
19.22756154	0.24590588	0.01278924	-0.05200868
19.23006154	0.24588007	0.01278623	-0.05200191
19.23256153	0.24585423	0.01278323	-0.05199515
19.23506153	0.24582839	0.01278022	-0.05198840
19.23756152	0.24580253	0.01277722	-0.05198164
19.24006152	0.24577665	0.01277421	-0.05197489
19.24256151	0.24575076	0.01277121	-0.05196813
19.24506151	0.24572486	0.01276820	-0.05196138
19.24756150	0.24569895	0.01276520	-0.05195463
19.25006150	0.24567302	0.01276219	-0.05194789
19.25256149	0.24564707	0.01275919	-0.05194114
19.25506149	0.24562112	0.01275618	-0.05193440
19.25756148	0.24559515	0.01275318	-0.05192765
19.26006148	0.24556916	0.01275018	-0.05192091
19.26256147	0.24554316	0.01274717	-0.05191418
19.26506147	0.24551715	0.01274417	-0.05190744
19.26756146	0.24549112	0.01274116	-0.05190070
19.27006146	0.24546508	0.01273816	-0.05189397
19.27256145	0.24543903	0.01273515	-0.05188724
19.27506145	0.24541296	0.01273215	-0.05188051
19.27756144	0.24538688	0.01272915	-0.05187378
19.28006144	0.24536079	0.01272614	-0.05186705
19.28256143	0.24533468	0.01272314	-0.05186033
19.28506143	0.24530855	0.01272013	-0.05185361
19.28756142	0.24528242	0.01271713	-0.05184689
19.29006142	0.24525627	0.01271413	-0.05184017
19.29256141	0.24523010	0.01271112	-0.05183345
19.29506141	0.24520393	0.01270812	-0.05182673
19.29756140	0.24517774	0.01270511	-0.05182002
19.30006140	0.24515153	0.01270211	-0.05181331
19.30256139	0.24512531	0.01269911	-0.05180660
19.30506139	0.24509908	0.01269610	-0.05179989
19.30756138	0.24507284	0.01269310	-0.05179318
19.31006138	0.24504658	0.01269010	-0.05178647
19.31256137	0.24502030	0.01268710	-0.05177977
19.31506137	0.24499402	0.01268409	-0.05177307
19.31756136	0.24496772	0.01268109	-0.05176637
19.32006136	0.24494140	0.01267809	-0.05175967
19.32256135	0.24491508	0.01267508	-0.05175297
19.32506135	0.24488874	0.01267208	-0.05174628
19.32756134	0.24486238	0.01266908	-0.05173958
19.33006134	0.24483601	0.01266608	-0.05173289
19.33256133	0.24480963	0.01266307	-0.05172620
19.33506133	0.24478324	0.01266007	-0.05171952
19.33756132	0.24475683	0.01265707	-0.05171283
19.34006132	0.24473041	0.01265407	-0.05170614
19.34256131	0.24470397	0.01265106	-0.05169946
19.34506131	0.24467752	0.01264806	-0.05169278
19.34756130	0.24465106	0.01264506	-0.05168610
19.35006130	0.24462458	0.01264206	-0.05167942
19.35256129	0.24459809	0.01263906	-0.05167275
19.35506129	0.24457159	0.01263605	-0.05166607
19.35756128	0.24454507	0.01263305	-0.05165940
19.36006128	0.24451854	0.01263005	-0.05165273
19.36256127	0.24449200	0.01262705	-0.05164606
19.36506127	0.24446544	0.01262405	-0.05163939
19.36756126	0.24443887	0.01262105	-0.05163273
19.37006126	0.24441229	0.01261804	-0.05162606
19.37256125	0.24438569	0.01261504	-0.05161940
19.37506125	0.24435908	0.01261204	-0.05161274
19.37756124	0.24433246	0.01260904	-0.05160608
19.38006124	0.24430582	0.01260604	-0.05159942
19.38256123	0.24427917	0.01260304	-0.05159277
19.38506123	0.24425251	0.01260004	-0.05158612
19.38756122	0.24422583	0.01259704	-0.05157946
19.39006122	0.24419914	0.01259404	-0.05157281
19.39256121	0.24417244	0.01259104	-0.05156616
19.39506121	0.24414572	0.01258804	-0.05155952
19.39756120	0.24411899	0.01258504	-0.05155287
19.40006120	0.24409224	0.01258203	-0.05154623
19.40256119	0.24406549	0.01257903	-0.05153959
19.40506119	0.24403872	0.01257603	-0.05153295
19.40756118	0.24401193	0.01257303	-0.05152631
19.41006118	0.24398514	0.01257003	-0.05151967
19.41256117	0.24395833	0.01256703	-0.05151304
19.41506117	0.24393150	0.01256403	-0.05150640
19.41756116	0.24390467	0.01256104	-0.05149977
19.42006116	0.24387782	0.01255804	-0.05149314
19.42256115	0.24385095	0.01255504	-0.05148652
19.42506115	0.24382408	0.01255204	-0.05147989
19.42756114	0.24379719	0.01254904	-0.05147326
19.43006114	0.24377029	0.01254604	-0.05146664
19.43256113	0.24374337	0.01254304	-0.05146002
19.43506113	0.24371644	0.01254004	-0.05145340
19.43756112	0.24368950	0.01253704	-0.05144678
19.44006112	0.24366254	0.01253404	-0.05144017
19.44256111	0.24363558	0.01253104	-0.05143355
19.44506111	0.24360859	0.01252804	-0.05142694
19.44756110	0.24358160	0.01252505	-0.05142033
19.45006110	0.24355459	0.01252205	-0.05141372
19.45256109	0.24352757	0.01251905	-0.05140711
19.45506109	0.24350054	0.01251605	-0.05140051
19.45756108	0.24347349	0.01251305	-0.05139390
19.46006108	0.24344643	0.01251005	-0.05138730
19.46256107	0.24341936	0.01250706	-0.05138070
19.46506107	0.24339227	0.01250406	-0.05137410
19.46756106	0.24336517	0.01250106	-0.05136750
19.47006106	0.24333806	0.01249806	-0.05136091
19.47256105	0.24331093	0.01249507	-0.05135431
19.47506105	0.24328379	0.01249207	-0.05134772
19.47756104	0.24325664	0.01248907	-0.05134113
19.48006104	0.24322948	0.01248607	-0.05133454
19.48256103	0.24320230	0.01248308	-0.05132795
19.48506103	0.24317511	0.01248008	-0.05132137
19.48756102	0.24314791	0.01247708	-0.05131478
19.49006102	0.24312069	0.01247409	-0.05130820
19.49256101	0.24309346	0.01247109	-0.05130162
19.49506101	0.24306622	0.01246809	-0.05129504
19.49756100	0.24303896	0.01246510	-0.05128847
19.50006100	0.24301170	0.01246210	-0.05128189
19.50256099	0.24298442	0.01245910	-0.05127532
19.50506099	0.24295712	0.01245611	-0.05126875
19.50756098	0.24292981	0.01245311	-0.05126217
19.51006098	0.24290250	0.01245011	-0.05125561
19.51256097	0.24287516	0.01244712	-0.05124904
19.51506097	0.24284782	0.01244412	-0.05124247
19.51756096	0.24282046	0.01244113	-0.05123591
19.52006096	0.24279309	0.01243813	-0.05122935
19.52256095	0.24276570	0.01243514	-0.05122279
19.52506095	0.24273831	0.01243214	-0.05121623
19.52756094	0.24271090	0.01242915	-0.05120967
19.53006094	0.24268347	0.01242615	-0.05120312
19.53256093	0.24265604	0.01242316	-0.05119656
19.53506093	0.24262859	0.01242016	-0.05119001
19.53756092	0.24260113	0.01241717	-0.05118346
19.54006092	0.24257366	0.01241417	-0.05117691
19.54256091	0.24254617	0.01241118	-0.05117037
19.54506091	0.24251867	0.01240818	-0.05116382
19.54756090	0.24249116	0.01240519	-0.05115728
19.55006090	0.24246363	0.01240219	-0.05115074
19.55256089	0.24243610	0.01239920	-0.05114420
19.55506089	0.24240855	0.01239621	-0.05113766
19.55756088	0.24238098	0.01239321	-0.05113112
19.56006088	0.24235341	0.01239022	-0.05112459
19.56256087	0.24232582	0.01238722	-0.05111805
19.56506087	0.24229822	0.01238423	-0.05111152
19.56756086	0.24227060	0.01238124	-0.05110499
19.57006086	0.24224298	0.01237824	-0.05109846
19.57256085	0.24221534	0.01237525	-0.05109193
19.57506085	0.24218769	0.01237226	-0.05108541
19.57756084	0.24216002	0.01236926	-0.05107889
19.58006084	0.24213234	0.01236627	-0.05107236
19.58256083	0.24210465	0.01236328	-0.05106584
19.58506083	0.24207695	0.01236029	-0.05105933
19.58756082	0.24204924	0.01235729	-0.05105281
19.59006082	0.24202151	0.01235430	-0.05104629
19.59256081	0.24199377	0.01235131	-0.05103978
19.59506081	0.24196602	0.01234832	-0.05103327
19.59756080	0.24193825	0.01234532	-0.05102676
19.60006080	0.24191047	0.01234233	-0.05102025
19.60256079	0.24188268	0.01233934	-0.05101374
19.60506079	0.24185488	0.01233635	-0.05100724
19.60756078	0.24182706	0.01233336	-0.05100073
19.61006078	0.24179924	0.01233037	-0.05099423
19.61256077	0.24177140	0.01232738	-0.05098773
19.61506077	0.24174354	0.01232438	-0.05098123
19.61756076	0.24171568	0.01232139	-0.05097474
19.62006076	0.24168780	0.01231840	-0.05096824
19.62256075	0.24165991	0.01231541	-0.05096175
19.62506075	0.24163201	0.01231242	-0.05095526
19.62756074	0.24160409	0.01230943	-0.05094877
19.63006074	0.24157616	0.01230644	-0.05094228
19.63256073	0.24154822	0.01230345	-0.05093579
19.63506073	0.24152027	0.01230046	-0.05092931
19.63756072	0.24149230	0.01229747	-0.05092282
19.64006072	0.24146433	0.01229448	-0.05091634
19.64256071	0.24143634	0.01229149	-0.05090986
19.64506071	0.24140833	0.01228850	-0.05090338
19.64756070	0.24138032	0.01228551	-0.05089690
19.65006070	0.24135229	0.01228252	-0.05089043
19.65256069	0.24132425	0.01227953	-0.05088395
19.65506069	0.24129620	0.01227654	-0.05087748
19.65756068	0.24126813	0.01227355	-0.05087101
19.66006068	0.24124006	0.01227057	-0.05086454
19.66256067	0.24121197	0.01226758	-0.05085808
19.66506067	0.24118387	0.01226459	-0.05085161
19.66756066	0.24115575	0.01226160	-0.05084515
19.67006066	0.24112763	0.01225861	-0.05083868
19.67256065	0.24109949	0.01225562	-0.05083222
19.67506065	0.24107134	0.01225264	-0.05082576
19.67756064	0.24104318	0.01224965	-0.05081931
19.68006064	0.24101500	0.01224666	-0.05081285
19.68256063	0.24098681	0.01224367	-0.05080640
19.68506063	0.24095861	0.01224068	-0.05079995
19.68756062	0.24093040	0.01223770	-0.05079349
19.69006062	0.24090218	0.01223471	-0.05078705
19.69256061	0.24087394	0.01223172	-0.05078060
19.69506061	0.24084569	0.01222874	-0.05077415
19.69756060	0.24081743	0.01222575	-0.05076771
19.70006060	0.24078916	0.01222276	-0.05076127
19.70256059	0.24076087	0.01221978	-0.05075482
19.70506059	0.24073257	0.01221679	-0.05074838
19.70756058	0.24070426	0.01221380	-0.05074195
19.71006058	0.24067594	0.01221082	-0.05073551
19.71256057	0.24064761	0.01220783	-0.05072908
19.71506057	0.24061926	0.01220485	-0.05072264
19.71756056	0.24059090	0.01220186	-0.05071621
19.72006056	0.24056253	0.01219887	-0.05070978
19.72256055	0.24053415	0.01219589	-0.05070336
19.72506055	0.24050576	0.01219290	-0.05069693
19.72756054	0.24047735	0.01218992	-0.05069050
19.73006054	0.24044893	0.01218693	-0.05068408
19.73256053	0.24042050	0.01218395	-0.05067766
19.73506053	0.24039206	0.01218096	-0.05067124
19.73756052	0.24036360	0.01217798	-0.05066482
19.74006052	0.24033513	0.01217499	-0.05065841
19.74256051	0.24030666	0.01217201	-0.05065199
19.74506051	0.24027816	0.01216903	-0.05064558
19.74756050	0.24024966	0.01216604	-0.05063917
19.75006050	0.24022115	0.01216306	-0.05063276
19.75256049	0.24019262	0.01216008	-0.05062635
19.75506049	0.24016408	0.01215709	-0.05061994
19.75756048	0.24013553	0.01215411	-0.05061354
19.76006048	0.24010696	0.01215112	-0.05060713
19.76256047	0.24007839	0.01214814	-0.05060073
19.76506047	0.24004980	0.01214516	-0.05059433
19.76756046	0.24002120	0.01214218	-0.05058793
19.77006046	0.23999259	0.01213919	-0.05058153
19.77256045	0.23996397	0.01213621	-0.05057514
19.77506045	0.23993533	0.01213323	-0.05056875
19.77756044	0.23990669	0.01213025	-0.05056235
19.78006044	0.23987803	0.01212726	-0.05055596
19.78256043	0.23984936	0.01212428	-0.05054957
19.78506043	0.23982067	0.01212130	-0.05054319
19.78756042	0.23979198	0.01211832	-0.05053680
19.79006042	0.23976327	0.01211534	-0.05053042
19.79256041	0.23973455	0.01211236	-0.05052403
19.79506041	0.23970582	0.01210938	-0.05051765
19.79756040	0.23967708	0.01210639	-0.05051127
19.80006040	0.23964833	0.01210341	-0.05050490
19.80256039	0.23961956	0.01210043	-0.05049852
19.80506039	0.23959078	0.01209745	-0.05049215
19.80756038	0.23956199	0.01209447	-0.05048577
19.81006038	0.23953319	0.01209149	-0.05047940
19.81256037	0.23950438	0.01208851	-0.05047303
19.81506037	0.23947556	0.01208553	-0.05046666
19.81756036	0.23944672	0.01208255	-0.05046030
19.82006036	0.23941787	0.01207957	-0.05045393
19.82256035	0.23938901	0.01207659	-0.05044757
19.82506035	0.23936014	0.01207361	-0.05044121
19.82756034	0.23933125	0.01207064	-0.05043485
19.83006034	0.23930236	0.01206766	-0.05042849
19.83256033	0.23927345	0.01206468	-0.05042213
19.83506033	0.23924453	0.01206170	-0.05041578
19.83756032	0.23921560	0.01205872	-0.05040942
19.84006032	0.23918666	0.01205574	-0.05040307
19.84256031	0.23915771	0.01205276	-0.05039672
19.84506031	0.23912874	0.01204979	-0.05039037
19.84756030	0.23909976	0.01204681	-0.05038403
19.85006030	0.23907077	0.01204383	-0.05037768
19.85256029	0.23904177	0.01204085	-0.05037134
19.85506029	0.23901276	0.01203788	-0.05036499
19.85756028	0.23898374	0.01203490	-0.05035865
19.86006028	0.23895470	0.01203192	-0.05035231
19.86256027	0.23892565	0.01202895	-0.05034598
19.86506027	0.23889660	0.01202597	-0.05033964
19.86756026	0.23886753	0.01202299	-0.05033331
19.87006026	0.23883844	0.01202002	-0.05032697
19.87256025	0.23880935	0.01201704	-0.05032064
19.87506025	0.23878024	0.01201406	-0.05031431
19.87756024	0.23875113	0.01201109	-0.05030798
19.88006024	0.23872200	0.01200811	-0.05030166
19.88256023	0.23869286	0.01200514	-0.05029533
19.88506023	0.23866371	0.01200216	-0.05028901
19.88756022	0.23863455	0.01199919	-0.05028269
19.89006022	0.23860537	0.01199621	-0.05027637
19.89256021	0.23857619	0.01199324	-0.05027005
19.89506021	0.23854699	0.01199026	-0.05026373
19.89756020	0.23851778	0.01198729	-0.05025742
19.90006020	0.23848856	0.01198431	-0.05025110
19.90256019	0.23845933	0.01198134	-0.05024479
19.90506019	0.23843008	0.01197837	-0.05023848
19.90756018	0.23840083	0.01197539	-0.05023217
19.91006018	0.23837156	0.01197242	-0.05022587
19.91256017	0.23834228	0.01196944	-0.05021956
19.91506017	0.23831299	0.01196647	-0.05021326
19.91756016	0.23828369	0.01196350	-0.05020695
19.92006016	0.23825438	0.01196053	-0.05020065
19.92256015	0.23822506	0.01195755	-0.05019435
19.92506015	0.23819572	0.01195458	-0.05018805
19.92756014	0.23816638	0.01195161	-0.05018176
19.93006014	0.23813702	0.01194864	-0.05017546
19.93256013	0.23810765	0.01194566	-0.05016917
19.93506013	0.23807827	0.01194269	-0.05016288
19.93756012	0.23804888	0.01193972	-0.05015659
19.94006012	0.23801948	0.01193675	-0.05015030
19.94256011	0.23799006	0.01193378	-0.05014401
19.94506011	0.23796064	0.01193081	-0.05013773
19.94756010	0.23793120	0.01192783	-0.05013144
19.95006010	0.23790175	0.01192486	-0.05012516
19.95256009	0.23787229	0.01192189	-0.05011888
19.95506009	0.23784282	0.01191892	-0.05011260
19.95756008	0.23781334	0.01191595	-0.05010633
19.96006008	0.23778384	0.01191298	-0.05010005
19.96256007	0.23775434	0.01191001	-0.05009378
19.96506007	0.23772482	0.01190704	-0.05008750
19.96756006	0.23769529	0.01190407	-0.05008123
19.97006006	0.23766576	0.01190110	-0.05007496
19.97256005	0.23763621	0.01189813	-0.05006869
19.97506005	0.23760665	0.01189517	-0.05006243
19.97756004	0.23757707	0.01189220	-0.05005616
19.98006004	0.23754749	0.01188923	-0.05004990
19.98256003	0.23751790	0.01188626	-0.05004364
19.98506003	0.23748829	0.01188329	-0.05003738
19.98756002	0.23745867	0.01188032	-0.05003112
19.99006002	0.23742904	0.01187736	-0.05002486
19.99256001	0.23739940	0.01187439	-0.05001861
19.99506001	0.23736975	0.01187142	-0.05001235
19.99756000	0.23734009	0.01186845	-0.05000610
20.00006000	0.23731042	0.01186549	-0.04999985
20.00255999	0.23728074	0.01186252	-0.04999360
20.00505999	0.23725104	0.01185955	-0.04998735
20.00755998	0.23722133	0.01185658	-0.04998111
20.01005998	0.23719162	0.01185362	-0.04997486
20.01255997	0.23716189	0.01185065	-0.04996862
20.01505997	0.23713215	0.01184769	-0.04996238
20.01755996	0.23710240	0.01184472	-0.04995614
20.02005996	0.23707264	0.01184175	-0.04994990
20.02255995	0.23704287	0.01183879	-0.04994366
20.02505995	0.23701308	0.01183582	-0.04993743
20.02755994	0.23698329	0.01183286	-0.04993119
20.03005994	0.23695348	0.01182989	-0.04992496
20.03255993	0.23692366	0.01182693	-0.04991873
20.03505993	0.23689384	0.01182396	-0.04991250
20.03755992	0.23686400	0.01182100	-0.04990628
20.04005992	0.23683415	0.01181804	-0.04990005
20.04255991	0.23680429	0.01181507	-0.04989383
20.04505991	0.23677442	0.01181211	-0.04988760
20.04755990	0.23674453	0.01180914	-0.04988138
20.05005990	0.23671464	0.01180618	-0.04987516
20.05255989	0.23668473	0.01180322	-0.04986894
20.05505989	0.23665482	0.01180025	-0.04986273
20.05755988	0.23662489	0.01179729	-0.04985651
20.06005988	0.23659496	0.01179433	-0.04985030
20.06255987	0.23656501	0.01179137	-0.04984409
20.06505987	0.23653505	0.01178840	-0.04983788
20.06755986	0.23650508	0.01178544	-0.04983167
20.07005986	0.23647510	0.01178248	-0.04982546
20.07255985	0.23644510	0.01177952	-0.04981926
20.07505985	0.23641510	0.01177656	-0.04981305
20.07755984	0.23638509	0.01177360	-0.04980685
20.08005984	0.23635506	0.01177064	-0.04980065
20.08255983	0.23632503	0.01176767	-0.04979445
20.08505983	0.23629498	0.01176471	-0.04978825
20.08755982	0.23626493	0.01176175	-0.04978205
20.09005982	0.23623486	0.01175879	-0.04977586
20.09255981	0.23620478	0.01175583	-0.04976967
20.09505981	0.23617469	0.01175287	-0.04976347
20.09755980	0.23614459	0.01174991	-0.04975728
20.10005980	0.23611448	0.01174695	-0.04975110
20.10255979	0.23608436	0.01174399	-0.04974491
20.10505979	0.23605422	0.01174104	-0.04973872
20.10755978	0.23602408	0.01173808	-0.04973254
20.11005978	0.23599393	0.01173512	-0.04972636
20.11255977	0.23596376	0.01173216	-0.04972018
20.11505977	0.23593359	0.01172920	-0.04971400
20.11755976	0.23590340	0.01172624	-0.04970782
20.12005976	0.23587320	0.01172329	-0.04970164
20.12255975	0.23584300	0.01172033	-0.04969547
20.12505975	0.23581278	0.01171737	-0.04968929
20.12755974	0.23578255	0.01171441	-0.04968312
20.13005974	0.23575231	0.01171146	-0.04967695
20.13255973	0.23572206	0.01170850	-0.04967078
20.13505973	0.23569180	0.01170554	-0.04966462
20.13755972	0.23566153	0.01170259	-0.04965845
20.14005972	0.23563124	0.01169963	-0.04965229
20.14255971	0.23560095	0.01169667	-0.04964612
20.14505971	0.23557065	0.01169372	-0.04963996
20.14755970	0.23554033	0.01169076	-0.04963380
20.15005970	0.23551001	0.01168781	-0.04962764
20.15255969	0.23547967	0.01168485	-0.04962149
20.15505969	0.23544933	0.01168190	-0.04961533
20.15755968	0.23541897	0.01167894	-0.04960918
20.16005968	0.23538860	0.01167599	-0.04960303
20.16255967	0.23535822	0.01167303	-0.04959688
20.16505967	0.23532784	0.01167008	-0.04959073
20.16755966	0.23529744	0.01166712	-0.04958458
20.17005966	0.23526703	0.01166417	-0.04957844
20.17255965	0.23523661	0.01166122	-0.04957229
20.17505965	0.23520618	0.01165826	-0.04956615
20.17755964	0.23517574	0.01165531	-0.04956001
20.18005964	0.23514528	0.01165236	-0.04955387
20.18255963	0.23511482	0.01164941	-0.04954773
20.18505963	0.23508435	0.01164645	-0.04954159
20.18755962	0.23505387	0.01164350	-0.04953546
20.19005962	0.23502337	0.01164055	-0.04952932
20.19255961	0.23499287	0.01163760	-0.04952319
20.19505961	0.23496236	0.01163465	-0.04951706
20.19755960	0.23493183	0.01163169	-0.04951093
20.20005960	0.23490130	0.01162874	-0.04950480
20.20255959	0.23487075	0.01162579	-0.04949868
20.20505959	0.23484019	0.01162284	-0.04949255
20.20755958	0.23480963	0.01161989	-0.04948643
20.21005958	0.23477905	0.01161694	-0.04948031
20.21255957	0.23474846	0.01161399	-0.04947419
20.21505957	0.23471786	0.01161104	-0.04946807
20.21755956	0.23468726	0.01160809	-0.04946195
20.22005956	0.23465664	0.01160514	-0.04945584
20.22255955	0.23462601	0.01160219	-0.04944972
20.22505955	0.23459537	0.01159924	-0.04944361
20.22755954	0.23456472	0.01159629	-0.04943750
20.23005954	0.23453406	0.01159335	-0.04943139
20.23255953	0.23450339	0.01159040	-0.04942528
20.23505953	0.23447271	0.01158745	-0.04941918
20.23755952	0.23444202	0.01158450	-0.04941307
20.24005952	0.23441132	0.01158155	-0.04940697
20.24255951	0.23438061	0.01157861	-0.04940087
20.24505951	0.23434989	0.01157566	-0.04939477
20.24755950	0.23431915	0.01157271	-0.04938867
20.25005950	0.23428841	0.01156976	-0.04938257
20.25255949	0.23425766	0.01156682	-0.04937648
20.25505949	0.23422690	0.01156387	-0.04937038
20.25755948	0.23419612	0.01156092	-0.04936429
20.26005948	0.23416534	0.01155798	-0.04935820
20.26255947	0.23413455	0.01155503	-0.04935211
20.26505947	0.23410374	0.01155209	-0.04934602
20.26755946	0.23407293	0.01154914	-0.04933993
20.27005946	0.23404211	0.01154620	-0.04933385
20.27255945	0.23401127	0.01154325	-0.04932776
20.27505945	0.23398043	0.01154031	-0.04932168
20.27755944	0.23394957	0.01153736	-0.04931560
20.28005944	0.23391871	0.01153442	-0.04930952
20.28255943	0.23388783	0.01153148	-0.04930344
20.28505943	0.23385695	0.01152853	-0.04929737
20.28755942	0.23382605	0.01152559	-0.04929129
20.29005942	0.23379515	0.01152264	-0.04928522
20.29255941	0.23376423	0.01151970	-0.04927915
20.29505941	0.23373331	0.01151676	-0.04927308
20.29755940	0.23370237	0.01151382	-0.04926701
20.30005940	0.23367143	0.01151087	-0.04926094
20.30255939	0.23364047	0.01150793	-0.04925487
20.30505939	0.23360951	0.01150499	-0.04924881
20.30755938	0.23357853	0.01150205	-0.04924275
20.31005938	0.23354754	0.01149911	-0.04923669
20.31255937	0.23351655	0.01149617	-0.04923063
20.31505937	0.23348554	0.01149322	-0.04922457
20.31755936	0.23345453	0.01149028	-0.04921851
20.32005936	0.23342350	0.01148734	-0.04921245
20.32255935	0.23339246	0.01148440	-0.04920640
20.32505935	0.23336142	0.01148146	-0.04920035
20.32755934	0.23333036	0.01147852	-0.04919430
20.33005934	0.23329930	0.01147558	-0.04918825
20.33255933	0.23326822	0.01147264	-0.04918220
20.33505933	0.23323713	0.01146971	-0.04917615
20.33755932	0.23320604	0.01146677	-0.04917011
20.34005932	0.23317493	0.01146383	-0.04916407
20.34255931	0.23314382	0.01146089	-0.04915802
20.34505931	0.23311269	0.01145795	-0.04915198
20.34755930	0.23308155	0.01145501	-0.04914594
20.35005930	0.23305041	0.01145208	-0.04913991
20.35255929	0.23301925	0.01144914	-0.04913387
20.35505929	0.23298809	0.01144620	-0.04912784
20.35755928	0.23295691	0.01144326	-0.04912180
20.36005928	0.23292573	0.01144033	-0.04911577
20.36255927	0.23289453	0.01143739	-0.04910974
20.36505927	0.23286333	0.01143445	-0.04910371
20.36755926	0.23283211	0.01143152	-0.04909768
20.37005926	0.23280089	0.01142858	-0.04909166
20.37255925	0.23276965	0.01142565	-0.04908563
20.37505925	0.23273841	0.01142271	-0.04907961
20.37755924	0.23270715	0.01141978	-0.04907359
20.38005924	0.23267589	0.01141684	-0.04906757
20.38255923	0.23264462	0.01141391	-0.04906155
20.38505923	0.23261333	0.01141097	-0.04905554
20.38755922	0.23258204	0.01140804	-0.04904952
20.39005922	0.23255074	0.01140510	-0.04904351
20.39255921	0.23251942	0.01140217	-0.04903749
20.39505921	0.23248810	0.01139924	-0.04903148
20.39755920	0.23245677	0.01139630	-0.04902547
20.40005920	0.23242542	0.01139337	-0.04901947
20.40255919	0.23239407	0.01139044	-0.04901346
20.40505919	0.23236271	0.01138750	-0.04900745
20.40755918	0.23233134	0.01138457	-0.04900145
20.41005918	0.23229996	0.01138164	-0.04899545
20.41255917	0.23226857	0.01137871	-0.04898945
20.41505917	0.23223717	0.01137578	-0.04898345
20.41755916	0.23220576	0.01137285	-0.04897745
20.42005916	0.23217434	0.01136991	-0.04897145
20.42255915	0.23214291	0.01136698	-0.04896546
20.42505915	0.23211147	0.01136405	-0.04895947
20.42755914	0.23208002	0.01136112	-0.04895347
20.43005914	0.23204856	0.01135819	-0.04894748
20.43255913	0.23201709	0.01135526	-0.04894150
20.43505913	0.23198561	0.01135233	-0.04893551
20.43755912	0.23195413	0.01134940	-0.04892952
20.44005912	0.23192263	0.01134648	-0.04892354
20.44255911	0.23189112	0.01134355	-0.04891755
20.44505911	0.23185961	0.01134062	-0.04891157
20.44755910	0.23182808	0.01133769	-0.04890559
20.45005910	0.23179654	0.01133476	-0.04889961
20.45255909	0.23176500	0.01133183	-0.04889364
20.45505909	0.23173344	0.01132891	-0.04888766
20.45755908	0.23170188	0.01132598	-0.04888169
20.46005908	0.23167031	0.01132305	-0.04887571
20.46255907	0.23163872	0.01132012	-0.04886974
20.46505907	0.23160713	0.01131720	-0.04886377
20.46755906	0.23157553	0.01131427	-0.04885780
20.47005906	0.23154392	0.01131135	-0.04885184
20.47255905	0.23151230	0.01130842	-0.04884587
20.47505905	0.23148066	0.01130549	-0.04883991
20.47755904	0.23144902	0.01130257	-0.04883395
20.48005904	0.23141737	0.01129964	-0.04882798
20.48255903	0.23138571	0.01129672	-0.04882202
20.48505903	0.23135405	0.01129379	-0.04881607
20.48755902	0.23132237	0.01129087	-0.04881011
20.49005902	0.23129068	0.01128795	-0.04880415
20.49255901	0.23125898	0.01128502	-0.04879820
20.49505901	0.23122728	0.01128210	-0.04879225
20.49755900	0.23119556	0.01127918	-0.04878630
20.50005900	0.23116384	0.01127625	-0.04878035
20.50255899	0.23113210	0.01127333	-0.04877440
20.50505899	0.23110036	0.01127041	-0.04876845
20.50755898	0.23106860	0.01126748	-0.04876251
20.51005898	0.23103684	0.01126456	-0.04875656
20.51255897	0.23100507	0.01126164	-0.04875062
20.51505897	0.23097329	0.01125872	-0.04874468
20.51755896	0.23094150	0.01125580	-0.04873874
20.52005896	0.23090970	0.01125288	-0.04873280
20.52255895	0.23087789	0.01124996	-0.04872687
20.52505895	0.23084607	0.01124704	-0.04872093
20.52755894	0.23081424	0.01124412	-0.04871500
20.53005894	0.23078240	0.01124120	-0.04870907
20.53255893	0.23075055	0.01123828	-0.04870314
20.53505893	0.23071870	0.01123536	-0.04869721
20.53755892	0.23068683	0.01123244	-0.04869128
20.54005892	0.23065496	0.01122952	-0.04868535
20.54255891	0.23062307	0.01122660	-0.04867943
20.54505891	0.23059118	0.01122368	-0.04867350
20.54755890	0.23055928	0.01122076	-0.04866758
20.55005890	0.23052737	0.01121784	-0.04866166
20.55255889	0.23049544	0.01121493	-0.04865574
20.55505889	0.23046351	0.01121201	-0.04864982
20.55755888	0.23043157	0.01120909	-0.04864391
20.56005888	0.23039963	0.01120618	-0.04863799
20.56255887	0.23036767	0.01120326	-0.04863208
20.56505887	0.23033570	0.01120034	-0.04862617
20.56755886	0.23030372	0.01119743	-0.04862026
20.57005886	0.23027174	0.01119451	-0.04861435
20.57255885	0.23023974	0.01119159	-0.04860844
20.57505885	0.23020774	0.01118868	-0.04860253
20.57755884	0.23017573	0.01118576	-0.04859663
20.58005884	0.23014371	0.01118285	-0.04859073
20.58255883	0.23011167	0.01117994	-0.04858482
20.58505883	0.23007963	0.01117702	-0.04857892
20.58755882	0.23004758	0.01117411	-0.04857302
20.59005882	0.23001553	0.01117119	-0.04856713
20.59255881	0.22998346	0.01116828	-0.04856123
20.59505881	0.22995138	0.01116537	-0.04855534
20.59755880	0.22991930	0.01116245	-0.04854944
20.60005880	0.22988720	0.01115954	-0.04854355
20.60255879	0.22985510	0.01115663	-0.04853766
20.60505879	0.22982298	0.01115372	-0.04853177
20.60755878	0.22979086	0.01115080	-0.04852588
20.61005878	0.22975873	0.01114789	-0.04852000
20.61255877	0.22972659	0.01114498	-0.04851411
20.61505877	0.22969444	0.01114207	-0.04850823
20.61755876	0.22966228	0.01113916	-0.04850235
20.62005876	0.22963012	0.01113625	-0.04849647
20.62255875	0.22959794	0.01113334	-0.04849059
20.62505875	0.22956575	0.01113043	-0.04848471
20.62755874	0.22953356	0.01112752	-0.04847883
20.63005874	0.22950136	0.01112461	-0.04847296
20.63255873	0.22946914	0.01112170	-0.04846709
20.63505873	0.22943692	0.01111879	-0.04846121
20.63755872	0.22940469	0.01111588	-0.04845534
20.64005872	0.22937245	0.01111297	-0.04844947
20.64255871	0.22934021	0.01111007	-0.04844361
20.64505871	0.22930795	0.01110716	-0.04843774
20.64755870	0.22927568	0.01110425	-0.04843188
20.65005870	0.22924341	0.01110134	-0.04842601
20.65255869	0.22921113	0.01109844	-0.04842015
20.65505869	0.22917883	0.01109553	-0.04841429
20.65755868	0.22914653	0.01109262	-0.04840843
20.66005868	0.22911422	0.01108972	-0.04840257
20.66255867	0.22908190	0.01108681	-0.04839672
20.66505867	0.22904957	0.01108391	-0.04839086
20.66755866	0.22901724	0.01108100	-0.04838501
20.67005866	0.22898489	0.01107810	-0.04837916
20.67255865	0.22895254	0.01107519	-0.04837331
20.67505865	0.22892017	0.01107229	-0.04836746
20.67755864	0.22888780	0.01106938	-0.04836161
20.68005864	0.22885542	0.01106648	-0.04835576
20.68255863	0.22882303	0.01106357	-0.04834992
20.68505863	0.22879063	0.01106067	-0.04834407
20.68755862	0.22875823	0.01105777	-0.04833823
20.69005862	0.22872581	0.01105487	-0.04833239
20.69255861	0.22869338	0.01105196	-0.04832655
20.69505861	0.22866095	0.01104906	-0.04832071
20.69755860	0.22862851	0.01104616	-0.04831488
20.70005860	0.22859606	0.01104326	-0.04830904
20.70255859	0.22856360	0.01104036	-0.04830321
20.70505859	0.22853113	0.01103745	-0.04829738
20.70755858	0.22849865	0.01103455	-0.04829155
20.71005858	0.22846616	0.01103165	-0.04828572
20.71255857	0.22843367	0.01102875	-0.04827989
20.71505857	0.22840117	0.01102585	-0.04827406
20.71755856	0.22836865	0.01102295	-0.04826824
20.72005856	0.22833613	0.01102005	-0.04826241
20.72255855	0.22830360	0.01101715	-0.04825659
20.72505855	0.22827107	0.01101425	-0.04825077
20.72755854	0.22823852	0.01101136	-0.04824495
20.73005854	0.22820596	0.01100846	-0.04823913
20.73255853	0.22817340	0.01100556	-0.04823331
20.73505853	0.22814083	0.01100266	-0.04822750
20.73755852	0.22810825	0.01099976	-0.04822168
20.74005852	0.22807566	0.01099687	-0.04821587
20.74255851	0.22804306	0.01099397	-0.04821006
20.74505851	0.22801045	0.01099107	-0.04820425
20.74755850	0.22797783	0.01098818	-0.04819844
20.75005850	0.22794521	0.01098528	-0.04819264
20.75255849	0.22791258	0.01098238	-0.04818683
20.75505849	0.22787994	0.01097949	-0.04818103
20.75755848	0.22784729	0.01097659	-0.04817522
20.76005848	0.22781463	0.01097370	-0.04816942
20.76255847	0.22778196	0.01097080	-0.04816362
20.76505847	0.22774928	0.01096791	-0.04815782
20.76755846	0.22771660	0.01096502	-0.04815203
20.77005846	0.22768391	0.01096212	-0.04814623
20.77255845	0.22765121	0.01095923	-0.04814043
20.77505845	0.22761850	0.01095633	-0.04813464
20.77755844	0.22758578	0.01095344	-0.04812885
20.78005844	0.22755305	0.01095055	-0.04812306
20.78255843	0.22752032	0.01094766	-0.04811727
20.78505843	0.22748757	0.01094476	-0.04811148
20.78755842	0.22745482	0.01094187	-0.04810570
20.79005842	0.22742206	0.01093898	-0.04809991
20.79255841	0.22738929	0.01093609	-0.04809413
20.79505841	0.22735651	0.01093320	-0.04808835
20.79755840	0.22732373	0.01093031	-0.04808257
20.80005840	0.22729093	0.01092742	-0.04807679
20.80255839	0.22725813	0.01092453	-0.04807101
20.80505839	0.22722532	0.01092164	-0.04806523
20.80755838	0.22719250	0.01091875	-0.04805946
20.81005838	0.22715967	0.01091586	-0.04805369
20.81255837	0.22712684	0.01091297	-0.04804791
20.81505837	0.22709399	0.01091008	-0.04804214
20.81755836	0.22706114	0.01090719	-0.04803637
20.82005836	0.22702828	0.01090431	-0.04803061
20.82255835	0.22699541	0.01090142	-0.04802484
20.82505835	0.22696253	0.01089853	-0.04801907
20.82755834	0.22692964	0.01089564	-0.04801331
20.83005834	0.22689675	0.01089276	-0.04800755
20.83255833	0.22686385	0.01088987	-0.04800179
20.83505833	0.22683094	0.01088698	-0.04799603
20.83755832	0.22679802	0.01088410	-0.04799027
20.84005832	0.22676509	0.01088121	-0.04798451
20.84255831	0.22673215	0.01087833	-0.04797876
20.84505831	0.22669921	0.01087544	-0.04797300
20.84755830	0.22666626	0.01087256	-0.04796725
20.85005830	0.22663329	0.01086967	-0.04796150
20.85255829	0.22660033	0.01086679	-0.04795575
20.85505829	0.22656735	0.01086390	-0.04795000
20.85755828	0.22653436	0.01086102	-0.04794425
20.86005828	0.22650137	0.01085814	-0.04793850
20.86255827	0.22646837	0.01085525	-0.04793276
20.86505827	0.22643536	0.01085237	-0.04792702
20.86755826	0.22640234	0.01084949	-0.04792128
20.87005826	0.22636931	0.01084661	-0.04791553
20.87255825	0.22633628	0.01084372	-0.04790980
20.87505825	0.22630323	0.01084084	-0.04790406
20.87755824	0.22627018	0.01083796	-0.04789832
20.88005824	0.22623712	0.01083508	-0.04789259
20.88255823	0.22620406	0.01083220	-0.04788685
20.88505823	0.22617098	0.01082932	-0.04788112
20.88755822	0.22613790	0.01082644	-0.04787539
20.89005822	0.22610481	0.01082356	-0.04786966
20.89255821	0.22607171	0.01082068	-0.04786393
20.89505821	0.22603860	0.01081780	-0.04785821
20.89755820	0.22600548	0.01081492	-0.04785248
20.90005820	0.22597236	0.01081204	-0.04784676
20.90255819	0.22593922	0.01080917	-0.04784103
20.90505819	0.22590608	0.01080629	-0.04783531
20.90755818	0.22587294	0.01080341	-0.04782959
20.91005818	0.22583978	0.01080053	-0.04782387
20.91255817	0.22580661	0.01079766	-0.04781816
20.91505817	0.22577344	0.01079478	-0.04781244
20.91755816	0.22574026	0.01079190	-0.04780673
20.92005816	0.22570707	0.01078903	-0.04780101
20.92255815	0.22567388	0.01078615	-0.04779530
20.92505815	0.22564067	0.01078328	-0.04778959
20.92755814	0.22560746	0.01078040	-0.04778388
20.93005814	0.22557424	0.01077753	-0.04777818
20.93255813	0.22554101	0.01077465	-0.04777247
20.93505813	0.22550777	0.01077178	-0.04776676
20.93755812	0.22547453	0.01076890	-0.04776106
20.94005812	0.22544128	0.01076603	-0.04775536
20.94255811	0.22540801	0.01076316	-0.04774966
20.94505811	0.22537475	0.01076028	-0.04774396
20.94755810	0.22534147	0.01075741	-0.04773826
20.95005810	0.22530819	0.01075454	-0.04773256
20.95255809	0.22527489	0.01075167	-0.04772687
20.95505809	0.22524159	0.01074879	-0.04772118
20.95755808	0.22520829	0.01074592	-0.04771548
20.96005808	0.22517497	0.01074305	-0.04770979
20.96255807	0.22514165	0.01074018	-0.04770410
20.96505807	0.22510831	0.01073731	-0.04769841
20.96755806	0.22507497	0.01073444	-0.04769273
20.97005806	0.22504163	0.01073157	-0.04768704
20.97255805	0.22500827	0.01072870	-0.04768136
20.97505805	0.22497491	0.01072583	-0.04767567
20.97755804	0.22494154	0.01072296	-0.04766999
20.98005804	0.22490816	0.01072009	-0.04766431
20.98255803	0.22487477	0.01071722	-0.04765863
20.98505803	0.22484138	0.01071436	-0.04765295
20.98755802	0.22480797	0.01071149	-0.04764728
20.99005802	0.22477456	0.01070862	-0.04764160
20.99255801	0.22474115	0.01070575	-0.04763593
20.99505801	0.22470772	0.01070289	-0.04763026
20.99755800	0.22467429	0.01070002	-0.04762459
21.00005800	0.22464085	0.01069715	-0.04761892
21.00255799	0.22460740	0.01069429	-0.04761325
21.00505799	0.22457394	0.01069142	-0.04760758
21.00755798	0.22454047	0.01068856	-0.04760192
21.01005798	0.22450700	0.01068569	-0.04759625
21.01255797	0.22447352	0.01068283	-0.04759059
21.01505797	0.22444003	0.01067996	-0.04758493
21.01755796	0.22440654	0.01067710	-0.04757927
21.02005796	0.22437304	0.01067423	-0.04757361
21.02255795	0.22433953	0.01067137	-0.04756795
21.02505795	0.22430601	0.01066851	-0.04756229
21.02755794	0.22427248	0.01066565	-0.04755664
21.03005794	0.22423895	0.01066278	-0.04755099
21.03255793	0.22420540	0.01065992	-0.04754533
21.03505793	0.22417186	0.01065706	-0.04753968
21.03755792	0.22413830	0.01065420	-0.04753403
21.04005792	0.22410473	0.01065134	-0.04752839
21.04255791	0.22407116	0.01064848	-0.04752274
21.04505791	0.22403758	0.01064561	-0.04751709
21.04755790	0.22400399	0.01064275	-0.04751145
21.05005790	0.22397040	0.01063989	-0.04750581
21.05255789	0.22393680	0.01063704	-0.04750017
21.05505789	0.22390319	0.01063418	-0.04749453
21.05755788	0.22386957	0.01063132	-0.04748889
21.06005788	0.22383594	0.01062846	-0.04748325
21.06255787	0.22380231	0.01062560	-0.04747761
21.06505787	0.22376867	0.01062274	-0.04747198
21.06755786	0.22373502	0.01061988	-0.04746635
21.07005786	0.22370137	0.01061703	-0.04746071
21.07255785	0.22366770	0.01061417	-0.04745508
21.07505785	0.22363403	0.01061131	-0.04744945
21.07755784	0.22360035	0.01060846	-0.04744383
21.08005784	0.22356667	0.01060560	-0.04743820
21.08255783	0.22353298	0.01060274	-0.04743257
21.08505783	0.22349927	0.01059989	-0.04742695
21.08755782	0.22346557	0.01059703	-0.04742133
21.09005782	0.22343185	0.01059418	-0.04741571
21.09255781	0.22339813	0.01059132	-0.04741009
21.09505781	0.22336440	0.01058847	-0.04740447
21.09755780	0.22333066	0.01058562	-0.04739885
21.10005780	0.22329691	0.01058276	-0.04739324
21.10255779	0.22326316	0.01057991	-0.04738762
21.10505779	0.22322940	0.01057706	-0.04738201
21.10755778	0.22319563	0.01057420	-0.04737640
21.11005778	0.22316186	0.01057135	-0.04737078
21.11255777	0.22312807	0.01056850	-0.04736518
21.11505777	0.22309428	0.01056565	-0.04735957
21.11755776	0.22306049	0.01056280	-0.04735396
21.12005776	0.22302668	0.01055995	-0.04734836
21.12255775	0.22299287	0.01055710	-0.04734275
21.12505775	0.22295905	0.01055425	-0.04733715
21.12755774	0.22292522	0.01055140	-0.04733155
21.13005774	0.22289139	0.01054855	-0.04732595
21.13255773	0.22285754	0.01054570	-0.04732035
21.13505773	0.22282370	0.01054285	-0.04731475
21.13755772	0.22278984	0.01054000	-0.04730916
21.14005772	0.22275598	0.01053715	-0.04730356
21.14255771	0.22272210	0.01053430	-0.04729797
21.14505771	0.22268823	0.01053146	-0.04729238
21.14755770	0.22265434	0.01052861	-0.04728678
21.15005770	0.22262045	0.01052576	-0.04728119
21.15255769	0.22258655	0.01052291	-0.04727561
21.15505769	0.22255264	0.01052007	-0.04727002
21.15755768	0.22251872	0.01051722	-0.04726443
21.16005768	0.22248480	0.01051438	-0.04725885
21.16255767	0.22245087	0.01051153	-0.04725327
21.16505767	0.22241694	0.01050869	-0.04724769
21.16755766	0.22238299	0.01050584	-0.04724211
21.17005766	0.22234904	0.01050300	-0.04723653
21.17255765	0.22231508	0.01050015	-0.04723095
21.17505765	0.22228112	0.01049731	-0.04722537
21.17755764	0.22224714	0.01049447	-0.04721980
21.18005764	0.22221316	0.01049162	-0.04721422
21.18255763	0.22217918	0.01048878	-0.04720865
21.18505763	0.22214518	0.01048594	-0.04720308
21.18755762	0.22211118	0.01048310	-0.04719751
21.19005762	0.22207717	0.01048025	-0.04719194
21.19255761	0.22204316	0.01047741	-0.04718638
21.19505761	0.22200913	0.01047457	-0.04718081
21.19755760	0.22197510	0.01047173	-0.04717525
21.20005760	0.22194107	0.01046889	-0.04716968
21.20255759	0.22190702	0.01046605	-0.04716412
21.20505759	0.22187297	0.01046321	-0.04715856
21.20755758	0.22183891	0.01046037	-0.04715300
21.21005758	0.22180485	0.01045753	-0.04714744
21.21255757	0.22177077	0.01045469	-0.04714189
21.21505757	0.22173669	0.01045185	-0.04713633
21.21755756	0.22170261	0.01044902	-0.04713078
21.22005756	0.22166851	0.01044618	-0.04712523
21.22255755	0.22163441	0.01044334	-0.04711967
21.22505755	0.22160030	0.01044050	-0.04711412
21.22755754	0.22156619	0.01043767	-0.04710858
21.23005754	0.22153206	0.01043483	-0.04710303
21.23255753	0.22149794	0.01043200	-0.04709748
21.23505753	0.22146380	0.01042916	-0.04709194
21.23755752	0.22142966	0.01042632	-0.04708639
21.24005752	0.22139550	0.01042349	-0.04708085
21.24255751	0.22136135	0.01042065	-0.04707531
21.24505751	0.22132718	0.01041782	-0.04706977
21.24755750	0.22129301	0.01041499	-0.04706423
21.25005750	0.22125883	0.01041215	-0.04705870
21.25255749	0.22122465	0.01040932	-0.04705316
21.25505749	0.22119045	0.01040649	-0.04704763
21.25755748	0.22115626	0.01040365	-0.04704209
21.26005748	0.22112205	0.01040082	-0.04703656
21.26255747	0.22108784	0.01039799	-0.04703103
21.26505747	0.22105362	0.01039516	-0.04702550
21.26755746	0.22101939	0.01039233	-0.04701997
21.27005746	0.22098515	0.01038949	-0.04701445
21.27255745	0.22095091	0.01038666	-0.04700892
21.27505745	0.22091667	0.01038383	-0.04700340
21.27755744	0.22088241	0.01038100	-0.04699788
21.28005744	0.22084815	0.01037817	-0.04699235
21.28255743	0.22081388	0.01037535	-0.04698683
21.28505743	0.22077960	0.01037252	-0.04698132
21.28755742	0.22074532	0.01036969	-0.04697580
21.29005742	0.22071103	0.01036686	-0.04697028
21.29255741	0.22067674	0.01036403	-0.04696477
21.29505741	0.22064243	0.01036120	-0.04695925
21.29755740	0.22060812	0.01035838	-0.04695374
21.30005740	0.22057381	0.01035555	-0.04694823
21.30255739	0.22053948	0.01035272	-0.04694272
21.30505739	0.22050515	0.01034990	-0.04693721
21.30755738	0.22047082	0.01034707	-0.04693171
21.31005738	0.22043647	0.01034425	-0.04692620
21.31255737	0.22040212	0.01034142	-0.04692069
21.31505737	0.22036777	0.01033860	-0.04691519
21.31755736	0.22033340	0.01033577	-0.04690969
21.32005736	0.22029903	0.01033295	-0.04690419
21.32255735	0.22026465	0.01033012	-0.04689869
21.32505735	0.22023027	0.01032730	-0.04689319
21.32755734	0.22019588	0.01032448	-0.04688769
21.33005734	0.22016148	0.01032165	-0.04688220
21.33255733	0.22012708	0.01031883	-0.04687671
21.33505733	0.22009266	0.01031601	-0.04687121
21.33755732	0.22005825	0.01031319	-0.04686572
21.34005732	0.22002382	0.01031037	-0.04686023
21.34255731	0.21998939	0.01030755	-0.04685474
21.34505731	0.21995495	0.01030473	-0.04684925
21.34755730	0.21992051	0.01030190	-0.04684377
21.35005730	0.21988605	0.01029908	-0.04683828
21.35255729	0.21985160	0.01029627	-0.04683280
21.35505729	0.21981713	0.01029345	-0.04682732
21.35755728	0.21978266	0.01029063	-0.04682183
21.36005728	0.21974818	0.01028781	-0.04681635
21.36255727	0.21971370	0.01028499	-0.04681088
21.36505727	0.21967921	0.01028217	-0.04680540
21.36755726	0.21964471	0.01027936	-0.04679992
21.37005726	0.21961020	0.01027654	-0.04679445
21.37255725	0.21957569	0.01027372	-0.04678897
21.37505725	0.21954117	0.01027090	-0.04678350
21.37755724	0.21950665	0.01026809	-0.04677803
21.38005724	0.21947212	0.01026527	-0.04677256
21.38255723	0.21943758	0.01026246	-0.04676709
21.38505723	0.21940304	0.01025964	-0.04676162
21.38755722	0.21936849	0.01025683	-0.04675616
21.39005722	0.21933393	0.01025401	-0.04675069
21.39255721	0.21929936	0.01025120	-0.04674523
21.39505721	0.21926479	0.01024839	-0.04673977
21.39755720	0.21923022	0.01024557	-0.04673431
21.40005720	0.21919563	0.01024276	-0.04672885
21.40255719	0.21916104	0.01023995	-0.04672339
21.40505719	0.21912645	0.01023713	-0.04671793
21.40755718	0.21909184	0.01023432	-0.04671248
21.41005718	0.21905723	0.01023151	-0.04670702
21.41255717	0.21902262	0.01022870	-0.04670157
21.41505717	0.21898800	0.01022589	-0.04669612
21.41755716	0.21895337	0.01022308	-0.04669067
21.42005716	0.21891873	0.01022027	-0.04668522
21.42255715	0.21888409	0.01021746	-0.04667977
21.42505715	0.21884944	0.01021465	-0.04667432
21.42755714	0.21881479	0.01021184	-0.04666888
21.43005714	0.21878013	0.01020903	-0.04666343
21.43255713	0.21874546	0.01020622	-0.04665799
21.43505713	0.21871078	0.01020342	-0.04665255
21.43755712	0.21867610	0.01020061	-0.04664711
21.44005712	0.21864142	0.01019780	-0.04664167
21.44255711	0.21860672	0.01019499	-0.04663623
21.44505711	0.21857202	0.01019219	-0.04663079
21.44755710	0.21853732	0.01018938	-0.04662536
21.45005710	0.21850261	0.01018657	-0.04661992
21.45255709	0.21846789	0.01018377	-0.04661449
21.45505709	0.21843316	0.01018096	-0.04660906
21.45755708	0.21839843	0.01017816	-0.04660363
21.46005708	0.21836369	0.01017535	-0.04659820
21.46255707	0.21832895	0.01017255	-0.04659277
21.46505707	0.21829420	0.01016975	-0.04658734
21.46755706	0.21825944	0.01016694	-0.04658192
21.47005706	0.21822468	0.01016414	-0.04657649
21.47255705	0.21818991	0.01016134	-0.04657107
21.47505705	0.21815513	0.01015854	-0.04656565
21.47755704	0.21812035	0.01015573	-0.04656023
21.48005704	0.21808556	0.01015293	-0.04655481
21.48255703	0.21805077	0.01015013	-0.04654939
21.48505703	0.21801597	0.01014733	-0.04654398
21.48755702	0.21798116	0.01014453	-0.04653856
21.49005702	0.21794635	0.01014173	-0.04653315
21.49255701	0.21791153	0.01013893	-0.04652774
21.49505701	0.21787670	0.01013613	-0.04652232
21.49755700	0.21784187	0.01013333	-0.04651691
21.50005700	0.21780703	0.01013053	-0.04651150
21.50255699	0.21777219	0.01012773	-0.04650610
21.50505699	0.21773734	0.01012494	-0.04650069
21.50755698	0.21770248	0.01012214	-0.04649529
21.51005698	0.21766762	0.01011934	-0.04648988
21.51255697	0.21763275	0.01011654	-0.04648448
21.51505697	0.21759787	0.01011375	-0.04647908
21.51755696	0.21756299	0.01011095	-0.04647368
21.52005696	0.21752810	0.01010816	-0.04646828
21.52255695	0.21749321	0.01010536	-0.04646288
21.52505695	0.21745831	0.01010257	-0.04645748
21.52755694	0.21742340	0.01009977	-0.04645209
21.53005694	0.21738849	0.01009698	-0.04644670
21.53255693	0.21735357	0.01009418	-0.04644130
21.53505693	0.21731865	0.01009139	-0.04643591
21.53755692	0.21728372	0.01008860	-0.04643052
21.54005692	0.21724878	0.01008580	-0.04642513
21.54255691	0.21721384	0.01008301	-0.04641975
21.54505691	0.21717889	0.01008022	-0.04641436
21.54755690	0.21714393	0.01007743	-0.04640897
21.55005690	0.21710897	0.01007464	-0.04640359
21.55255689	0.21707401	0.01007184	-0.04639821
21.55505689	0.21703903	0.01006905	-0.04639283
21.55755688	0.21700405	0.01006626	-0.04638745
21.56005688	0.21696907	0.01006347	-0.04638207
21.56255687	0.21693408	0.01006068	-0.04637669
21.56505687	0.21689908	0.01005790	-0.04637131
21.56755686	0.21686408	0.01005511	-0.04636594
21.57005686	0.21682907	0.01005232	-0.04636056
21.57255685	0.21679405	0.01004953	-0.04635519
21.57505685	0.21675903	0.01004674	-0.04634982
21.57755684	0.21672400	0.01004395	-0.04634445
21.58005684	0.21668897	0.01004117	-0.04633908
21.58255683	0.21665393	0.01003838	-0.04633371
21.58505683	0.21661888	0.01003559	-0.04632835
21.58755682	0.21658383	0.01003281	-0.04632298
21.59005682	0.21654878	0.01003002	-0.04631762
21.59255681	0.21651371	0.01002724	-0.04631226
21.59505681	0.21647864	0.01002445	-0.04630689
21.59755680	0.21644357	0.01002167	-0.04630153
21.60005680	0.21640849	0.01001889	-0.04629617
21.60255679	0.21637340	0.01001610	-0.04629082
21.60505679	0.21633831	0.01001332	-0.04628546
21.60755678	0.21630321	0.01001054	-0.04628011
21.61005678	0.21626810	0.01000775	-0.04627475
21.61255677	0.21623299	0.01000497	-0.04626940
21.61505677	0.21619788	0.01000219	-0.04626405
21.61755676	0.21616276	0.00999941	-0.04625870
21.62005676	0.21612763	0.00999663	-0.04625335
21.62255675	0.21609249	0.00999385	-0.04624800
21.62505675	0.21605735	0.00999107	-0.04624265
21.62755674	0.21602221	0.00998829	-0.04623731
21.63005674	0.21598706	0.00998551	-0.04623196
21.63255673	0.21595190	0.00998273	-0.04622662
21.63505673	0.21591674	0.00997995	-0.04622128
21.63755672	0.21588157	0.00997717	-0.04621594
21.64005672	0.21584639	0.00997439	-0.04621060
21.64255671	0.21581121	0.00997161	-0.04620526
21.64505671	0.21577602	0.00996884	-0.04619993
21.64755670	0.21574083	0.00996606	-0.04619459
21.65005670	0.21570563	0.00996328	-0.04618926
21.65255669	0.21567043	0.00996051	-0.04618392
21.65505669	0.21563522	0.00995773	-0.04617859
21.65755668	0.21560001	0.00995496	-0.04617326
21.66005668	0.21556479	0.00995218	-0.04616793
21.66255667	0.21552956	0.00994941	-0.04616260
21.66505667	0.21549433	0.00994663	-0.04615728
21.66755666	0.21545909	0.00994386	-0.04615195
21.67005666	0.21542384	0.00994108	-0.04614663
21.67255665	0.21538860	0.00993831	-0.04614130
21.67505665	0.21535334	0.00993554	-0.04613598
21.67755664	0.21531808	0.00993277	-0.04613066
21.68005664	0.21528281	0.00992999	-0.04612534
21.68255663	0.21524754	0.00992722	-0.04612002
21.68505663	0.21521226	0.00992445	-0.04611471
21.68755662	0.21517698	0.00992168	-0.04610939
21.69005662	0.21514169	0.00991891	-0.04610408
21.69255661	0.21510639	0.00991614	-0.04609876
21.69505661	0.21507109	0.00991337	-0.04609345
21.69755660	0.21503579	0.00991060	-0.04608814
21.70005660	0.21500048	0.00990783	-0.04608283
21.70255659	0.21496516	0.00990506	-0.04607752
21.70505659	0.21492983	0.00990229	-0.04607221
21.70755658	0.21489451	0.00989953	-0.04606691
21.71005658	0.21485917	0.00989676	-0.04606160
21.71255657	0.21482383	0.00989399	-0.04605630
21.71505657	0.21478849	0.00989122	-0.04605100
21.71755656	0.21475313	0.00988846	-0.04604570
21.72005656	0.21471778	0.00988569	-0.04604040
21.72255655	0.21468242	0.00988293	-0.04603510
21.72505655	0.21464705	0.00988016	-0.04602980
21.72755654	0.21461167	0.00987740	-0.04602450
21.73005654	0.21457630	0.00987463	-0.04601921
21.73255653	0.21454091	0.00987187	-0.04601391
21.73505653	0.21450552	0.00986910	-0.04600862
21.73755652	0.21447013	0.00986634	-0.04600333
21.74005652	0.21443473	0.00986358	-0.04599804
21.74255651	0.21439932	0.00986081	-0.04599275
21.74505651	0.21436391	0.00985805	-0.04598746
21.74755650	0.21432849	0.00985529	-0.04598218
21.75005650	0.21429307	0.00985253	-0.04597689
21.75255649	0.21425764	0.00984977	-0.04597161
21.75505649	0.21422220	0.00984701	-0.04596633
21.75755648	0.21418676	0.00984425	-0.04596104
21.76005648	0.21415132	0.00984149	-0.04595576
21.76255647	0.21411587	0.00983873	-0.04595048
21.76505647	0.21408041	0.00983597	-0.04594521
21.76755646	0.21404495	0.00983321	-0.04593993
21.77005646	0.21400949	0.00983045	-0.04593465
21.77255645	0.21397401	0.00982769	-0.04592938
21.77505645	0.21393854	0.00982494	-0.04592411
21.77755644	0.21390305	0.00982218	-0.04591883
21.78005644	0.21386757	0.00981942	-0.04591356
21.78255643	0.21383207	0.00981667	-0.04590829
21.78505643	0.21379657	0.00981391	-0.04590303
21.78755642	0.21376107	0.00981115	-0.04589776
21.79005642	0.21372556	0.00980840	-0.04589249
21.79255641	0.21369004	0.00980564	-0.04588723
21.79505641	0.21365452	0.00980289	-0.04588196
21.79755640	0.21361900	0.00980014	-0.04587670
21.80005640	0.21358347	0.00979738	-0.04587144
21.80255639	0.21354793	0.00979463	-0.04586618
21.80505639	0.21351239	0.00979188	-0.04586092
21.80755638	0.21347684	0.00978912	-0.04585566
21.81005638	0.21344129	0.00978637	-0.04585041
21.81255637	0.21340573	0.00978362	-0.04584515
21.81505637	0.21337017	0.00978087	-0.04583990
21.81755636	0.21333460	0.00977812	-0.04583465
21.82005636	0.21329903	0.00977537	-0.04582940
21.82255635	0.21326345	0.00977262	-0.04582415
21.82505635	0.21322786	0.00976987	-0.04581890
21.82755634	0.21319227	0.00976712	-0.04581365
21.83005634	0.21315668	0.00976437	-0.04580840
21.83255633	0.21312108	0.00976162	-0.04580316
21.83505633	0.21308547	0.00975887	-0.04579791
21.83755632	0.21304986	0.00975612	-0.04579267
21.84005632	0.21301425	0.00975337	-0.04578743
21.84255631	0.21297863	0.00975063	-0.04578219
21.84505631	0.21294300	0.00974788	-0.04577695
21.84755630	0.21290737	0.00974513	-0.04577171
21.85005630	0.21287173	0.00974239	-0.04576647
21.85255629	0.21283609	0.00973964	-0.04576124
21.85505629	0.21280045	0.00973690	-0.04575600
21.85755628	0.21276479	0.00973415	-0.04575077
21.86005628	0.21272914	0.00973141	-0.04574554
21.86255627	0.21269347	0.00972866	-0.04574031
21.86505627	0.21265781	0.00972592	-0.04573508
21.86755626	0.21262213	0.00972318	-0.04572985
21.87005626	0.21258646	0.00972043	-0.04572462
21.87255625	0.21255077	0.00971769	-0.04571939
21.87505625	0.21251509	0.00971495	-0.04571417
21.87755624	0.21247939	0.00971221	-0.04570894
21.88005624	0.21244369	0.00970947	-0.04570372
21.88255623	0.21240799	0.00970673	-0.04569850
21.88505623	0.21237228	0.00970399	-0.04569328
21.88755622	0.21233657	0.00970125	-0.04568806
21.89005622	0.21230085	0.00969851	-0.04568284
21.89255621	0.21226513	0.00969577	-0.04567763
21.89505621	0.21222940	0.00969303	-0.04567241
21.89755620	0.21219366	0.00969029	-0.04566720
21.90005620	0.21215793	0.00968755	-0.04566198
21.90255619	0.21212218	0.00968481	-0.04565677
21.90505619	0.21208643	0.00968208	-0.04565156
21.90755618	0.21205068	0.00967934	-0.04564635
21.91005618	0.21201492	0.00967660	-0.04564114
21.91255617	0.21197916	0.00967387	-0.04563594
21.91505617	0.21194339	0.00967113	-0.04563073
21.91755616	0.21190761	0.00966840	-0.04562552
21.92005616	0.21187183	0.00966566	-0.04562032
21.92255615	0.21183605	0.00966293	-0.04561512
21.92505615	0.21180026	0.00966019	-0.04560992
21.92755614	0.21176447	0.00965746	-0.04560472
21.93005614	0.21172867	0.00965473	-0.04559952
21.93255613	0.21169286	0.00965199	-0.04559432
21.93505613	0.21165706	0.00964926	-0.04558912
21.93755612	0.21162124	0.00964653	-0.04558393
21.94005612	0.21158542	0.00964380	-0.04557873
21.94255611	0.21154960	0.00964106	-0.04557354
21.94505611	0.21151377	0.00963833	-0.04556835
21.94755610	0.21147794	0.00963560	-0.04556316
21.95005610	0.21144210	0.00963287	-0.04555797
21.95255609	0.21140626	0.00963014	-0.04555278
21.95505609	0.21137041	0.00962741	-0.04554759
21.95755608	0.21133455	0.00962468	-0.04554241
21.96005608	0.21129870	0.00962196	-0.04553722
21.96255607	0.21126283	0.00961923	-0.04553204
21.96505607	0.21122697	0.00961650	-0.04552686
21.96755606	0.21119109	0.00961377	-0.04552168
21.97005606	0.21115522	0.00961105	-0.04551650
21.97255605	0.21111933	0.00960832	-0.04551132
21.97505605	0.21108345	0.00960559	-0.04550614
21.97755604	0.21104755	0.00960287	-0.04550096
21.98005604	0.21101166	0.00960014	-0.04549579
21.98255603	0.21097576	0.00959742	-0.04549062
21.98505603	0.21093985	0.00959469	-0.04548544
21.98755602	0.21090394	0.00959197	-0.04548027
21.99005602	0.21086802	0.00958924	-0.04547510
21.99255601	0.21083210	0.00958652	-0.04546993
21.99505601	0.21079618	0.00958380	-0.04546476
21.99755600	0.21076024	0.00958108	-0.04545960
22.00005600	0.21072431	0.00957835	-0.04545443
22.00255599	0.21068837	0.00957563	-0.04544927
22.00505599	0.21065242	0.00957291	-0.04544410
22.00755598	0.21061648	0.00957019	-0.04543894
22.01005598	0.21058052	0.00956747	-0.04543378
22.01255597	0.21054456	0.00956475	-0.04542862
22.01505597	0.21050860	0.00956203	-0.04542346
22.01755596	0.21047263	0.00955931	-0.04541830
22.02005596	0.21043666	0.00955659	-0.04541315
22.02255595	0.21040068	0.00955387	-0.04540799
22.02505595	0.21036470	0.00955115	-0.04540284
22.02755594	0.21032871	0.00954844	-0.04539768
22.03005594	0.21029272	0.00954572	-0.04539253
22.03255593	0.21025672	0.00954300	-0.04538738
22.03505593	0.21022072	0.00954029	-0.04538223
22.03755592	0.21018471	0.00953757	-0.04537708
22.04005592	0.21014870	0.00953485	-0.04537194
22.04255591	0.21011269	0.00953214	-0.04536679
22.04505591	0.21007667	0.00952942	-0.04536164
22.04755590	0.21004064	0.00952671	-0.04535650
22.05005590	0.21000461	0.00952399	-0.04535136
22.05255589	0.20996858	0.00952128	-0.04534622
22.05505589	0.20993254	0.00951857	-0.04534108
22.05755588	0.20989650	0.00951585	-0.04533594
22.06005588	0.20986045	0.00951314	-0.04533080
22.06255587	0.20982440	0.00951043	-0.04532566
22.06505587	0.20978834	0.00950772	-0.04532053
22.06755586	0.20975228	0.00950501	-0.04531539
22.07005586	0.20971622	0.00950230	-0.04531026
22.07255585	0.20968015	0.00949959	-0.04530513
22.07505585	0.20964407	0.00949688	-0.04530000
22.07755584	0.20960799	0.00949417	-0.04529487
22.08005584	0.20957191	0.00949146	-0.04528974
22.08255583	0.20953582	0.00948875	-0.04528461
22.08505583	0.20949972	0.00948604	-0.04527949
22.08755582	0.20946363	0.00948333	-0.04527436
22.09005582	0.20942752	0.00948062	-0.04526924
22.09255581	0.20939142	0.00947792	-0.04526412
22.09505581	0.20935531	0.00947521	-0.04525899
22.09755580	0.20931919	0.00947250	-0.04525387
22.10005580	0.20928307	0.00946980	-0.04524875
22.10255579	0.20924695	0.00946709	-0.04524364
22.10505579	0.20921082	0.00946439	-0.04523852
22.10755578	0.20917468	0.00946168	-0.04523340
22.11005578	0.20913854	0.00945898	-0.04522829
22.11255577	0.20910240	0.00945627	-0.04522318
22.11505577	0.20906625	0.00945357	-0.04521806
22.11755576	0.20903010	0.00945087	-0.04521295
22.12005576	0.20899395	0.00944817	-0.04520784
22.12255575	0.20895779	0.00944546	-0.04520273
22.12505575	0.20892162	0.00944276	-0.04519763
22.12755574	0.20888545	0.00944006	-0.04519252
22.13005574	0.20884928	0.00943736	-0.04518741
22.13255573	0.20881310	0.00943466	-0.04518231
22.13505573	0.20877692	0.00943196	-0.04517721
22.13755572	0.20874073	0.00942926	-0.04517211
22.14005572	0.20870454	0.00942656	-0.04516700
22.14255571	0.20866834	0.00942386	-0.04516191
22.14505571	0.20863214	0.00942116	-0.04515681
22.14755570	0.20859594	0.00941846	-0.04515171
22.15005570	0.20855973	0.00941577	-0.04514661
22.15255569	0.20852352	0.00941307	-0.04514152
22.15505569	0.20848730	0.00941037	-0.04513642
22.15755568	0.20845108	0.00940767	-0.04513133
22.16005568	0.20841485	0.00940498	-0.04512624
22.16255567	0.20837862	0.00940228	-0.04512115
22.16505567	0.20834239	0.00939959	-0.04511606
22.16755566	0.20830615	0.00939689	-0.04511097
22.17005566	0.20826990	0.00939420	-0.04510589
22.17255565	0.20823366	0.00939150	-0.04510080
22.17505565	0.20819740	0.00938881	-0.04509572
22.17755564	0.20816115	0.00938612	-0.04509063
22.18005564	0.20812489	0.00938342	-0.04508555
22.18255563	0.20808862	0.00938073	-0.04508047
22.18505563	0.20805235	0.00937804	-0.04507539
22.18755562	0.20801608	0.00937535	-0.04507031
22.19005562	0.20797980	0.00937266	-0.04506523
22.19255561	0.20794352	0.00936997	-0.04506016
22.19505561	0.20790724	0.00936728	-0.04505508
22.19755560	0.20787095	0.00936459	-0.04505001
22.20005560	0.20783465	0.00936190	-0.04504493
22.20255559	0.20779835	0.00935921	-0.04503986
22.20505559	0.20776205	0.00935652	-0.04503479
22.20755558	0.20772574	0.00935383	-0.04502972
22.21005558	0.20768943	0.00935114	-0.04502465
22.21255557	0.20765312	0.00934846	-0.04501958
22.21505557	0.20761680	0.00934577	-0.04501452
22.21755556	0.20758047	0.00934308	-0.04500945
22.22005556	0.20754414	0.00934040	-0.04500439
22.22255555	0.20750781	0.00933771	-0.04499933
22.22505555	0.20747148	0.00933503	-0.04499426
22.22755554	0.20743514	0.00933234	-0.04498920
22.23005554	0.20739879	0.00932966	-0.04498414
22.23255553	0.20736244	0.00932697	-0.04497908
22.23505553	0.20732609	0.00932429	-0.04497403
22.23755552	0.20728973	0.00932161	-0.04496897
22.24005552	0.20725337	0.00931892	-0.04496392
22.24255551	0.20721701	0.00931624	-0.04495886
22.24505551	0.20718064	0.00931356	-0.04495381
22.24755550	0.20714426	0.00931088	-0.04494876
22.25005550	0.20710789	0.00930820	-0.04494371
22.25255549	0.20707151	0.00930552	-0.04493866
22.25505549	0.20703512	0.00930284	-0.04493361
22.25755548	0.20699873	0.00930016	-0.04492856
22.26005548	0.20696234	0.00929748	-0.04492352
22.26255547	0.20692594	0.00929480	-0.04491847
22.26505547	0.20688954	0.00929212	-0.04491343
22.26755546	0.20685313	0.00928944	-0.04490839
22.27005546	0.20681672	0.00928676	-0.04490335
22.27255545	0.20678031	0.00928409	-0.04489831
22.27505545	0.20674389	0.00928141	-0.04489327
22.27755544	0.20670747	0.00927873	-0.04488823
22.28005544	0.20667104	0.00927606	-0.04488319
22.28255543	0.20663461	0.00927338	-0.04487816
22.28505543	0.20659818	0.00927071	-0.04487312
22.28755542	0.20656174	0.00926803	-0.04486809
22.29005542	0.20652530	0.00926536	-0.04486306
22.29255541	0.20648885	0.00926268	-0.04485802
22.29505541	0.20645240	0.00926001	-0.04485299
22.29755540	0.20641595	0.00925734	-0.04484797
22.30005540	0.20637949	0.00925466	-0.04484294
22.30255539	0.20634303	0.00925199	-0.04483791
22.30505539	0.20630656	0.00924932	-0.04483289
22.30755538	0.20627009	0.00924665	-0.04482786
22.31005538	0.20623362	0.00924398	-0.04482284
22.31255537	0.20619714	0.00924131	-0.04481782
22.31505537	0.20616066	0.00923864	-0.04481279
22.31755536	0.20612418	0.00923597	-0.04480778
22.32005536	0.20608769	0.00923330	-0.04480276
22.32255535	0.20605120	0.00923063	-0.04479774
22.32505535	0.20601470	0.00922796	-0.04479272
22.32755534	0.20597820	0.00922529	-0.04478771
22.33005534	0.20594169	0.00922262	-0.04478269
22.33255533	0.20590518	0.00921996	-0.04477768
22.33505533	0.20586867	0.00921729	-0.04477267
22.33755532	0.20583216	0.00921462	-0.04476766
22.34005532	0.20579564	0.00921196	-0.04476265
22.34255531	0.20575911	0.00920929	-0.04475764
22.34505531	0.20572259	0.00920663	-0.04475263
22.34755530	0.20568605	0.00920396	-0.04474762
22.35005530	0.20564952	0.00920130	-0.04474262
22.35255529	0.20561298	0.00919863	-0.04473761
22.35505529	0.20557644	0.00919597	-0.04473261
22.35755528	0.20553989	0.00919331	-0.04472761
22.36005528	0.20550334	0.00919065	-0.04472261
22.36255527	0.20546678	0.00918798	-0.04471761
22.36505527	0.20543023	0.00918532	-0.04471261
22.36755526	0.20539366	0.00918266	-0.04470761
22.37005526	0.20535710	0.00918000	-0.04470262
22.37255525	0.20532053	0.00917734	-0.04469762
22.37505525	0.20528396	0.00917468	-0.04469263
22.37755524	0.20524738	0.00917202	-0.04468763
22.38005524	0.20521080	0.00916936	-0.04468264
22.38255523	0.20517422	0.00916670	-0.04467765
22.38505523	0.20513763	0.00916404	-0.04467266
22.38755522	0.20510104	0.00916139	-0.04466767
22.39005522	0.20506444	0.00915873	-0.04466269
22.39255521	0.20502784	0.00915607	-0.04465770
22.39505521	0.20499124	0.00915342	-0.04465271
22.39755520	0.20495463	0.00915076	-0.04464773
22.40005520	0.20491802	0.00914810	-0.04464275
22.40255519	0.20488141	0.00914545	-0.04463777
22.40505519	0.20484479	0.00914279	-0.04463278
22.40755518	0.20480817	0.00914014	-0.04462780
22.41005518	0.20477154	0.00913749	-0.04462283
22.41255517	0.20473491	0.00913483	-0.04461785
22.41505517	0.20469828	0.00913218	-0.04461287
22.41755516	0.20466165	0.00912953	-0.04460790
22.42005516	0.20462501	0.00912687	-0.04460292
22.42255515	0.20458836	0.00912422	-0.04459795
22.42505515	0.20455172	0.00912157	-0.04459298
22.42755514	0.20451507	0.00911892	-0.04458801
22.43005514	0.20447841	0.00911627	-0.04458304
22.43255513	0.20444176	0.00911362	-0.04457807
22.43505513	0.20440509	0.00911097	-0.04457310
22.43755512	0.20436843	0.00910832	-0.04456814
22.44005512	0.20433176	0.00910567	-0.04456317
22.44255511	0.20429509	0.00910302	-0.04455821
22.44505511	0.20425841	0.00910037	-0.04455324
22.44755510	0.20422174	0.00909773	-0.04454828
22.45005510	0.20418505	0.00909508	-0.04454332
22.45255509	0.20414837	0.00909243	-0.04453836
22.45505509	0.20411168	0.00908979	-0.04453340
22.45755508	0.20407498	0.00908714	-0.04452844
22.46005508	0.20403829	0.00908450	-0.04452349
22.46255507	0.20400159	0.00908185	-0.04451853
22.46505507	0.20396488	0.00907921	-0.04451358
22.46755506	0.20392818	0.00907656	-0.04450863
22.47005506	0.20389147	0.00907392	-0.04450367
22.47255505	0.20385475	0.00907128	-0.04449872
22.47505505	0.20381803	0.00906863	-0.04449377
22.47755504	0.20378131	0.00906599	-0.04448882
22.48005504	0.20374459	0.00906335	-0.04448388
22.48255503	0.20370786	0.00906071	-0.04447893
22.48505503	0.20367113	0.00905807	-0.04447398
22.48755502	0.20363439	0.00905543	-0.04446904
22.49005502	0.20359765	0.00905279	-0.04446410
22.49255501	0.20356091	0.00905015	-0.04445916
22.49505501	0.20352417	0.00904751	-0.04445421
22.49755500	0.20348742	0.00904487	-0.04444927
22.50005500	0.20345067	0.00904223	-0.04444434
22.50255499	0.20341391	0.00903959	-0.04443940
22.50505499	0.20337715	0.00903695	-0.04443446
22.50755498	0.20334039	0.00903432	-0.04442953
22.51005498	0.20330362	0.00903168	-0.04442459
22.51255497	0.20326685	0.00902904	-0.04441966
22.51505497	0.20323008	0.00902641	-0.04441473
22.51755496	0.20319330	0.00902377	-0.04440980
22.52005496	0.20315653	0.00902114	-0.04440486
22.52255495	0.20311974	0.00901850	-0.04439994
22.52505495	0.20308296	0.00901587	-0.04439501
22.52755494	0.20304617	0.00901324	-0.04439008
22.53005494	0.20300937	0.00901060	-0.04438516
22.53255493	0.20297258	0.00900797	-0.04438023
22.53505493	0.20293578	0.00900534	-0.04437531
22.53755492	0.20289898	0.00900271	-0.04437039
22.54005492	0.20286217	0.00900007	-0.04436546
22.54255491	0.20282536	0.00899744	-0.04436054
22.54505491	0.20278855	0.00899481	-0.04435562
22.54755490	0.20275173	0.00899218	-0.04435071
22.55005490	0.20271491	0.00898955	-0.04434579
22.55255489	0.20267809	0.00898692	-0.04434087
22.55505489	0.20264126	0.00898429	-0.04433596
22.55755488	0.20260443	0.00898167	-0.04433105
22.56005488	0.20256760	0.00897904	-0.04432613
22.56255487	0.20253077	0.00897641	-0.04432122
22.56505487	0.20249393	0.00897378	-0.04431631
22.56755486	0.20245708	0.00897116	-0.04431140
22.57005486	0.20242024	0.00896853	-0.04430649
22.57255485	0.20238339	0.00896591	-0.04430159
22.57505485	0.20234654	0.00896328	-0.04429668
22.57755484	0.20230968	0.00896066	-0.04429178
22.58005484	0.20227282	0.00895803	-0.04428687
22.58255483	0.20223596	0.00895541	-0.04428197
22.58505483	0.20219910	0.00895278	-0.04427707
22.58755482	0.20216223	0.00895016	-0.04427217
22.59005482	0.20212536	0.00894754	-0.04426727
22.59255481	0.20208848	0.00894492	-0.04426237
22.59505481	0.20205161	0.00894229	-0.04425747
22.59755480	0.20201473	0.00893967	-0.04425258
22.60005480	0.20197784	0.00893705	-0.04424768
22.60255479	0.20194096	0.00893443	-0.04424279
22.60505479	0.20190407	0.00893181	-0.04423789
22.60755478	0.20186717	0.00892919	-0.04423300
22.61005478	0.20183028	0.00892657	-0.04422811
22.61255477	0.20179338	0.00892395	-0.04422322
22.61505477	0.20175647	0.00892133	-0.04421833
22.61755476	0.20171957	0.00891872	-0.04421344
22.62005476	0.20168266	0.00891610	-0.04420856
22.62255475	0.20164575	0.00891348	-0.04420367
22.62505475	0.20160883	0.00891087	-0.04419879
22.62755474	0.20157191	0.00890825	-0.04419390
22.63005474	0.20153499	0.00890563	-0.04418902
22.63255473	0.20149807	0.00890302	-0.04418414
22.63505473	0.20146114	0.00890040	-0.04417926
22.63755472	0.20142421	0.00889779	-0.04417438
22.64005472	0.20138727	0.00889518	-0.04416950
22.64255471	0.20135034	0.00889256	-0.04416463
22.64505471	0.20131340	0.00888995	-0.04415975
22.64755470	0.20127646	0.00888734	-0.04415488
22.65005470	0.20123951	0.00888473	-0.04415000
22.65255469	0.20120256	0.00888211	-0.04414513
22.65505469	0.20116561	0.00887950	-0.04414026
22.65755468	0.20112865	0.00887689	-0.04413539
22.66005468	0.20109170	0.00887428	-0.04413052
22.66255467	0.20105473	0.00887167	-0.04412565
22.66505467	0.20101777	0.00886906	-0.04412078
22.66755466	0.20098080	0.00886645	-0.04411592
22.67005466	0.20094383	0.00886384	-0.04411105
22.67255465	0.20090686	0.00886124	-0.04410619
22.67505465	0.20086989	0.00885863	-0.04410133
22.67755464	0.20083291	0.00885602	-0.04409647
22.68005464	0.20079592	0.00885341	-0.04409160
22.68255463	0.20075894	0.00885081	-0.04408674
22.68505463	0.20072195	0.00884820	-0.04408189
22.68755462	0.20068496	0.00884560	-0.04407703
22.69005462	0.20064797	0.00884299	-0.04407217
22.69255461	0.20061097	0.00884039	-0.04406732
22.69505461	0.20057397	0.00883778	-0.04406246
22.69755460	0.20053697	0.00883518	-0.04405761
22.70005460	0.20049996	0.00883258	-0.04405276
22.70255459	0.20046296	0.00882997	-0.04404791
22.70505459	0.20042594	0.00882737	-0.04404306
22.70755458	0.20038893	0.00882477	-0.04403821
22.71005458	0.20035191	0.00882217	-0.04403336
22.71255457	0.20031489	0.00881957	-0.04402851
22.71505457	0.20027787	0.00881697	-0.04402367
22.71755456	0.20024084	0.00881437	-0.04401882
22.72005456	0.20020382	0.00881177	-0.04401398
22.72255455	0.20016679	0.00880917	-0.04400914
22.72505455	0.20012975	0.00880657	-0.04400429
22.72755454	0.20009271	0.00880397	-0.04399945
22.73005454	0.20005567	0.00880137	-0.04399462
22.73255453	0.20001863	0.00879877	-0.04398978
22.73505453	0.19998159	0.00879618	-0.04398494
22.73755452	0.19994454	0.00879358	-0.04398010
22.74005452	0.19990749	0.00879099	-0.04397527
22.74255451	0.19987043	0.00878839	-0.04397043
22.74505451	0.19983338	0.00878579	-0.04396560
22.74755450	0.19979632	0.00878320	-0.04396077
22.75005450	0.19975925	0.00878061	-0.04395594
22.75255449	0.19972219	0.00877801	-0.04395111
22.75505449	0.19968512	0.00877542	-0.04394628
22.75755448	0.19964805	0.00877283	-0.04394145
22.76005448	0.19961098	0.00877023	-0.04393663
22.76255447	0.19957390	0.00876764	-0.04393180
22.76505447	0.19953682	0.00876505	-0.04392698
22.76755446	0.19949974	0.00876246	-0.04392215
22.77005446	0.19946266	0.00875987	-0.04391733
22.77255445	0.19942557	0.00875728	-0.04391251
22.77505445	0.19938848	0.00875469	-0.04390769
22.77755444	0.19935139	0.00875210	-0.04390287
22.78005444	0.19931429	0.00874951	-0.04389805
22.78255443	0.19927719	0.00874692	-0.04389323
22.78505443	0.19924009	0.00874433	-0.04388842
22.78755442	0.19920299	0.00874174	-0.04388360
22.79005442	0.19916588	0.00873916	-0.04387879
22.79255441	0.19912877	0.00873657	-0.04387398
22.79505441	0.19909166	0.00873399	-0.04386916
22.79755440	0.19905455	0.00873140	-0.04386435
22.80005440	0.19901743	0.00872881	-0.04385954
22.80255439	0.19898031	0.00872623	-0.04385474
22.80505439	0.19894319	0.00872364	-0.04384993
22.80755438	0.19890607	0.00872106	-0.04384512
22.81005438	0.19886894	0.00871848	-0.04384032
22.81255437	0.19883181	0.00871589	-0.04383551
22.81505437	0.19879468	0.00871331	-0.04383071
22.81755436	0.19875754	0.00871073	-0.04382591
22.82005436	0.19872040	0.00870815	-0.04382111
22.82255435	0.19868326	0.00870557	-0.04381630
22.82505435	0.19864612	0.00870299	-0.04381151
22.82755434	0.19860897	0.00870041	-0.04380671
22.83005434	0.19857183	0.00869783	-0.04380191
22.83255433	0.19853467	0.00869525	-0.04379711
22.83505433	0.19849752	0.00869267	-0.04379232
22.83755432	0.19846037	0.00869009	-0.04378753
22.84005432	0.19842321	0.00868751	-0.04378273
22.84255431	0.19838605	0.00868493	-0.04377794
22.84505431	0.19834888	0.00868236	-0.04377315
22.84755430	0.19831172	0.00867978	-0.04376836
22.85005430	0.19827455	0.00867720	-0.04376357
22.85255429	0.19823738	0.00867463	-0.04375878
22.85505429	0.19820020	0.00867205	-0.04375400
22.85755428	0.19816303	0.00866948	-0.04374921
22.86005428	0.19812585	0.00866690	-0.04374443
22.86255427	0.19808867	0.00866433	-0.04373964
22.86505427	0.19805148	0.00866175	-0.04373486
22.86755426	0.19801430	0.00865918	-0.04373008
22.87005426	0.19797711	0.00865661	-0.04372530
22.87255425	0.19793991	0.00865404	-0.04372052
22.87505425	0.19790272	0.00865146	-0.04371574
22.87755424	0.19786552	0.00864889	-0.04371097
22.88005424	0.19782833	0.00864632	-0.04370619
22.88255423	0.19779112	0.00864375	-0.04370142
22.88505423	0.19775392	0.00864118	-0.04369664
22.88755422	0.19771671	0.00863861	-0.04369187
22.89005422	0.19767951	0.00863604	-0.04368710
22.89255421	0.19764230	0.00863348	-0.04368233
22.89505421	0.19760508	0.00863091	-0.04367756
22.89755420	0.19756787	0.00862834	-0.04367279
22.90005420	0.19753065	0.00862577	-0.04366802
22.90255419	0.19749343	0.00862321	-0.04366325
22.90505419	0.19745620	0.00862064	-0.04365849
22.90755418	0.19741898	0.00861807	-0.04365372
22.91005418	0.19738175	0.00861551	-0.04364896
22.91255417	0.19734452	0.00861294	-0.04364420
22.91505417	0.19730729	0.00861038	-0.04363943
22.91755416	0.19727005	0.00860781	-0.04363467
22.92005416	0.19723281	0.00860525	-0.04362991
22.92255415	0.19719557	0.00860269	-0.04362516
22.92505415	0.19715833	0.00860013	-0.04362040
22.92755414	0.19712109	0.00859756	-0.04361564
22.93005414	0.19708384	0.00859500	-0.04361089
22.93255413	0.19704659	0.00859244	-0.04360613
22.93505413	0.19700934	0.00858988	-0.04360138
22.93755412	0.19697209	0.00858732	-0.04359663
22.94005412	0.19693483	0.00858476	-0.04359188
22.94255411	0.19689757	0.00858220	-0.04358713
22.94505411	0.19686031	0.00857964	-0.04358238
22.94755410	0.19682305	0.00857708	-0.04357763
22.95005410	0.19678578	0.00857452	-0.04357288
22.95255409	0.19674851	0.00857197	-0.04356814
22.95505409	0.19671124	0.00856941	-0.04356339
22.95755408	0.19667397	0.00856685	-0.04355865
22.96005408	0.19663670	0.00856430	-0.04355390
22.96255407	0.19659942	0.00856174	-0.04354916
22.96505407	0.19656214	0.00855918	-0.04354442
22.96755406	0.19652486	0.00855663	-0.04353968
22.97005406	0.19648758	0.00855408	-0.04353494
22.97255405	0.19645029	0.00855152	-0.04353021
22.97505405	0.19641300	0.00854897	-0.04352547
22.97755404	0.19637571	0.00854641	-0.04352073
22.98005404	0.19633842	0.00854386	-0.04351600
22.98255403	0.19630113	0.00854131	-0.04351127
22.98505403	0.19626383	0.00853876	-0.04350653
22.98755402	0.19622653	0.00853621	-0.04350180
22.99005402	0.19618923	0.00853366	-0.04349707
22.99255401	0.19615192	0.00853111	-0.04349234
22.99505401	0.19611462	0.00852856	-0.04348761
22.99755400	0.19607731	0.00852601	-0.04348289
23.00005400	0.19604000	0.00852346	-0.04347816
23.00255399	0.19600269	0.00852091	-0.04347343
23.00505399	0.19596537	0.00851836	-0.04346871
23.00755398	0.19592806	0.00851581	-0.04346399
23.01005398	0.19589074	0.00851327	-0.04345926
23.01255397	0.19585342	0.00851072	-0.04345454
23.01505397	0.19581609	0.00850817	-0.04344982
23.01755396	0.19577877	0.00850563	-0.04344510
23.02005396	0.19574144	0.00850308	-0.04344038
23.02255395	0.19570411	0.00850054	-0.04343567
23.02505395	0.19566678	0.00849799	-0.04343095
23.02755394	0.19562945	0.00849545	-0.04342624
23.03005394	0.19559211	0.00849291	-0.04342152
23.03255393	0.19555477	0.00849036	-0.04341681
23.03505393	0.19551743	0.00848782	-0.04341210
23.03755392	0.19548009	0.00848528	-0.04340739
23.04005392	0.19544275	0.00848274	-0.04340268
23.04255391	0.19540540	0.00848020	-0.04339797
23.04505391	0.19536805	0.00847766	-0.04339326
23.04755390	0.19533070	0.00847512	-0.04338855
23.05005390	0.19529335	0.00847258	-0.04338385
23.05255389	0.19525599	0.00847004	-0.04337914
23.05505389	0.19521864	0.00846750	-0.04337444
23.05755388	0.19518128	0.00846496	-0.04336973
23.06005388	0.19514392	0.00846242	-0.04336503
23.06255387	0.19510655	0.00845989	-0.04336033
23.06505387	0.19506919	0.00845735	-0.04335563
23.06755386	0.19503182	0.00845481	-0.04335093
23.07005386	0.19499445	0.00845228	-0.04334624
23.07255385	0.19495708	0.00844974	-0.04334154
23.07505385	0.19491971	0.00844721	-0.04333684
23.07755384	0.19488234	0.00844467	-0.04333215
23.08005384	0.19484496	0.00844214	-0.04332746
23.08255383	0.19480758	0.00843960	-0.04332276
23.08505383	0.19477020	0.00843707	-0.04331807
23.08755382	0.19473282	0.00843454	-0.04331338
23.09005382	0.19469543	0.00843200	-0.04330869
23.09255381	0.19465805	0.00842947	-0.04330400
23.09505381	0.19462066	0.00842694	-0.04329931
23.09755380	0.19458327	0.00842441	-0.04329463
23.10005380	0.19454587	0.00842188	-0.04328994
23.10255379	0.19450848	0.00841935	-0.04328526
23.10505379	0.19447108	0.00841682	-0.04328057
23.10755378	0.19443368	0.00841429	-0.04327589
23.11005378	0.19439628	0.00841176	-0.04327121
23.11255377	0.19435888	0.00840923	-0.04326653
23.11505377	0.19432148	0.00840671	-0.04326185
23.11755376	0.19428407	0.00840418	-0.04325717
23.12005376	0.19424666	0.00840165	-0.04325249
23.12255375	0.19420925	0.00839913	-0.04324782
23.12505375	0.19417184	0.00839660	-0.04324314
23.12755374	0.19413443	0.00839408	-0.04323847
23.13005374	0.19409701	0.00839155	-0.04323379
23.13255373	0.19405960	0.00838903	-0.04322912
23.13505373	0.19402218	0.00838650	-0.04322445
23.13755372	0.19398476	0.00838398	-0.04321978
23.14005372	0.19394733	0.00838146	-0.04321511
23.14255371	0.19390991	0.00837893	-0.04321044
23.14505371	0.19387248	0.00837641	-0.04320578
23.14755370	0.19383505	0.00837389	-0.04320111
23.15005370	0.19379762	0.00837137	-0.04319644
23.15255369	0.19376019	0.00836885	-0.04319178
23.15505369	0.19372276	0.00836633	-0.04318712
23.15755368	0.19368532	0.00836381	-0.04318245
23.16005368	0.19364789	0.00836129	-0.04317779
23.16255367	0.19361045	0.00835877	-0.04317313
23.16505367	0.19357300	0.00835625	-0.04316847
23.16755366	0.19353556	0.00835373	-0.04316381
23.17005366	0.19349812	0.00835122	-0.04315916
23.17255365	0.19346067	0.00834870	-0.04315450
23.17505365	0.19342322	0.00834618	-0.04314985
23.17755364	0.19338577	0.00834367	-0.04314519
23.18005364	0.19334832	0.00834115	-0.04314054
23.18255363	0.19331087	0.00833864	-0.04313589
23.18505363	0.19327341	0.00833612	-0.04313124
23.18755362	0.19323596	0.00833361	-0.04312658
23.19005362	0.19319850	0.00833109	-0.04312194
23.19255361	0.19316104	0.00832858	-0.04311729
23.19505361	0.19312358	0.00832607	-0.04311264
23.19755360	0.19308611	0.00832355	-0.04310799
23.20005360	0.19304865	0.00832104	-0.04310335
23.20255359	0.19301118	0.00831853	-0.04309870
23.20505359	0.19297371	0.00831602	-0.04309406
23.20755358	0.19293624	0.00831351	-0.04308942
23.21005358	0.19289877	0.00831100	-0.04308478
23.21255357	0.19286129	0.00830849	-0.04308014
23.21505357	0.19282382	0.00830598	-0.04307550
23.21755356	0.19278634	0.00830347	-0.04307086
23.22005356	0.19274886	0.00830097	-0.04306622
23.22255355	0.19271138	0.00829846	-0.04306159
23.22505355	0.19267390	0.00829595	-0.04305695
23.22755354	0.19263641	0.00829344	-0.04305232
23.23005354	0.19259893	0.00829094	-0.04304768
23.23255353	0.19256144	0.00828843	-0.04304305
23.23505353	0.19252395	0.00828593	-0.04303842
23.23755352	0.19248646	0.00828342	-0.04303379
23.24005352	0.19244897	0.00828092	-0.04302916
23.24255351	0.19241148	0.00827841	-0.04302453
23.24505351	0.19237398	0.00827591	-0.04301991
23.24755350	0.19233648	0.00827341	-0.04301528
23.25005350	0.19229899	0.00827091	-0.04301065
23.25255349	0.19226149	0.00826840	-0.04300603
23.25505349	0.19222398	0.00826590	-0.04300141
23.25755348	0.19218648	0.00826340	-0.04299678
23.26005348	0.19214898	0.00826090	-0.04299216
23.26255347	0.19211147	0.00825840	-0.04298754
23.26505347	0.19207396	0.00825590	-0.04298292
23.26755346	0.19203645	0.00825340	-0.04297830
23.27005346	0.19199894	0.00825090	-0.04297369
23.27255345	0.19196143	0.00824840	-0.04296907
23.27505345	0.19192391	0.00824591	-0.04296446
23.27755344	0.19188640	0.00824341	-0.04295984
23.28005344	0.19184888	0.00824091	-0.04295523
23.28255343	0.19181136	0.00823842	-0.04295062
23.28505343	0.19177384	0.00823592	-0.04294600
23.28755342	0.19173632	0.00823342	-0.04294139
23.29005342	0.19169880	0.00823093	-0.04293678
23.29255341	0.19166127	0.00822844	-0.04293218
23.29505341	0.19162375	0.00822594	-0.04292757
23.29755340	0.19158622	0.00822345	-0.04292296
23.30005340	0.19154869	0.00822095	-0.04291836
23.30255339	0.19151116	0.00821846	-0.04291375
23.30505339	0.19147363	0.00821597	-0.04290915
23.30755338	0.19143609	0.00821348	-0.04290455
23.31005338	0.19139856	0.00821099	-0.04289994
23.31255337	0.19136102	0.00820850	-0.04289534
23.31505337	0.19132348	0.00820601	-0.04289074
23.31755336	0.19128594	0.00820352	-0.04288615
23.32005336	0.19124840	0.00820103	-0.04288155
23.32255335	0.19121086	0.00819854	-0.04287695
23.32505335	0.19117332	0.00819605	-0.04287236
23.32755334	0.19113577	0.00819356	-0.04286776
23.33005334	0.19109822	0.00819108	-0.04286317
23.33255333	0.19106068	0.00818859	-0.04285858
23.33505333	0.19102313	0.00818610	-0.04285398
23.33755332	0.19098558	0.00818362	-0.04284939
23.34005332	0.19094802	0.00818113	-0.04284480
23.34255331	0.19091047	0.00817865	-0.04284021
23.34505331	0.19087291	0.00817616	-0.04283563
23.34755330	0.19083536	0.00817368	-0.04283104
23.35005330	0.19079780	0.00817119	-0.04282645
23.35255329	0.19076024	0.00816871	-0.04282187
23.35505329	0.19072268	0.00816623	-0.04281729
23.35755328	0.19068512	0.00816375	-0.04281270
23.36005328	0.19064756	0.00816126	-0.04280812
23.36255327	0.19060999	0.00815878	-0.04280354
23.36505327	0.19057242	0.00815630	-0.04279896
23.36755326	0.19053486	0.00815382	-0.04279438
23.37005326	0.19049729	0.00815134	-0.04278980
23.37255325	0.19045972	0.00814886	-0.04278523
23.37505325	0.19042215	0.00814638	-0.04278065
23.37755324	0.19038458	0.00814391	-0.04277608
23.38005324	0.19034700	0.00814143	-0.04277150
23.38255323	0.19030943	0.00813895	-0.04276693
23.38505323	0.19027185	0.00813647	-0.04276236
23.38755322	0.19023427	0.00813400	-0.04275779
23.39005322	0.19019669	0.00813152	-0.04275322
23.39255321	0.19015911	0.00812904	-0.04274865
23.39505321	0.19012153	0.00812657	-0.04274408
23.39755320	0.19008395	0.00812410	-0.04273951
23.40005320	0.19004636	0.00812162	-0.04273495
23.40255319	0.19000878	0.00811915	-0.04273038
23.40505319	0.18997119	0.00811667	-0.04272582
23.40755318	0.18993361	0.00811420	-0.04272125
23.41005318	0.18989602	0.00811173	-0.04271669
23.41255317	0.18985843	0.00810926	-0.04271213
23.41505317	0.18982083	0.00810679	-0.04270757
23.41755316	0.18978324	0.00810432	-0.04270301
23.42005316	0.18974565	0.00810185	-0.04269845
23.42255315	0.18970805	0.00809938	-0.04269389
23.42505315	0.18967046	0.00809691	-0.04268934
23.42755314	0.18963286	0.00809444	-0.04268478
23.43005314	0.18959526	0.00809197	-0.04268023
23.43255313	0.18955766	0.00808950	-0.04267567
23.43505313	0.18952006	0.00808703	-0.04267112
23.43755312	0.18948246	0.00808457	-0.04266657
23.44005312	0.18944485	0.00808210	-0.04266202
23.44255311	0.18940725	0.00807963	-0.04265747
23.44505311	0.18936964	0.00807717	-0.04265292
23.44755310	0.18933204	0.00807470	-0.04264837
23.45005310	0.18929443	0.00807224	-0.04264383
23.45255309	0.18925682	0.00806977	-0.04263928
23.45505309	0.18921921	0.00806731	-0.04263474
23.45755308	0.18918160	0.00806485	-0.04263019
23.46005308	0.18914398	0.00806239	-0.04262565
23.46255307	0.18910637	0.00805992	-0.04262111
23.46505307	0.18906876	0.00805746	-0.04261657
23.46755306	0.18903114	0.00805500	-0.04261203
23.47005306	0.18899352	0.00805254	-0.04260749
23.47255305	0.18895590	0.00805008	-0.04260295
23.47505305	0.18891828	0.00804762	-0.04259841
23.47755304	0.18888066	0.00804516	-0.04259388
23.48005304	0.18884304	0.00804270	-0.04258934
23.48255303	0.18880542	0.00804024	-0.04258481
23.48505303	0.18876780	0.00803778	-0.04258027
23.48755302	0.18873017	0.00803533	-0.04257574
23.49005302	0.18869255	0.00803287	-0.04257121
23.49255301	0.18865492	0.00803041	-0.04256668
23.49505301	0.18861729	0.00802796	-0.04256215
23.49755300	0.18857966	0.00802550	-0.04255762
23.50005300	0.18854203	0.00802305	-0.04255310
23.50255299	0.18850440	0.00802059	-0.04254857
23.50505299	0.18846677	0.00801814	-0.04254404
23.50755298	0.18842914	0.00801568	-0.04253952
23.51005298	0.18839150	0.00801323	-0.04253500
23.51255297	0.18835387	0.00801078	-0.04253047
23.51505297	0.18831623	0.00800833	-0.04252595
23.51755296	0.18827859	0.00800588	-0.04252143
23.52005296	0.18824096	0.00800342	-0.04251691
23.52255295	0.18820332	0.00800097	-0.04251239
23.52505295	0.18816568	0.00799852	-0.04250787
23.52755294	0.18812804	0.00799607	-0.04250336
23.53005294	0.18809039	0.00799362	-0.04249884
23.53255293	0.18805275	0.00799118	-0.04249433
23.53505293	0.18801511	0.00798873	-0.04248981
23.53755292	0.18797746	0.00798628	-0.04248530
23.54005292	0.18793982	0.00798383	-0.04248079
23.54255291	0.18790217	0.00798138	-0.04247628
23.54505291	0.18786452	0.00797894	-0.04247177
23.54755290	0.18782687	0.00797649	-0.04246726
23.55005290	0.18778922	0.00797405	-0.04246275
23.55255289	0.18775157	0.00797160	-0.04245824
23.55505289	0.18771392	0.00796916	-0.04245374
23.55755288	0.18767627	0.00796671	-0.04244923
23.56005288	0.18763862	0.00796427	-0.04244473
23.56255287	0.18760096	0.00796183	-0.04244022
23.56505287	0.18756331	0.00795938	-0.04243572
23.56755286	0.18752565	0.00795694	-0.04243122
23.57005286	0.18748799	0.00795450	-0.04242672
23.57255285	0.18745034	0.00795206	-0.04242222
23.57505285	0.18741268	0.00794962	-0.04241772
23.57755284	0.18737502	0.00794718	-0.04241322
23.58005284	0.18733736	0.00794474	-0.04240873
23.58255283	0.18729970	0.00794230	-0.04240423
23.58505283	0.18726203	0.00793986	-0.04239974
23.58755282	0.18722437	0.00793742	-0.04239524
23.59005282	0.18718671	0.00793498	-0.04239075
23.59255281	0.18714904	0.00793255	-0.04238626
23.59505281	0.18711138	0.00793011	-0.04238177
23.59755280	0.18707371	0.00792767	-0.04237728
23.60005280	0.18703604	0.00792524	-0.04237279
23.60255279	0.18699837	0.00792280	-0.04236830
23.60505279	0.18696071	0.00792037	-0.04236381
23.60755278	0.18692304	0.00791793	-0.04235932
23.61005278	0.18688537	0.00791550	-0.04235484
23.61255277	0.18684769	0.00791307	-0.04235036
23.61505277	0.18681002	0.00791063	-0.04234587
23.61755276	0.18677235	0.00790820	-0.04234139
23.62005276	0.18673468	0.00790577	-0.04233691
23.62255275	0.18669700	0.00790334	-0.04233243
23.62505275	0.18665933	0.00790091	-0.04232795
23.62755274	0.18662165	0.00789848	-0.04232347
23.63005274	0.18658397	0.00789605	-0.04231899
23.63255273	0.18654630	0.00789362	-0.04231451
23.63505273	0.18650862	0.00789119	-0.04231004
23.63755272	0.18647094	0.00788876	-0.04230556
23.64005272	0.18643326	0.00788633	-0.04230109
23.64255271	0.18639558	0.00788390	-0.04229662
23.64505271	0.18635790	0.00788148	-0.04229215
23.64755270	0.18632022	0.00787905	-0.04228767
23.65005270	0.18628253	0.00787662	-0.04228320
23.65255269	0.18624485	0.00787420	-0.04227873
23.65505269	0.18620717	0.00787177	-0.04227427
23.65755268	0.18616948	0.00786935	-0.04226980
23.66005268	0.18613180	0.00786692	-0.04226533
23.66255267	0.18609411	0.00786450	-0.04226087
23.66505267	0.18605642	0.00786208	-0.04225640
23.66755266	0.18601874	0.00785965	-0.04225194
23.67005266	0.18598105	0.00785723	-0.04224748
23.67255265	0.18594336	0.00785481	-0.04224302
23.67505265	0.18590567	0.00785239	-0.04223855
23.67755264	0.18586798	0.00784997	-0.04223409
23.68005264	0.18583029	0.00784755	-0.04222964
23.68255263	0.18579260	0.00784513	-0.04222518
23.68505263	0.18575491	0.00784271	-0.04222072
23.68755262	0.18571721	0.00784029	-0.04221627
23.69005262	0.18567952	0.00783787	-0.04221181
23.69255261	0.18564182	0.00783545	-0.04220736
23.69505261	0.18560413	0.00783303	-0.04220290
23.69755260	0.18556643	0.00783062	-0.04219845
23.70005260	0.18552874	0.00782820	-0.04219400
23.70255259	0.18549104	0.00782578	-0.04218955
23.70505259	0.18545335	0.00782337	-0.04218510
23.70755258	0.18541565	0.00782095	-0.04218065
23.71005258	0.18537795	0.00781854	-0.04217620
23.71255257	0.18534025	0.00781612	-0.04217176
23.71505257	0.18530255	0.00781371	-0.04216731
23.71755256	0.18526485	0.00781130	-0.04216287
23.72005256	0.18522715	0.00780888	-0.04215842
23.72255255	0.18518945	0.00780647	-0.04215398
23.72505255	0.18515175	0.00780406	-0.04214954
23.72755254	0.18511405	0.00780165	-0.04214510
23.73005254	0.18507634	0.00779924	-0.04214066
23.73255253	0.18503864	0.00779683	-0.04213622
23.73505253	0.18500093	0.00779442	-0.04213178
23.73755252	0.18496323	0.00779201	-0.04212734
23.74005252	0.18492553	0.00778960	-0.04212291
23.74255251	0.18488782	0.00778719	-0.04211847
23.74505251	0.18485011	0.00778478	-0.04211404
23.74755250	0.18481241	0.00778238	-0.04210960
23.75005250	0.18477470	0.00777997	-0.04210517
23.75255249	0.18473699	0.00777756	-0.04210074
23.75505249	0.18469928	0.00777516	-0.04209631
23.75755248	0.18466158	0.00777275	-0.04209188
23.76005248	0.18462387	0.00777035	-0.04208745
23.76255247	0.18458616	0.00776794	-0.04208302
23.76505247	0.18454845	0.00776554	-0.04207859
23.76755246	0.18451074	0.00776314	-0.04207417
23.77005246	0.18447303	0.00776073	-0.04206974
23.77255245	0.18443531	0.00775833	-0.04206532
23.77505245	0.18439760	0.00775593	-0.04206090
23.77755244	0.18435989	0.00775353	-0.04205647
23.78005244	0.18432218	0.00775113	-0.04205205
23.78255243	0.18428446	0.00774873	-0.04204763
23.78505243	0.18424675	0.00774633	-0.04204321
23.78755242	0.18420904	0.00774393	-0.04203879
23.79005242	0.18417132	0.00774153	-0.04203438
23.79255241	0.18413361	0.00773913	-0.04202996
23.79505241	0.18409589	0.00773673	-0.04202554
23.79755240	0.18405817	0.00773433	-0.04202113
23.80005240	0.18402046	0.00773194	-0.04201671
23.80255239	0.18398274	0.00772954	-0.04201230
23.80505239	0.18394502	0.00772714	-0.04200789
23.80755238	0.18390731	0.00772475	-0.04200348
23.81005238	0.18386959	0.00772235	-0.04199907
23.81255237	0.18383187	0.00771996	-0.04199466
23.81505237	0.18379415	0.00771756	-0.04199025
23.81755236	0.18375643	0.00771517	-0.04198584
23.82005236	0.18371871	0.00771278	-0.04198144
23.82255235	0.18368099	0.00771038	-0.04197703
23.82505235	0.18364327	0.00770799	-0.04197263
23.82755234	0.18360555	0.00770560	-0.04196822
23.83005234	0.18356783	0.00770321	-0.04196382
23.83255233	0.18353011	0.00770082	-0.04195942
23.83505233	0.18349239	0.00769843	-0.04195502
23.83755232	0.18345467	0.00769604	-0.04195062
23.84005232	0.18341695	0.00769365	-0.04194622
23.84255231	0.18337923	0.00769126	-0.04194182
23.84505231	0.18334150	0.00768887	-0.04193742
23.84755230	0.18330378	0.00768648	-0.04193302
23.85005230	0.18326606	0.00768409	-0.04192863
23.85255229	0.18322833	0.00768171	-0.04192423
23.85505229	0.18319061	0.00767932	-0.04191984
23.85755228	0.18315288	0.00767694	-0.04191545
23.86005228	0.18311516	0.00767455	-0.04191106
23.86255227	0.18307743	0.00767216	-0.04190667
23.86505227	0.18303971	0.00766978	-0.04190228
23.86755226	0.18300198	0.00766740	-0.04189789
23.87005226	0.18296426	0.00766501	-0.04189350
23.87255225	0.18292653	0.00766263	-0.04188911
23.87505225	0.18288881	0.00766025	-0.04188473
23.87755224	0.18285108	0.00765787	-0.04188034
23.88005224	0.18281335	0.00765548	-0.04187596
23.88255223	0.18277563	0.00765310	-0.04187157
23.88505223	0.18273790	0.00765072	-0.04186719
23.88755222	0.18270017	0.00764834	-0.04186281
23.89005222	0.18266245	0.00764596	-0.04185843
23.89255221	0.18262472	0.00764358	-0.04185405
23.89505221	0.18258699	0.00764120	-0.04184967
23.89755220	0.18254926	0.00763883	-0.04184529
23.90005220	0.18251153	0.00763645	-0.04184091
23.90255219	0.18247380	0.00763407	-0.04183654
23.90505219	0.18243608	0.00763170	-0.04183216
23.90755218	0.18239835	0.00762932	-0.04182779
23.91005218	0.18236062	0.00762694	-0.04182341
23.91255217	0.18232289	0.00762457	-0.04181904
23.91505217	0.18228516	0.00762219	-0.04181467
23.91755216	0.18224743	0.00761982	-0.04181030
23.92005216	0.18220970	0.00761745	-0.04180593
23.92255215	0.18217197	0.00761507	-0.04180156
23.92505215	0.18213424	0.00761270	-0.04179719
23.92755214	0.18209651	0.00761033	-0.04179283
23.93005214	0.18205878	0.00760796	-0.04178846
23.93255213	0.18202105	0.00760558	-0.04178409
23.93505213	0.18198332	0.00760321	-0.04177973
23.93755212	0.18194559	0.00760084	-0.04177537
23.94005212	0.18190785	0.00759847	-0.04177100
23.94255211	0.18187012	0.00759610	-0.04176664
23.94505211	0.18183239	0.00759374	-0.04176228
23.94755210	0.18179466	0.00759137	-0.04175792
23.95005210	0.18175693	0.00758900	-0.04175356
23.95255209	0.18171920	0.00758663	-0.04174920
23.95505209	0.18168147	0.00758427	-0.04174485
23.95755208	0.18164373	0.00758190	-0.04174049
23.96005208	0.18160600	0.00757953	-0.04173614
23.96255207	0.18156827	0.00757717	-0.04173178
23.96505207	0.18153054	0.00757480	-0.04172743
23.96755206	0.18149281	0.00757244	-0.04172308
23.97005206	0.18145507	0.00757007	-0.04171872
23.97255205	0.18141734	0.00756771	-0.04171437
23.97505205	0.18137961	0.00756535	-0.04171002
23.97755204	0.18134188	0.00756299	-0.04170568
23.98005204	0.18130414	0.00756062	-0.04170133
23.98255203	0.18126641	0.00755826	-0.04169698
23.98505203	0.18122868	0.00755590	-0.04169263
23.98755202	0.18119095	0.00755354	-0.04168829
23.99005202	0.18115322	0.00755118	-0.04168394
23.99255201	0.18111548	0.00754882	-0.04167960
23.99505201	0.18107775	0.00754646	-0.04167526
23.99755200	0.18104002	0.00754410	-0.04167092
24.00005200	0.18100228	0.00754175	-0.04166658
24.00255199	0.18096456	0.00753939	-0.04166224
24.00505199	0.18092683	0.00753703	-0.04165790
24.00755198	0.18088910	0.00753467	-0.04165356
24.01005198	0.18085137	0.00753232	-0.04164922
24.01255197	0.18081365	0.00752996	-0.04164489
24.01505197	0.18077592	0.00752761	-0.04164055
24.01755196	0.18073819	0.00752525	-0.04163622
24.02005196	0.18070046	0.00752290	-0.04163188
24.02255195	0.18066273	0.00752055	-0.04162755
24.02505195	0.18062501	0.00751819	-0.04162322
24.02755194	0.18058728	0.00751584	-0.04161889
24.03005194	0.18054955	0.00751349	-0.04161456
24.03255193	0.18051182	0.00751114	-0.04161023
24.03505193	0.18047410	0.00750879	-0.04160590
24.03755192	0.18043637	0.00750644	-0.04160157
24.04005192	0.18039864	0.00750409	-0.04159725
24.04255191	0.18036091	0.00750174	-0.04159292
24.04505191	0.18032319	0.00749939	-0.04158860
24.04755190	0.18028546	0.00749704	-0.04158427
24.05005190	0.18024773	0.00749469	-0.04157995
24.05255189	0.18021001	0.00749234	-0.04157563
24.05505189	0.18017228	0.00749000	-0.04157131
24.05755188	0.18013455	0.00748765	-0.04156699
24.06005188	0.18009683	0.00748530	-0.04156267
24.06255187	0.18005910	0.00748296	-0.04155835
24.06505187	0.18002137	0.00748061	-0.04155403
24.06755186	0.17998365	0.00747827	-0.04154972
24.07005186	0.17994592	0.00747593	-0.04154540
24.07255185	0.17990819	0.00747358	-0.04154109
24.07505185	0.17987047	0.00747124	-0.04153677
24.07755184	0.17983274	0.00746890	-0.04153246
24.08005184	0.17979502	0.00746655	-0.04152815
24.08255183	0.17975729	0.00746421	-0.04152384
24.08505183	0.17971957	0.00746187	-0.04151953
24.08755182	0.17968184	0.00745953	-0.04151522
24.09005182	0.17964412	0.00745719	-0.04151091
24.09255181	0.17960639	0.00745485	-0.04150660
24.09505181	0.17956867	0.00745251	-0.04150230
24.09755180	0.17953094	0.00745017	-0.04149799
24.10005180	0.17949322	0.00744784	-0.04149369
24.10255179	0.17945549	0.00744550	-0.04148938
24.10505179	0.17941777	0.00744316	-0.04148508
24.10755178	0.17938005	0.00744082	-0.04148078
24.11005178	0.17934232	0.00743849	-0.04147648
24.11255177	0.17930460	0.00743615	-0.04147218
24.11505177	0.17926688	0.00743382	-0.04146788
24.11755176	0.17922915	0.00743148	-0.04146358
24.12005176	0.17919143	0.00742915	-0.04145928
24.12255175	0.17915371	0.00742681	-0.04145498
24.12505175	0.17911599	0.00742448	-0.04145069
24.12755174	0.17907827	0.00742215	-0.04144639
24.13005174	0.17904054	0.00741982	-0.04144210
24.13255173	0.17900282	0.00741748	-0.04143781
24.13505173	0.17896510	0.00741515	-0.04143351
24.13755172	0.17892738	0.00741282	-0.04142922
24.14005172	0.17888966	0.00741049	-0.04142493
24.14255171	0.17885194	0.00740816	-0.04142064
24.14505171	0.17881422	0.00740583	-0.04141635
24.14755170	0.17877650	0.00740350	-0.04141207
24.15005170	0.17873878	0.00740118	-0.04140778
24.15255169	0.17870106	0.00739885	-0.04140349
24.15505169	0.17866334	0.00739652	-0.04139921
24.15755168	0.17862562	0.00739419	-0.04139492
24.16005168	0.17858791	0.00739187	-0.04139064
24.16255167	0.17855019	0.00738954	-0.04138636
24.16505167	0.17851247	0.00738722	-0.04138208
24.16755166	0.17847475	0.00738489	-0.04137780
24.17005166	0.17843704	0.00738257	-0.04137352
24.17255165	0.17839932	0.00738024	-0.04136924
24.17505165	0.17836160	0.00737792	-0.04136496
24.17755164	0.17832389	0.00737560	-0.04136068
24.18005164	0.17828617	0.00737328	-0.04135640
24.18255163	0.17824846	0.00737095	-0.04135213
24.18505163	0.17821074	0.00736863	-0.04134785
24.18755162	0.17817303	0.00736631	-0.04134358
24.19005162	0.17813531	0.00736399	-0.04133931
24.19255161	0.17809760	0.00736167	-0.04133504
24.19505161	0.17805988	0.00735935	-0.04133077
24.19755160	0.17802217	0.00735703	-0.04132650
24.20005160	0.17798446	0.00735471	-0.04132223
24.20255159	0.17794675	0.00735240	-0.04131796
24.20505159	0.17790903	0.00735008	-0.04131369
24.20755158	0.17787132	0.00734776	-0.04130942
24.21005158	0.17783361	0.00734545	-0.04130516
24.21255157	0.17779590	0.00734313	-0.04130089
24.21505157	0.17775819	0.00734081	-0.04129663
24.21755156	0.17772048	0.00733850	-0.04129237
24.22005156	0.17768277	0.00733618	-0.04128810
24.22255155	0.17764506	0.00733387	-0.04128384
24.22505155	0.17760735	0.00733156	-0.04127958
24.22755154	0.17756964	0.00732924	-0.04127532
24.23005154	0.17753194	0.00732693	-0.04127106
24.23255153	0.17749423	0.00732462	-0.04126681
24.23505153	0.17745652	0.00732231	-0.04126255
24.23755152	0.17741882	0.00732000	-0.04125829
24.24005152	0.17738111	0.00731769	-0.04125404
24.24255151	0.17734340	0.00731538	-0.04124978
24.24505151	0.17730570	0.00731307	-0.04124553
24.24755150	0.17726799	0.00731076	-0.04124128
24.25005150	0.17723029	0.00730845	-0.04123703
24.25255149	0.17719259	0.00730614	-0.04123278
24.25505149	0.17715488	0.00730383	-0.04122853
24.25755148	0.17711718	0.00730153	-0.04122428
24.26005148	0.17707948	0.00729922	-0.04122003
24.26255147	0.17704178	0.00729691	-0.04121578
24.26505147	0.17700407	0.00729461	-0.04121153
24.26755146	0.17696637	0.00729230	-0.04120729
24.27005146	0.17692867	0.00729000	-0.04120304
24.27255145	0.17689097	0.00728770	-0.04119880
24.27505145	0.17685327	0.00728539	-0.04119456
24.27755144	0.17681557	0.00728309	-0.04119032
24.28005144	0.17677788	0.00728079	-0.04118607
24.28255143	0.17674018	0.00727848	-0.04118183
24.28505143	0.17670248	0.00727618	-0.04117759
24.28755142	0.17666479	0.00727388	-0.04117336
24.29005142	0.17662709	0.00727158	-0.04116912
24.29255141	0.17658939	0.00726928	-0.04116488
24.29505141	0.17655170	0.00726698	-0.04116065
24.29755140	0.17651400	0.00726468	-0.04115641
24.30005140	0.17647631	0.00726238	-0.04115218
24.30255139	0.17643862	0.00726009	-0.04114794
24.30505139	0.17640092	0.00725779	-0.04114371
24.30755138	0.17636323	0.00725549	-0.04113948
24.31005138	0.17632554	0.00725319	-0.04113525
24.31255137	0.17628785	0.00725090	-0.04113102
24.31505137	0.17625016	0.00724860	-0.04112679
24.31755136	0.17621247	0.00724631	-0.04112256
24.32005136	0.17617478	0.00724401	-0.04111833
24.32255135	0.17613709	0.00724172	-0.04111411
24.32505135	0.17609940	0.00723943	-0.04110988
24.32755134	0.17606172	0.00723713	-0.04110566
24.33005134	0.17602403	0.00723484	-0.04110143
24.33255133	0.17598634	0.00723255	-0.04109721
24.33505133	0.17594866	0.00723026	-0.04109299
24.33755132	0.17591097	0.00722797	-0.04108877
24.34005132	0.17587329	0.00722567	-0.04108455
24.34255131	0.17583561	0.00722338	-0.04108033
24.34505131	0.17579792	0.00722109	-0.04107611
24.34755130	0.17576024	0.00721881	-0.04107189
24.35005130	0.17572256	0.00721652	-0.04106768
24.35255129	0.17568488	0.00721423	-0.04106346
24.35505129	0.17564720	0.00721194	-0.04105924
24.35755128	0.17560952	0.00720965	-0.04105503
24.36005128	0.17557184	0.00720737	-0.04105082
24.36255127	0.17553416	0.00720508	-0.04104660
24.36505127	0.17549648	0.00720280	-0.04104239
24.36755126	0.17545881	0.00720051	-0.04103818
24.37005126	0.17542113	0.00719823	-0.04103397
24.37255125	0.17538345	0.00719594	-0.04102976
24.37505125	0.17534578	0.00719366	-0.04102555
24.37755124	0.17530811	0.00719137	-0.04102135
24.38005124	0.17527043	0.00718909	-0.04101714
24.38255123	0.17523276	0.00718681	-0.04101294
24.38505123	0.17519509	0.00718453	-0.04100873
24.38755122	0.17515742	0.00718225	-0.04100453
24.39005122	0.17511975	0.00717997	-0.04100032
24.39255121	0.17508208	0.00717769	-0.04099612
24.39505121	0.17504441	0.00717541	-0.04099192
24.39755120	0.17500674	0.00717313	-0.04098772
24.40005120	0.17496907	0.00717085	-0.04098352
24.40255119	0.17493140	0.00716857	-0.04097932
24.40505119	0.17489374	0.00716629	-0.04097512
24.40755118	0.17485607	0.00716402	-0.04097093
24.41005118	0.17481841	0.00716174	-0.04096673
24.41255117	0.17478074	0.00715946	-0.04096254
24.41505117	0.17474308	0.00715719	-0.04095834
24.41755116	0.17470542	0.00715491	-0.04095415
24.42005116	0.17466776	0.00715264	-0.04094996
24.42255115	0.17463010	0.00715036	-0.04094576
24.42505115	0.17459244	0.00714809	-0.04094157
24.42755114	0.17455478	0.00714582	-0.04093738
24.43005114	0.17451712	0.00714354	-0.04093319
24.43255113	0.17447946	0.00714127	-0.04092900
24.43505113	0.17444181	0.00713900	-0.04092482
24.43755112	0.17440415	0.00713673	-0.04092063
24.44005112	0.17436650	0.00713446	-0.04091644
24.44255111	0.17432884	0.00713219	-0.04091226
24.44505111	0.17429119	0.00712992	-0.04090808
24.44755110	0.17425354	0.00712765	-0.04090389
24.45005110	0.17421588	0.00712538	-0.04089971
24.45255109	0.17417823	0.00712311	-0.04089553
24.45505109	0.17414058	0.00712084	-0.04089135
24.45755108	0.17410293	0.00711858	-0.04088717
24.46005108	0.17406529	0.00711631	-0.04088299
24.46255107	0.17402764	0.00711404	-0.04087881
24.46505107	0.17398999	0.00711178	-0.04087463
24.46755106	0.17395235	0.00710951	-0.04087046
24.47005106	0.17391470	0.00710725	-0.04086628
24.47255105	0.17387706	0.00710498	-0.04086211
24.47505105	0.17383941	0.00710272	-0.04085793
24.47755104	0.17380177	0.00710046	-0.04085376
24.48005104	0.17376413	0.00709819	-0.04084959
24.48255103	0.17372649	0.00709593	-0.04084542
24.48505103	0.17368885	0.00709367	-0.04084125
24.48755102	0.17365121	0.00709141	-0.04083708
24.49005102	0.17361357	0.00708915	-0.04083291
24.49255101	0.17357594	0.00708689	-0.04082874
24.49505101	0.17353830	0.00708463	-0.04082457
24.49755100	0.17350067	0.00708237	-0.04082041
24.50005100	0.17346303	0.00708011	-0.04081624
24.50255099	0.17342540	0.00707785	-0.04081208
24.50505099	0.17338777	0.00707559	-0.04080791
24.50755098	0.17335014	0.00707334	-0.04080375
24.51005098	0.17331251	0.00707108	-0.04079959
24.51255097	0.17327488	0.00706882	-0.04079543
24.51505097	0.17323725	0.00706657	-0.04079127
24.51755096	0.17319962	0.00706431	-0.04078711
24.52005096	0.17316200	0.00706206	-0.04078295
24.52255095	0.17312437	0.00705980	-0.04077879
24.52505095	0.17308675	0.00705755	-0.04077463
24.52755094	0.17304912	0.00705530	-0.04077048
24.53005094	0.17301150	0.00705304	-0.04076632
24.53255093	0.17297388	0.00705079	-0.04076217
24.53505093	0.17293626	0.00704854	-0.04075802
24.53755092	0.17289864	0.00704629	-0.04075386
24.54005092	0.17286102	0.00704404	-0.04074971
24.54255091	0.17282340	0.00704179	-0.04074556
24.54505091	0.17278578	0.00703954	-0.04074141
24.54755090	0.17274817	0.00703729	-0.04073726
24.55005090	0.17271055	0.00703504	-0.04073311
24.55255089	0.17267294	0.00703279	-0.04072897
24.55505089	0.17263533	0.00703054	-0.04072482
24.55755088	0.17259772	0.00702830	-0.04072067
24.56005088	0.17256011	0.00702605	-0.04071653
24.56255087	0.17252250	0.00702380	-0.04071238
24.56505087	0.17248489	0.00702156	-0.04070824
24.56755086	0.17244728	0.00701931	-0.04070410
24.57005086	0.17240967	0.00701707	-0.04069996
24.57255085	0.17237207	0.00701482	-0.04069582
24.57505085	0.17233446	0.00701258	-0.04069168
24.57755084	0.17229686	0.00701033	-0.04068754
24.58005084	0.17225926	0.00700809	-0.04068340
24.58255083	0.17222166	0.00700585	-0.04067926
24.58505083	0.17218406	0.00700361	-0.04067512
24.58755082	0.17214646	0.00700137	-0.04067099
24.59005082	0.17210886	0.00699913	-0.04066685
24.59255081	0.17207127	0.00699689	-0.04066272
24.59505081	0.17203367	0.00699465	-0.04065859
24.59755080	0.17199608	0.00699241	-0.04065445
24.60005080	0.17195848	0.00699017	-0.04065032
24.60255079	0.17192089	0.00698793	-0.04064619
24.60505079	0.17188330	0.00698569	-0.04064206
24.60755078	0.17184571	0.00698345	-0.04063793
24.61005078	0.17180812	0.00698122	-0.04063380
24.61255077	0.17177053	0.00697898	-0.04062968
24.61505077	0.17173294	0.00697675	-0.04062555
24.61755076	0.17169536	0.00697451	-0.04062143
24.62005076	0.17165777	0.00697228	-0.04061730
24.62255075	0.17162019	0.00697004	-0.04061318
24.62505075	0.17158261	0.00696781	-0.04060905
24.62755074	0.17154503	0.00696557	-0.04060493
24.63005074	0.17150745	0.00696334	-0.04060081
24.63255073	0.17146987	0.00696111	-0.04059669
24.63505073	0.17143229	0.00695888	-0.04059257
24.63755072	0.17139472	0.00695665	-0.04058845
24.64005072	0.17135714	0.00695442	-0.04058433
24.64255071	0.17131957	0.00695218	-0.04058021
24.64505071	0.17128199	0.00694995	-0.04057610
24.64755070	0.17124442	0.00694773	-0.04057198
24.65005070	0.17120685	0.00694550	-0.04056787
24.65255069	0.17116928	0.00694327	-0.04056375
24.65505069	0.17113171	0.00694104	-0.04055964
24.65755068	0.17109415	0.00693881	-0.04055553
24.66005068	0.17105658	0.00693659	-0.04055142
24.66255067	0.17101902	0.00693436	-0.04054731
24.66505067	0.17098145	0.00693213	-0.04054320
24.66755066	0.17094389	0.00692991	-0.04053909
24.67005066	0.17090633	0.00692768	-0.04053498
24.67255065	0.17086877	0.00692546	-0.04053087
24.67505065	0.17083121	0.00692324	-0.04052677
24.67755064	0.17079365	0.00692101	-0.04052266
24.68005064	0.17075610	0.00691879	-0.04051856
24.68255063	0.17071854	0.00691657	-0.04051445
24.68505063	0.17068099	0.00691435	-0.04051035
24.68755062	0.17064344	0.00691213	-0.04050625
24.69005062	0.17060589	0.00690990	-0.04050214
24.69255061	0.17056834	0.00690768	-0.04049804
24.69505061	0.17053079	0.00690546	-0.04049394
24.69755060	0.17049324	0.00690324	-0.04048985
24.70005060	0.17045569	0.00690103	-0.04048575
24.70255059	0.17041815	0.00689881	-0.04048165
24.70505059	0.17038061	0.00689659	-0.04047755
24.70755058	0.17034306	0.00689437	-0.04047346
24.71005058	0.17030552	0.00689216	-0.04046936
24.71255057	0.17026798	0.00688994	-0.04046527
24.71505057	0.17023045	0.00688772	-0.04046118
24.71755056	0.17019291	0.00688551	-0.04045708
24.72005056	0.17015537	0.00688329	-0.04045299
24.72255055	0.17011784	0.00688108	-0.04044890
24.72505055	0.17008031	0.00687887	-0.04044481
24.72755054	0.17004277	0.00687665	-0.04044072
24.73005054	0.17000524	0.00687444	-0.04043663
24.73255053	0.16996771	0.00687223	-0.04043255
24.73505053	0.16993019	0.00687002	-0.04042846
24.73755052	0.16989266	0.00686780	-0.04042437
24.74005052	0.16985514	0.00686559	-0.04042029
24.74255051	0.16981761	0.00686338	-0.04041621
24.74505051	0.16978009	0.00686117	-0.04041212
24.74755050	0.16974257	0.00685896	-0.04040804
24.75005050	0.16970505	0.00685676	-0.04040396
24.75255049	0.16966753	0.00685455	-0.04039988
24.75505049	0.16963001	0.00685234	-0.04039580
24.75755048	0.16959250	0.00685013	-0.04039172
24.76005048	0.16955498	0.00684793	-0.04038764
24.76255047	0.16951747	0.00684572	-0.04038356
24.76505047	0.16947996	0.00684351	-0.04037949
24.76755046	0.16944245	0.00684131	-0.04037541
24.77005046	0.16940494	0.00683910	-0.04037133
24.77255045	0.16936743	0.00683690	-0.04036726
24.77505045	0.16932993	0.00683470	-0.04036319
24.77755044	0.16929242	0.00683249	-0.04035911
24.78005044	0.16925492	0.00683029	-0.04035504
24.78255043	0.16921742	0.00682809	-0.04035097
24.78505043	0.16917992	0.00682589	-0.04034690
24.78755042	0.16914242	0.00682368	-0.04034283
24.79005042	0.16910492	0.00682148	-0.04033876
24.79255041	0.16906743	0.00681928	-0.04033470
24.79505041	0.16902993	0.00681708	-0.04033063
24.79755040	0.16899244	0.00681488	-0.04032656
24.80005040	0.16895495	0.00681269	-0.04032250
24.80255039	0.16891746	0.00681049	-0.04031843
24.80505039	0.16887997	0.00680829	-0.04031437
24.80755038	0.16884248	0.00680609	-0.04031031
24.81005038	0.16880499	0.00680390	-0.04030625
24.81255037	0.16876751	0.00680170	-0.04030219
24.81505037	0.16873003	0.00679950	-0.04029812
24.81755036	0.16869254	0.00679731	-0.04029407
24.82005036	0.16865506	0.00679511	-0.04029001
24.82255035	0.16861759	0.00679292	-0.04028595
24.82505035	0.16858011	0.00679073	-0.04028189
24.82755034	0.16854263	0.00678853	-0.04027784
24.83005034	0.16850516	0.00678634	-0.04027378
24.83255033	0.16846769	0.00678415	-0.04026973
24.83505033	0.16843021	0.00678196	-0.04026567
24.83755032	0.16839274	0.00677976	-0.04026162
24.84005032	0.16835528	0.00677757	-0.04025757
24.84255031	0.16831781	0.00677538	-0.04025352
24.84505031	0.16828034	0.00677319	-0.04024947
24.84755030	0.16824288	0.00677100	-0.04024542
24.85005030	0.16820542	0.00676882	-0.04024137
24.85255029	0.16816796	0.00676663	-0.04023732
24.85505029	0.16813050	0.00676444	-0.04023327
24.85755028	0.16809304	0.00676225	-0.04022923
24.86005028	0.16805559	0.00676007	-0.04022518
24.86255027	0.16801813	0.00675788	-0.04022114
24.86505027	0.16798068	0.00675569	-0.04021709
24.86755026	0.16794323	0.00675351	-0.04021305
24.87005026	0.16790578	0.00675132	-0.04020901
24.87255025	0.16786833	0.00674914	-0.04020496
24.87505025	0.16783088	0.00674696	-0.04020092
24.87755024	0.16779344	0.00674477	-0.04019688
24.88005024	0.16775599	0.00674259	-0.04019284
24.88255023	0.16771855	0.00674041	-0.04018881
24.88505023	0.16768111	0.00673823	-0.04018477
24.88755022	0.16764367	0.00673605	-0.04018073
24.89005022	0.16760623	0.00673386	-0.04017670
24.89255021	0.16756880	0.00673168	-0.04017266
24.89505021	0.16753136	0.00672950	-0.04016863
24.89755020	0.16749393	0.00672733	-0.04016459
24.90005020	0.16745650	0.00672515	-0.04016056
24.90255019	0.16741907	0.00672297	-0.04015653
24.90505019	0.16738164	0.00672079	-0.04015250
24.90755018	0.16734422	0.00671861	-0.04014847
24.91005018	0.16730679	0.00671644	-0.04014444
24.91255017	0.16726937	0.00671426	-0.04014041
24.91505017	0.16723195	0.00671209	-0.04013638
24.91755016	0.16719453	0.00670991	-0.04013236
24.92005016	0.16715711	0.00670774	-0.04012833
24.92255015	0.16711969	0.00670556	-0.04012430
24.92505015	0.16708228	0.00670339	-0.04012028
24.92755014	0.16704487	0.00670121	-0.04011626
24.93005014	0.16700745	0.00669904	-0.04011223
24.93255013	0.16697005	0.00669687	-0.04010821
24.93505013	0.16693264	0.00669470	-0.04010419
24.93755012	0.16689523	0.00669253	-0.04010017
24.94005012	0.16685783	0.00669036	-0.04009615
24.94255011	0.16682042	0.00668819	-0.04009213
24.94505011	0.16678302	0.00668602	-0.04008811
24.94755010	0.16674562	0.00668385	-0.04008410
24.95005010	0.16670822	0.00668168	-0.04008008
24.95255009	0.16667083	0.00667951	-0.04007606
24.95505009	0.16663343	0.00667734	-0.04007205
24.95755008	0.16659604	0.00667518	-0.04006804
24.96005008	0.16655865	0.00667301	-0.04006402
24.96255007	0.16652126	0.00667084	-0.04006001
24.96505007	0.16648387	0.00666868	-0.04005600
24.96755006	0.16644648	0.00666651	-0.04005199
24.97005006	0.16640910	0.00666435	-0.04004798
24.97255005	0.16637172	0.00666218	-0.04004397
24.97505005	0.16633433	0.00666002	-0.04003996
24.97755004	0.16629696	0.00665786	-0.04003595
24.98005004	0.16625958	0.00665569	-0.04003195
24.98255003	0.16622220	0.00665353	-0.04002794
24.98505003	0.16618483	0.00665137	-0.04002393
24.98755002	0.16614745	0.00664921	-0.04001993
24.99005002	0.16611008	0.00664705	-0.04001593
24.99255001	0.16607272	0.00664489	-0.04001192
24.99505001	0.16603535	0.00664273	-0.04000792
24.99755000	0.16599798	0.00664057	-0.04000392
25.00005000	0.16596062	0.00663841	-0.03999992
25.00254999	0.16592326	0.00663625	-0.03999592
25.00504999	0.16588590	0.00663410	-0.03999192
25.00754998	0.16584854	0.00663194	-0.03998792
25.01004998	0.16581118	0.00662978	-0.03998393
25.01254997	0.16577383	0.00662763	-0.03997993
25.01504997	0.16573647	0.00662547	-0.03997593
25.01754996	0.16569912	0.00662332	-0.03997194
25.02004996	0.16566177	0.00662116	-0.03996795
25.02254995	0.16562442	0.00661901	-0.03996395
25.02504995	0.16558708	0.00661685	-0.03995996
25.02754994	0.16554973	0.00661470	-0.03995597
25.03004994	0.16551239	0.00661255	-0.03995198
25.03254993	0.16547505	0.00661040	-0.03994799
25.03504993	0.16543771	0.00660824	-0.03994400
25.03754992	0.16540038	0.00660609	-0.03994001
25.04004992	0.16536304	0.00660394	-0.03993602
25.04254991	0.16532571	0.00660179	-0.03993204
25.04504991	0.16528838	0.00659964	-0.03992805
25.04754990	0.16525105	0.00659749	-0.03992406
25.05004990	0.16521372	0.00659534	-0.03992008
25.05254989	0.16517639	0.00659320	-0.03991610
25.05504989	0.16513907	0.00659105	-0.03991211
25.05754988	0.16510175	0.00658890	-0.03990813
25.06004988	0.16506443	0.00658676	-0.03990415
25.06254987	0.16502711	0.00658461	-0.03990017
25.06504987	0.16498979	0.00658246	-0.03989619
25.06754986	0.16495248	0.00658032	-0.03989221
25.07004986	0.16491516	0.00657817	-0.03988823
25.07254985	0.16487785	0.00657603	-0.03988426
25.07504985	0.16484054	0.00657389	-0.03988028
25.07754984	0.16480324	0.00657174	-0.03987630
25.08004984	0.16476593	0.00656960	-0.03987233
25.08254983	0.16472863	0.00656746	-0.03986835
25.08504983	0.16469132	0.00656532	-0.03986438
25.08754982	0.16465402	0.00656318	-0.03986041
25.09004982	0.16461673	0.00656104	-0.03985644
25.09254981	0.16457943	0.00655890	-0.03985247
25.09504981	0.16454214	0.00655676	-0.03984850
25.09754980	0.16450484	0.00655462	-0.03984453
25.10004980	0.16446755	0.00655248	-0.03984056
25.10254979	0.16443027	0.00655034	-0.03983659
25.10504979	0.16439298	0.00654820	-0.03983262
25.10754978	0.16435570	0.00654607	-0.03982866
25.11004978	0.16431841	0.00654393	-0.03982469
25.11254977	0.16428113	0.00654179	-0.03982073
25.11504977	0.16424385	0.00653966	-0.03981676
25.11754976	0.16420658	0.00653752	-0.03981280
25.12004976	0.16416930	0.00653539	-0.03980884
25.12254975	0.16413203	0.00653326	-0.03980488
25.12504975	0.16409476	0.00653112	-0.03980092
25.12754974	0.16405749	0.00652899	-0.03979696
25.13004974	0.16402022	0.00652686	-0.03979300
25.13254973	0.16398296	0.00652472	-0.03978904
25.13504973	0.16394569	0.00652259	-0.03978508
25.13754972	0.16390843	0.00652046	-0.03978112
25.14004972	0.16387117	0.00651833	-0.03977717
25.14254971	0.16383392	0.00651620	-0.03977321
25.14504971	0.16379666	0.00651407	-0.03976926
25.14754970	0.16375941	0.00651194	-0.03976531
25.15004970	0.16372216	0.00650981	-0.03976135
25.15254969	0.16368491	0.00650769	-0.03975740
25.15504969	0.16364766	0.00650556	-0.03975345
25.15754968	0.16361041	0.00650343	-0.03974950
25.16004968	0.16357317	0.00650131	-0.03974555
25.16254967	0.16353593	0.00649918	-0.03974160
25.16504967	0.16349869	0.00649705	-0.03973765
25.16754966	0.16346145	0.00649493	-0.03973371
25.17004966	0.16342422	0.00649280	-0.03972976
25.17254965	0.16338699	0.00649068	-0.03972581
25.17504965	0.16334975	0.00648856	-0.03972187
25.17754964	0.16331253	0.00648643	-0.03971792
25.18004964	0.16327530	0.00648431	-0.03971398
25.18254963	0.16323807	0.00648219	-0.03971004
25.18504963	0.16320085	0.00648007	-0.03970610
25.18754962	0.16316363	0.00647795	-0.03970216
25.19004962	0.16312641	0.00647583	-0.03969821
25.19254961	0.16308919	0.00647371	-0.03969428
25.19504961	0.16305198	0.00647159	-0.03969034
25.19754960	0.16301477	0.00646947	-0.03968640
25.20004960	0.16297756	0.00646735	-0.03968246
25.20254959	0.16294035	0.00646523	-0.03967853
25.20504959	0.16290314	0.00646312	-0.03967459
25.20754958	0.16286594	0.00646100	-0.03967065
25.21004958	0.16282873	0.00645888	-0.03966672
25.21254957	0.16279153	0.00645677	-0.03966279
25.21504957	0.16275434	0.00645465	-0.03965886
25.21754956	0.16271714	0.00645254	-0.03965492
25.22004956	0.16267994	0.00645042	-0.03965099
25.22254955	0.16264275	0.00644831	-0.03964706
25.22504955	0.16260556	0.00644619	-0.03964313
25.22754954	0.16256838	0.00644408	-0.03963920
25.23004954	0.16253119	0.00644197	-0.03963528
25.23254953	0.16249401	0.00643986	-0.03963135
25.23504953	0.16245682	0.00643775	-0.03962742
25.23754952	0.16241965	0.00643563	-0.03962350
25.24004952	0.16238247	0.00643352	-0.03961957
25.24254951	0.16234529	0.00643141	-0.03961565
25.24504951	0.16230812	0.00642930	-0.03961173
25.24754950	0.16227095	0.00642720	-0.03960780
25.25004950	0.16223378	0.00642509	-0.03960388
25.25254949	0.16219661	0.00642298	-0.03959996
25.25504949	0.16215945	0.00642087	-0.03959604
25.25754948	0.16212229	0.00641877	-0.03959212
25.26004948	0.16208513	0.00641666	-0.03958820
25.26254947	0.16204797	0.00641455	-0.03958429
25.26504947	0.16201081	0.00641245	-0.03958037
25.26754946	0.16197366	0.00641034	-0.03957645
25.27004946	0.16193651	0.00640824	-0.03957254
25.27254945	0.16189936	0.00640613	-0.03956862
25.27504945	0.16186221	0.00640403	-0.03956471
25.27754944	0.16182507	0.00640193	-0.03956080
25.28004944	0.16178793	0.00639983	-0.03955688
25.28254943	0.16175079	0.00639772	-0.03955297
25.28504943	0.16171365	0.00639562	-0.03954906
25.28754942	0.16167651	0.00639352	-0.03954515
25.29004942	0.16163938	0.00639142	-0.03954124
25.29254941	0.16160225	0.00638932	-0.03953734
25.29504941	0.16156512	0.00638722	-0.03953343
25.29754940	0.16152799	0.00638512	-0.03952952
25.30004940	0.16149086	0.00638303	-0.03952561
25.30254939	0.16145374	0.00638093	-0.03952171
25.30504939	0.16141662	0.00637883	-0.03951780
25.30754938	0.16137950	0.00637673	-0.03951390
25.31004938	0.16134239	0.00637464	-0.03951000
25.31254937	0.16130527	0.00637254	-0.03950610
25.31504937	0.16126816	0.00637045	-0.03950219
25.31754936	0.16123105	0.00636835	-0.03949829
25.32004936	0.16119394	0.00636626	-0.03949439
25.32254935	0.16115684	0.00636416	-0.03949049
25.32504935	0.16111974	0.00636207	-0.03948660
25.32754934	0.16108263	0.00635998	-0.03948270
25.33004934	0.16104554	0.00635788	-0.03947880
25.33254933	0.16100844	0.00635579	-0.03947491
25.33504933	0.16097135	0.00635370	-0.03947101
25.33754932	0.16093425	0.00635161	-0.03946712
25.34004932	0.16089717	0.00634952	-0.03946322
25.34254931	0.16086008	0.00634743	-0.03945933
25.34504931	0.16082299	0.00634534	-0.03945544
25.34754930	0.16078591	0.00634325	-0.03945155
25.35004930	0.16074883	0.00634116	-0.03944766
25.35254929	0.16071175	0.00633908	-0.03944377
25.35504929	0.16067468	0.00633699	-0.03943988
25.35754928	0.16063761	0.00633490	-0.03943599
25.36004928	0.16060053	0.00633282	-0.03943210
25.36254927	0.16056347	0.00633073	-0.03942821
25.36504927	0.16052640	0.00632865	-0.03942433
25.36754926	0.16048934	0.00632656	-0.03942044
25.37004926	0.16045227	0.00632448	-0.03941656
25.37254925	0.16041521	0.00632239	-0.03941267
25.37504925	0.16037816	0.00632031	-0.03940879
25.37754924	0.16034110	0.00631823	-0.03940491
25.38004924	0.16030405	0.00631614	-0.03940103
25.38254923	0.16026700	0.00631406	-0.03939715
25.38504923	0.16022995	0.00631198	-0.03939327
25.38754922	0.16019291	0.00630990	-0.03938939
25.39004922	0.16015586	0.00630782	-0.03938551
25.39254921	0.16011882	0.00630574	-0.03938163
25.39504921	0.16008178	0.00630366	-0.03937775
25.39754920	0.16004475	0.00630158	-0.03937388
25.40004920	0.16000771	0.00629950	-0.03937000
25.40254919	0.15997068	0.00629743	-0.03936613
25.40504919	0.15993365	0.00629535	-0.03936225
25.40754918	0.15989663	0.00629327	-0.03935838
25.41004918	0.15985960	0.00629120	-0.03935451
25.41254917	0.15982258	0.00628912	-0.03935064
25.41504917	0.15978556	0.00628705	-0.03934677
25.41754916	0.15974854	0.00628497	-0.03934290
25.42004916	0.15971153	0.00628290	-0.03933903
25.42254915	0.15967452	0.00628082	-0.03933516
25.42504915	0.15963751	0.00627875	-0.03933129
25.42754914	0.15960050	0.00627668	-0.03932742
25.43004914	0.15956349	0.00627460	-0.03932356
25.43254913	0.15952649	0.00627253	-0.03931969
25.43504913	0.15948949	0.00627046	-0.03931583
25.43754912	0.15945249	0.00626839	-0.03931196
25.44004912	0.15941550	0.00626632	-0.03930810
25.44254911	0.15937851	0.00626425	-0.03930424
25.44504911	0.15934151	0.00626218	-0.03930038
25.44754910	0.15930453	0.00626011	-0.03929652
25.45004910	0.15926754	0.00625804	-0.03929266
25.45254909	0.15923056	0.00625598	-0.03928880
25.45504909	0.15919358	0.00625391	-0.03928494
25.45754908	0.15915660	0.00625184	-0.03928108
25.46004908	0.15911962	0.00624978	-0.03927722
25.46254907	0.15908265	0.00624771	-0.03927337
25.46504907	0.15904568	0.00624565	-0.03926951
25.46754906	0.15900871	0.00624358	-0.03926566
25.47004906	0.15897174	0.00624152	-0.03926180
25.47254905	0.15893478	0.00623945	-0.03925795
25.47504905	0.15889782	0.00623739	-0.03925410
25.47754904	0.15886086	0.00623533	-0.03925024
25.48004904	0.15882390	0.00623327	-0.03924639
25.48254903	0.15878695	0.00623120	-0.03924254
25.48504903	0.15874999	0.00622914	-0.03923869
25.48754902	0.15871305	0.00622708	-0.03923484
25.49004902	0.15867610	0.00622502	-0.03923100
25.49254901	0.15863915	0.00622296	-0.03922715
25.49504901	0.15860221	0.00622090	-0.03922330
25.49754900	0.15856527	0.00621884	-0.03921946
25.50004900	0.15852834	0.00621679	-0.03921561
25.50254899	0.15849140	0.00621473	-0.03921177
25.50504899	0.15845447	0.00621267	-0.03920792
25.50754898	0.15841754	0.00621061	-0.03920408
25.51004898	0.15838062	0.00620856	-0.03920024
25.51254897	0.15834369	0.00620650	-0.03919640
25.51504897	0.15830677	0.00620445	-0.03919256
25.51754896	0.15826985	0.00620239	-0.03918872
25.52004896	0.15823293	0.00620034	-0.03918488
25.52254895	0.15819602	0.00619828	-0.03918104
25.52504895	0.15815911	0.00619623	-0.03917720
25.52754894	0.15812220	0.00619418	-0.03917337
25.53004894	0.15808529	0.00619213	-0.03916953
25.53254893	0.15804839	0.00619007	-0.03916569
25.53504893	0.15801149	0.00618802	-0.03916186
25.53754892	0.15797459	0.00618597	-0.03915803
25.54004892	0.15793769	0.00618392	-0.03915419
25.54254891	0.15790080	0.00618187	-0.03915036
25.54504891	0.15786391	0.00617982	-0.03914653
25.54754890	0.15782702	0.00617778	-0.03914270
25.55004890	0.15779013	0.00617573	-0.03913887
25.55254889	0.15775325	0.00617368	-0.03913504
25.55504889	0.15771637	0.00617163	-0.03913121
25.55754888	0.15767949	0.00616959	-0.03912738
25.56004888	0.15764262	0.00616754	-0.03912356
25.56254887	0.15760574	0.00616549	-0.03911973
25.56504887	0.15756887	0.00616345	-0.03911590
25.56754886	0.15753200	0.00616140	-0.03911208
25.57004886	0.15749514	0.00615936	-0.03910826
25.57254885	0.15745828	0.00615732	-0.03910443
25.57504885	0.15742142	0.00615527	-0.03910061
25.57754884	0.15738456	0.00615323	-0.03909679
25.58004884	0.15734770	0.00615119	-0.03909297
25.58254883	0.15731085	0.00614915	-0.03908915
25.58504883	0.15727400	0.00614711	-0.03908533
25.58754882	0.15723715	0.00614507	-0.03908151
25.59004882	0.15720031	0.00614302	-0.03907769
25.59254881	0.15716347	0.00614099	-0.03907387
25.59504881	0.15712663	0.00613895	-0.03907006
25.59754880	0.15708979	0.00613691	-0.03906624
25.60004880	0.15705296	0.00613487	-0.03906243
25.60254879	0.15701613	0.00613283	-0.03905861
25.60504879	0.15697930	0.00613079	-0.03905480
25.60754878	0.15694247	0.00612876	-0.03905098
25.61004878	0.15690565	0.00612672	-0.03904717
25.61254877	0.15686883	0.00612469	-0.03904336
25.61504877	0.15683201	0.00612265	-0.03903955
25.61754876	0.15679519	0.00612062	-0.03903574
25.62004876	0.15675838	0.00611858	-0.03903193
25.62254875	0.15672157	0.00611655	-0.03902812
25.62504875	0.15668476	0.00611452	-0.03902432
25.62754874	0.15664796	0.00611248	-0.03902051
25.63004874	0.15661115	0.00611045	-0.03901670
25.63254873	0.15657436	0.00610842	-0.03901290
25.63504873	0.15653756	0.00610639	-0.03900909
25.63754872	0.15650076	0.00610436	-0.03900529
25.64004872	0.15646397	0.00610233	-0.03900149
25.64254871	0.15642718	0.00610030	-0.03899768
25.64504871	0.15639040	0.00609827	-0.03899388
25.64754870	0.15635361	0.00609624	-0.03899008
25.65004870	0.15631683	0.00609421	-0.03898628
25.65254869	0.15628006	0.00609218	-0.03898248
25.65504869	0.15624328	0.00609016	-0.03897868
25.65754868	0.15620651	0.00608813	-0.03897488
25.66004868	0.15616974	0.00608610	-0.03897109
25.66254867	0.15613297	0.00608408	-0.03896729
25.66504867	0.15609621	0.00608205	-0.03896350
25.66754866	0.15605944	0.00608003	-0.03895970
25.67004866	0.15602269	0.00607801	-0.03895591
25.67254865	0.15598593	0.00607598	-0.03895211
25.67504865	0.15594918	0.00607396	-0.03894832
25.67754864	0.15591242	0.00607194	-0.03894453
25.68004864	0.15587568	0.00606991	-0.03894074
25.68254863	0.15583893	0.00606789	-0.03893695
25.68504863	0.15580219	0.00606587	-0.03893316
25.68754862	0.15576545	0.00606385	-0.03892937
25.69004862	0.15572871	0.00606183	-0.03892558
25.69254861	0.15569198	0.00605981	-0.03892179
25.69504861	0.15565525	0.00605779	-0.03891800
25.69754860	0.15561852	0.00605577	-0.03891422
25.70004860	0.15558179	0.00605375	-0.03891043
25.70254859	0.15554507	0.00605174	-0.03890665
25.70504859	0.15550835	0.00604972	-0.03890286
25.70754858	0.15547163	0.00604770	-0.03889908
25.71004858	0.15543491	0.00604569	-0.03889530
25.71254857	0.15539820	0.00604367	-0.03889152
25.71504857	0.15536149	0.00604166	-0.03888774
25.71754856	0.15532479	0.00603964	-0.03888395
25.72004856	0.15528808	0.00603763	-0.03888018
25.72254855	0.15525138	0.00603561	-0.03887640
25.72504855	0.15521468	0.00603360	-0.03887262
25.72754854	0.15517799	0.00603159	-0.03886884
25.73004854	0.15514129	0.00602958	-0.03886506
25.73254853	0.15510460	0.00602756	-0.03886129
25.73504853	0.15506792	0.00602555	-0.03885751
25.73754852	0.15503123	0.00602354	-0.03885374
25.74004852	0.15499455	0.00602153	-0.03884997
25.74254851	0.15495787	0.00601952	-0.03884619
25.74504851	0.15492120	0.00601751	-0.03884242
25.74754850	0.15488452	0.00601551	-0.03883865
25.75004850	0.15484785	0.00601350	-0.03883488
25.75254849	0.15481119	0.00601149	-0.03883111
25.75504849	0.15477452	0.00600948	-0.03882734
25.75754848	0.15473786	0.00600748	-0.03882357
25.76004848	0.15470120	0.00600547	-0.03881980
25.76254847	0.15466455	0.00600346	-0.03881604
25.76504847	0.15462789	0.00600146	-0.03881227
25.76754846	0.15459124	0.00599945	-0.03880850
25.77004846	0.15455460	0.00599745	-0.03880474
25.77254845	0.15451795	0.00599545	-0.03880097
25.77504845	0.15448131	0.00599344	-0.03879721
25.77754844	0.15444467	0.00599144	-0.03879345
25.78004844	0.15440803	0.00598944	-0.03878969
25.78254843	0.15437140	0.00598744	-0.03878593
25.78504843	0.15433477	0.00598544	-0.03878216
25.78754842	0.15429814	0.00598344	-0.03877841
25.79004842	0.15426152	0.00598144	-0.03877465
25.79254841	0.15422490	0.00597944	-0.03877089
25.79504841	0.15418828	0.00597744	-0.03876713
25.79754840	0.15415166	0.00597544	-0.03876337
25.80004840	0.15411505	0.00597344	-0.03875962
25.80254839	0.15407844	0.00597144	-0.03875586
25.80504839	0.15404183	0.00596945	-0.03875211
25.80754838	0.15400523	0.00596745	-0.03874835
25.81004838	0.15396863	0.00596545	-0.03874460
25.81254837	0.15393203	0.00596346	-0.03874085
25.81504837	0.15389543	0.00596146	-0.03873710
25.81754836	0.15385884	0.00595947	-0.03873334
25.82004836	0.15382225	0.00595747	-0.03872959
25.82254835	0.15378566	0.00595548	-0.03872584
25.82504835	0.15374908	0.00595349	-0.03872210
25.82754834	0.15371250	0.00595149	-0.03871835
25.83004834	0.15367592	0.00594950	-0.03871460
25.83254833	0.15363935	0.00594751	-0.03871085
25.83504833	0.15360278	0.00594552	-0.03870711
25.83754832	0.15356621	0.00594353	-0.03870336
25.84004832	0.15352964	0.00594154	-0.03869962
25.84254831	0.15349308	0.00593955	-0.03869587
25.84504831	0.15345652	0.00593756	-0.03869213
25.84754830	0.15341996	0.00593557	-0.03868839
25.85004830	0.15338340	0.00593358	-0.03868465
25.85254829	0.15334685	0.00593160	-0.03868091
25.85504829	0.15331030	0.00592961	-0.03867717
25.85754828	0.15327376	0.00592762	-0.03867343
25.86004828	0.15323722	0.00592564	-0.03866969
25.86254827	0.15320068	0.00592365	-0.03866595
25.86504827	0.15316414	0.00592166	-0.03866221
25.86754826	0.15312761	0.00591968	-0.03865848
25.87004826	0.15309108	0.00591770	-0.03865474
25.87254825	0.15305455	0.00591571	-0.03865101
25.87504825	0.15301802	0.00591373	-0.03864727
25.87754824	0.15298150	0.00591175	-0.03864354
25.88004824	0.15294498	0.00590976	-0.03863980
25.88254823	0.15290847	0.00590778	-0.03863607
25.88504823	0.15287196	0.00590580	-0.03863234
25.88754822	0.15283545	0.00590382	-0.03862861
25.89004822	0.15279894	0.00590184	-0.03862488
25.89254821	0.15276244	0.00589986	-0.03862115
25.89504821	0.15272594	0.00589788	-0.03861742
25.89754820	0.15268944	0.00589590	-0.03861369
25.90004820	0.15265294	0.00589393	-0.03860997
25.90254819	0.15261645	0.00589195	-0.03860624
25.90504819	0.15257996	0.00588997	-0.03860251
25.90754818	0.15254348	0.00588799	-0.03859879
25.91004818	0.15250699	0.00588602	-0.03859507
25.91254817	0.15247052	0.00588404	-0.03859134
25.91504817	0.15243404	0.00588207	-0.03858762
25.91754816	0.15239757	0.00588009	-0.03858390
25.92004816	0.15236110	0.00587812	-0.03858018
25.92254815	0.15232463	0.00587614	-0.03857645
25.92504815	0.15228816	0.00587417	-0.03857273
25.92754814	0.15225170	0.00587220	-0.03856902
25.93004814	0.15221524	0.00587023	-0.03856530
25.93254813	0.15217879	0.00586825	-0.03856158
25.93504813	0.15214234	0.00586628	-0.03855786
25.93754812	0.15210589	0.00586431	-0.03855415
25.94004812	0.15206944	0.00586234	-0.03855043
25.94254811	0.15203300	0.00586037	-0.03854671
25.94504811	0.15199656	0.00585840	-0.03854300
25.94754810	0.15196012	0.00585643	-0.03853929
25.95004810	0.15192369	0.00585447	-0.03853557
25.95254809	0.15188726	0.00585250	-0.03853186
25.95504809	0.15185083	0.00585053	-0.03852815
25.95754808	0.15181441	0.00584857	-0.03852444
25.96004808	0.15177799	0.00584660	-0.03852073
25.96254807	0.15174157	0.00584463	-0.03851702
25.96504807	0.15170515	0.00584267	-0.03851331
25.96754806	0.15166874	0.00584070	-0.03850960
25.97004806	0.15163233	0.00583874	-0.03850590
25.97254805	0.15159593	0.00583678	-0.03850219
25.97504805	0.15155952	0.00583481	-0.03849849
25.97754804	0.15152312	0.00583285	-0.03849478
25.98004804	0.15148673	0.00583089	-0.03849108
25.98254803	0.15145033	0.00582893	-0.03848737
25.98504803	0.15141394	0.00582696	-0.03848367
25.98754802	0.15137756	0.00582500	-0.03847997
25.99004802	0.15134117	0.00582304	-0.03847627
25.99254801	0.15130479	0.00582108	-0.03847257
25.99504801	0.15126842	0.00581912	-0.03846887
25.99754800	0.15123204	0.00581717	-0.03846517
26.00004800	0.15119567	0.00581521	-0.03846147
26.00254799	0.15115930	0.00581325	-0.03845777
26.00504799	0.15112294	0.00581129	-0.03845407
26.00754798	0.15108657	0.00580934	-0.03845038
26.01004798	0.15105022	0.00580738	-0.03844668
26.01254797	0.15101386	0.00580542	-0.03844299
26.01504797	0.15097751	0.00580347	-0.03843929
26.01754796	0.15094116	0.00580151	-0.03843560
26.02004796	0.15090481	0.00579956	-0.03843190
26.02254795	0.15086847	0.00579761	-0.03842821
26.02504795	0.15083213	0.00579565	-0.03842452
26.02754794	0.15079579	0.00579370	-0.03842083
26.03004794	0.15075946	0.00579175	-0.03841714
26.03254793	0.15072313	0.00578980	-0.03841345
26.03504793	0.15068680	0.00578784	-0.03840976
26.03754792	0.15065048	0.00578589	-0.03840607
26.04004792	0.15061416	0.00578394	-0.03840239
26.04254791	0.15057784	0.00578199	-0.03839870
26.04504791	0.15054153	0.00578004	-0.03839501
26.04754790	0.15050521	0.00577810	-0.03839133
26.05004790	0.15046891	0.00577615	-0.03838765
26.05254789	0.15043260	0.00577420	-0.03838396
26.05504789	0.15039630	0.00577225	-0.03838028
26.05754788	0.15036000	0.00577031	-0.03837660
26.06004788	0.15032371	0.00576836	-0.03837291
26.06254787	0.15028742	0.00576641	-0.03836923
26.06504787	0.15025113	0.00576447	-0.03836555
26.06754786	0.15021484	0.00576252	-0.03836187
26.07004786	0.15017856	0.00576058	-0.03835820
26.07254785	0.15014228	0.00575863	-0.03835452
26.07504785	0.15010600	0.00575669	-0.03835084
26.07754784	0.15006973	0.00575475	-0.03834716
26.08004784	0.15003346	0.00575281	-0.03834349
26.08254783	0.14999720	0.00575086	-0.03833981
26.08504783	0.14996093	0.00574892	-0.03833614
26.08754782	0.14992467	0.00574698	-0.03833246
26.09004782	0.14988842	0.00574504	-0.03832879
26.09254781	0.14985216	0.00574310	-0.03832512
26.09504781	0.14981591	0.00574116	-0.03832145
26.09754780	0.14977967	0.00573922	-0.03831778
26.10004780	0.14974342	0.00573729	-0.03831411
26.10254779	0.14970718	0.00573535	-0.03831044
26.10504779	0.14967095	0.00573341	-0.03830677
26.10754778	0.14963471	0.00573147	-0.03830310
26.11004778	0.14959848	0.00572954	-0.03829943
26.11254777	0.14956226	0.00572760	-0.03829577
26.11504777	0.14952603	0.00572567	-0.03829210
26.11754776	0.14948981	0.00572373	-0.03828843
26.12004776	0.14945360	0.00572180	-0.03828477
26.12254775	0.14941738	0.00571986	-0.03828111
26.12504775	0.14938117	0.00571793	-0.03827744
26.12754774	0.14934496	0.00571600	-0.03827378
26.13004774	0.14930876	0.00571406	-0.03827012
26.13254773	0.14927256	0.00571213	-0.03826646
26.13504773	0.14923636	0.00571020	-0.03826280
26.13754772	0.14920017	0.00570827	-0.03825914
26.14004772	0.14916398	0.00570634	-0.03825548
26.14254771	0.14912779	0.00570441	-0.03825182
26.14504771	0.14909161	0.00570248	-0.03824816
26.14754770	0.14905543	0.00570055	-0.03824450
26.15004770	0.14901925	0.00569862	-0.03824085
26.15254769	0.14898307	0.00569669	-0.03823719
26.15504769	0.14894690	0.00569477	-0.03823354
26.15754768	0.14891074	0.00569284	-0.03822988
26.16004768	0.14887457	0.00569091	-0.03822623
26.16254767	0.14883841	0.00568899	-0.03822258
26.16504767	0.14880225	0.00568706	-0.03821893
26.16754766	0.14876610	0.00568514	-0.03821527
26.17004766	0.14872995	0.00568321	-0.03821162
26.17254765	0.14869380	0.00568129	-0.03820797
26.17504765	0.14865766	0.00567937	-0.03820432
26.17754764	0.14862152	0.00567744	-0.03820068
26.18004764	0.14858538	0.00567552	-0.03819703
26.18254763	0.14854924	0.00567360	-0.03819338
26.18504763	0.14851311	0.00567168	-0.03818973
26.18754762	0.14847699	0.00566976	-0.03818609
26.19004762	0.14844086	0.00566783	-0.03818244
26.19254761	0.14840474	0.00566591	-0.03817880
26.19504761	0.14836862	0.00566400	-0.03817515
26.19754760	0.14833251	0.00566208	-0.03817151
26.20004760	0.14829640	0.00566016	-0.03816787
26.20254759	0.14826029	0.00565824	-0.03816423
26.20504759	0.14822419	0.00565632	-0.03816059
26.20754758	0.14818809	0.00565440	-0.03815695
26.21004758	0.14815199	0.00565249	-0.03815331
26.21254757	0.14811590	0.00565057	-0.03814967
26.21504757	0.14807981	0.00564866	-0.03814603
26.21754756	0.14804372	0.00564674	-0.03814239
26.22004756	0.14800764	0.00564483	-0.03813876
26.22254755	0.14797156	0.00564291	-0.03813512
26.22504755	0.14793548	0.00564100	-0.03813148
26.22754754	0.14789941	0.00563909	-0.03812785
26.23004754	0.14786334	0.00563717	-0.03812422
26.23254753	0.14782727	0.00563526	-0.03812058
26.23504753	0.14779121	0.00563335	-0.03811695
26.23754752	0.14775515	0.00563144	-0.03811332
26.24004752	0.14771909	0.00562953	-0.03810969
26.24254751	0.14768304	0.00562762	-0.03810606
26.24504751	0.14764699	0.00562571	-0.03810243
26.24754750	0.14761094	0.00562380	-0.03809880
26.25004750	0.14757490	0.00562189	-0.03809517
26.25254749	0.14753886	0.00561998	-0.03809154
26.25504749	0.14750283	0.00561808	-0.03808791
26.25754748	0.14746679	0.00561617	-0.03808429
26.26004748	0.14743077	0.00561426	-0.03808066
26.26254747	0.14739474	0.00561236	-0.03807704
26.26504747	0.14735872	0.00561045	-0.03807341
26.26754746	0.14732270	0.00560854	-0.03806979
26.27004746	0.14728669	0.00560664	-0.03806617
26.27254745	0.14725067	0.00560474	-0.03806254
26.27504745	0.14721467	0.00560283	-0.03805892
26.27754744	0.14717866	0.00560093	-0.03805530
26.28004744	0.14714266	0.00559903	-0.03805168
26.28254743	0.14710666	0.00559712	-0.03804806
26.28504743	0.14707067	0.00559522	-0.03804444
26.28754742	0.14703468	0.00559332	-0.03804083
26.29004742	0.14699869	0.00559142	-0.03803721
26.29254741	0.14696271	0.00558952	-0.03803359
26.29504741	0.14692673	0.00558762	-0.03802998
26.29754740	0.14689075	0.00558572	-0.03802636
26.30004740	0.14685478	0.00558382	-0.03802275
26.30254739	0.14681881	0.00558192	-0.03801913
26.30504739	0.14678284	0.00558003	-0.03801552
26.30754738	0.14674688	0.00557813	-0.03801191
26.31004738	0.14671092	0.00557623	-0.03800829
26.31254737	0.14667496	0.00557434	-0.03800468
26.31504737	0.14663901	0.00557244	-0.03800107
26.31754736	0.14660306	0.00557054	-0.03799746
26.32004736	0.14656712	0.00556865	-0.03799385
26.32254735	0.14653117	0.00556676	-0.03799024
26.32504735	0.14649524	0.00556486	-0.03798664
26.32754734	0.14645930	0.00556297	-0.03798303
26.33004734	0.14642337	0.00556108	-0.03797942
26.33254733	0.14638744	0.00555918	-0.03797582
26.33504733	0.14635152	0.00555729	-0.03797221
26.33754732	0.14631560	0.00555540	-0.03796861
26.34004732	0.14627968	0.00555351	-0.03796500
26.34254731	0.14624377	0.00555162	-0.03796140
26.34504731	0.14620786	0.00554973	-0.03795780
26.34754730	0.14617195	0.00554784	-0.03795420
26.35004730	0.14613605	0.00554595	-0.03795060
26.35254729	0.14610015	0.00554406	-0.03794700
26.35504729	0.14606425	0.00554217	-0.03794340
26.35754728	0.14602836	0.00554029	-0.03793980
26.36004728	0.14599247	0.00553840	-0.03793620
26.36254727	0.14595659	0.00553651	-0.03793260
26.36504727	0.14592070	0.00553463	-0.03792900
26.36754726	0.14588483	0.00553274	-0.03792541
26.37004726	0.14584895	0.00553086	-0.03792181
26.37254725	0.14581308	0.00552897	-0.03791822
26.37504725	0.14577721	0.00552709	-0.03791462
26.37754724	0.14574135	0.00552520	-0.03791103
26.38004724	0.14570549	0.00552332	-0.03790744
26.38254723	0.14566963	0.00552144	-0.03790385
26.38504723	0.14563378	0.00551956	-0.03790025
26.38754722	0.14559793	0.00551768	-0.03789666
26.39004722	0.14556208	0.00551579	-0.03789307
26.39254721	0.14552624	0.00551391	-0.03788948
26.39504721	0.14549040	0.00551203	-0.03788590
26.39754720	0.14545457	0.00551015	-0.03788231
26.40004720	0.14541874	0.00550828	-0.03787872
26.40254719	0.14538291	0.00550640	-0.03787513
26.40504719	0.14534708	0.00550452	-0.03787155
26.40754718	0.14531126	0.00550264	-0.03786796
26.41004718	0.14527544	0.00550076	-0.03786438
26.41254717	0.14523963	0.00549889	-0.03786079
26.41504717	0.14520382	0.00549701	-0.03785721
26.41754716	0.14516801	0.00549514	-0.03785363
26.42004716	0.14513221	0.00549326	-0.03785005
26.42254715	0.14509641	0.00549139	-0.03784646
26.42504715	0.14506062	0.00548951	-0.03784288
26.42754714	0.14502483	0.00548764	-0.03783930
26.43004714	0.14498904	0.00548577	-0.03783573
26.43254713	0.14495325	0.00548389	-0.03783215
26.43504713	0.14491747	0.00548202	-0.03782857
26.43754712	0.14488169	0.00548015	-0.03782499
26.44004712	0.14484592	0.00547828	-0.03782142
26.44254711	0.14481015	0.00547641	-0.03781784
26.44504711	0.14477438	0.00547454	-0.03781426
26.44754710	0.14473862	0.00547267	-0.03781069
26.45004710	0.14470286	0.00547080	-0.03780712
26.45254709	0.14466711	0.00546893	-0.03780354
26.45504709	0.14463135	0.00546706	-0.03779997
26.45754708	0.14459561	0.00546519	-0.03779640
26.46004708	0.14455986	0.00546333	-0.03779283
26.46254707	0.14452412	0.00546146	-0.03778926
26.46504707	0.14448838	0.00545959	-0.03778569
26.46754706	0.14445265	0.00545773	-0.03778212
26.47004706	0.14441692	0.00545586	-0.03777855
26.47254705	0.14438119	0.00545400	-0.03777498
26.47504705	0.14434547	0.00545213	-0.03777142
26.47754704	0.14430975	0.00545027	-0.03776785
26.48004704	0.14427404	0.00544841	-0.03776428
26.48254703	0.14423833	0.00544654	-0.03776072
26.48504703	0.14420262	0.00544468	-0.03775715
26.48754702	0.14416691	0.00544282	-0.03775359
26.49004702	0.14413121	0.00544096	-0.03775003
26.49254701	0.14409552	0.00543910	-0.03774647
26.49504701	0.14405982	0.00543724	-0.03774290
26.49754700	0.14402414	0.00543538	-0.03773934
26.50004700	0.14398845	0.00543352	-0.03773578
26.50254699	0.14395277	0.00543166	-0.03773222
26.50504699	0.14391709	0.00542980	-0.03772866
26.50754698	0.14388141	0.00542794	-0.03772511
26.51004698	0.14384574	0.00542608	-0.03772155
26.51254697	0.14381008	0.00542423	-0.03771799
26.51504697	0.14377441	0.00542237	-0.03771443
26.51754696	0.14373875	0.00542051	-0.03771088
26.52004696	0.14370310	0.00541866	-0.03770732
26.52254695	0.14366745	0.00541680	-0.03770377
26.52504695	0.14363180	0.00541495	-0.03770022
26.52754694	0.14359615	0.00541310	-0.03769666
26.53004694	0.14356051	0.00541124	-0.03769311
26.53254693	0.14352487	0.00540939	-0.03768956
26.53504693	0.14348924	0.00540754	-0.03768601
26.53754692	0.14345361	0.00540568	-0.03768246
26.54004692	0.14341798	0.00540383	-0.03767891
26.54254691	0.14338236	0.00540198	-0.03767536
26.54504691	0.14334674	0.00540013	-0.03767181
26.54754690	0.14331113	0.00539828	-0.03766826
26.55004690	0.14327552	0.00539643	-0.03766472
26.55254689	0.14323991	0.00539458	-0.03766117
26.55504689	0.14320431	0.00539273	-0.03765763
26.55754688	0.14316871	0.00539089	-0.03765408
26.56004688	0.14313311	0.00538904	-0.03765054
26.56254687	0.14309752	0.00538719	-0.03764699
26.56504687	0.14306193	0.00538534	-0.03764345
26.56754686	0.14302635	0.00538350	-0.03763991
26.57004686	0.14299076	0.00538165	-0.03763637
26.57254685	0.14295519	0.00537981	-0.03763282
26.57504685	0.14291961	0.00537796	-0.03762928
26.57754684	0.14288404	0.00537612	-0.03762574
26.58004684	0.14284848	0.00537427	-0.03762221
26.58254683	0.14281292	0.00537243	-0.03761867
26.58504683	0.14277736	0.00537059	-0.03761513
26.58754682	0.14274180	0.00536875	-0.03761159
26.59004682	0.14270625	0.00536690	-0.03760806
26.59254681	0.14267071	0.00536506	-0.03760452
26.59504681	0.14263516	0.00536322	-0.03760099
26.59754680	0.14259962	0.00536138	-0.03759745
26.60004680	0.14256409	0.00535954	-0.03759392
26.60254679	0.14252856	0.00535770	-0.03759039
26.60504679	0.14249303	0.00535586	-0.03758685
26.60754678	0.14245750	0.00535403	-0.03758332
26.61004678	0.14242198	0.00535219	-0.03757979
26.61254677	0.14238647	0.00535035	-0.03757626
26.61504677	0.14235095	0.00534851	-0.03757273
26.61754676	0.14231545	0.00534668	-0.03756920
26.62004676	0.14227994	0.00534484	-0.03756567
26.62254675	0.14224444	0.00534301	-0.03756215
26.62504675	0.14220894	0.00534117	-0.03755862
26.62754674	0.14217345	0.00533934	-0.03755509
26.63004674	0.14213796	0.00533750	-0.03755157
26.63254673	0.14210247	0.00533567	-0.03754804
26.63504673	0.14206699	0.00533384	-0.03754452
26.63754672	0.14203151	0.00533200	-0.03754099
26.64004672	0.14199604	0.00533017	-0.03753747
26.64254671	0.14196057	0.00532834	-0.03753395
26.64504671	0.14192510	0.00532651	-0.03753043
26.64754670	0.14188964	0.00532468	-0.03752691
26.65004670	0.14185418	0.00532285	-0.03752339
26.65254669	0.14181872	0.00532102	-0.03751987
26.65504669	0.14178327	0.00531919	-0.03751635
26.65754668	0.14174783	0.00531736	-0.03751283
26.66004668	0.14171238	0.00531553	-0.03750931
26.66254667	0.14167694	0.00531371	-0.03750579
26.66504667	0.14164151	0.00531188	-0.03750228
26.66754666	0.14160607	0.00531005	-0.03749876
26.67004666	0.14157065	0.00530823	-0.03749525
26.67254665	0.14153522	0.00530640	-0.03749173
26.67504665	0.14149980	0.00530458	-0.03748822
26.67754664	0.14146439	0.00530275	-0.03748471
26.68004664	0.14142897	0.00530093	-0.03748119
26.68254663	0.14139356	0.00529910	-0.03747768
26.68504663	0.14135816	0.00529728	-0.03747417
26.68754662	0.14132276	0.00529546	-0.03747066
26.69004662	0.14128736	0.00529363	-0.03746715
26.69254661	0.14125197	0.00529181	-0.03746364
26.69504661	0.14121658	0.00528999	-0.03746013
26.69754660	0.14118119	0.00528817	-0.03745663
26.70004660	0.14114581	0.00528635	-0.03745312
26.70254659	0.14111043	0.00528453	-0.03744961
26.70504659	0.14107506	0.00528271	-0.03744611
26.70754658	0.14103969	0.00528089	-0.03744260
26.71004658	0.14100433	0.00527907	-0.03743910
26.71254657	0.14096896	0.00527726	-0.03743559
26.71504657	0.14093361	0.00527544	-0.03743209
26.71754656	0.14089825	0.00527362	-0.03742859
26.72004656	0.14086290	0.00527181	-0.03742508
26.72254655	0.14082756	0.00526999	-0.03742158
26.72504655	0.14079221	0.00526817	-0.03741808
26.72754654	0.14075687	0.00526636	-0.03741458
26.73004654	0.14072154	0.00526455	-0.03741108
26.73254653	0.14068621	0.00526273	-0.03740758
26.73504653	0.14065088	0.00526092	-0.03740409
26.73754652	0.14061556	0.00525910	-0.03740059
26.74004652	0.14058024	0.00525729	-0.03739709
26.74254651	0.14054493	0.00525548	-0.03739360
26.74504651	0.14050962	0.00525367	-0.03739010
26.74754650	0.14047431	0.00525186	-0.03738661
26.75004650	0.14043901	0.00525005	-0.03738311
26.75254649	0.14040371	0.00524824	-0.03737962
26.75504649	0.14036841	0.00524643	-0.03737613
26.75754648	0.14033312	0.00524462	-0.03737263
26.76004648	0.14029783	0.00524281	-0.03736914
26.76254647	0.14026255	0.00524100	-0.03736565
26.76504647	0.14022727	0.00523919	-0.03736216
26.76754646	0.14019200	0.00523739	-0.03735867
26.77004646	0.14015673	0.00523558	-0.03735518
26.77254645	0.14012146	0.00523377	-0.03735170
26.77504645	0.14008620	0.00523197	-0.03734821
26.77754644	0.14005094	0.00523016	-0.03734472
26.78004644	0.14001568	0.00522836	-0.03734123
26.78254643	0.13998043	0.00522655	-0.03733775
26.78504643	0.13994518	0.00522475	-0.03733426
26.78754642	0.13990994	0.00522295	-0.03733078
26.79004642	0.13987470	0.00522114	-0.03732730
26.79254641	0.13983946	0.00521934	-0.03732381
26.79504641	0.13980423	0.00521754	-0.03732033
26.79754640	0.13976900	0.00521574	-0.03731685
26.80004640	0.13973378	0.00521394	-0.03731337
26.80254639	0.13969856	0.00521214	-0.03730989
26.80504639	0.13966335	0.00521034	-0.03730641
26.80754638	0.13962814	0.00520854	-0.03730293
26.81004638	0.13959293	0.00520674	-0.03729945
26.81254637	0.13955772	0.00520494	-0.03729597
26.81504637	0.13952252	0.00520314	-0.03729250
26.81754636	0.13948733	0.00520135	-0.03728902
26.82004636	0.13945214	0.00519955	-0.03728554
26.82254635	0.13941695	0.00519775	-0.03728207
26.82504635	0.13938177	0.00519596	-0.03727859
26.82754634	0.13934659	0.00519416	-0.03727512
26.83004634	0.13931141	0.00519237	-0.03727165
26.83254633	0.13927624	0.00519057	-0.03726817
26.83504633	0.13924107	0.00518878	-0.03726470
26.83754632	0.13920591	0.00518698	-0.03726123
26.84004632	0.13917075	0.00518519	-0.03725776
26.84254631	0.13913560	0.00518340	-0.03725429
26.84504631	0.13910045	0.00518161	-0.03725082
26.84754630	0.13906530	0.00517981	-0.03724735
26.85004630	0.13903016	0.00517802	-0.03724388
26.85254629	0.13899502	0.00517623	-0.03724042
26.85504629	0.13895988	0.00517444	-0.03723695
26.85754628	0.13892475	0.00517265	-0.03723348
26.86004628	0.13888962	0.00517086	-0.03723002
26.86254627	0.13885450	0.00516907	-0.03722655
26.86504627	0.13881938	0.00516729	-0.03722309
26.86754626	0.13878427	0.00516550	-0.03721963
26.87004626	0.13874916	0.00516371	-0.03721616
26.87254625	0.13871405	0.00516192	-0.03721270
26.87504625	0.13867895	0.00516014	-0.03720924
26.87754624	0.13864385	0.00515835	-0.03720578
26.88004624	0.13860876	0.00515657	-0.03720232
26.88254623	0.13857367	0.00515478	-0.03719886
26.88504623	0.13853858	0.00515300	-0.03719540
26.88754622	0.13850350	0.00515121	-0.03719194
26.89004622	0.13846842	0.00514943	-0.03718848
26.89254621	0.13843335	0.00514765	-0.03718502
26.89504621	0.13839828	0.00514586	-0.03718157
26.89754620	0.13836321	0.00514408	-0.03717811
26.90004620	0.13832815	0.00514230	-0.03717466
26.90254619	0.13829309	0.00514052	-0.03717120
26.90504619	0.13825804	0.00513874	-0.03716775
26.90754618	0.13822299	0.00513696	-0.03716430
26.91004618	0.13818794	0.00513518	-0.03716084
26.91254617	0.13815290	0.00513340	-0.03715739
26.91504617	0.13811786	0.00513162	-0.03715394
26.91754616	0.13808283	0.00512984	-0.03715049
26.92004616	0.13804780	0.00512807	-0.03714704
26.92254615	0.13801278	0.00512629	-0.03714359
26.92504615	0.13797776	0.00512451	-0.03714014
26.92754614	0.13794274	0.00512274	-0.03713669
26.93004614	0.13790773	0.00512096	-0.03713324
26.93254613	0.13787272	0.00511919	-0.03712980
26.93504613	0.13783772	0.00511741	-0.03712635
26.93754612	0.13780272	0.00511564	-0.03712291
26.94004612	0.13776772	0.00511386	-0.03711946
26.94254611	0.13773273	0.00511209	-0.03711602
26.94504611	0.13769774	0.00511032	-0.03711257
26.94754610	0.13766276	0.00510855	-0.03710913
26.95004610	0.13762778	0.00510677	-0.03710569
26.95254609	0.13759280	0.00510500	-0.03710225
26.95504609	0.13755783	0.00510323	-0.03709881
26.95754608	0.13752286	0.00510146	-0.03709536
26.96004608	0.13748790	0.00509969	-0.03709192
26.96254607	0.13745294	0.00509792	-0.03708849
26.96504607	0.13741799	0.00509615	-0.03708505
26.96754606	0.13738304	0.00509438	-0.03708161
26.97004606	0.13734809	0.00509262	-0.03707817
26.97254605	0.13731315	0.00509085	-0.03707474
26.97504605	0.13727821	0.00508908	-0.03707130
26.97754604	0.13724328	0.00508732	-0.03706786
26.98004604	0.13720835	0.00508555	-0.03706443
26.98254603	0.13717342	0.00508378	-0.03706099
26.98504603	0.13713850	0.00508202	-0.03705756
26.98754602	0.13710358	0.00508025	-0.03705413
26.99004602	0.13706867	0.00507849	-0.03705070
26.99254601	0.13703376	0.00507673	-0.03704726
26.99504601	0.13699886	0.00507496	-0.03704383
26.99754600	0.13696396	0.00507320	-0.03704040
27.00004600	0.13692906	0.00507144	-0.03703697
27.00254599	0.13689417	0.00506968	-0.03703354
27.00504599	0.13685928	0.00506792	-0.03703012
27.00754598	0.13682440	0.00506615	-0.03702669
27.01004598	0.13678952	0.00506439	-0.03702326
27.01254597	0.13675464	0.00506263	-0.03701984
27.01504597	0.13671977	0.00506087	-0.03701641
27.01754596	0.13668490	0.00505912	-0.03701298
27.02004596	0.13665004	0.00505736	-0.03700956
27.02254595	0.13661518	0.00505560	-0.03700614
27.02504595	0.13658033	0.00505384	-0.03700271
27.02754594	0.13654548	0.00505209	-0.03699929
27.03004594	0.13651063	0.00505033	-0.03699587
27.03254593	0.13647579	0.00504857	-0.03699245
27.03504593	0.13644095	0.00504682	-0.03698903
27.03754592	0.13640612	0.00504506	-0.03698561
27.04004592	0.13637129	0.00504331	-0.03698219
27.04254591	0.13633647	0.00504155	-0.03697877
27.04504591	0.13630164	0.00503980	-0.03697535
27.04754590	0.13626683	0.00503805	-0.03697193
27.05004590	0.13623202	0.00503630	-0.03696851
27.05254589	0.13619721	0.00503454	-0.03696510
27.05504589	0.13616240	0.00503279	-0.03696168
27.05754588	0.13612760	0.00503104	-0.03695827
27.06004588	0.13609281	0.00502929	-0.03695485
27.06254587	0.13605802	0.00502754	-0.03695144
27.06504587	0.13602323	0.00502579	-0.03694803
27.06754586	0.13598845	0.00502404	-0.03694461
27.07004586	0.13595367	0.00502229	-0.03694120
27.07254585	0.13591890	0.00502054	-0.03693779
27.07504585	0.13588413	0.00501880	-0.03693438
27.07754584	0.13584936	0.00501705	-0.03693097
27.08004584	0.13581460	0.00501530	-0.03692756
27.08254583	0.13577984	0.00501356	-0.03692415
27.08504583	0.13574509	0.00501181	-0.03692074
27.08754582	0.13571034	0.00501006	-0.03691733
27.09004582	0.13567560	0.00500832	-0.03691393
27.09254581	0.13564086	0.00500657	-0.03691052
27.09504581	0.13560612	0.00500483	-0.03690712
27.09754580	0.13557139	0.00500309	-0.03690371
27.10004580	0.13553666	0.00500134	-0.03690031
27.10254579	0.13550194	0.00499960	-0.03689690
27.10504579	0.13546722	0.00499786	-0.03689350
27.10754578	0.13543250	0.00499612	-0.03689010
27.11004578	0.13539779	0.00499438	-0.03688670
27.11254577	0.13536309	0.00499264	-0.03688329
27.11504577	0.13532839	0.00499090	-0.03687989
27.11754576	0.13529369	0.00498916	-0.03687649
27.12004576	0.13525900	0.00498742	-0.03687309
27.12254575	0.13522431	0.00498568	-0.03686970
27.12504575	0.13518962	0.00498394	-0.03686630
27.12754574	0.13515494	0.00498220	-0.03686290
27.13004574	0.13512027	0.00498047	-0.03685950
27.13254573	0.13508559	0.00497873	-0.03685611
27.13504573	0.13505093	0.00497699	-0.03685271
27.13754572	0.13501626	0.00497526	-0.03684932
27.14004572	0.13498161	0.00497352	-0.03684592
27.14254571	0.13494695	0.00497179	-0.03684253
27.14504571	0.13491230	0.00497005	-0.03683913
27.14754570	0.13487765	0.00496832	-0.03683574
27.15004570	0.13484301	0.00496659	-0.03683235
27.15254569	0.13480838	0.00496485	-0.03682896
27.15504569	0.13477374	0.00496312	-0.03682557
27.15754568	0.13473911	0.00496139	-0.03682218
27.16004568	0.13470449	0.00495966	-0.03681879
27.16254567	0.13466987	0.00495793	-0.03681540
27.16504567	0.13463525	0.00495619	-0.03681201
27.16754566	0.13460064	0.00495446	-0.03680862
27.17004566	0.13456604	0.00495273	-0.03680524
27.17254565	0.13453143	0.00495101	-0.03680185
27.17504565	0.13449683	0.00494928	-0.03679847
27.17754564	0.13446224	0.00494755	-0.03679508
27.18004564	0.13442765	0.00494582	-0.03679170
27.18254563	0.13439306	0.00494409	-0.03678831
27.18504563	0.13435848	0.00494237	-0.03678493
27.18754562	0.13432391	0.00494064	-0.03678155
27.19004562	0.13428933	0.00493892	-0.03677817
27.19254561	0.13425477	0.00493719	-0.03677478
27.19504561	0.13422020	0.00493547	-0.03677140
27.19754560	0.13418564	0.00493374	-0.03676802
27.20004560	0.13415109	0.00493202	-0.03676464
27.20254559	0.13411654	0.00493029	-0.03676127
27.20504559	0.13408199	0.00492857	-0.03675789
27.20754558	0.13404745	0.00492685	-0.03675451
27.21004558	0.13401291	0.00492513	-0.03675113
27.21254557	0.13397838	0.00492340	-0.03674776
27.21504557	0.13394385	0.00492168	-0.03674438
27.21754556	0.13390932	0.00491996	-0.03674101
27.22004556	0.13387480	0.00491824	-0.03673763
27.22254555	0.13384029	0.00491652	-0.03673426
27.22504555	0.13380578	0.00491480	-0.03673088
27.22754554	0.13377127	0.00491309	-0.03672751
27.23004554	0.13373677	0.00491137	-0.03672414
27.23254553	0.13370227	0.00490965	-0.03672077
27.23504553	0.13366778	0.00490793	-0.03671740
27.23754552	0.13363329	0.00490622	-0.03671403
27.24004552	0.13359880	0.00490450	-0.03671066
27.24254551	0.13356432	0.00490278	-0.03670729
27.24504551	0.13352984	0.00490107	-0.03670392
27.24754550	0.13349537	0.00489935	-0.03670055
27.25004550	0.13346090	0.00489764	-0.03669719
27.25254549	0.13342644	0.00489593	-0.03669382
27.25504549	0.13339198	0.00489421	-0.03669045
27.25754548	0.13335753	0.00489250	-0.03668709
27.26004548	0.13332308	0.00489079	-0.03668372
27.26254547	0.13328863	0.00488908	-0.03668036
27.26504547	0.13325419	0.00488736	-0.03667700
27.26754546	0.13321975	0.00488565	-0.03667363
27.27004546	0.13318532	0.00488394	-0.03667027
27.27254545	0.13315089	0.00488223	-0.03666691
27.27504545	0.13311647	0.00488052	-0.03666355
27.27754544	0.13308205	0.00487881	-0.03666019
27.28004544	0.13304763	0.00487710	-0.03665683
27.28254543	0.13301322	0.00487540	-0.03665347
27.28504543	0.13297882	0.00487369	-0.03665011
27.28754542	0.13294442	0.00487198	-0.03664676
27.29004542	0.13291002	0.00487027	-0.03664340
27.29254541	0.13287563	0.00486857	-0.03664004
27.29504541	0.13284124	0.00486686	-0.03663669
27.29754540	0.13280685	0.00486516	-0.03663333
27.30004540	0.13277248	0.00486345	-0.03662998
27.30254539	0.13273810	0.00486175	-0.03662662
27.30504539	0.13270373	0.00486004	-0.03662327
27.30754538	0.13266936	0.00485834	-0.03661992
27.31004538	0.13263500	0.00485664	-0.03661656
27.31254537	0.13260064	0.00485494	-0.03661321
27.31504537	0.13256629	0.00485323	-0.03660986
27.31754536	0.13253194	0.00485153	-0.03660651
27.32004536	0.13249760	0.00484983	-0.03660316
27.32254535	0.13246326	0.00484813	-0.03659981
27.32504535	0.13242892	0.00484643	-0.03659646
27.32754534	0.13239459	0.00484473	-0.03659311
27.33004534	0.13236027	0.00484303	-0.03658977
27.33254533	0.13232595	0.00484133	-0.03658642
27.33504533	0.13229163	0.00483963	-0.03658307
27.33754532	0.13225732	0.00483794	-0.03657973
27.34004532	0.13222301	0.00483624	-0.03657638
27.34254531	0.13218870	0.00483454	-0.03657304
27.34504531	0.13215440	0.00483285	-0.03656970
27.34754530	0.13212011	0.00483115	-0.03656635
27.35004530	0.13208582	0.00482946	-0.03656301
27.35254529	0.13205153	0.00482776	-0.03655967
27.35504529	0.13201725	0.00482607	-0.03655633
27.35754528	0.13198297	0.00482437	-0.03655299
27.36004528	0.13194870	0.00482268	-0.03654965
27.36254527	0.13191443	0.00482099	-0.03654631
27.36504527	0.13188017	0.00481929	-0.03654297
27.36754526	0.13184591	0.00481760	-0.03653963
27.37004526	0.13181166	0.00481591	-0.03653629
27.37254525	0.13177741	0.00481422	-0.03653296
27.37504525	0.13174316	0.00481253	-0.03652962
27.37754524	0.13170892	0.00481084	-0.03652628
27.38004524	0.13167468	0.00480915	-0.03652295
27.38254523	0.13164045	0.00480746	-0.03651961
27.38504523	0.13160622	0.00480577	-0.03651628
27.38754522	0.13157200	0.00480408	-0.03651295
27.39004522	0.13153778	0.00480239	-0.03650961
27.39254521	0.13150357	0.00480071	-0.03650628
27.39504521	0.13146936	0.00479902	-0.03650295
27.39754520	0.13143515	0.00479733	-0.03649962
27.40004520	0.13140095	0.00479565	-0.03649629
27.40254519	0.13136675	0.00479396	-0.03649296
27.40504519	0.13133256	0.00479228	-0.03648963
27.40754518	0.13129838	0.00479059	-0.03648630
27.41004518	0.13126419	0.00478891	-0.03648298
27.41254517	0.13123001	0.00478722	-0.03647965
27.41504517	0.13119584	0.00478554	-0.03647632
27.41754516	0.13116167	0.00478386	-0.03647300
27.42004516	0.13112751	0.00478218	-0.03646967
27.42254515	0.13109335	0.00478050	-0.03646635
27.42504515	0.13105919	0.00477881	-0.03646302
27.42754514	0.13102504	0.00477713	-0.03645970
27.43004514	0.13099089	0.00477545	-0.03645637
27.43254513	0.13095675	0.00477377	-0.03645305
27.43504513	0.13092261	0.00477209	-0.03644973
27.43754512	0.13088848	0.00477042	-0.03644641
27.44004512	0.13085435	0.00476874	-0.03644309
27.44254511	0.13082023	0.00476706	-0.03643977
27.44504511	0.13078611	0.00476538	-0.03643645
27.44754510	0.13075200	0.00476370	-0.03643313
27.45004510	0.13071789	0.00476203	-0.03642981
27.45254509	0.13068378	0.00476035	-0.03642650
27.45504509	0.13064968	0.00475868	-0.03642318
27.45754508	0.13061558	0.00475700	-0.03641986
27.46004508	0.13058149	0.00475533	-0.03641655
27.46254507	0.13054740	0.00475365	-0.03641323
27.46504507	0.13051332	0.00475198	-0.03640992
27.46754506	0.13047924	0.00475031	-0.03640660
27.47004506	0.13044517	0.00474863	-0.03640329
27.47254505	0.13041110	0.00474696	-0.03639998
27.47504505	0.13037703	0.00474529	-0.03639666
27.47754504	0.13034297	0.00474362	-0.03639335
27.48004504	0.13030892	0.00474195	-0.03639004
27.48254503	0.13027487	0.00474028	-0.03638673
27.48504503	0.13024082	0.00473861	-0.03638342
27.48754502	0.13020678	0.00473694	-0.03638011
27.49004502	0.13017274	0.00473527	-0.03637680
27.49254501	0.13013871	0.00473360	-0.03637350
27.49504501	0.13010468	0.00473193	-0.03637019
27.49754500	0.13007066	0.00473026	-0.03636688
27.50004500	0.13003664	0.00472860	-0.03636358
27.50254499	0.13000262	0.00472693	-0.03636027
27.50504499	0.12996861	0.00472526	-0.03635697
27.50754498	0.12993461	0.00472360	-0.03635366
27.51004498	0.12990061	0.00472193	-0.03635036
27.51254497	0.12986661	0.00472027	-0.03634706
27.51504497	0.12983262	0.00471860	-0.03634375
27.51754496	0.12979863	0.00471694	-0.03634045
27.52004496	0.12976465	0.00471528	-0.03633715
27.52254495	0.12973067	0.00471361	-0.03633385
27.52504495	0.12969670	0.00471195	-0.03633055
27.52754494	0.12966273	0.00471029	-0.03632725
27.53004494	0.12962877	0.00470863	-0.03632395
27.53254493	0.12959481	0.00470697	-0.03632065
27.53504493	0.12956086	0.00470531	-0.03631735
27.53754492	0.12952691	0.00470365	-0.03631406
27.54004492	0.12949296	0.00470199	-0.03631076
27.54254491	0.12945902	0.00470033	-0.03630747
27.54504491	0.12942508	0.00469867	-0.03630417
27.54754490	0.12939115	0.00469701	-0.03630088
27.55004490	0.12935722	0.00469535	-0.03629758
27.55254489	0.12932330	0.00469370	-0.03629429
27.55504489	0.12928938	0.00469204	-0.03629100
27.55754488	0.12925547	0.00469038	-0.03628770
27.56004488	0.12922156	0.00468873	-0.03628441
27.56254487	0.12918766	0.00468707	-0.03628112
27.56504487	0.12915376	0.00468542	-0.03627783
27.56754486	0.12911987	0.00468376	-0.03627454
27.57004486	0.12908598	0.00468211	-0.03627125
27.57254485	0.12905209	0.00468046	-0.03626796
27.57504485	0.12901821	0.00467880	-0.03626467
27.57754484	0.12898433	0.00467715	-0.03626139
27.58004484	0.12895046	0.00467550	-0.03625810
27.58254483	0.12891659	0.00467385	-0.03625481
27.58504483	0.12888273	0.00467220	-0.03625153
27.58754482	0.12884888	0.00467055	-0.03624824
27.59004482	0.12881502	0.00466890	-0.03624496
27.59254481	0.12878117	0.00466725	-0.03624167
27.59504481	0.12874733	0.00466560	-0.03623839
27.59754480	0.12871349	0.00466395	-0.03623511
27.60004480	0.12867966	0.00466230	-0.03623183
27.60254479	0.12864583	0.00466065	-0.03622854
27.60504479	0.12861200	0.00465900	-0.03622526
27.60754478	0.12857818	0.00465736	-0.03622198
27.61004478	0.12854437	0.00465571	-0.03621870
27.61254477	0.12851056	0.00465406	-0.03621542
27.61504477	0.12847675	0.00465242	-0.03621214
27.61754476	0.12844295	0.00465077	-0.03620887
27.62004476	0.12840915	0.00464913	-0.03620559
27.62254475	0.12837536	0.00464748	-0.03620231
27.62504475	0.12834157	0.00464584	-0.03619904
27.62754474	0.12830779	0.00464420	-0.03619576
27.63004474	0.12827401	0.00464256	-0.03619249
27.63254473	0.12824024	0.00464091	-0.03618921
27.63504473	0.12820647	0.00463927	-0.03618594
27.63754472	0.12817270	0.00463763	-0.03618266
27.64004472	0.12813894	0.00463599	-0.03617939
27.64254471	0.12810519	0.00463435	-0.03617612
27.64504471	0.12807144	0.00463271	-0.03617285
27.64754470	0.12803769	0.00463107	-0.03616958
27.65004470	0.12800395	0.00462943	-0.03616631
27.65254469	0.12797022	0.00462779	-0.03616304
27.65504469	0.12793649	0.00462615	-0.03615977
27.65754468	0.12790276	0.00462452	-0.03615650
27.66004468	0.12786904	0.00462288	-0.03615323
27.66254467	0.12783532	0.00462124	-0.03614996
27.66504467	0.12780161	0.00461961	-0.03614670
27.66754466	0.12776790	0.00461797	-0.03614343
27.67004466	0.12773420	0.00461633	-0.03614017
27.67254465	0.12770050	0.00461470	-0.03613690
27.67504465	0.12766680	0.00461307	-0.03613364
27.67754464	0.12763311	0.00461143	-0.03613037
27.68004464	0.12759943	0.00460980	-0.03612711
27.68254463	0.12756575	0.00460817	-0.03612385
27.68504463	0.12753207	0.00460653	-0.03612058
27.68754462	0.12749840	0.00460490	-0.03611732
27.69004462	0.12746474	0.00460327	-0.03611406
27.69254461	0.12743108	0.00460164	-0.03611080
27.69504461	0.12739742	0.00460001	-0.03610754
27.69754460	0.12736377	0.00459838	-0.03610428
27.70004460	0.12733012	0.00459675	-0.03610102
27.70254459	0.12729648	0.00459512	-0.03609777
27.70504459	0.12726284	0.00459349	-0.03609451
27.70754458	0.12722921	0.00459186	-0.03609125
27.71004458	0.12719558	0.00459023	-0.03608800
27.71254457	0.12716196	0.00458861	-0.03608474
27.71504457	0.12712834	0.00458698	-0.03608149
27.71754456	0.12709473	0.00458535	-0.03607823
27.72004456	0.12706112	0.00458373	-0.03607498
27.72254455	0.12702752	0.00458210	-0.03607172
27.72504455	0.12699392	0.00458048	-0.03606847
27.72754454	0.12696032	0.00457885	-0.03606522
27.73004454	0.12692673	0.00457723	-0.03606197
27.73254453	0.12689315	0.00457560	-0.03605872
27.73504453	0.12685957	0.00457398	-0.03605547
27.73754452	0.12682599	0.00457236	-0.03605222
27.74004452	0.12679242	0.00457074	-0.03604897
27.74254451	0.12675885	0.00456911	-0.03604572
27.74504451	0.12672529	0.00456749	-0.03604247
27.74754450	0.12669174	0.00456587	-0.03603923
27.75004450	0.12665818	0.00456425	-0.03603598
27.75254449	0.12662464	0.00456263	-0.03603273
27.75504449	0.12659109	0.00456101	-0.03602949
27.75754448	0.12655756	0.00455939	-0.03602624
27.76004448	0.12652402	0.00455777	-0.03602300
27.76254447	0.12649050	0.00455616	-0.03601975
27.76504447	0.12645697	0.00455454	-0.03601651
27.76754446	0.12642345	0.00455292	-0.03601327
27.77004446	0.12638994	0.00455130	-0.03601003
27.77254445	0.12635643	0.00454969	-0.03600678
27.77504445	0.12632293	0.00454807	-0.03600354
27.77754444	0.12628943	0.00454646	-0.03600030
27.78004444	0.12625593	0.00454484	-0.03599706
27.78254443	0.12622244	0.00454323	-0.03599382
27.78504443	0.12618896	0.00454161	-0.03599058
27.78754442	0.12615548	0.00454000	-0.03598735
27.79004442	0.12612200	0.00453839	-0.03598411
27.79254441	0.12608853	0.00453678	-0.03598087
27.79504441	0.12605506	0.00453516	-0.03597764
27.79754440	0.12602160	0.00453355	-0.03597440
27.80004440	0.12598815	0.00453194	-0.03597117
27.80254439	0.12595470	0.00453033	-0.03596793
27.80504439	0.12592125	0.00452872	-0.03596470
27.80754438	0.12588781	0.00452711	-0.03596146
27.81004438	0.12585437	0.00452550	-0.03595823
27.81254437	0.12582094	0.00452389	-0.03595500
27.81504437	0.12578751	0.00452228	-0.03595177
27.81754436	0.12575409	0.00452068	-0.03594854
27.82004436	0.12572067	0.00451907	-0.03594531
27.82254435	0.12568725	0.00451746	-0.03594208
27.82504435	0.12565385	0.00451585	-0.03593885
27.82754434	0.12562044	0.00451425	-0.03593562
27.83004434	0.12558704	0.00451264	-0.03593239
27.83254433	0.12555365	0.00451104	-0.03592916
27.83504433	0.12552026	0.00450943	-0.03592594
27.83754432	0.12548688	0.00450783	-0.03592271
27.84004432	0.12545350	0.00450622	-0.03591948
27.84254431	0.12542012	0.00450462	-0.03591626
27.84504431	0.12538675	0.00450302	-0.03591303
27.84754430	0.12535339	0.00450142	-0.03590981
27.85004430	0.12532003	0.00449981	-0.03590659
27.85254429	0.12528667	0.00449821	-0.03590336
27.85504429	0.12525332	0.00449661	-0.03590014
27.85754428	0.12521997	0.00449501	-0.03589692
27.86004428	0.12518663	0.00449341	-0.03589370
27.86254427	0.12515330	0.00449181	-0.03589048
27.86504427	0.12511996	0.00449021	-0.03588726
27.86754426	0.12508664	0.00448861	-0.03588404
27.87004426	0.12505332	0.00448702	-0.03588082
27.87254425	0.12502000	0.00448542	-0.03587760
27.87504425	0.12498669	0.00448382	-0.03587438
27.87754424	0.12495338	0.00448222	-0.03587117
27.88004424	0.12492008	0.00448063	-0.03586795
27.88254423	0.12488678	0.00447903	-0.03586473
27.88504423	0.12485349	0.00447744	-0.03586152
27.88754422	0.12482020	0.00447584	-0.03585830
27.89004422	0.12478692	0.00447425	-0.03585509
27.89254421	0.12475364	0.00447265	-0.03585187
27.89504421	0.12472037	0.00447106	-0.03584866
27.89754420	0.12468710	0.00446946	-0.03584545
27.90004420	0.12465383	0.00446787	-0.03584224
27.90254419	0.12462057	0.00446628	-0.03583903
27.90504419	0.12458732	0.00446469	-0.03583581
27.90754418	0.12455407	0.00446310	-0.03583260
27.91004418	0.12452083	0.00446151	-0.03582940
27.91254417	0.12448759	0.00445992	-0.03582619
27.91504417	0.12445435	0.00445833	-0.03582298
27.91754416	0.12442112	0.00445674	-0.03581977
27.92004416	0.12438790	0.00445515	-0.03581656
27.92254415	0.12435468	0.00445356	-0.03581336
27.92504415	0.12432146	0.00445197	-0.03581015
27.92754414	0.12428825	0.00445038	-0.03580694
27.93004414	0.12425505	0.00444880	-0.03580374
27.93254413	0.12422185	0.00444721	-0.03580053
27.93504413	0.12418865	0.00444562	-0.03579733
27.93754412	0.12415546	0.00444404	-0.03579413
27.94004412	0.12412228	0.00444245	-0.03579092
27.94254411	0.12408910	0.00444087	-0.03578772
27.94504411	0.12405592	0.00443928	-0.03578452
27.94754410	0.12402275	0.00443770	-0.03578132
27.95004410	0.12398958	0.00443611	-0.03577812
27.95254409	0.12395642	0.00443453	-0.03577492
27.95504409	0.12392326	0.00443295	-0.03577172
27.95754408	0.12389011	0.00443137	-0.03576852
27.96004408	0.12385697	0.00442978	-0.03576532
27.96254407	0.12382382	0.00442820	-0.03576213
27.96504407	0.12379069	0.00442662	-0.03575893
27.96754406	0.12375756	0.00442504	-0.03575573
27.97004406	0.12372443	0.00442346	-0.03575254
27.97254405	0.12369131	0.00442188	-0.03574934
27.97504405	0.12365819	0.00442030	-0.03574615
27.97754404	0.12362508	0.00441873	-0.03574295
27.98004404	0.12359197	0.00441715	-0.03573976
27.98254403	0.12355887	0.00441557	-0.03573656
27.98504403	0.12352577	0.00441399	-0.03573337
27.98754402	0.12349268	0.00441242	-0.03573018
27.99004402	0.12345959	0.00441084	-0.03572699
27.99254401	0.12342650	0.00440926	-0.03572380
27.99504401	0.12339343	0.00440769	-0.03572061
27.99754400	0.12336035	0.00440611	-0.03571742
28.00004400	0.12332728	0.00440454	-0.03571423
28.00254399	0.12329422	0.00440297	-0.03571104
28.00504399	0.12326116	0.00440139	-0.03570785
28.00754398	0.12322811	0.00439982	-0.03570467
28.01004398	0.12319506	0.00439825	-0.03570148
28.01254397	0.12316202	0.00439667	-0.03569829
28.01504397	0.12312898	0.00439510	-0.03569511
28.01754396	0.12309594	0.00439353	-0.03569192
28.02004396	0.12306292	0.00439196	-0.03568874
28.02254395	0.12302989	0.00439039	-0.03568555
28.02504395	0.12299687	0.00438882	-0.03568237
28.02754394	0.12296386	0.00438725	-0.03567919
28.03004394	0.12293085	0.00438568	-0.03567601
28.03254393	0.12289784	0.00438411	-0.03567282
28.03504393	0.12286485	0.00438255	-0.03566964
28.03754392	0.12283185	0.00438098	-0.03566646
28.04004392	0.12279886	0.00437941	-0.03566328
28.04254391	0.12276588	0.00437784	-0.03566010
28.04504391	0.12273290	0.00437628	-0.03565692
28.04754390	0.12269992	0.00437471	-0.03565375
28.05004390	0.12266695	0.00437315	-0.03565057
28.05254389	0.12263399	0.00437158	-0.03564739
28.05504389	0.12260103	0.00437002	-0.03564421
28.05754388	0.12256807	0.00436845	-0.03564104
28.06004388	0.12253512	0.00436689	-0.03563786
28.06254387	0.12250218	0.00436533	-0.03563469
28.06504387	0.12246924	0.00436376	-0.03563151
28.06754386	0.12243630	0.00436220	-0.03562834
28.07004386	0.12240337	0.00436064	-0.03562517
28.07254385	0.12237045	0.00435908	-0.03562199
28.07504385	0.12233753	0.00435752	-0.03561882
28.07754384	0.12230461	0.00435596	-0.03561565
28.08004384	0.12227170	0.00435440	-0.03561248
28.08254383	0.12223880	0.00435284	-0.03560931
28.08504383	0.12220590	0.00435128	-0.03560614
28.08754382	0.12217300	0.00434972	-0.03560297
28.09004382	0.12214011	0.00434816	-0.03559980
28.09254381	0.12210722	0.00434661	-0.03559663
28.09504381	0.12207434	0.00434505	-0.03559347
28.09754380	0.12204147	0.00434349	-0.03559030
28.10004380	0.12200860	0.00434194	-0.03558713
28.10254379	0.12197573	0.00434038	-0.03558397
28.10504379	0.12194287	0.00433883	-0.03558080
28.10754378	0.12191002	0.00433727	-0.03557764
28.11004378	0.12187717	0.00433572	-0.03557447
28.11254377	0.12184432	0.00433416	-0.03557131
28.11504377	0.12181148	0.00433261	-0.03556815
28.11754376	0.12177864	0.00433106	-0.03556498
28.12004376	0.12174581	0.00432950	-0.03556182
28.12254375	0.12171299	0.00432795	-0.03555866
28.12504375	0.12168017	0.00432640	-0.03555550
28.12754374	0.12164735	0.00432485	-0.03555234
28.13004374	0.12161454	0.00432330	-0.03554918
28.13254373	0.12158173	0.00432175	-0.03554602
28.13504373	0.12154893	0.00432020	-0.03554286
28.13754372	0.12151614	0.00431865	-0.03553970
28.14004372	0.12148335	0.00431710	-0.03553655
28.14254371	0.12145056	0.00431555	-0.03553339
28.14504371	0.12141778	0.00431400	-0.03553023
28.14754370	0.12138500	0.00431245	-0.03552708
28.15004370	0.12135223	0.00431091	-0.03552392
28.15254369	0.12131947	0.00430936	-0.03552077
28.15504369	0.12128671	0.00430781	-0.03551761
28.15754368	0.12125395	0.00430627	-0.03551446
28.16004368	0.12122120	0.00430472	-0.03551131
28.16254367	0.12118845	0.00430318	-0.03550816
28.16504367	0.12115571	0.00430163	-0.03550500
28.16754366	0.12112298	0.00430009	-0.03550185
28.17004366	0.12109025	0.00429855	-0.03549870
28.17254365	0.12105752	0.00429700	-0.03549555
28.17504365	0.12102480	0.00429546	-0.03549240
28.17754364	0.12099208	0.00429392	-0.03548925
28.18004364	0.12095937	0.00429238	-0.03548611
28.18254363	0.12092667	0.00429084	-0.03548296
28.18504363	0.12089397	0.00428929	-0.03547981
28.18754362	0.12086127	0.00428775	-0.03547666
28.19004362	0.12082858	0.00428621	-0.03547352
28.19254361	0.12079589	0.00428468	-0.03547037
28.19504361	0.12076321	0.00428314	-0.03546723
28.19754360	0.12073054	0.00428160	-0.03546408
28.20004360	0.12069787	0.00428006	-0.03546094
28.20254359	0.12066520	0.00427852	-0.03545779
28.20504359	0.12063254	0.00427698	-0.03545465
28.20754358	0.12059989	0.00427545	-0.03545151
28.21004358	0.12056724	0.00427391	-0.03544837
28.21254357	0.12053459	0.00427238	-0.03544523
28.21504357	0.12050195	0.00427084	-0.03544209
28.21754356	0.12046931	0.00426931	-0.03543895
28.22004356	0.12043668	0.00426777	-0.03543581
28.22254355	0.12040406	0.00426624	-0.03543267
28.22504355	0.12037144	0.00426470	-0.03542953
28.22754354	0.12033882	0.00426317	-0.03542639
28.23004354	0.12030621	0.00426164	-0.03542325
28.23254353	0.12027361	0.00426011	-0.03542012
28.23504353	0.12024101	0.00425857	-0.03541698
28.23754352	0.12020841	0.00425704	-0.03541385
28.24004352	0.12017582	0.00425551	-0.03541071
28.24254351	0.12014324	0.00425398	-0.03540758
28.24504351	0.12011066	0.00425245	-0.03540444
28.24754350	0.12007808	0.00425092	-0.03540131
28.25004350	0.12004551	0.00424939	-0.03539818
28.25254349	0.12001295	0.00424786	-0.03539504
28.25504349	0.11998039	0.00424634	-0.03539191
28.25754348	0.11994784	0.00424481	-0.03538878
28.26004348	0.11991529	0.00424328	-0.03538565
28.26254347	0.11988274	0.00424175	-0.03538252
28.26504347	0.11985020	0.00424023	-0.03537939
28.26754346	0.11981767	0.00423870	-0.03537626
28.27004346	0.11978514	0.00423718	-0.03537313
28.27254345	0.11975261	0.00423565	-0.03537000
28.27504345	0.11972009	0.00423413	-0.03536688
28.27754344	0.11968758	0.00423260	-0.03536375
28.28004344	0.11965507	0.00423108	-0.03536062
28.28254343	0.11962257	0.00422955	-0.03535750
28.28504343	0.11959007	0.00422803	-0.03535437
28.28754342	0.11955758	0.00422651	-0.03535125
28.29004342	0.11952509	0.00422499	-0.03534813
28.29254341	0.11949260	0.00422347	-0.03534500
28.29504341	0.11946012	0.00422195	-0.03534188
28.29754340	0.11942765	0.00422042	-0.03533876
28.30004340	0.11939518	0.00421890	-0.03533563
28.30254339	0.11936272	0.00421738	-0.03533251
28.30504339	0.11933026	0.00421587	-0.03532939
28.30754338	0.11929781	0.00421435	-0.03532627
28.31004338	0.11926536	0.00421283	-0.03532315
28.31254337	0.11923292	0.00421131	-0.03532003
28.31504337	0.11920048	0.00420979	-0.03531692
28.31754336	0.11916805	0.00420828	-0.03531380
28.32004336	0.11913562	0.00420676	-0.03531068
28.32254335	0.11910320	0.00420524	-0.03530756
28.32504335	0.11907078	0.00420373	-0.03530445
28.32754334	0.11903837	0.00420221	-0.03530133
28.33004334	0.11900596	0.00420070	-0.03529822
28.33254333	0.11897356	0.00419918	-0.03529510
28.33504333	0.11894116	0.00419767	-0.03529199
28.33754332	0.11890877	0.00419616	-0.03528887
28.34004332	0.11887638	0.00419464	-0.03528576
28.34254331	0.11884400	0.00419313	-0.03528265
28.34504331	0.11881162	0.00419162	-0.03527954
28.34754330	0.11877925	0.00419011	-0.03527643
28.35004330	0.11874688	0.00418860	-0.03527331
28.35254329	0.11871452	0.00418709	-0.03527020
28.35504329	0.11868217	0.00418558	-0.03526709
28.35754328	0.11864981	0.00418407	-0.03526399
28.36004328	0.11861747	0.00418256	-0.03526088
28.36254327	0.11858513	0.00418105	-0.03525777
28.36504327	0.11855279	0.00417954	-0.03525466
28.36754326	0.11852046	0.00417803	-0.03525155
28.37004326	0.11848814	0.00417652	-0.03524845
28.37254325	0.11845582	0.00417502	-0.03524534
28.37504325	0.11842350	0.00417351	-0.03524224
28.37754324	0.11839119	0.00417200	-0.03523913
28.38004324	0.11835888	0.00417050	-0.03523603
28.38254323	0.11832658	0.00416899	-0.03523292
28.38504323	0.11829429	0.00416749	-0.03522982
28.38754322	0.11826200	0.00416598	-0.03522672
28.39004322	0.11822971	0.00416448	-0.03522362
28.39254321	0.11819744	0.00416297	-0.03522052
28.39504321	0.11816516	0.00416147	-0.03521741
28.39754320	0.11813289	0.00415997	-0.03521431
28.40004320	0.11810063	0.00415847	-0.03521121
28.40254319	0.11806837	0.00415696	-0.03520811
28.40504319	0.11803611	0.00415546	-0.03520502
28.40754318	0.11800387	0.00415396	-0.03520192
28.41004318	0.11797162	0.00415246	-0.03519882
28.41254317	0.11793938	0.00415096	-0.03519572
28.41504317	0.11790715	0.00414946	-0.03519263
28.41754316	0.11787492	0.00414796	-0.03518953
28.42004316	0.11784270	0.00414646	-0.03518643
28.42254315	0.11781048	0.00414497	-0.03518334
28.42504315	0.11777827	0.00414347	-0.03518025
28.42754314	0.11774606	0.00414197	-0.03517715
28.43004314	0.11771386	0.00414047	-0.03517406
28.43254313	0.11768166	0.00413898	-0.03517097
28.43504313	0.11764947	0.00413748	-0.03516787
28.43754312	0.11761728	0.00413599	-0.03516478
28.44004312	0.11758510	0.00413449	-0.03516169
28.44254311	0.11755292	0.00413300	-0.03515860
28.44504311	0.11752075	0.00413150	-0.03515551
28.44754310	0.11748859	0.00413001	-0.03515242
28.45004310	0.11745642	0.00412851	-0.03514933
28.45254309	0.11742427	0.00412702	-0.03514624
28.45504309	0.11739212	0.00412553	-0.03514316
28.45754308	0.11735997	0.00412404	-0.03514007
28.46004308	0.11732783	0.00412255	-0.03513698
28.46254307	0.11729570	0.00412105	-0.03513390
28.46504307	0.11726357	0.00411956	-0.03513081
28.46754306	0.11723144	0.00411807	-0.03512772
28.47004306	0.11719932	0.00411658	-0.03512464
28.47254305	0.11716721	0.00411509	-0.03512156
28.47504305	0.11713510	0.00411361	-0.03511847
28.47754304	0.11710299	0.00411212	-0.03511539
28.48004304	0.11707089	0.00411063	-0.03511231
28.48254303	0.11703880	0.00410914	-0.03510922
28.48504303	0.11700671	0.00410765	-0.03510614
28.48754302	0.11697463	0.00410617	-0.03510306
28.49004302	0.11694255	0.00410468	-0.03509998
28.49254301	0.11691047	0.00410320	-0.03509690
28.49504301	0.11687841	0.00410171	-0.03509382
28.49754300	0.11684634	0.00410023	-0.03509074
28.50004300	0.11681428	0.00409874	-0.03508767
28.50254299	0.11678223	0.00409726	-0.03508459
28.50504299	0.11675018	0.00409577	-0.03508151
28.50754298	0.11671814	0.00409429	-0.03507844
28.51004298	0.11668610	0.00409281	-0.03507536
28.51254297	0.11665407	0.00409132	-0.03507228
28.51504297	0.11662205	0.00408984	-0.03506921
28.51754296	0.11659002	0.00408836	-0.03506613
28.52004296	0.11655801	0.00408688	-0.03506306
28.52254295	0.11652600	0.00408540	-0.03505999
28.52504295	0.11649399	0.00408392	-0.03505691
28.52754294	0.11646199	0.00408244	-0.03505384
28.53004294	0.11642999	0.00408096	-0.03505077
28.53254293	0.11639800	0.00407948	-0.03504770
28.53504293	0.11636602	0.00407800	-0.03504463
28.53754292	0.11633404	0.00407653	-0.03504156
28.54004292	0.11630206	0.00407505	-0.03503849
28.54254291	0.11627009	0.00407357	-0.03503542
28.54504291	0.11623813	0.00407210	-0.03503235
28.54754290	0.11620617	0.00407062	-0.03502928
28.55004290	0.11617422	0.00406914	-0.03502622
28.55254289	0.11614227	0.00406767	-0.03502315
28.55504289	0.11611032	0.00406619	-0.03502008
28.55754288	0.11607839	0.00406472	-0.03501702
28.56004288	0.11604645	0.00406325	-0.03501395
28.56254287	0.11601452	0.00406177	-0.03501089
28.56504287	0.11598260	0.00406030	-0.03500782
28.56754286	0.11595068	0.00405883	-0.03500476
28.57004286	0.11591877	0.00405735	-0.03500170
28.57254285	0.11588686	0.00405588	-0.03499864
28.57504285	0.11585496	0.00405441	-0.03499557
28.57754284	0.11582307	0.00405294	-0.03499251
28.58004284	0.11579117	0.00405147	-0.03498945
28.58254283	0.11575929	0.00405000	-0.03498639
28.58504283	0.11572741	0.00404853	-0.03498333
28.58754282	0.11569553	0.00404706	-0.03498027
28.59004282	0.11566366	0.00404559	-0.03497721
28.59254281	0.11563180	0.00404412	-0.03497415
28.59504281	0.11559994	0.00404266	-0.03497110
28.59754280	0.11556808	0.00404119	-0.03496804
28.60004280	0.11553623	0.00403972	-0.03496498
28.60254279	0.11550439	0.00403826	-0.03496193
28.60504279	0.11547255	0.00403679	-0.03495887
28.60754278	0.11544071	0.00403532	-0.03495582
28.61004278	0.11540888	0.00403386	-0.03495276
28.61254277	0.11537706	0.00403239	-0.03494971
28.61504277	0.11534524	0.00403093	-0.03494665
28.61754276	0.11531343	0.00402947	-0.03494360
28.62004276	0.11528162	0.00402800	-0.03494055
28.62254275	0.11524982	0.00402654	-0.03493750
28.62504275	0.11521802	0.00402508	-0.03493445
28.62754274	0.11518623	0.00402362	-0.03493139
28.63004274	0.11515444	0.00402215	-0.03492834
28.63254273	0.11512266	0.00402069	-0.03492529
28.63504273	0.11509088	0.00401923	-0.03492225
28.63754272	0.11505911	0.00401777	-0.03491920
28.64004272	0.11502735	0.00401631	-0.03491615
28.64254271	0.11499559	0.00401485	-0.03491310
28.64504271	0.11496383	0.00401339	-0.03491005
28.64754270	0.11493208	0.00401194	-0.03490701
28.65004270	0.11490034	0.00401048	-0.03490396
28.65254269	0.11486860	0.00400902	-0.03490092
28.65504269	0.11483686	0.00400756	-0.03489787
28.65754268	0.11480513	0.00400611	-0.03489483
28.66004268	0.11477341	0.00400465	-0.03489178
28.66254267	0.11474169	0.00400319	-0.03488874
28.66504267	0.11470998	0.00400174	-0.03488570
28.66754266	0.11467827	0.00400028	-0.03488265
28.67004266	0.11464656	0.00399883	-0.03487961
28.67254265	0.11461487	0.00399737	-0.03487657
28.67504265	0.11458317	0.00399592	-0.03487353
28.67754264	0.11455149	0.00399447	-0.03487049
28.68004264	0.11451981	0.00399301	-0.03486745
28.68254263	0.11448813	0.00399156	-0.03486441
28.68504263	0.11445646	0.00399011	-0.03486137
28.68754262	0.11442479	0.00398866	-0.03485834
28.69004262	0.11439313	0.00398721	-0.03485530
28.69254261	0.11436147	0.00398576	-0.03485226
28.69504261	0.11432982	0.00398431	-0.03484923
28.69754260	0.11429818	0.00398286	-0.03484619
28.70004260	0.11426654	0.00398141	-0.03484315
28.70254259	0.11423491	0.00397996	-0.03484012
28.70504259	0.11420328	0.00397851	-0.03483708
28.70754258	0.11417165	0.00397706	-0.03483405
28.71004258	0.11414003	0.00397561	-0.03483102
28.71254257	0.11410842	0.00397417	-0.03482798
28.71504257	0.11407681	0.00397272	-0.03482495
28.71754256	0.11404521	0.00397127	-0.03482192
28.72004256	0.11401361	0.00396983	-0.03481889
28.72254255	0.11398202	0.00396838	-0.03481586
28.72504255	0.11395043	0.00396694	-0.03481283
28.72754254	0.11391885	0.00396549	-0.03480980
28.73004254	0.11388727	0.00396405	-0.03480677
28.73254253	0.11385570	0.00396260	-0.03480374
28.73504253	0.11382414	0.00396116	-0.03480071
28.73754252	0.11379258	0.00395972	-0.03479769
28.74004252	0.11376102	0.00395828	-0.03479466
28.74254251	0.11372947	0.00395683	-0.03479163
28.74504251	0.11369793	0.00395539	-0.03478861
28.74754250	0.11366639	0.00395395	-0.03478558
28.75004250	0.11363485	0.00395251	-0.03478256
28.75254249	0.11360332	0.00395107	-0.03477953
28.75504249	0.11357180	0.00394963	-0.03477651
28.75754248	0.11354028	0.00394819	-0.03477349
28.76004248	0.11350877	0.00394675	-0.03477046
28.76254247	0.11347726	0.00394531	-0.03476744
28.76504247	0.11344576	0.00394388	-0.03476442
28.76754246	0.11341426	0.00394244	-0.03476140
28.77004246	0.11338277	0.00394100	-0.03475838
28.77254245	0.11335128	0.00393956	-0.03475536
28.77504245	0.11331980	0.00393813	-0.03475234
28.77754244	0.11328833	0.00393669	-0.03474932
28.78004244	0.11325686	0.00393526	-0.03474630
28.78254243	0.11322539	0.00393382	-0.03474328
28.78504243	0.11319393	0.00393239	-0.03474026
28.78754242	0.11316248	0.00393095	-0.03473725
28.79004242	0.11313103	0.00392952	-0.03473423
28.79254241	0.11309958	0.00392809	-0.03473122
28.79504241	0.11306814	0.00392665	-0.03472820
28.79754240	0.11303671	0.00392522	-0.03472519
28.80004240	0.11300528	0.00392379	-0.03472217
28.80254239	0.11297386	0.00392236	-0.03471916
28.80504239	0.11294244	0.00392093	-0.03471614
28.80754238	0.11291103	0.00391950	-0.03471313
28.81004238	0.11287962	0.00391807	-0.03471012
28.81254237	0.11284822	0.00391664	-0.03470711
28.81504237	0.11281682	0.00391521	-0.03470410
28.81754236	0.11278543	0.00391378	-0.03470109
28.82004236	0.11275405	0.00391235	-0.03469808
28.82254235	0.11272267	0.00391092	-0.03469507
28.82504235	0.11269129	0.00390949	-0.03469206
28.82754234	0.11265992	0.00390807	-0.03468905
28.83004234	0.11262856	0.00390664	-0.03468604
28.83254233	0.11259720	0.00390521	-0.03468303
28.83504233	0.11256585	0.00390379	-0.03468003
28.83754232	0.11253450	0.00390236	-0.03467702
28.84004232	0.11250315	0.00390094	-0.03467401
28.84254231	0.11247182	0.00389951	-0.03467101
28.84504231	0.11244048	0.00389809	-0.03466800
28.84754230	0.11240916	0.00389666	-0.03466500
28.85004230	0.11237784	0.00389524	-0.03466199
28.85254229	0.11234652	0.00389382	-0.03465899
28.85504229	0.11231521	0.00389239	-0.03465599
28.85754228	0.11228390	0.00389097	-0.03465299
28.86004228	0.11225260	0.00388955	-0.03464998
28.86254227	0.11222131	0.00388813	-0.03464698
28.86504227	0.11219002	0.00388671	-0.03464398
28.86754226	0.11215873	0.00388529	-0.03464098
28.87004226	0.11212745	0.00388387	-0.03463798
28.87254225	0.11209618	0.00388245	-0.03463498
28.87504225	0.11206491	0.00388103	-0.03463198
28.87754224	0.11203365	0.00387961	-0.03462899
28.88004224	0.11200239	0.00387819	-0.03462599
28.88254223	0.11197114	0.00387678	-0.03462299
28.88504223	0.11193989	0.00387536	-0.03461999
28.88754222	0.11190865	0.00387394	-0.03461700
28.89004222	0.11187741	0.00387253	-0.03461400
28.89254221	0.11184618	0.00387111	-0.03461101
28.89504221	0.11181496	0.00386969	-0.03460801
28.89754220	0.11178374	0.00386828	-0.03460502
28.90004220	0.11175252	0.00386686	-0.03460203
28.90254219	0.11172131	0.00386545	-0.03459903
28.90504219	0.11169011	0.00386404	-0.03459604
28.90754218	0.11165891	0.00386262	-0.03459305
28.91004218	0.11162772	0.00386121	-0.03459006
28.91254217	0.11159653	0.00385980	-0.03458707
28.91504217	0.11156535	0.00385838	-0.03458408
28.91754216	0.11153417	0.00385697	-0.03458109
28.92004216	0.11150300	0.00385556	-0.03457810
28.92254215	0.11147183	0.00385415	-0.03457511
28.92504215	0.11144067	0.00385274	-0.03457212
28.92754214	0.11140951	0.00385133	-0.03456913
28.93004214	0.11137836	0.00384992	-0.03456614
28.93254213	0.11134722	0.00384851	-0.03456316
28.93504213	0.11131608	0.00384710	-0.03456017
28.93754212	0.11128494	0.00384569	-0.03455719
28.94004212	0.11125381	0.00384429	-0.03455420
28.94254211	0.11122269	0.00384288	-0.03455122
28.94504211	0.11119157	0.00384147	-0.03454823
28.94754210	0.11116046	0.00384007	-0.03454525
28.95004210	0.11112935	0.00383866	-0.03454226
28.95254209	0.11109825	0.00383725	-0.03453928
28.95504209	0.11106715	0.00383585	-0.03453630
28.95754208	0.11103606	0.00383444	-0.03453332
28.96004208	0.11100497	0.00383304	-0.03453034
28.96254207	0.11097389	0.00383164	-0.03452736
28.96504207	0.11094282	0.00383023	-0.03452438
28.96754206	0.11091175	0.00382883	-0.03452140
28.97004206	0.11088068	0.00382743	-0.03451842
28.97254205	0.11084962	0.00382602	-0.03451544
28.97504205	0.11081857	0.00382462	-0.03451246
28.97754204	0.11078752	0.00382322	-0.03450948
28.98004204	0.11075648	0.00382182	-0.03450651
28.98254203	0.11072544	0.00382042	-0.03450353
28.98504203	0.11069441	0.00381902	-0.03450055
28.98754202	0.11066338	0.00381762	-0.03449758
28.99004202	0.11063236	0.00381622	-0.03449460
28.99254201	0.11060134	0.00381482	-0.03449163
28.99504201	0.11057033	0.00381342	-0.03448865
28.99754200	0.11053932	0.00381202	-0.03448568
29.00004200	0.11050832	0.00381063	-0.03448271
29.00254199	0.11047733	0.00380923	-0.03447974
29.00504199	0.11044634	0.00380783	-0.03447676
29.00754198	0.11041536	0.00380644	-0.03447379
29.01004198	0.11038438	0.00380504	-0.03447082
29.01254197	0.11035340	0.00380364	-0.03446785
29.01504197	0.11032244	0.00380225	-0.03446488
29.01754196	0.11029147	0.00380086	-0.03446191
29.02004196	0.11026052	0.00379946	-0.03445894
29.02254195	0.11022957	0.00379807	-0.03445598
29.02504195	0.11019862	0.00379667	-0.03445301
29.02754194	0.11016768	0.00379528	-0.03445004
29.03004194	0.11013674	0.00379389	-0.03444707
29.03254193	0.11010581	0.00379250	-0.03444411
29.03504193	0.11007489	0.00379110	-0.03444114
29.03754192	0.11004397	0.00378971	-0.03443818
29.04004192	0.11001306	0.00378832	-0.03443521
29.04254191	0.10998215	0.00378693	-0.03443225
29.04504191	0.10995124	0.00378554	-0.03442928
29.04754190	0.10992035	0.00378415	-0.03442632
29.05004190	0.10988946	0.00378276	-0.03442336
29.05254189	0.10985857	0.00378138	-0.03442040
29.05504189	0.10982769	0.00377999	-0.03441743
29.05754188	0.10979681	0.00377860	-0.03441447
29.06004188	0.10976594	0.00377721	-0.03441151
29.06254187	0.10973508	0.00377583	-0.03440855
29.06504187	0.10970422	0.00377444	-0.03440559
29.06754186	0.10967336	0.00377305	-0.03440263
29.07004186	0.10964251	0.00377167	-0.03439968
29.07254185	0.10961167	0.00377028	-0.03439672
29.07504185	0.10958083	0.00376890	-0.03439376
29.07754184	0.10955000	0.00376751	-0.03439080
29.08004184	0.10951917	0.00376613	-0.03438785
29.08254183	0.10948835	0.00376474	-0.03438489
29.08504183	0.10945753	0.00376336	-0.03438193
29.08754182	0.10942672	0.00376198	-0.03437898
29.09004182	0.10939592	0.00376060	-0.03437602
29.09254181	0.10936512	0.00375921	-0.03437307
29.09504181	0.10933432	0.00375783	-0.03437012
29.09754180	0.10930353	0.00375645	-0.03436716
29.10004180	0.10927275	0.00375507	-0.03436421
29.10254179	0.10924197	0.00375369	-0.03436126
29.10504179	0.10921120	0.00375231	-0.03435831
29.10754178	0.10918043	0.00375093	-0.03435536
29.11004178	0.10914967	0.00374955	-0.03435241
29.11254177	0.10911891	0.00374818	-0.03434946
29.11504177	0.10908816	0.00374680	-0.03434651
29.11754176	0.10905741	0.00374542	-0.03434356
29.12004176	0.10902667	0.00374404	-0.03434061
29.12254175	0.10899594	0.00374267	-0.03433766
29.12504175	0.10896521	0.00374129	-0.03433471
29.12754174	0.10893448	0.00373991	-0.03433177
29.13004174	0.10890376	0.00373854	-0.03432882
29.13254173	0.10887305	0.00373716	-0.03432588
29.13504173	0.10884234	0.00373579	-0.03432293
29.13754172	0.10881164	0.00373441	-0.03431999
29.14004172	0.10878094	0.00373304	-0.03431704
29.14254171	0.10875025	0.00373167	-0.03431410
29.14504171	0.10871957	0.00373029	-0.03431115
29.14754170	0.10868888	0.00372892	-0.03430821
29.15004170	0.10865821	0.00372755	-0.03430527
29.15254169	0.10862754	0.00372618	-0.03430233
29.15504169	0.10859688	0.00372481	-0.03429939
29.15754168	0.10856622	0.00372344	-0.03429644
29.16004168	0.10853556	0.00372206	-0.03429350
29.16254167	0.10850491	0.00372069	-0.03429056
29.16504167	0.10847427	0.00371933	-0.03428762
29.16754166	0.10844363	0.00371796	-0.03428469
29.17004166	0.10841300	0.00371659	-0.03428175
29.17254165	0.10838238	0.00371522	-0.03427881
29.17504165	0.10835176	0.00371385	-0.03427587
29.17754164	0.10832114	0.00371248	-0.03427294
29.18004164	0.10829053	0.00371112	-0.03427000
29.18254163	0.10825993	0.00370975	-0.03426706
29.18504163	0.10822933	0.00370838	-0.03426413
29.18754162	0.10819873	0.00370702	-0.03426119
29.19004162	0.10816815	0.00370565	-0.03425826
29.19254161	0.10813756	0.00370429	-0.03425532
29.19504161	0.10810699	0.00370292	-0.03425239
29.19754160	0.10807641	0.00370156	-0.03424946
29.20004160	0.10804585	0.00370019	-0.03424653
29.20254159	0.10801529	0.00369883	-0.03424359
29.20504159	0.10798473	0.00369747	-0.03424066
29.20754158	0.10795418	0.00369611	-0.03423773
29.21004158	0.10792364	0.00369474	-0.03423480
29.21254157	0.10789310	0.00369338	-0.03423187
29.21504157	0.10786256	0.00369202	-0.03422894
29.21754156	0.10783204	0.00369066	-0.03422601
29.22004156	0.10780151	0.00368930	-0.03422309
29.22254155	0.10777100	0.00368794	-0.03422016
29.22504155	0.10774048	0.00368658	-0.03421723
29.22754154	0.10770998	0.00368522	-0.03421430
29.23004154	0.10767948	0.00368386	-0.03421138
29.23254153	0.10764898	0.00368251	-0.03420845
29.23504153	0.10761849	0.00368115	-0.03420553
29.23754152	0.10758801	0.00367979	-0.03420260
29.24004152	0.10755753	0.00367843	-0.03419968
29.24254151	0.10752705	0.00367708	-0.03419675
29.24504151	0.10749659	0.00367572	-0.03419383
29.24754150	0.10746612	0.00367436	-0.03419091
29.25004150	0.10743567	0.00367301	-0.03418799
29.25254149	0.10740522	0.00367165	-0.03418506
29.25504149	0.10737477	0.00367030	-0.03418214
29.25754148	0.10734433	0.00366895	-0.03417922
29.26004148	0.10731389	0.00366759	-0.03417630
29.26254147	0.10728346	0.00366624	-0.03417338
29.26504147	0.10725304	0.00366489	-0.03417046
29.26754146	0.10722262	0.00366353	-0.03416754
29.27004146	0.10719221	0.00366218	-0.03416463
29.27254145	0.10716180	0.00366083	-0.03416171
29.27504145	0.10713140	0.00365948	-0.03415879
29.27754144	0.10710100	0.00365813	-0.03415587
29.28004144	0.10707061	0.00365678	-0.03415296
29.28254143	0.10704022	0.00365543	-0.03415004
29.28504143	0.10700984	0.00365408	-0.03414713
29.28754142	0.10697947	0.00365273	-0.03414421
29.29004142	0.10694910	0.00365138	-0.03414130
29.29254141	0.10691873	0.00365003	-0.03413838
29.29504141	0.10688838	0.00364868	-0.03413547
29.29754140	0.10685802	0.00364734	-0.03413256
29.30004140	0.10682768	0.00364599	-0.03412964
29.30254139	0.10679733	0.00364464	-0.03412673
29.30504139	0.10676700	0.00364330	-0.03412382
29.30754138	0.10673667	0.00364195	-0.03412091
29.31004138	0.10670634	0.00364061	-0.03411800
29.31254137	0.10667602	0.00363926	-0.03411509
29.31504137	0.10664571	0.00363792	-0.03411218
29.31754136	0.10661540	0.00363657	-0.03410927
29.32004136	0.10658509	0.00363523	-0.03410636
29.32254135	0.10655479	0.00363389	-0.03410346
29.32504135	0.10652450	0.00363254	-0.03410055
29.32754134	0.10649421	0.00363120	-0.03409764
29.33004134	0.10646393	0.00362986	-0.03409474
29.33254133	0.10643366	0.00362852	-0.03409183
29.33504133	0.10640339	0.00362718	-0.03408892
29.33754132	0.10637312	0.00362584	-0.03408602
29.34004132	0.10634286	0.00362450	-0.03408311
29.34254131	0.10631261	0.00362316	-0.03408021
29.34504131	0.10628236	0.00362182	-0.03407731
29.34754130	0.10625212	0.00362048	-0.03407440
29.35004130	0.10622188	0.00361914	-0.03407150
29.35254129	0.10619165	0.00361780	-0.03406860
29.35504129	0.10616142	0.00361646	-0.03406570
29.35754128	0.10613120	0.00361513	-0.03406280
29.36004128	0.10610098	0.00361379	-0.03405990
29.36254127	0.10607077	0.00361245	-0.03405700
29.36504127	0.10604057	0.00361112	-0.03405410
29.36754126	0.10601037	0.00360978	-0.03405120
29.37004126	0.10598017	0.00360844	-0.03404830
29.37254125	0.10594999	0.00360711	-0.03404540
29.37504125	0.10591980	0.00360578	-0.03404251
29.37754124	0.10588963	0.00360444	-0.03403961
29.38004124	0.10585945	0.00360311	-0.03403671
29.38254123	0.10582929	0.00360177	-0.03403382
29.38504123	0.10579913	0.00360044	-0.03403092
29.38754122	0.10576897	0.00359911	-0.03402803
29.39004122	0.10573882	0.00359778	-0.03402513
29.39254121	0.10570868	0.00359645	-0.03402224
29.39504121	0.10567854	0.00359511	-0.03401934
29.39754120	0.10564841	0.00359378	-0.03401645
29.40004120	0.10561828	0.00359245	-0.03401356
29.40254119	0.10558816	0.00359112	-0.03401067
29.40504119	0.10555804	0.00358979	-0.03400777
29.40754118	0.10552793	0.00358846	-0.03400488
29.41004118	0.10549783	0.00358714	-0.03400199
29.41254117	0.10546773	0.00358581	-0.03399910
29.41504117	0.10543763	0.00358448	-0.03399621
29.41754116	0.10540754	0.00358315	-0.03399332
29.42004116	0.10537746	0.00358183	-0.03399044
29.42254115	0.10534738	0.00358050	-0.03398755
29.42504115	0.10531731	0.00357917	-0.03398466
29.42754114	0.10528724	0.00357785	-0.03398177
29.43004114	0.10525718	0.00357652	-0.03397889
29.43254113	0.10522712	0.00357520	-0.03397600
29.43504113	0.10519707	0.00357387	-0.03397311
29.43754112	0.10516703	0.00357255	-0.03397023
29.44004112	0.10513699	0.00357122	-0.03396734
29.44254111	0.10510696	0.00356990	-0.03396446
29.44504111	0.10507693	0.00356858	-0.03396158
29.44754110	0.10504691	0.00356726	-0.03395869
29.45004110	0.10501689	0.00356593	-0.03395581
29.45254109	0.10498688	0.00356461	-0.03395293
29.45504109	0.10495687	0.00356329	-0.03395005
29.45754108	0.10492687	0.00356197	-0.03394716
29.46004108	0.10489688	0.00356065	-0.03394428
29.46254107	0.10486689	0.00355933	-0.03394140
29.46504107	0.10483690	0.00355801	-0.03393852
29.46754106	0.10480692	0.00355669	-0.03393564
29.47004106	0.10477695	0.00355537	-0.03393277
29.47254105	0.10474698	0.00355405	-0.03392989
29.47504105	0.10471702	0.00355274	-0.03392701
29.47754104	0.10468707	0.00355142	-0.03392413
29.48004104	0.10465712	0.00355010	-0.03392126
29.48254103	0.10462717	0.00354878	-0.03391838
29.48504103	0.10459723	0.00354747	-0.03391550
29.48754102	0.10456730	0.00354615	-0.03391263
29.49004102	0.10453737	0.00354484	-0.03390975
29.49254101	0.10450744	0.00354352	-0.03390688
29.49504101	0.10447753	0.00354221	-0.03390400
29.49754100	0.10444762	0.00354089	-0.03390113
29.50004100	0.10441771	0.00353958	-0.03389826
29.50254099	0.10438781	0.00353826	-0.03389539
29.50504099	0.10435791	0.00353695	-0.03389251
29.50754098	0.10432802	0.00353564	-0.03388964
29.51004098	0.10429814	0.00353433	-0.03388677
29.51254097	0.10426826	0.00353302	-0.03388390
29.51504097	0.10423839	0.00353170	-0.03388103
29.51754096	0.10420852	0.00353039	-0.03387816
29.52004096	0.10417866	0.00352908	-0.03387529
29.52254095	0.10414880	0.00352777	-0.03387242
29.52504095	0.10411895	0.00352646	-0.03386956
29.52754094	0.10408910	0.00352515	-0.03386669
29.53004094	0.10405926	0.00352384	-0.03386382
29.53254093	0.10402943	0.00352254	-0.03386095
29.53504093	0.10399960	0.00352123	-0.03385809
29.53754092	0.10396978	0.00351992	-0.03385522
29.54004092	0.10393996	0.00351861	-0.03385236
29.54254091	0.10391015	0.00351731	-0.03384949
29.54504091	0.10388034	0.00351600	-0.03384663
29.54754090	0.10385054	0.00351469	-0.03384376
29.55004090	0.10382074	0.00351339	-0.03384090
29.55254089	0.10379095	0.00351208	-0.03383804
29.55504089	0.10376117	0.00351078	-0.03383518
29.55754088	0.10373139	0.00350947	-0.03383231
29.56004088	0.10370162	0.00350817	-0.03382945
29.56254087	0.10367185	0.00350687	-0.03382659
29.56504087	0.10364209	0.00350556	-0.03382373
29.56754086	0.10361233	0.00350426	-0.03382087
29.57004086	0.10358258	0.00350296	-0.03381801
29.57254085	0.10355284	0.00350165	-0.03381515
29.57504085	0.10352310	0.00350035	-0.03381229
29.57754084	0.10349336	0.00349905	-0.03380944
29.58004084	0.10346363	0.00349775	-0.03380658
29.58254083	0.10343391	0.00349645	-0.03380372
29.58504083	0.10340419	0.00349515	-0.03380087
29.58754082	0.10337448	0.00349385	-0.03379801
29.59004082	0.10334477	0.00349255	-0.03379515
29.59254081	0.10331507	0.00349125	-0.03379230
29.59504081	0.10328538	0.00348996	-0.03378944
29.59754080	0.10325569	0.00348866	-0.03378659
29.60004080	0.10322600	0.00348736	-0.03378374
29.60254079	0.10319632	0.00348606	-0.03378088
29.60504079	0.10316665	0.00348477	-0.03377803
29.60754078	0.10313698	0.00348347	-0.03377518
29.61004078	0.10310732	0.00348217	-0.03377233
29.61254077	0.10307766	0.00348088	-0.03376948
29.61504077	0.10304801	0.00347958	-0.03376663
29.61754076	0.10301837	0.00347829	-0.03376378
29.62004076	0.10298873	0.00347699	-0.03376093
29.62254075	0.10295909	0.00347570	-0.03375808
29.62504075	0.10292947	0.00347441	-0.03375523
29.62754074	0.10289984	0.00347311	-0.03375238
29.63004074	0.10287023	0.00347182	-0.03374953
29.63254073	0.10284061	0.00347053	-0.03374668
29.63504073	0.10281101	0.00346924	-0.03374384
29.63754072	0.10278141	0.00346795	-0.03374099
29.64004072	0.10275181	0.00346666	-0.03373815
29.64254071	0.10272222	0.00346536	-0.03373530
29.64504071	0.10269264	0.00346407	-0.03373245
29.64754070	0.10266306	0.00346278	-0.03372961
29.65004070	0.10263349	0.00346150	-0.03372677
29.65254069	0.10260392	0.00346021	-0.03372392
29.65504069	0.10257436	0.00345892	-0.03372108
29.65754068	0.10254480	0.00345763	-0.03371824
29.66004068	0.10251525	0.00345634	-0.03371540
29.66254067	0.10248571	0.00345505	-0.03371255
29.66504067	0.10245617	0.00345377	-0.03370971
29.66754066	0.10242663	0.00345248	-0.03370687
29.67004066	0.10239710	0.00345120	-0.03370403
29.67254065	0.10236758	0.00344991	-0.03370119
29.67504065	0.10233806	0.00344862	-0.03369835
29.67754064	0.10230855	0.00344734	-0.03369551
29.68004064	0.10227905	0.00344605	-0.03369268
29.68254063	0.10224955	0.00344477	-0.03368984
29.68504063	0.10222005	0.00344349	-0.03368700
29.68754062	0.10219056	0.00344220	-0.03368416
29.69004062	0.10216108	0.00344092	-0.03368133
29.69254061	0.10213160	0.00343964	-0.03367849
29.69504061	0.10210213	0.00343836	-0.03367566
29.69754060	0.10207266	0.00343707	-0.03367282
29.70004060	0.10204320	0.00343579	-0.03366999
29.70254059	0.10201374	0.00343451	-0.03366715
29.70504059	0.10198429	0.00343323	-0.03366432
29.70754058	0.10195485	0.00343195	-0.03366149
29.71004058	0.10192541	0.00343067	-0.03365865
29.71254057	0.10189598	0.00342939	-0.03365582
29.71504057	0.10186655	0.00342811	-0.03365299
29.71754056	0.10183713	0.00342684	-0.03365016
29.72004056	0.10180771	0.00342556	-0.03364733
29.72254055	0.10177830	0.00342428	-0.03364450
29.72504055	0.10174890	0.00342300	-0.03364167
29.72754054	0.10171950	0.00342173	-0.03363884
29.73004054	0.10169010	0.00342045	-0.03363601
29.73254053	0.10166071	0.00341917	-0.03363318
29.73504053	0.10163133	0.00341790	-0.03363036
29.73754052	0.10160195	0.00341662	-0.03362753
29.74004052	0.10157258	0.00341535	-0.03362470
29.74254051	0.10154322	0.00341407	-0.03362188
29.74504051	0.10151385	0.00341280	-0.03361905
29.74754050	0.10148450	0.00341153	-0.03361622
29.75004050	0.10145515	0.00341025	-0.03361340
29.75254049	0.10142581	0.00340898	-0.03361058
29.75504049	0.10139647	0.00340771	-0.03360775
29.75754048	0.10136714	0.00340644	-0.03360493
29.76004048	0.10133781	0.00340516	-0.03360210
29.76254047	0.10130849	0.00340389	-0.03359928
29.76504047	0.10127917	0.00340262	-0.03359646
29.76754046	0.10124986	0.00340135	-0.03359364
29.77004046	0.10122056	0.00340008	-0.03359082
29.77254045	0.10119126	0.00339881	-0.03358800
29.77504045	0.10116196	0.00339754	-0.03358518
29.77754044	0.10113268	0.00339627	-0.03358236
29.78004044	0.10110339	0.00339501	-0.03357954
29.78254043	0.10107412	0.00339374	-0.03357672
29.78504043	0.10104485	0.00339247	-0.03357390
29.78754042	0.10101558	0.00339120	-0.03357108
29.79004042	0.10098632	0.00338994	-0.03356827
29.79254041	0.10095707	0.00338867	-0.03356545
29.79504041	0.10092782	0.00338740	-0.03356263
29.79754040	0.10089858	0.00338614	-0.03355982
29.80004040	0.10086934	0.00338487	-0.03355700
29.80254039	0.10084011	0.00338361	-0.03355419
29.80504039	0.10081088	0.00338234	-0.03355137
29.80754038	0.10078166	0.00338108	-0.03354856
29.81004038	0.10075245	0.00337982	-0.03354574
29.81254037	0.10072324	0.00337855	-0.03354293
29.81504037	0.10069403	0.00337729	-0.03354012
29.81754036	0.10066484	0.00337603	-0.03353731
29.82004036	0.10063564	0.00337477	-0.03353450
29.82254035	0.10060646	0.00337350	-0.03353168
29.82504035	0.10057728	0.00337224	-0.03352887
29.82754034	0.10054810	0.00337098	-0.03352606
29.83004034	0.10051893	0.00336972	-0.03352325
29.83254033	0.10048977	0.00336846	-0.03352044
29.83504033	0.10046061	0.00336720	-0.03351764
29.83754032	0.10043145	0.00336594	-0.03351483
29.84004032	0.10040231	0.00336468	-0.03351202
29.84254031	0.10037316	0.00336343	-0.03350921
29.84504031	0.10034403	0.00336217	-0.03350640
29.84754030	0.10031490	0.00336091	-0.03350360
29.85004030	0.10028577	0.00335965	-0.03350079
29.85254029	0.10025665	0.00335840	-0.03349799
29.85504029	0.10022754	0.00335714	-0.03349518
29.85754028	0.10019843	0.00335588	-0.03349238
29.86004028	0.10016933	0.00335463	-0.03348957
29.86254027	0.10014023	0.00335337	-0.03348677
29.86504027	0.10011114	0.00335212	-0.03348397
29.86754026	0.10008205	0.00335086	-0.03348116
29.87004026	0.10005297	0.00334961	-0.03347836
29.87254025	0.10002390	0.00334836	-0.03347556
29.87504025	0.09999483	0.00334710	-0.03347276
29.87754024	0.09996577	0.00334585	-0.03346996
29.88004024	0.09993671	0.00334460	-0.03346716
29.88254023	0.09990766	0.00334335	-0.03346436
29.88504023	0.09987861	0.00334209	-0.03346156
29.88754022	0.09984957	0.00334084	-0.03345876
29.89004022	0.09982054	0.00333959	-0.03345596
29.89254021	0.09979151	0.00333834	-0.03345316
29.89504021	0.09976248	0.00333709	-0.03345036
29.89754020	0.09973346	0.00333584	-0.03344757
29.90004020	0.09970445	0.00333459	-0.03344477
29.90254019	0.09967545	0.00333334	-0.03344197
29.90504019	0.09964644	0.00333210	-0.03343918
29.90754018	0.09961745	0.00333085	-0.03343638
29.91004018	0.09958846	0.00332960	-0.03343359
29.91254017	0.09955947	0.00332835	-0.03343080
29.91504017	0.09953050	0.00332711	-0.03342800
29.91754016	0.09950152	0.00332586	-0.03342521
29.92004016	0.09947255	0.00332461	-0.03342242
29.92254015	0.09944359	0.00332337	-0.03341962
29.92504015	0.09941464	0.00332212	-0.03341683
29.92754014	0.09938569	0.00332088	-0.03341404
29.93004014	0.09935674	0.00331963	-0.03341125
29.93254013	0.09932780	0.00331839	-0.03340846
29.93504013	0.09929887	0.00331714	-0.03340567
29.93754012	0.09926994	0.00331590	-0.03340288
29.94004012	0.09924102	0.00331466	-0.03340009
29.94254011	0.09921210	0.00331342	-0.03339730
29.94504011	0.09918319	0.00331217	-0.03339451
29.94754010	0.09915428	0.00331093	-0.03339172
29.95004010	0.09912538	0.00330969	-0.03338894
29.95254009	0.09909649	0.00330845	-0.03338615
29.95504009	0.09906760	0.00330721	-0.03338336
29.95754008	0.09903872	0.00330597	-0.03338058
29.96004008	0.09900984	0.00330473	-0.03337779
29.96254007	0.09898097	0.00330349	-0.03337501
29.96504007	0.09895210	0.00330225	-0.03337222
29.96754006	0.09892324	0.00330101	-0.03336944
29.97004006	0.09889439	0.00329977	-0.03336666
29.97254005	0.09886554	0.00329854	-0.03336387
29.97504005	0.09883669	0.00329730	-0.03336109
29.97754004	0.09880786	0.00329606	-0.03335831
29.98004004	0.09877902	0.00329483	-0.03335553
29.98254003	0.09875020	0.00329359	-0.03335274
29.98504003	0.09872138	0.00329235	-0.03334996
29.98754002	0.09869256	0.00329112	-0.03334718
29.99004002	0.09866375	0.00328988	-0.03334440
29.99254001	0.09863495	0.00328865	-0.03334162
29.99504001	0.09860615	0.00328742	-0.03333885
29.99754000	0.09857736	0.00328618	-0.03333607
30.00004000	0.09854857	0.00328495	-0.03333329
30.00253999	0.09851979	0.00328371	-0.03333051
30.00503999	0.09849101	0.00328248	-0.03332773
30.00753998	0.09846224	0.00328125	-0.03332496
30.01003998	0.09843348	0.00328002	-0.03332218
30.01253997	0.09840472	0.00327879	-0.03331941
30.01503997	0.09837597	0.00327756	-0.03331663
30.01753996	0.09834722	0.00327633	-0.03331386
30.02003996	0.09831848	0.00327509	-0.03331108
30.02253995	0.09828974	0.00327386	-0.03330831
30.02503995	0.09826101	0.00327264	-0.03330553
30.02753994	0.09823228	0.00327141	-0.03330276
30.03003994	0.09820356	0.00327018	-0.03329999
30.03253993	0.09817485	0.00326895	-0.03329722
30.03503993	0.09814614	0.00326772	-0.03329445
30.03753992	0.09811744	0.00326649	-0.03329167
30.04003992	0.09808874	0.00326527	-0.03328890
30.04253991	0.09806005	0.00326404	-0.03328613
30.04503991	0.09803137	0.00326281	-0.03328336
30.04753990	0.09800269	0.00326159	-0.03328059
30.05003990	0.09797401	0.00326036	-0.03327783
30.05253989	0.09794534	0.00325914	-0.03327506
30.05503989	0.09791668	0.00325791	-0.03327229
30.05753988	0.09788802	0.00325669	-0.03326952
30.06003988	0.09785937	0.00325546	-0.03326676
30.06253987	0.09783073	0.00325424	-0.03326399
30.06503987	0.09780209	0.00325302	-0.03326122
30.06753986	0.09777345	0.00325179	-0.03325846
30.07003986	0.09774482	0.00325057	-0.03325569
30.07253985	0.09771620	0.00324935	-0.03325293
30.07503985	0.09768758	0.00324813	-0.03325016
30.07753984	0.09765897	0.00324691	-0.03324740
30.08003984	0.09763036	0.00324569	-0.03324464
30.08253983	0.09760176	0.00324447	-0.03324187
30.08503983	0.09757317	0.00324325	-0.03323911
30.08753982	0.09754458	0.00324203	-0.03323635
30.09003982	0.09751600	0.00324081	-0.03323359
30.09253981	0.09748742	0.00323959	-0.03323083
30.09503981	0.09745885	0.00323837	-0.03322807
30.09753980	0.09743028	0.00323715	-0.03322531
30.10003980	0.09740172	0.00323593	-0.03322255
30.10253979	0.09737316	0.00323472	-0.03321979
30.10503979	0.09734461	0.00323350	-0.03321703
30.10753978	0.09731607	0.00323228	-0.03321427
30.11003978	0.09728753	0.00323107	-0.03321151
30.11253977	0.09725900	0.00322985	-0.03320876
30.11503977	0.09723047	0.00322863	-0.03320600
30.11753976	0.09720195	0.00322742	-0.03320324
30.12003976	0.09717343	0.00322621	-0.03320049
30.12253975	0.09714492	0.00322499	-0.03319773
30.12503975	0.09711642	0.00322378	-0.03319498
30.12753974	0.09708792	0.00322256	-0.03319222
30.13003974	0.09705943	0.00322135	-0.03318947
30.13253973	0.09703094	0.00322014	-0.03318671
30.13503973	0.09700246	0.00321893	-0.03318396
30.13753972	0.09697398	0.00321771	-0.03318121
30.14003972	0.09694551	0.00321650	-0.03317846
30.14253971	0.09691705	0.00321529	-0.03317570
30.14503971	0.09688859	0.00321408	-0.03317295
30.14753970	0.09686013	0.00321287	-0.03317020
30.15003970	0.09683169	0.00321166	-0.03316745
30.15253969	0.09680324	0.00321045	-0.03316470
30.15503969	0.09677481	0.00320924	-0.03316195
30.15753968	0.09674638	0.00320803	-0.03315920
30.16003968	0.09671795	0.00320682	-0.03315646
30.16253967	0.09668953	0.00320562	-0.03315371
30.16503967	0.09666112	0.00320441	-0.03315096
30.16753966	0.09663271	0.00320320	-0.03314821
30.17003966	0.09660431	0.00320199	-0.03314547
30.17253965	0.09657591	0.00320079	-0.03314272
30.17503965	0.09654752	0.00319958	-0.03313997
30.17753964	0.09651914	0.00319838	-0.03313723
30.18003964	0.09649076	0.00319717	-0.03313448
30.18253963	0.09646238	0.00319597	-0.03313174
30.18503963	0.09643401	0.00319476	-0.03312899
30.18753962	0.09640565	0.00319356	-0.03312625
30.19003962	0.09637729	0.00319235	-0.03312351
30.19253961	0.09634894	0.00319115	-0.03312076
30.19503961	0.09632060	0.00318995	-0.03311802
30.19753960	0.09629226	0.00318875	-0.03311528
30.20003960	0.09626392	0.00318754	-0.03311254
30.20253959	0.09623559	0.00318634	-0.03310980
30.20503959	0.09620727	0.00318514	-0.03310706
30.20753958	0.09617895	0.00318394	-0.03310432
30.21003958	0.09615064	0.00318274	-0.03310158
30.21253957	0.09612234	0.00318154	-0.03309884
30.21503957	0.09609404	0.00318034	-0.03309610
30.21753956	0.09606574	0.00317914	-0.03309336
30.22003956	0.09603745	0.00317794	-0.03309063
30.22253955	0.09600917	0.00317674	-0.03308789
30.22503955	0.09598089	0.00317554	-0.03308515
30.22753954	0.09595262	0.00317434	-0.03308241
30.23003954	0.09592435	0.00317315	-0.03307968
30.23253953	0.09589609	0.00317195	-0.03307694
30.23503953	0.09586784	0.00317075	-0.03307421
30.23753952	0.09583959	0.00316956	-0.03307147
30.24003952	0.09581134	0.00316836	-0.03306874
30.24253951	0.09578311	0.00316716	-0.03306601
30.24503951	0.09575487	0.00316597	-0.03306327
30.24753950	0.09572665	0.00316477	-0.03306054
30.25003950	0.09569843	0.00316358	-0.03305781
30.25253949	0.09567021	0.00316239	-0.03305508
30.25503949	0.09564200	0.00316119	-0.03305234
30.25753948	0.09561380	0.00316000	-0.03304961
30.26003948	0.09558560	0.00315881	-0.03304688
30.26253947	0.09555741	0.00315761	-0.03304415
30.26503947	0.09552922	0.00315642	-0.03304142
30.26753946	0.09550104	0.00315523	-0.03303869
30.27003946	0.09547286	0.00315404	-0.03303597
30.27253945	0.09544470	0.00315285	-0.03303324
30.27503945	0.09541653	0.00315166	-0.03303051
30.27753944	0.09538837	0.00315047	-0.03302778
30.28003944	0.09536022	0.00314928	-0.03302506
30.28253943	0.09533207	0.00314809	-0.03302233
30.28503943	0.09530393	0.00314690	-0.03301960
30.28753942	0.09527580	0.00314571	-0.03301688
30.29003942	0.09524767	0.00314452	-0.03301415
30.29253941	0.09521954	0.00314333	-0.03301143
30.29503941	0.09519142	0.00314215	-0.03300870
30.29753940	0.09516331	0.00314096	-0.03300598
30.30003940	0.09513520	0.00313977	-0.03300326
30.30253939	0.09510710	0.00313859	-0.03300053
30.30503939	0.09507901	0.00313740	-0.03299781
30.30753938	0.09505092	0.00313621	-0.03299509
30.31003938	0.09502283	0.00313503	-0.03299237
30.31253937	0.09499475	0.00313384	-0.03298965
30.31503937	0.09496668	0.00313266	-0.03298693
30.31753936	0.09493861	0.00313147	-0.03298421
30.32003936	0.09491055	0.00313029	-0.03298149
30.32253935	0.09488250	0.00312911	-0.03297877
30.32503935	0.09485444	0.00312792	-0.03297605
30.32753934	0.09482640	0.00312674	-0.03297333
30.33003934	0.09479836	0.00312556	-0.03297061
30.33253933	0.09477033	0.00312438	-0.03296790
30.33503933	0.09474230	0.00312320	-0.03296518
30.33753932	0.09471428	0.00312202	-0.03296246
30.34003932	0.09468626	0.00312084	-0.03295975
30.34253931	0.09465825	0.00311965	-0.03295703
30.34503931	0.09463025	0.00311848	-0.03295432
30.34753930	0.09460225	0.00311730	-0.03295160
30.35003930	0.09457425	0.00311612	-0.03294889
30.35253929	0.09454627	0.00311494	-0.03294617
30.35503929	0.09451829	0.00311376	-0.03294346
30.35753928	0.09449031	0.00311258	-0.03294075
30.36003928	0.09446234	0.00311140	-0.03293803
30.36253927	0.09443437	0.00311023	-0.03293532
30.36503927	0.09440641	0.00310905	-0.03293261
30.36753926	0.09437846	0.00310787	-0.03292990
30.37003926	0.09435051	0.00310670	-0.03292719
30.37253925	0.09432257	0.00310552	-0.03292448
30.37503925	0.09429463	0.00310435	-0.03292177
30.37753924	0.09426670	0.00310317	-0.03291906
30.38003924	0.09423878	0.00310200	-0.03291635
30.38253923	0.09421086	0.00310082	-0.03291364
30.38503923	0.09418294	0.00309965	-0.03291093
30.38753922	0.09415504	0.00309848	-0.03290823
30.39003922	0.09412713	0.00309730	-0.03290552
30.39253921	0.09409924	0.00309613	-0.03290281
30.39503921	0.09407135	0.00309496	-0.03290011
30.39753920	0.09404346	0.00309379	-0.03289740
30.40003920	0.09401558	0.00309261	-0.03289469
30.40253919	0.09398771	0.00309144	-0.03289199
30.40503919	0.09395984	0.00309027	-0.03288929
30.40753918	0.09393198	0.00308910	-0.03288658
30.41003918	0.09390412	0.00308793	-0.03288388
30.41253917	0.09387627	0.00308676	-0.03288117
30.41503917	0.09384842	0.00308559	-0.03287847
30.41753916	0.09382058	0.00308442	-0.03287577
30.42003916	0.09379275	0.00308326	-0.03287307
30.42253915	0.09376492	0.00308209	-0.03287037
30.42503915	0.09373710	0.00308092	-0.03286767
30.42753914	0.09370928	0.00307975	-0.03286496
30.43003914	0.09368147	0.00307859	-0.03286226
30.43253913	0.09365367	0.00307742	-0.03285957
30.43503913	0.09362587	0.00307625	-0.03285687
30.43753912	0.09359807	0.00307509	-0.03285417
30.44003912	0.09357028	0.00307392	-0.03285147
30.44253911	0.09354250	0.00307276	-0.03284877
30.44503911	0.09351472	0.00307159	-0.03284607
30.44753910	0.09348695	0.00307043	-0.03284338
30.45003910	0.09345919	0.00306926	-0.03284068
30.45253909	0.09343143	0.00306810	-0.03283798
30.45503909	0.09340367	0.00306694	-0.03283529
30.45753908	0.09337593	0.00306577	-0.03283259
30.46003908	0.09334818	0.00306461	-0.03282990
30.46253907	0.09332045	0.00306345	-0.03282720
30.46503907	0.09329271	0.00306229	-0.03282451
30.46753906	0.09326499	0.00306113	-0.03282182
30.47003906	0.09323727	0.00305997	-0.03281912
30.47253905	0.09320955	0.00305880	-0.03281643
30.47503905	0.09318185	0.00305764	-0.03281374
30.47753904	0.09315414	0.00305649	-0.03281105
30.48003904	0.09312645	0.00305533	-0.03280836
30.48253903	0.09309875	0.00305417	-0.03280567
30.48503903	0.09307107	0.00305301	-0.03280298
30.48753902	0.09304339	0.00305185	-0.03280029
30.49003902	0.09301571	0.00305069	-0.03279760
30.49253901	0.09298805	0.00304953	-0.03279491
30.49503901	0.09296038	0.00304838	-0.03279222
30.49753900	0.09293273	0.00304722	-0.03278953
30.50003900	0.09290507	0.00304606	-0.03278684
30.50253899	0.09287743	0.00304491	-0.03278416
30.50503899	0.09284979	0.00304375	-0.03278147
30.50753898	0.09282215	0.00304260	-0.03277878
30.51003898	0.09279452	0.00304144	-0.03277610
30.51253897	0.09276690	0.00304029	-0.03277341
30.51503897	0.09273928	0.00303913	-0.03277073
30.51753896	0.09271167	0.00303798	-0.03276804
30.52003896	0.09268407	0.00303683	-0.03276536
30.52253895	0.09265647	0.00303567	-0.03276267
30.52503895	0.09262887	0.00303452	-0.03275999
30.52753894	0.09260128	0.00303337	-0.03275731
30.53003894	0.09257370	0.00303222	-0.03275463
30.53253893	0.09254612	0.00303107	-0.03275194
30.53503893	0.09251855	0.00302991	-0.03274926
30.53753892	0.09249099	0.00302876	-0.03274658
30.54003892	0.09246343	0.00302761	-0.03274390
30.54253891	0.09243587	0.00302646	-0.03274122
30.54503891	0.09240832	0.00302531	-0.03273854
30.54753890	0.09238078	0.00302416	-0.03273586
30.55003890	0.09235324	0.00302302	-0.03273318
30.55253889	0.09232571	0.00302187	-0.03273050
30.55503889	0.09229818	0.00302072	-0.03272783
30.55753888	0.09227066	0.00301957	-0.03272515
30.56003888	0.09224315	0.00301842	-0.03272247
30.56253887	0.09221564	0.00301728	-0.03271979
30.56503887	0.09218814	0.00301613	-0.03271712
30.56753886	0.09216064	0.00301498	-0.03271444
30.57003886	0.09213315	0.00301384	-0.03271177
30.57253885	0.09210566	0.00301269	-0.03270909
30.57503885	0.09207818	0.00301155	-0.03270642
30.57753884	0.09205071	0.00301040	-0.03270374
30.58003884	0.09202324	0.00300926	-0.03270107
30.58253883	0.09199577	0.00300811	-0.03269840
30.58503883	0.09196832	0.00300697	-0.03269572
30.58753882	0.09194087	0.00300583	-0.03269305
30.59003882	0.09191342	0.00300468	-0.03269038
30.59253881	0.09188598	0.00300354	-0.03268771
30.59503881	0.09185854	0.00300240	-0.03268504
30.59753880	0.09183112	0.00300126	-0.03268237
30.60003880	0.09180369	0.00300012	-0.03267970
30.60253879	0.09177627	0.00299898	-0.03267703
30.60503879	0.09174886	0.00299784	-0.03267436
30.60753878	0.09172146	0.00299669	-0.03267169
30.61003878	0.09169406	0.00299556	-0.03266902
30.61253877	0.09166666	0.00299442	-0.03266635
30.61503877	0.09163927	0.00299328	-0.03266369
30.61753876	0.09161189	0.00299214	-0.03266102
30.62003876	0.09158451	0.00299100	-0.03265835
30.62253875	0.09155714	0.00298986	-0.03265569
30.62503875	0.09152977	0.00298872	-0.03265302
30.62753874	0.09150241	0.00298759	-0.03265035
30.63003874	0.09147506	0.00298645	-0.03264769
30.63253873	0.09144771	0.00298531	-0.03264503
30.63503873	0.09142037	0.00298418	-0.03264236
30.63753872	0.09139303	0.00298304	-0.03263970
30.64003872	0.09136570	0.00298191	-0.03263703
30.64253871	0.09133837	0.00298077	-0.03263437
30.64503871	0.09131105	0.00297964	-0.03263171
30.64753870	0.09128374	0.00297850	-0.03262905
30.65003870	0.09125643	0.00297737	-0.03262639
30.65253869	0.09122912	0.00297623	-0.03262373
30.65503869	0.09120183	0.00297510	-0.03262106
30.65753868	0.09117453	0.00297397	-0.03261840
30.66003868	0.09114725	0.00297284	-0.03261574
30.66253867	0.09111997	0.00297170	-0.03261309
30.66503867	0.09109269	0.00297057	-0.03261043
30.66753866	0.09106542	0.00296944	-0.03260777
30.67003866	0.09103816	0.00296831	-0.03260511
30.67253865	0.09101090	0.00296718	-0.03260245
30.67503865	0.09098365	0.00296605	-0.03259980
30.67753864	0.09095641	0.00296492	-0.03259714
30.68003864	0.09092917	0.00296379	-0.03259448
30.68253863	0.09090193	0.00296266	-0.03259183
30.68503863	0.09087470	0.00296153	-0.03258917
30.68753862	0.09084748	0.00296040	-0.03258652
30.69003862	0.09082026	0.00295927	-0.03258386
30.69253861	0.09079305	0.00295815	-0.03258121
30.69503861	0.09076584	0.00295702	-0.03257855
30.69753860	0.09073864	0.00295589	-0.03257590
30.70003860	0.09071145	0.00295477	-0.03257325
30.70253859	0.09068426	0.00295364	-0.03257060
30.70503859	0.09065708	0.00295251	-0.03256794
30.70753858	0.09062990	0.00295139	-0.03256529
30.71003858	0.09060273	0.00295026	-0.03256264
30.71253857	0.09057556	0.00294914	-0.03255999
30.71503857	0.09054840	0.00294802	-0.03255734
30.71753856	0.09052125	0.00294689	-0.03255469
30.72003856	0.09049410	0.00294577	-0.03255204
30.72253855	0.09046695	0.00294464	-0.03254939
30.72503855	0.09043982	0.00294352	-0.03254675
30.72753854	0.09041268	0.00294240	-0.03254410
30.73003854	0.09038556	0.00294128	-0.03254145
30.73253853	0.09035844	0.00294016	-0.03253880
30.73503853	0.09033132	0.00293903	-0.03253616
30.73753852	0.09030421	0.00293791	-0.03253351
30.74003852	0.09027711	0.00293679	-0.03253086
30.74253851	0.09025001	0.00293567	-0.03252822
30.74503851	0.09022292	0.00293455	-0.03252557
30.74753850	0.09019584	0.00293343	-0.03252293
30.75003850	0.09016876	0.00293231	-0.03252028
30.75253849	0.09014168	0.00293119	-0.03251764
30.75503849	0.09011461	0.00293008	-0.03251500
30.75753848	0.09008755	0.00292896	-0.03251235
30.76003848	0.09006049	0.00292784	-0.03250971
30.76253847	0.09003344	0.00292672	-0.03250707
30.76503847	0.09000639	0.00292561	-0.03250443
30.76753846	0.08997935	0.00292449	-0.03250179
30.77003846	0.08995232	0.00292337	-0.03249915
30.77253845	0.08992529	0.00292226	-0.03249651
30.77503845	0.08989827	0.00292114	-0.03249387
30.77753844	0.08987125	0.00292003	-0.03249123
30.78003844	0.08984424	0.00291891	-0.03248859
30.78253843	0.08981723	0.00291780	-0.03248595
30.78503843	0.08979023	0.00291668	-0.03248331
30.78753842	0.08976324	0.00291557	-0.03248067
30.79003842	0.08973625	0.00291446	-0.03247804
30.79253841	0.08970927	0.00291334	-0.03247540
30.79503841	0.08968229	0.00291223	-0.03247276
30.79753840	0.08965532	0.00291112	-0.03247013
30.80003840	0.08962835	0.00291001	-0.03246749
30.80253839	0.08960139	0.00290890	-0.03246486
30.80503839	0.08957444	0.00290779	-0.03246222
30.80753838	0.08954749	0.00290667	-0.03245959
30.81003838	0.08952054	0.00290556	-0.03245695
30.81253837	0.08949361	0.00290445	-0.03245432
30.81503837	0.08946668	0.00290334	-0.03245169
30.81753836	0.08943975	0.00290224	-0.03244906
30.82003836	0.08941283	0.00290113	-0.03244642
30.82253835	0.08938592	0.00290002	-0.03244379
30.82503835	0.08935901	0.00289891	-0.03244116
30.82753834	0.08933210	0.00289780	-0.03243853
30.83003834	0.08930521	0.00289669	-0.03243590
30.83253833	0.08927832	0.00289559	-0.03243327
30.83503833	0.08925143	0.00289448	-0.03243064
30.83753832	0.08922455	0.00289337	-0.03242801
30.84003832	0.08919767	0.00289227	-0.03242538
30.84253831	0.08917081	0.00289116	-0.03242275
30.84503831	0.08914394	0.00289006	-0.03242013
30.84753830	0.08911709	0.00288895	-0.03241750
30.85003830	0.08909023	0.00288785	-0.03241487
30.85253829	0.08906339	0.00288674	-0.03241224
30.85503829	0.08903655	0.00288564	-0.03240962
30.85753828	0.08900971	0.00288454	-0.03240699
30.86003828	0.08898289	0.00288343	-0.03240437
30.86253827	0.08895606	0.00288233	-0.03240174
30.86503827	0.08892925	0.00288123	-0.03239912
30.86753826	0.08890243	0.00288013	-0.03239649
30.87003826	0.08887563	0.00287903	-0.03239387
30.87253825	0.08884883	0.00287792	-0.03239125
30.87503825	0.08882203	0.00287682	-0.03238862
30.87753824	0.08879525	0.00287572	-0.03238600
30.88003824	0.08876846	0.00287462	-0.03238338
30.88253823	0.08874169	0.00287352	-0.03238076
30.88503823	0.08871492	0.00287242	-0.03237814
30.88753822	0.08868815	0.00287132	-0.03237552
30.89003822	0.08866139	0.00287023	-0.03237290
30.89253821	0.08863464	0.00286913	-0.03237028
30.89503821	0.08860789	0.00286803	-0.03236766
30.89753820	0.08858114	0.00286693	-0.03236504
30.90003820	0.08855441	0.00286583	-0.03236242
30.90253819	0.08852768	0.00286474	-0.03235980
30.90503819	0.08850095	0.00286364	-0.03235718
30.90753818	0.08847423	0.00286255	-0.03235457
30.91003818	0.08844752	0.00286145	-0.03235195
30.91253817	0.08842081	0.00286035	-0.03234933
30.91503817	0.08839411	0.00285926	-0.03234672
30.91753816	0.08836741	0.00285816	-0.03234410
30.92003816	0.08834072	0.00285707	-0.03234149
30.92253815	0.08831403	0.00285598	-0.03233887
30.92503815	0.08828735	0.00285488	-0.03233626
30.92753814	0.08826068	0.00285379	-0.03233364
30.93003814	0.08823401	0.00285270	-0.03233103
30.93253813	0.08820735	0.00285160	-0.03232842
30.93503813	0.08818069	0.00285051	-0.03232580
30.93753812	0.08815404	0.00284942	-0.03232319
30.94003812	0.08812739	0.00284833	-0.03232058
30.94253811	0.08810075	0.00284724	-0.03231797
30.94503811	0.08807412	0.00284615	-0.03231536
30.94753810	0.08804749	0.00284506	-0.03231275
30.95003810	0.08802087	0.00284397	-0.03231014
30.95253809	0.08799425	0.00284288	-0.03230753
30.95503809	0.08796764	0.00284179	-0.03230492
30.95753808	0.08794104	0.00284070	-0.03230231
30.96003808	0.08791444	0.00283961	-0.03229970
30.96253807	0.08788784	0.00283852	-0.03229709
30.96503807	0.08786125	0.00283743	-0.03229449
30.96753806	0.08783467	0.00283635	-0.03229188
30.97003806	0.08780809	0.00283526	-0.03228927
30.97253805	0.08778152	0.00283417	-0.03228667
30.97503805	0.08775496	0.00283309	-0.03228406
30.97753804	0.08772840	0.00283200	-0.03228145
30.98003804	0.08770185	0.00283091	-0.03227885
30.98253803	0.08767530	0.00282983	-0.03227625
30.98503803	0.08764875	0.00282874	-0.03227364
30.98753802	0.08762222	0.00282766	-0.03227104
30.99003802	0.08759569	0.00282658	-0.03226843
30.99253801	0.08756916	0.00282549	-0.03226583
30.99503801	0.08754264	0.00282441	-0.03226323
30.99753800	0.08751613	0.00282333	-0.03226063
31.00003800	0.08748962	0.00282224	-0.03225802
31.00253799	0.08746312	0.00282116	-0.03225542
31.00503799	0.08743662	0.00282008	-0.03225282
31.00753798	0.08741013	0.00281900	-0.03225022
31.01003798	0.08738365	0.00281791	-0.03224762
31.01253797	0.08735717	0.00281683	-0.03224502
31.01503797	0.08733069	0.00281575	-0.03224242
31.01753796	0.08730422	0.00281467	-0.03223983
31.02003796	0.08727776	0.00281359	-0.03223723
31.02253795	0.08725131	0.00281251	-0.03223463
31.02503795	0.08722486	0.00281143	-0.03223203
31.02753794	0.08719841	0.00281036	-0.03222943
31.03003794	0.08717197	0.00280928	-0.03222684
31.03253793	0.08714554	0.00280820	-0.03222424
31.03503793	0.08711911	0.00280712	-0.03222165
31.03753792	0.08709269	0.00280604	-0.03221905
31.04003792	0.08706627	0.00280497	-0.03221646
31.04253791	0.08703986	0.00280389	-0.03221386
31.04503791	0.08701345	0.00280281	-0.03221127
31.04753790	0.08698706	0.00280174	-0.03220867
31.05003790	0.08696066	0.00280066	-0.03220608
31.05253789	0.08693427	0.00279959	-0.03220349
31.05503789	0.08690789	0.00279851	-0.03220089
31.05753788	0.08688152	0.00279744	-0.03219830
31.06003788	0.08685515	0.00279636	-0.03219571
31.06253787	0.08682878	0.00279529	-0.03219312
31.06503787	0.08680242	0.00279422	-0.03219053
31.06753786	0.08677607	0.00279314	-0.03218794
31.07003786	0.08674972	0.00279207	-0.03218535
31.07253785	0.08672338	0.00279100	-0.03218276
31.07503785	0.08669704	0.00278993	-0.03218017
31.07753784	0.08667071	0.00278885	-0.03217758
31.08003784	0.08664439	0.00278778	-0.03217499
31.08253783	0.08661807	0.00278671	-0.03217241
31.08503783	0.08659175	0.00278564	-0.03216982
31.08753782	0.08656545	0.00278457	-0.03216723
31.09003782	0.08653914	0.00278350	-0.03216464
31.09253781	0.08651285	0.00278243	-0.03216206
31.09503781	0.08648656	0.00278136	-0.03215947
31.09753780	0.08646027	0.00278029	-0.03215689
31.10003780	0.08643399	0.00277922	-0.03215430
31.10253779	0.08640772	0.00277816	-0.03215172
31.10503779	0.08638145	0.00277709	-0.03214913
31.10753778	0.08635519	0.00277602	-0.03214655
31.11003778	0.08632893	0.00277495	-0.03214397
31.11253777	0.08630268	0.00277389	-0.03214138
31.11503777	0.08627644	0.00277282	-0.03213880
31.11753776	0.08625020	0.00277176	-0.03213622
31.12003776	0.08622397	0.00277069	-0.03213364
31.12253775	0.08619774	0.00276962	-0.03213106
31.12503775	0.08617152	0.00276856	-0.03212848
31.12753774	0.08614530	0.00276749	-0.03212589
31.13003774	0.08611909	0.00276643	-0.03212331
31.13253773	0.08609289	0.00276537	-0.03212074
31.13503773	0.08606669	0.00276430	-0.03211816
31.13753772	0.08604049	0.00276324	-0.03211558
31.14003772	0.08601431	0.00276218	-0.03211300
31.14253771	0.08598812	0.00276111	-0.03211042
31.14503771	0.08596195	0.00276005	-0.03210784
31.14753770	0.08593578	0.00275899	-0.03210527
31.15003770	0.08590961	0.00275793	-0.03210269
31.15253769	0.08588345	0.00275687	-0.03210011
31.15503769	0.08585730	0.00275581	-0.03209754
31.15753768	0.08583115	0.00275475	-0.03209496
31.16003768	0.08580501	0.00275369	-0.03209239
31.16253767	0.08577888	0.00275263	-0.03208981
31.16503767	0.08575275	0.00275157	-0.03208724
31.16753766	0.08572662	0.00275051	-0.03208466
31.17003766	0.08570050	0.00274945	-0.03208209
31.17253765	0.08567439	0.00274839	-0.03207952
31.17503765	0.08564828	0.00274734	-0.03207695
31.17753764	0.08562218	0.00274628	-0.03207437
31.18003764	0.08559609	0.00274522	-0.03207180
31.18253763	0.08557000	0.00274416	-0.03206923
31.18503763	0.08554391	0.00274311	-0.03206666
31.18753762	0.08551783	0.00274205	-0.03206409
31.19003762	0.08549176	0.00274100	-0.03206152
31.19253761	0.08546569	0.00273994	-0.03205895
31.19503761	0.08543963	0.00273889	-0.03205638
31.19753760	0.08541357	0.00273783	-0.03205381
31.20003760	0.08538752	0.00273678	-0.03205124
31.20253759	0.08536148	0.00273572	-0.03204868
31.20503759	0.08533544	0.00273467	-0.03204611
31.20753758	0.08530941	0.00273362	-0.03204354
31.21003758	0.08528338	0.00273256	-0.03204097
31.21253757	0.08525736	0.00273151	-0.03203841
31.21503757	0.08523134	0.00273046	-0.03203584
31.21753756	0.08520533	0.00272941	-0.03203328
31.22003756	0.08517933	0.00272835	-0.03203071
31.22253755	0.08515333	0.00272730	-0.03202815
31.22503755	0.08512734	0.00272625	-0.03202558
31.22753754	0.08510135	0.00272520	-0.03202302
31.23003754	0.08507537	0.00272415	-0.03202045
31.23253753	0.08504939	0.00272310	-0.03201789
31.23503753	0.08502342	0.00272205	-0.03201533
31.23753752	0.08499746	0.00272100	-0.03201277
31.24003752	0.08497150	0.00271996	-0.03201020
31.24253751	0.08494555	0.00271891	-0.03200764
31.24503751	0.08491960	0.00271786	-0.03200508
31.24753750	0.08489366	0.00271681	-0.03200252
31.25003750	0.08486772	0.00271576	-0.03199996
31.25253749	0.08484179	0.00271472	-0.03199740
31.25503749	0.08481587	0.00271367	-0.03199484
31.25753748	0.08478995	0.00271262	-0.03199228
31.26003748	0.08476404	0.00271158	-0.03198972
31.26253747	0.08473813	0.00271053	-0.03198717
31.26503747	0.08471223	0.00270949	-0.03198461
31.26753746	0.08468633	0.00270844	-0.03198205
31.27003746	0.08466044	0.00270740	-0.03197949
31.27253745	0.08463456	0.00270635	-0.03197694
31.27503745	0.08460868	0.00270531	-0.03197438
31.27753744	0.08458281	0.00270427	-0.03197183
31.28003744	0.08455694	0.00270322	-0.03196927
31.28253743	0.08453108	0.00270218	-0.03196672
31.28503743	0.08450522	0.00270114	-0.03196416
31.28753742	0.08447937	0.00270010	-0.03196161
31.29003742	0.08445353	0.00269905	-0.03195905
31.29253741	0.08442769	0.00269801	-0.03195650
31.29503741	0.08440186	0.00269697	-0.03195395
31.29753740	0.08437603	0.00269593	-0.03195140
31.30003740	0.08435021	0.00269489	-0.03194884
31.30253739	0.08432440	0.00269385	-0.03194629
31.30503739	0.08429859	0.00269281	-0.03194374
31.30753738	0.08427278	0.00269177	-0.03194119
31.31003738	0.08424698	0.00269073	-0.03193864
31.31253737	0.08422119	0.00268970	-0.03193609
31.31503737	0.08419540	0.00268866	-0.03193354
31.31753736	0.08416962	0.00268762	-0.03193099
31.32003736	0.08414385	0.00268658	-0.03192844
31.32253735	0.08411808	0.00268554	-0.03192589
31.32503735	0.08409231	0.00268451	-0.03192335
31.32753734	0.08406655	0.00268347	-0.03192080
31.33003734	0.08404080	0.00268244	-0.03191825
31.33253733	0.08401505	0.00268140	-0.03191570
31.33503733	0.08398931	0.00268036	-0.03191316
31.33753732	0.08396358	0.00267933	-0.03191061
31.34003732	0.08393785	0.00267829	-0.03190807
31.34253731	0.08391212	0.00267726	-0.03190552
31.34503731	0.08388641	0.00267623	-0.03190298
31.34753730	0.08386069	0.00267519	-0.03190043
31.35003730	0.08383499	0.00267416	-0.03189789
31.35253729	0.08380928	0.00267313	-0.03189535
31.35503729	0.08378359	0.00267209	-0.03189280
31.35753728	0.08375790	0.00267106	-0.03189026
31.36003728	0.08373222	0.00267003	-0.03188772
31.36253727	0.08370654	0.00266900	-0.03188518
31.36503727	0.08368086	0.00266797	-0.03188263
31.36753726	0.08365520	0.00266694	-0.03188009
31.37003726	0.08362954	0.00266590	-0.03187755
31.37253725	0.08360388	0.00266487	-0.03187501
31.37503725	0.08357823	0.00266384	-0.03187247
31.37753724	0.08355259	0.00266282	-0.03186993
31.38003724	0.08352695	0.00266179	-0.03186739
31.38253723	0.08350132	0.00266076	-0.03186486
31.38503723	0.08347569	0.00265973	-0.03186232
31.38753722	0.08345007	0.00265870	-0.03185978
31.39003722	0.08342445	0.00265767	-0.03185724
31.39253721	0.08339884	0.00265665	-0.03185470
31.39503721	0.08337324	0.00265562	-0.03185217
31.39753720	0.08334764	0.00265459	-0.03184963
31.40003720	0.08332205	0.00265357	-0.03184710
31.40253719	0.08329646	0.00265254	-0.03184456
31.40503719	0.08327088	0.00265151	-0.03184203
31.40753718	0.08324530	0.00265049	-0.03183949
31.41003718	0.08321974	0.00264946	-0.03183696
31.41253717	0.08319417	0.00264844	-0.03183442
31.41503717	0.08316861	0.00264741	-0.03183189
31.41753716	0.08314306	0.00264639	-0.03182936
31.42003716	0.08311751	0.00264537	-0.03182682
31.42253715	0.08309197	0.00264434	-0.03182429
31.42503715	0.08306644	0.00264332	-0.03182176
31.42753714	0.08304091	0.00264230	-0.03181923
31.43003714	0.08301538	0.00264128	-0.03181670
31.43253713	0.08298986	0.00264025	-0.03181417
31.43503713	0.08296435	0.00263923	-0.03181164
31.43753712	0.08293885	0.00263821	-0.03180911
31.44003712	0.08291334	0.00263719	-0.03180658
31.44253711	0.08288785	0.00263617	-0.03180405
31.44503711	0.08286236	0.00263515	-0.03180152
31.44753710	0.08283687	0.00263413	-0.03179899
31.45003710	0.08281140	0.00263311	-0.03179646
31.45253709	0.08278592	0.00263209	-0.03179394
31.45503709	0.08276046	0.00263107	-0.03179141
31.45753708	0.08273500	0.00263005	-0.03178888
31.46003708	0.08270954	0.00262904	-0.03178636
31.46253707	0.08268409	0.00262802	-0.03178383
31.46503707	0.08265865	0.00262700	-0.03178131
31.46753706	0.08263321	0.00262598	-0.03177878
31.47003706	0.08260778	0.00262497	-0.03177626
31.47253705	0.08258235	0.00262395	-0.03177373
31.47503705	0.08255693	0.00262293	-0.03177121
31.47753704	0.08253151	0.00262192	-0.03176869
31.48003704	0.08250610	0.00262090	-0.03176616
31.48253703	0.08248070	0.00261989	-0.03176364
31.48503703	0.08245530	0.00261887	-0.03176112
31.48753702	0.08242991	0.00261786	-0.03175860
31.49003702	0.08240452	0.00261684	-0.03175608
31.49253701	0.08237914	0.00261583	-0.03175355
31.49503701	0.08235376	0.00261482	-0.03175103
31.49753700	0.08232839	0.00261380	-0.03174851
31.50003700	0.08230303	0.00261279	-0.03174599
31.50253699	0.08227767	0.00261178	-0.03174348
31.50503699	0.08225232	0.00261077	-0.03174096
31.50753698	0.08222697	0.00260976	-0.03173844
31.51003698	0.08220163	0.00260874	-0.03173592
31.51253697	0.08217630	0.00260773	-0.03173340
31.51503697	0.08215097	0.00260672	-0.03173088
31.51753696	0.08212564	0.00260571	-0.03172837
31.52003696	0.08210032	0.00260470	-0.03172585
31.52253695	0.08207501	0.00260369	-0.03172334
31.52503695	0.08204970	0.00260268	-0.03172082
31.52753694	0.08202440	0.00260167	-0.03171830
31.53003694	0.08199911	0.00260067	-0.03171579
31.53253693	0.08197382	0.00259966	-0.03171327
31.53503693	0.08194853	0.00259865	-0.03171076
31.53753692	0.08192325	0.00259764	-0.03170825
31.54003692	0.08189798	0.00259664	-0.03170573
31.54253691	0.08187271	0.00259563	-0.03170322
31.54503691	0.08184745	0.00259462	-0.03170071
31.54753690	0.08182220	0.00259362	-0.03169820
31.55003690	0.08179695	0.00259261	-0.03169568
31.55253689	0.08177170	0.00259160	-0.03169317
31.55503689	0.08174646	0.00259060	-0.03169066
31.55753688	0.08172123	0.00258959	-0.03168815
31.56003688	0.08169600	0.00258859	-0.03168564
31.56253687	0.08167078	0.00258759	-0.03168313
31.56503687	0.08164557	0.00258658	-0.03168062
31.56753686	0.08162036	0.00258558	-0.03167811
31.57003686	0.08159515	0.00258458	-0.03167560
31.57253685	0.08156995	0.00258357	-0.03167310
31.57503685	0.08154476	0.00258257	-0.03167059
31.57753684	0.08151957	0.00258157	-0.03166808
31.58003684	0.08149439	0.00258057	-0.03166557
31.58253683	0.08146922	0.00257957	-0.03166307
31.58503683	0.08144405	0.00257856	-0.03166056
31.58753682	0.08141888	0.00257756	-0.03165806
31.59003682	0.08139372	0.00257656	-0.03165555
31.59253681	0.08136857	0.00257556	-0.03165305
31.59503681	0.08134342	0.00257456	-0.03165054
31.59753680	0.08131828	0.00257356	-0.03164804
31.60003680	0.08129315	0.00257256	-0.03164553
31.60253679	0.08126802	0.00257157	-0.03164303
31.60503679	0.08124289	0.00257057	-0.03164053
31.60753678	0.08121777	0.00256957	-0.03163802
31.61003678	0.08119266	0.00256857	-0.03163552
31.61253677	0.08116755	0.00256757	-0.03163302
31.61503677	0.08114245	0.00256658	-0.03163052
31.61753676	0.08111736	0.00256558	-0.03162802
31.62003676	0.08109227	0.00256458	-0.03162552
31.62253675	0.08106718	0.00256359	-0.03162302
31.62503675	0.08104210	0.00256259	-0.03162052
31.62753674	0.08101703	0.00256160	-0.03161802
31.63003674	0.08099196	0.00256060	-0.03161552
31.63253673	0.08096690	0.00255961	-0.03161302
31.63503673	0.08094184	0.00255861	-0.03161052
31.63753672	0.08091679	0.00255762	-0.03160802
31.64003672	0.08089175	0.00255663	-0.03160553
31.64253671	0.08086671	0.00255563	-0.03160303
31.64503671	0.08084168	0.00255464	-0.03160053
31.64753670	0.08081665	0.00255365	-0.03159804
31.65003670	0.08079163	0.00255266	-0.03159554
31.65253669	0.08076661	0.00255166	-0.03159304
31.65503669	0.08074160	0.00255067	-0.03159055
31.65753668	0.08071660	0.00254968	-0.03158805
31.66003668	0.08069160	0.00254869	-0.03158556
31.66253667	0.08066660	0.00254770	-0.03158307
31.66503667	0.08064162	0.00254671	-0.03158057
31.66753666	0.08061663	0.00254572	-0.03157808
31.67003666	0.08059166	0.00254473	-0.03157559
31.67253665	0.08056669	0.00254374	-0.03157309
31.67503665	0.08054172	0.00254275	-0.03157060
31.67753664	0.08051676	0.00254176	-0.03156811
31.68003664	0.08049181	0.00254077	-0.03156562
31.68253663	0.08046686	0.00253979	-0.03156313
31.68503663	0.08044192	0.00253880	-0.03156064
31.68753662	0.08041698	0.00253781	-0.03155815
31.69003662	0.08039205	0.00253682	-0.03155566
31.69253661	0.08036713	0.00253584	-0.03155317
31.69503661	0.08034221	0.00253485	-0.03155068
31.69753660	0.08031730	0.00253387	-0.03154819
31.70003660	0.08029239	0.00253288	-0.03154570
31.70253659	0.08026749	0.00253189	-0.03154322
31.70503659	0.08024259	0.00253091	-0.03154073
31.70753658	0.08021770	0.00252993	-0.03153824
31.71003658	0.08019281	0.00252894	-0.03153576
31.71253657	0.08016793	0.00252796	-0.03153327
31.71503657	0.08014306	0.00252697	-0.03153079
31.71753656	0.08011819	0.00252599	-0.03152830
31.72003656	0.08009333	0.00252501	-0.03152581
31.72253655	0.08006847	0.00252402	-0.03152333
31.72503655	0.08004362	0.00252304	-0.03152085
31.72753654	0.08001878	0.00252206	-0.03151836
31.73003654	0.07999394	0.00252108	-0.03151588
31.73253653	0.07996910	0.00252010	-0.03151340
31.73503653	0.07994428	0.00251912	-0.03151091
31.73753652	0.07991945	0.00251814	-0.03150843
31.74003652	0.07989464	0.00251716	-0.03150595
31.74253651	0.07986983	0.00251618	-0.03150347
31.74503651	0.07984502	0.00251520	-0.03150099
31.74753650	0.07982022	0.00251422	-0.03149851
31.75003650	0.07979543	0.00251324	-0.03149603
31.75253649	0.07977064	0.00251226	-0.03149355
31.75503649	0.07974586	0.00251128	-0.03149107
31.75753648	0.07972108	0.00251030	-0.03148859
31.76003648	0.07969631	0.00250933	-0.03148611
31.76253647	0.07967154	0.00250835	-0.03148363
31.76503647	0.07964678	0.00250737	-0.03148115
31.76753646	0.07962203	0.00250640	-0.03147868
31.77003646	0.07959728	0.00250542	-0.03147620
31.77253645	0.07957254	0.00250444	-0.03147372
31.77503645	0.07954780	0.00250347	-0.03147125
31.77753644	0.07952307	0.00250249	-0.03146877
31.78003644	0.07949834	0.00250152	-0.03146629
31.78253643	0.07947362	0.00250054	-0.03146382
31.78503643	0.07944891	0.00249957	-0.03146135
31.78753642	0.07942420	0.00249860	-0.03145887
31.79003642	0.07939950	0.00249762	-0.03145640
31.79253641	0.07937480	0.00249665	-0.03145392
31.79503641	0.07935011	0.00249568	-0.03145145
31.79753640	0.07932542	0.00249470	-0.03144898
31.80003640	0.07930074	0.00249373	-0.03144650
31.80253639	0.07927607	0.00249276	-0.03144403
31.80503639	0.07925140	0.00249179	-0.03144156
31.80753638	0.07922673	0.00249082	-0.03143909
31.81003638	0.07920208	0.00248985	-0.03143662
31.81253637	0.07917742	0.00248887	-0.03143415
31.81503637	0.07915278	0.00248790	-0.03143168
31.81753636	0.07912814	0.00248693	-0.03142921
31.82003636	0.07910350	0.00248597	-0.03142674
31.82253635	0.07907887	0.00248500	-0.03142427
31.82503635	0.07905425	0.00248403	-0.03142180
31.82753634	0.07902963	0.00248306	-0.03141933
31.83003634	0.07900502	0.00248209	-0.03141687
31.83253633	0.07898041	0.00248112	-0.03141440
31.83503633	0.07895581	0.00248015	-0.03141193
31.83753632	0.07893122	0.00247919	-0.03140947
31.84003632	0.07890663	0.00247822	-0.03140700
31.84253631	0.07888205	0.00247725	-0.03140453
31.84503631	0.07885747	0.00247629	-0.03140207
31.84753630	0.07883290	0.00247532	-0.03139960
31.85003630	0.07880833	0.00247436	-0.03139714
31.85253629	0.07878377	0.00247339	-0.03139467
31.85503629	0.07875921	0.00247243	-0.03139221
31.85753628	0.07873466	0.00247146	-0.03138975
31.86003628	0.07871012	0.00247050	-0.03138728
31.86253627	0.07868558	0.00246953	-0.03138482
31.86503627	0.07866105	0.00246857	-0.03138236
31.86753626	0.07863652	0.00246761	-0.03137990
31.87003626	0.07861200	0.00246664	-0.03137744
31.87253625	0.07858749	0.00246568	-0.03137497
31.87503625	0.07856298	0.00246472	-0.03137251
31.87753624	0.07853847	0.00246376	-0.03137005
31.88003624	0.07851397	0.00246279	-0.03136759
31.88253623	0.07848948	0.00246183	-0.03136513
31.88503623	0.07846499	0.00246087	-0.03136267
31.88753622	0.07844051	0.00245991	-0.03136022
31.89003622	0.07841604	0.00245895	-0.03135776
31.89253621	0.07839157	0.00245799	-0.03135530
31.89503621	0.07836710	0.00245703	-0.03135284
31.89753620	0.07834264	0.00245607	-0.03135038
31.90003620	0.07831819	0.00245511	-0.03134793
31.90253619	0.07829374	0.00245415	-0.03134547
31.90503619	0.07826930	0.00245320	-0.03134301
31.90753618	0.07824487	0.00245224	-0.03134056
31.91003618	0.07822043	0.00245128	-0.03133810
31.91253617	0.07819601	0.00245032	-0.03133565
31.91503617	0.07817159	0.00244937	-0.03133319
31.91753616	0.07814718	0.00244841	-0.03133074
31.92003616	0.07812277	0.00244745	-0.03132829
31.92253615	0.07809837	0.00244650	-0.03132583
31.92503615	0.07807397	0.00244554	-0.03132338
31.92753614	0.07804958	0.00244459	-0.03132093
31.93003614	0.07802520	0.00244363	-0.03131847
31.93253613	0.07800082	0.00244268	-0.03131602
31.93503613	0.07797644	0.00244172	-0.03131357
31.93753612	0.07795208	0.00244077	-0.03131112
31.94003612	0.07792771	0.00243981	-0.03130867
31.94253611	0.07790336	0.00243886	-0.03130622
31.94503611	0.07787901	0.00243791	-0.03130377
31.94753610	0.07785466	0.00243695	-0.03130132
31.95003610	0.07783032	0.00243600	-0.03129887
31.95253609	0.07780599	0.00243505	-0.03129642
31.95503609	0.07778166	0.00243410	-0.03129397
31.95753608	0.07775734	0.00243315	-0.03129152
31.96003608	0.07773302	0.00243219	-0.03128908
31.96253607	0.07770871	0.00243124	-0.03128663
31.96503607	0.07768440	0.00243029	-0.03128418
31.96753606	0.07766010	0.00242934	-0.03128174
31.97003606	0.07763581	0.00242839	-0.03127929
31.97253605	0.07761152	0.00242744	-0.03127684
31.97503605	0.07758724	0.00242649	-0.03127440
31.97753604	0.07756296	0.00242555	-0.03127195
31.98003604	0.07753869	0.00242460	-0.03126951
31.98253603	0.07751442	0.00242365	-0.03126706
31.98503603	0.07749016	0.00242270	-0.03126462
31.98753602	0.07746591	0.00242175	-0.03126218
31.99003602	0.07744166	0.00242081	-0.03125973
31.99253601	0.07741742	0.00241986	-0.03125729
31.99503601	0.07739318	0.00241891	-0.03125485
31.99753600	0.07736895	0.00241797	-0.03125241
32.00003600	0.07734472	0.00241702	-0.03124996
32.00253600	0.07732050	0.00241607	-0.03124752
32.00503599	0.07729628	0.00241513	-0.03124508
32.00753598	0.07727208	0.00241418	-0.03124264
32.01003598	0.07724787	0.00241324	-0.03124020
32.01253597	0.07722367	0.00241229	-0.03123776
32.01503597	0.07719948	0.00241135	-0.03123532
32.01753597	0.07717529	0.00241041	-0.03123288
32.02003596	0.07715111	0.00240946	-0.03123045
32.02253596	0.07712694	0.00240852	-0.03122801
32.02503595	0.07710277	0.00240758	-0.03122557
32.02753594	0.07707861	0.00240664	-0.03122313
32.03003594	0.07705445	0.00240569	-0.03122070
32.03253593	0.07703029	0.00240475	-0.03121826
32.03503593	0.07700615	0.00240381	-0.03121582
32.03753593	0.07698201	0.00240287	-0.03121339
32.04003592	0.07695787	0.00240193	-0.03121095
32.04253592	0.07693374	0.00240099	-0.03120852
32.04503591	0.07690962	0.00240005	-0.03120608
32.04753590	0.07688550	0.00239911	-0.03120365
32.05003590	0.07686138	0.00239817	-0.03120121
32.05253589	0.07683728	0.00239723	-0.03119878
32.05503589	0.07681318	0.00239629	-0.03119635
32.05753589	0.07678908	0.00239535	-0.03119391
32.06003588	0.07676499	0.00239441	-0.03119148
32.06253588	0.07674090	0.00239348	-0.03118905
32.06503587	0.07671683	0.00239254	-0.03118662
32.06753586	0.07669275	0.00239160	-0.03118419
32.07003586	0.07666868	0.00239066	-0.03118175
32.07253585	0.07664462	0.00238973	-0.03117932
32.07503585	0.07662057	0.00238879	-0.03117689
32.07753584	0.07659651	0.00238786	-0.03117446
32.08003584	0.07657247	0.00238692	-0.03117203
32.08253584	0.07654843	0.00238598	-0.03116961
32.08503583	0.07652440	0.00238505	-0.03116718
32.08753582	0.07650037	0.00238411	-0.03116475
32.09003582	0.07647635	0.00238318	-0.03116232
32.09253581	0.07645233	0.00238225	-0.03115989
32.09503581	0.07642832	0.00238131	-0.03115747
32.09753580	0.07640431	0.00238038	-0.03115504
32.10003580	0.07638031	0.00237945	-0.03115261
32.10253580	0.07635632	0.00237851	-0.03115019
32.10503579	0.07633233	0.00237758	-0.03114776
32.10753578	0.07630835	0.00237665	-0.03114534
32.11003578	0.07628437	0.00237572	-0.03114291
32.11253577	0.07626040	0.00237479	-0.03114049
32.11503577	0.07623643	0.00237385	-0.03113806
32.11753576	0.07621247	0.00237292	-0.03113564
32.12003576	0.07618852	0.00237199	-0.03113322
32.12253576	0.07616457	0.00237106	-0.03113079
32.12503575	0.07614062	0.00237013	-0.03112837
32.12753574	0.07611669	0.00236920	-0.03112595
32.13003574	0.07609275	0.00236827	-0.03112353
32.13253573	0.07606883	0.00236735	-0.03112110
32.13503573	0.07604491	0.00236642	-0.03111868
32.13753572	0.07602099	0.00236549	-0.03111626
32.14003572	0.07599708	0.00236456	-0.03111384
32.14253572	0.07597318	0.00236363	-0.03111142
32.14503571	0.07594928	0.00236271	-0.03110900
32.14753570	0.07592539	0.00236178	-0.03110658
32.15003570	0.07590150	0.00236085	-0.03110416
32.15253569	0.07587762	0.00235993	-0.03110175
32.15503569	0.07585374	0.00235900	-0.03109933
32.15753568	0.07582987	0.00235807	-0.03109691
32.16003568	0.07580601	0.00235715	-0.03109449
32.16253568	0.07578215	0.00235622	-0.03109208
32.16503567	0.07575830	0.00235530	-0.03108966
32.16753566	0.07573445	0.00235438	-0.03108724
32.17003566	0.07571061	0.00235345	-0.03108483
32.17253565	0.07568677	0.00235253	-0.03108241
32.17503565	0.07566294	0.00235160	-0.03108000
32.17753564	0.07563912	0.00235068	-0.03107758
32.18003564	0.07561530	0.00234976	-0.03107517
32.18253564	0.07559148	0.00234884	-0.03107275
32.18503563	0.07556768	0.00234791	-0.03107034
32.18753562	0.07554387	0.00234699	-0.03106793
32.19003562	0.07552008	0.00234607	-0.03106551
32.19253561	0.07549629	0.00234515	-0.03106310
32.19503561	0.07547250	0.00234423	-0.03106069
32.19753560	0.07544872	0.00234331	-0.03105828
32.20003560	0.07542495	0.00234239	-0.03105587
32.20253560	0.07540118	0.00234147	-0.03105346
32.20503559	0.07537741	0.00234055	-0.03105104
32.20753559	0.07535366	0.00233963	-0.03104863
32.21003558	0.07532991	0.00233871	-0.03104622
32.21253557	0.07530616	0.00233779	-0.03104382
32.21503557	0.07528242	0.00233687	-0.03104141
32.21753556	0.07525869	0.00233595	-0.03103900
32.22003556	0.07523496	0.00233504	-0.03103659
32.22253556	0.07521123	0.00233412	-0.03103418
32.22503555	0.07518752	0.00233320	-0.03103177
32.22753555	0.07516380	0.00233229	-0.03102937
32.23003554	0.07514010	0.00233137	-0.03102696
32.23253553	0.07511640	0.00233045	-0.03102455
32.23503553	0.07509270	0.00232954	-0.03102215
32.23753552	0.07506901	0.00232862	-0.03101974
32.24003552	0.07504533	0.00232771	-0.03101734
32.24253552	0.07502165	0.00232679	-0.03101493
32.24503551	0.07499798	0.00232588	-0.03101253
32.24753551	0.07497431	0.00232496	-0.03101012
32.25003550	0.07495065	0.00232405	-0.03100772
32.25253549	0.07492699	0.00232313	-0.03100531
32.25503549	0.07490334	0.00232222	-0.03100291
32.25753548	0.07487970	0.00232131	-0.03100051
32.26003548	0.07485606	0.00232040	-0.03099811
32.26253547	0.07483242	0.00231948	-0.03099570
32.26503547	0.07480880	0.00231857	-0.03099330
32.26753547	0.07478518	0.00231766	-0.03099090
32.27003546	0.07476156	0.00231675	-0.03098850
32.27253545	0.07473795	0.00231584	-0.03098610
32.27503545	0.07471434	0.00231493	-0.03098370
32.27753544	0.07469074	0.00231402	-0.03098130
32.28003544	0.07466715	0.00231311	-0.03097890
32.28253543	0.07464356	0.00231220	-0.03097650
32.28503543	0.07461998	0.00231129	-0.03097410
32.28753543	0.07459640	0.00231038	-0.03097170
32.29003542	0.07457283	0.00230947	-0.03096931
32.29253541	0.07454926	0.00230856	-0.03096691
32.29503541	0.07452570	0.00230765	-0.03096451
32.29753540	0.07450215	0.00230674	-0.03096211
32.30003540	0.07447860	0.00230584	-0.03095972
32.30253539	0.07445506	0.00230493	-0.03095732
32.30503539	0.07443152	0.00230402	-0.03095493
32.30753539	0.07440799	0.00230312	-0.03095253
32.31003538	0.07438446	0.00230221	-0.03095014
32.31253537	0.07436094	0.00230130	-0.03094774
32.31503537	0.07433743	0.00230040	-0.03094535
32.31753536	0.07431392	0.00229949	-0.03094295
32.32003536	0.07429041	0.00229859	-0.03094056
32.32253535	0.07426691	0.00229768	-0.03093817
32.32503535	0.07424342	0.00229678	-0.03093577
32.32753535	0.07421993	0.00229587	-0.03093338
32.33003534	0.07419645	0.00229497	-0.03093099
32.33253533	0.07417298	0.00229407	-0.03092860
32.33503533	0.07414951	0.00229316	-0.03092621
32.33753532	0.07412604	0.00229226	-0.03092382
32.34003532	0.07410258	0.00229136	-0.03092143
32.34253531	0.07407913	0.00229046	-0.03091904
32.34503531	0.07405568	0.00228955	-0.03091665
32.34753531	0.07403224	0.00228865	-0.03091426
32.35003530	0.07400880	0.00228775	-0.03091187
32.35253529	0.07398537	0.00228685	-0.03090948
32.35503529	0.07396195	0.00228595	-0.03090709
32.35753528	0.07393853	0.00228505	-0.03090470
32.36003528	0.07391511	0.00228415	-0.03090231
32.36253527	0.07389171	0.00228325	-0.03089993
32.36503527	0.07386830	0.00228235	-0.03089754
32.36753527	0.07384491	0.00228145	-0.03089515
32.37003526	0.07382151	0.00228055	-0.03089277
32.37253525	0.07379813	0.00227965	-0.03089038
32.37503525	0.07377475	0.00227875	-0.03088800
32.37753524	0.07375137	0.00227786	-0.03088561
32.38003524	0.07372800	0.00227696	-0.03088323
32.38253523	0.07370464	0.00227606	-0.03088084
32.38503523	0.07368128	0.00227516	-0.03087846
32.38753523	0.07365793	0.00227427	-0.03087608
32.39003522	0.07363458	0.00227337	-0.03087369
32.39253521	0.07361124	0.00227248	-0.03087131
32.39503521	0.07358791	0.00227158	-0.03086893
32.39753520	0.07356458	0.00227068	-0.03086655
32.40003520	0.07354125	0.00226979	-0.03086416
32.40253519	0.07351793	0.00226889	-0.03086178
32.40503519	0.07349462	0.00226800	-0.03085940
32.40753519	0.07347131	0.00226711	-0.03085702
32.41003518	0.07344801	0.00226621	-0.03085464
32.41253518	0.07342472	0.00226532	-0.03085226
32.41503517	0.07340143	0.00226443	-0.03084988
32.41753516	0.07337814	0.00226353	-0.03084750
32.42003516	0.07335486	0.00226264	-0.03084512
32.42253515	0.07333159	0.00226175	-0.03084275
32.42503515	0.07330832	0.00226086	-0.03084037
32.42753515	0.07328506	0.00225996	-0.03083799
32.43003514	0.07326180	0.00225907	-0.03083561
32.43253514	0.07323855	0.00225818	-0.03083324
32.43503513	0.07321530	0.00225729	-0.03083086
32.43753512	0.07319206	0.00225640	-0.03082848
32.44003512	0.07316883	0.00225551	-0.03082611
32.44253511	0.07314560	0.00225462	-0.03082373
32.44503511	0.07312238	0.00225373	-0.03082136
32.44753511	0.07309916	0.00225284	-0.03081898
32.45003510	0.07307595	0.00225195	-0.03081661
32.45253510	0.07305274	0.00225106	-0.03081423
32.45503509	0.07302954	0.00225018	-0.03081186
32.45753508	0.07300634	0.00224929	-0.03080949
32.46003508	0.07298315	0.00224840	-0.03080711
32.46253507	0.07295997	0.00224751	-0.03080474
32.46503507	0.07293679	0.00224663	-0.03080237
32.46753506	0.07291362	0.00224574	-0.03080000
32.47003506	0.07289045	0.00224485	-0.03079763
32.47253506	0.07286729	0.00224397	-0.03079526
32.47503505	0.07284413	0.00224308	-0.03079288
32.47753504	0.07282098	0.00224220	-0.03079051
32.48003504	0.07279784	0.00224131	-0.03078814
32.48253503	0.07277470	0.00224043	-0.03078577
32.48503503	0.07275156	0.00223954	-0.03078341
32.48753502	0.07272843	0.00223866	-0.03078104
32.49003502	0.07270531	0.00223777	-0.03077867
32.49253502	0.07268219	0.00223689	-0.03077630
32.49503501	0.07265908	0.00223601	-0.03077393
32.49753500	0.07263598	0.00223512	-0.03077156
32.50003500	0.07261288	0.00223424	-0.03076920
32.50253499	0.07258978	0.00223336	-0.03076683
32.50503499	0.07256669	0.00223248	-0.03076446
32.50753498	0.07254361	0.00223159	-0.03076210
32.51003498	0.07252053	0.00223071	-0.03075973
32.51253498	0.07249746	0.00222983	-0.03075737
32.51503497	0.07247439	0.00222895	-0.03075500
32.51753496	0.07245133	0.00222807	-0.03075264
32.52003496	0.07242828	0.00222719	-0.03075027
32.52253495	0.07240523	0.00222631	-0.03074791
32.52503495	0.07238218	0.00222543	-0.03074555
32.52753494	0.07235914	0.00222455	-0.03074318
32.53003494	0.07233611	0.00222367	-0.03074082
32.53253494	0.07231308	0.00222279	-0.03073846
32.53503493	0.07229006	0.00222191	-0.03073610
32.53753492	0.07226704	0.00222104	-0.03073374
32.54003492	0.07224403	0.00222016	-0.03073137
32.54253491	0.07222103	0.00221928	-0.03072901
32.54503491	0.07219803	0.00221840	-0.03072665
32.54753490	0.07217503	0.00221753	-0.03072429
32.55003490	0.07215205	0.00221665	-0.03072193
32.55253490	0.07212906	0.00221577	-0.03071957
32.55503489	0.07210609	0.00221490	-0.03071721
32.55753488	0.07208311	0.00221402	-0.03071486
32.56003488	0.07206015	0.00221315	-0.03071250
32.56253487	0.07203719	0.00221227	-0.03071014
32.56503487	0.07201423	0.00221140	-0.03070778
32.56753486	0.07199128	0.00221052	-0.03070543
32.57003486	0.07196834	0.00220965	-0.03070307
32.57253486	0.07194540	0.00220878	-0.03070071
32.57503485	0.07192247	0.00220790	-0.03069836
32.57753484	0.07189954	0.00220703	-0.03069600
32.58003484	0.07187662	0.00220616	-0.03069364
32.58253483	0.07185370	0.00220528	-0.03069129
32.58503483	0.07183079	0.00220441	-0.03068893
32.58753482	0.07180789	0.00220354	-0.03068658
32.59003482	0.07178499	0.00220267	-0.03068423
32.59253482	0.07176210	0.00220180	-0.03068187
32.59503481	0.07173921	0.00220092	-0.03067952
32.59753481	0.07171632	0.00220005	-0.03067717
32.60003480	0.07169345	0.00219918	-0.03067481
32.60253479	0.07167058	0.00219831	-0.03067246
32.60503479	0.07164771	0.00219744	-0.03067011
32.60753478	0.07162485	0.00219657	-0.03066776
32.61003478	0.07160200	0.00219570	-0.03066541
32.61253478	0.07157915	0.00219484	-0.03066306
32.61503477	0.07155630	0.00219397	-0.03066071
32.61753477	0.07153347	0.00219310	-0.03065836
32.62003476	0.07151063	0.00219223	-0.03065601
32.62253475	0.07148781	0.00219136	-0.03065366
32.62503475	0.07146499	0.00219050	-0.03065131
32.62753474	0.07144217	0.00218963	-0.03064896
32.63003474	0.07141936	0.00218876	-0.03064661
32.63253474	0.07139655	0.00218789	-0.03064426
32.63503473	0.07137376	0.00218703	-0.03064192
32.63753473	0.07135096	0.00218616	-0.03063957
32.64003472	0.07132817	0.00218530	-0.03063722
32.64253471	0.07130539	0.00218443	-0.03063488
32.64503471	0.07128262	0.00218357	-0.03063253
32.64753470	0.07125984	0.00218270	-0.03063018
32.65003470	0.07123708	0.00218184	-0.03062784
32.65253469	0.07121432	0.00218097	-0.03062549
32.65503469	0.07119156	0.00218011	-0.03062315
32.65753469	0.07116882	0.00217925	-0.03062080
32.66003468	0.07114607	0.00217838	-0.03061846
32.66253467	0.07112334	0.00217752	-0.03061612
32.66503467	0.07110060	0.00217666	-0.03061377
32.66753466	0.07107788	0.00217580	-0.03061143
32.67003466	0.07105516	0.00217493	-0.03060909
32.67253465	0.07103244	0.00217407	-0.03060675
32.67503465	0.07100973	0.00217321	-0.03060441
32.67753465	0.07098703	0.00217235	-0.03060206
32.68003464	0.07096433	0.00217149	-0.03059972
32.68253463	0.07094163	0.00217063	-0.03059738
32.68503463	0.07091895	0.00216977	-0.03059504
32.68753462	0.07089626	0.00216891	-0.03059270
32.69003462	0.07087359	0.00216805	-0.03059036
32.69253461	0.07085092	0.00216719	-0.03058802
32.69503461	0.07082825	0.00216633	-0.03058568
32.69753461	0.07080559	0.00216547	-0.03058335
32.70003460	0.07078294	0.00216461	-0.03058101
32.70253459	0.07076029	0.00216376	-0.03057867
32.70503459	0.07073764	0.00216290	-0.03057633
32.70753458	0.07071501	0.00216204	-0.03057400
32.71003458	0.07069237	0.00216118	-0.03057166
32.71253457	0.07066975	0.00216033	-0.03056932
32.71503457	0.07064713	0.00215947	-0.03056699
32.71753457	0.07062451	0.00215861	-0.03056465
32.72003456	0.07060190	0.00215776	-0.03056231
32.72253455	0.07057930	0.00215690	-0.03055998
32.72503455	0.07055670	0.00215605	-0.03055765
32.72753454	0.07053411	0.00215519	-0.03055531
32.73003454	0.07051152	0.00215434	-0.03055298
32.73253453	0.07048894	0.00215348	-0.03055064
32.73503453	0.07046636	0.00215263	-0.03054831
32.73753453	0.07044379	0.00215177	-0.03054598
32.74003452	0.07042122	0.00215092	-0.03054365
32.74253451	0.07039866	0.00215007	-0.03054131
32.74503451	0.07037611	0.00214921	-0.03053898
32.74753450	0.07035356	0.00214836	-0.03053665
32.75003450	0.07033102	0.00214751	-0.03053432
32.75253449	0.07030848	0.00214666	-0.03053199
32.75503449	0.07028595	0.00214581	-0.03052966
32.75753449	0.07026342	0.00214495	-0.03052733
32.76003448	0.07024090	0.00214410	-0.03052500
32.76253447	0.07021838	0.00214325	-0.03052267
32.76503447	0.07019587	0.00214240	-0.03052034
32.76753446	0.07017337	0.00214155	-0.03051801
32.77003446	0.07015087	0.00214070	-0.03051568
32.77253445	0.07012838	0.00213985	-0.03051336
32.77503445	0.07010589	0.00213900	-0.03051103
32.77753445	0.07008341	0.00213815	-0.03050870
32.78003444	0.07006093	0.00213730	-0.03050637
32.78253443	0.07003846	0.00213646	-0.03050405
32.78503443	0.07001599	0.00213561	-0.03050172
32.78753442	0.06999353	0.00213476	-0.03049940
32.79003442	0.06997108	0.00213391	-0.03049707
32.79253441	0.06994863	0.00213307	-0.03049475
32.79503441	0.06992618	0.00213222	-0.03049242
32.79753441	0.06990375	0.00213137	-0.03049010
32.80003440	0.06988131	0.00213053	-0.03048777
32.80253440	0.06985889	0.00212968	-0.03048545
32.80503439	0.06983647	0.00212883	-0.03048313
32.80753438	0.06981405	0.00212799	-0.03048080
32.81003438	0.06979164	0.00212714	-0.03047848
32.81253437	0.06976924	0.00212630	-0.03047616
32.81503437	0.06974684	0.00212545	-0.03047384
32.81753437	0.06972444	0.00212461	-0.03047152
32.82003436	0.06970205	0.00212377	-0.03046919
32.82253436	0.06967967	0.00212292	-0.03046687
32.82503435	0.06965729	0.00212208	-0.03046455
32.82753434	0.06963492	0.00212124	-0.03046223
32.83003434	0.06961256	0.00212039	-0.03045991
32.83253433	0.06959020	0.00211955	-0.03045759
32.83503433	0.06956784	0.00211871	-0.03045527
32.83753433	0.06954549	0.00211787	-0.03045296
32.84003432	0.06952315	0.00211702	-0.03045064
32.84253432	0.06950081	0.00211618	-0.03044832
32.84503431	0.06947848	0.00211534	-0.03044600
32.84753430	0.06945615	0.00211450	-0.03044369
32.85003430	0.06943383	0.00211366	-0.03044137
32.85253429	0.06941151	0.00211282	-0.03043905
32.85503429	0.06938920	0.00211198	-0.03043674
32.85753428	0.06936689	0.00211114	-0.03043442
32.86003428	0.06934460	0.00211030	-0.03043210
32.86253428	0.06932230	0.00210946	-0.03042979
32.86503427	0.06930001	0.00210862	-0.03042747
32.86753426	0.06927773	0.00210779	-0.03042516
32.87003426	0.06925545	0.00210695	-0.03042285
32.87253425	0.06923318	0.00210611	-0.03042053
32.87503425	0.06921091	0.00210527	-0.03041822
32.87753424	0.06918865	0.00210444	-0.03041591
32.88003424	0.06916640	0.00210360	-0.03041359
32.88253424	0.06914415	0.00210276	-0.03041128
32.88503423	0.06912190	0.00210193	-0.03040897
32.88753422	0.06909966	0.00210109	-0.03040666
32.89003422	0.06907743	0.00210025	-0.03040435
32.89253421	0.06905520	0.00209942	-0.03040204
32.89503421	0.06903298	0.00209858	-0.03039973
32.89753420	0.06901076	0.00209775	-0.03039742
32.90003420	0.06898855	0.00209691	-0.03039511
32.90253420	0.06896634	0.00209608	-0.03039280
32.90503419	0.06894414	0.00209525	-0.03039049
32.90753418	0.06892195	0.00209441	-0.03038818
32.91003418	0.06889976	0.00209358	-0.03038587
32.91253417	0.06887758	0.00209275	-0.03038356
32.91503417	0.06885540	0.00209191	-0.03038125
32.91753416	0.06883323	0.00209108	-0.03037895
32.92003416	0.06881106	0.00209025	-0.03037664
32.92253416	0.06878890	0.00208942	-0.03037433
32.92503415	0.06876674	0.00208859	-0.03037203
32.92753414	0.06874459	0.00208775	-0.03036972
32.93003414	0.06872244	0.00208692	-0.03036741
32.93253413	0.06870030	0.00208609	-0.03036511
32.93503413	0.06867817	0.00208526	-0.03036280
32.93753412	0.06865604	0.00208443	-0.03036050
32.94003412	0.06863392	0.00208360	-0.03035820
32.94253412	0.06861180	0.00208277	-0.03035589
32.94503411	0.06858969	0.00208194	-0.03035359
32.94753410	0.06856758	0.00208111	-0.03035129
32.95003410	0.06854548	0.00208029	-0.03034898
32.95253409	0.06852339	0.00207946	-0.03034668
32.95503409	0.06850129	0.00207863	-0.03034438
32.95753408	0.06847921	0.00207780	-0.03034208
32.96003408	0.06845713	0.00207697	-0.03033977
32.96253408	0.06843506	0.00207615	-0.03033747
32.96503407	0.06841299	0.00207532	-0.03033517
32.96753406	0.06839093	0.00207449	-0.03033287
32.97003406	0.06836887	0.00207367	-0.03033057
32.97253405	0.06834682	0.00207284	-0.03032827
32.97503405	0.06832477	0.00207202	-0.03032597
32.97753404	0.06830273	0.00207119	-0.03032367
32.98003404	0.06828070	0.00207036	-0.03032138
32.98253404	0.06825867	0.00206954	-0.03031908
32.98503403	0.06823664	0.00206872	-0.03031678
32.98753403	0.06821462	0.00206789	-0.03031448
32.99003402	0.06819261	0.00206707	-0.03031218
32.99253401	0.06817060	0.00206624	-0.03030989
32.99503401	0.06814860	0.00206542	-0.03030759
32.99753400	0.06812660	0.00206460	-0.03030529
33.00003400	0.06810461	0.00206377	-0.03030300
33.00253400	0.06808263	0.00206295	-0.03030070
33.00503399	0.06806065	0.00206213	-0.03029841
33.00753399	0.06803867	0.00206131	-0.03029611
33.01003398	0.06801670	0.00206049	-0.03029382
33.01253397	0.06799474	0.00205966	-0.03029153
33.01503397	0.06797278	0.00205884	-0.03028923
33.01753396	0.06795083	0.00205802	-0.03028694
33.02003396	0.06792888	0.00205720	-0.03028464
33.02253396	0.06790694	0.00205638	-0.03028235
33.02503395	0.06788500	0.00205556	-0.03028006
33.02753395	0.06786307	0.00205474	-0.03027777
33.03003394	0.06784115	0.00205392	-0.03027548
33.03253393	0.06781923	0.00205310	-0.03027318
33.03503393	0.06779731	0.00205229	-0.03027089
33.03753392	0.06777541	0.00205147	-0.03026860
33.04003392	0.06775350	0.00205065	-0.03026631
33.04253391	0.06773160	0.00204983	-0.03026402
33.04503391	0.06770971	0.00204901	-0.03026173
33.04753391	0.06768783	0.00204820	-0.03025944
33.05003390	0.06766594	0.00204738	-0.03025716
33.05253389	0.06764407	0.00204656	-0.03025487
33.05503389	0.06762220	0.00204575	-0.03025258
33.05753388	0.06760033	0.00204493	-0.03025029
33.06003388	0.06757847	0.00204411	-0.03024800
33.06253387	0.06755662	0.00204330	-0.03024572
33.06503387	0.06753477	0.00204248	-0.03024343
33.06753387	0.06751293	0.00204167	-0.03024114
33.07003386	0.06749109	0.00204085	-0.03023886
33.07253385	0.06746926	0.00204004	-0.03023657
33.07503385	0.06744743	0.00203922	-0.03023429
33.07753384	0.06742561	0.00203841	-0.03023200
33.08003384	0.06740380	0.00203760	-0.03022972
33.08253383	0.06738199	0.00203678	-0.03022743
33.08503383	0.06736018	0.00203597	-0.03022515
33.08753383	0.06733838	0.00203516	-0.03022286
33.09003382	0.06731659	0.00203435	-0.03022058
33.09253381	0.06729480	0.00203353	-0.03021830
33.09503381	0.06727302	0.00203272	-0.03021601
33.09753380	0.06725124	0.00203191	-0.03021373
33.10003380	0.06722947	0.00203110	-0.03021145
33.10253379	0.06720770	0.00203029	-0.03020917
33.10503379	0.06718594	0.00202948	-0.03020689
33.10753379	0.06716419	0.00202867	-0.03020461
33.11003378	0.06714244	0.00202786	-0.03020232
33.11253377	0.06712069	0.00202705	-0.03020004
33.11503377	0.06709895	0.00202624	-0.03019776
33.11753376	0.06707722	0.00202543	-0.03019549
33.12003376	0.06705549	0.00202462	-0.03019321
33.12253375	0.06703377	0.00202381	-0.03019093
33.12503375	0.06701205	0.00202300	-0.03018865
33.12753375	0.06699034	0.00202220	-0.03018637
33.13003374	0.06696863	0.00202139	-0.03018409
33.13253373	0.06694693	0.00202058	-0.03018181
33.13503373	0.06692524	0.00201977	-0.03017954
33.13753372	0.06690355	0.00201897	-0.03017726
33.14003372	0.06688187	0.00201816	-0.03017498
33.14253371	0.06686019	0.00201735	-0.03017271
33.14503371	0.06683851	0.00201655	-0.03017043
33.14753371	0.06681685	0.00201574	-0.03016816
33.15003370	0.06679518	0.00201494	-0.03016588
33.15253369	0.06677353	0.00201413	-0.03016361
33.15503369	0.06675187	0.00201333	-0.03016133
33.15753368	0.06673023	0.00201252	-0.03015906
33.16003368	0.06670859	0.00201172	-0.03015678
33.16253367	0.06668695	0.00201091	-0.03015451
33.16503367	0.06666532	0.00201011	-0.03015224
33.16753367	0.06664370	0.00200931	-0.03014997
33.17003366	0.06662208	0.00200850	-0.03014769
33.17253365	0.06660047	0.00200770	-0.03014542
33.17503365	0.06657886	0.00200690	-0.03014315
33.17753364	0.06655726	0.00200609	-0.03014088
33.18003364	0.06653566	0.00200529	-0.03013861
33.18253363	0.06651407	0.00200449	-0.03013634
33.18503363	0.06649248	0.00200369	-0.03013407
33.18753363	0.06647090	0.00200289	-0.03013180
33.19003362	0.06644933	0.00200209	-0.03012953
33.19253362	0.06642776	0.00200129	-0.03012726
33.19503361	0.06640619	0.00200049	-0.03012499
33.19753360	0.06638464	0.00199969	-0.03012272
33.20003360	0.06636308	0.00199889	-0.03012045
33.20253359	0.06634153	0.00199809	-0.03011818
33.20503359	0.06631999	0.00199729	-0.03011592
33.20753359	0.06629846	0.00199649	-0.03011365
33.21003358	0.06627692	0.00199569	-0.03011138
33.21253358	0.06625540	0.00199489	-0.03010912
33.21503357	0.06623388	0.00199409	-0.03010685
33.21753356	0.06621236	0.00199330	-0.03010458
33.22003356	0.06619085	0.00199250	-0.03010232
33.22253355	0.06616935	0.00199170	-0.03010005
33.22503355	0.06614785	0.00199090	-0.03009779
33.22753355	0.06612636	0.00199011	-0.03009552
33.23003354	0.06610487	0.00198931	-0.03009326
33.23253354	0.06608339	0.00198851	-0.03009099
33.23503353	0.06606191	0.00198772	-0.03008873
33.23753352	0.06604044	0.00198692	-0.03008647
33.24003352	0.06601897	0.00198613	-0.03008421
33.24253351	0.06599751	0.00198533	-0.03008194
33.24503351	0.06597606	0.00198454	-0.03007968
33.24753350	0.06595461	0.00198374	-0.03007742
33.25003350	0.06593316	0.00198295	-0.03007516
33.25253350	0.06591172	0.00198216	-0.03007290
33.25503349	0.06589029	0.00198136	-0.03007064
33.25753348	0.06586886	0.00198057	-0.03006838
33.26003348	0.06584744	0.00197978	-0.03006612
33.26253347	0.06582602	0.00197898	-0.03006386
33.26503347	0.06580461	0.00197819	-0.03006160
33.26753346	0.06578321	0.00197740	-0.03005934
33.27003346	0.06576180	0.00197661	-0.03005708
33.27253346	0.06574041	0.00197582	-0.03005482
33.27503345	0.06571902	0.00197502	-0.03005256
33.27753344	0.06569763	0.00197423	-0.03005030
33.28003344	0.06567626	0.00197344	-0.03004805
33.28253343	0.06565488	0.00197265	-0.03004579
33.28503343	0.06563351	0.00197186	-0.03004353
33.28753342	0.06561215	0.00197107	-0.03004128
33.29003342	0.06559079	0.00197028	-0.03003902
33.29253342	0.06556944	0.00196949	-0.03003676
33.29503341	0.06554810	0.00196870	-0.03003451
33.29753340	0.06552675	0.00196792	-0.03003225
33.30003340	0.06550542	0.00196713	-0.03003000
33.30253339	0.06548409	0.00196634	-0.03002775
33.30503339	0.06546276	0.00196555	-0.03002549
33.30753338	0.06544145	0.00196476	-0.03002324
33.31003338	0.06542013	0.00196398	-0.03002098
33.31253338	0.06539882	0.00196319	-0.03001873
33.31503337	0.06537752	0.00196240	-0.03001648
33.31753336	0.06535622	0.00196162	-0.03001423
33.32003336	0.06533493	0.00196083	-0.03001197
33.32253335	0.06531364	0.00196004	-0.03000972
33.32503335	0.06529236	0.00195926	-0.03000747
33.32753334	0.06527109	0.00195847	-0.03000522
33.33003334	0.06524982	0.00195769	-0.03000297
33.33253334	0.06522855	0.00195690	-0.03000072
33.33503333	0.06520729	0.00195612	-0.02999847
33.33753332	0.06518604	0.00195533	-0.02999622
33.34003332	0.06516479	0.00195455	-0.02999397
33.34253331	0.06514354	0.00195377	-0.02999172
33.34503331	0.06512231	0.00195298	-0.02998947
33.34753330	0.06510107	0.00195220	-0.02998723
33.35003330	0.06507985	0.00195142	-0.02998498
33.35253330	0.06505863	0.00195064	-0.02998273
33.35503329	0.06503741	0.00194985	-0.02998048
33.35753328	0.06501620	0.00194907	-0.02997824
33.36003328	0.06499499	0.00194829	-0.02997599
33.36253327	0.06497379	0.00194751	-0.02997374
33.36503327	0.06495260	0.00194673	-0.02997150
33.36753326	0.06493141	0.00194595	-0.02996925
33.37003326	0.06491022	0.00194517	-0.02996701
33.37253326	0.06488905	0.00194438	-0.02996476
33.37503325	0.06486787	0.00194360	-0.02996252
33.37753324	0.06484671	0.00194282	-0.02996027
33.38003324	0.06482554	0.00194205	-0.02995803
33.38253323	0.06480439	0.00194127	-0.02995579
33.38503323	0.06478324	0.00194049	-0.02995354
33.38753322	0.06476209	0.00193971	-0.02995130
33.39003322	0.06474095	0.00193893	-0.02994906
33.39253322	0.06471981	0.00193815	-0.02994681
33.39503321	0.06469868	0.00193737	-0.02994457
33.39753321	0.06467756	0.00193660	-0.02994233
33.40003320	0.06465644	0.00193582	-0.02994009
33.40253319	0.06463533	0.00193504	-0.02993785
33.40503319	0.06461422	0.00193427	-0.02993561
33.40753318	0.06459312	0.00193349	-0.02993337
33.41003318	0.06457202	0.00193271	-0.02993113
33.41253318	0.06455093	0.00193194	-0.02992889
33.41503317	0.06452984	0.00193116	-0.02992665
33.41753317	0.06450876	0.00193039	-0.02992441
33.42003316	0.06448768	0.00192961	-0.02992217
33.42253315	0.06446661	0.00192884	-0.02991993
33.42503315	0.06444555	0.00192806	-0.02991770
33.42753314	0.06442449	0.00192729	-0.02991546
33.43003314	0.06440344	0.00192651	-0.02991322
33.43253313	0.06438239	0.00192574	-0.02991099
33.43503313	0.06436134	0.00192497	-0.02990875
33.43753313	0.06434031	0.00192419	-0.02990651
33.44003312	0.06431927	0.00192342	-0.02990428
33.44253311	0.06429825	0.00192265	-0.02990204
33.44503311	0.06427722	0.00192188	-0.02989981
33.44753310	0.06425621	0.00192110	-0.02989757
33.45003310	0.06423520	0.00192033	-0.02989534
33.45253309	0.06421419	0.00191956	-0.02989310
33.45503309	0.06419319	0.00191879	-0.02989087
33.45753309	0.06417220	0.00191802	-0.02988864
33.46003308	0.06415121	0.00191725	-0.02988640
33.46253307	0.06413022	0.00191648	-0.02988417
33.46503307	0.06410925	0.00191571	-0.02988194
33.46753306	0.06408827	0.00191494	-0.02987970
33.47003306	0.06406730	0.00191417	-0.02987747
33.47253305	0.06404634	0.00191340	-0.02987524
33.47503305	0.06402538	0.00191263	-0.02987301
33.47753305	0.06400443	0.00191186	-0.02987078
33.48003304	0.06398349	0.00191109	-0.02986855
33.48253303	0.06396255	0.00191033	-0.02986632
33.48503303	0.06394161	0.00190956	-0.02986409
33.48753302	0.06392068	0.00190879	-0.02986186
33.49003302	0.06389976	0.00190802	-0.02985963
33.49253301	0.06387884	0.00190726	-0.02985740
33.49503301	0.06385792	0.00190649	-0.02985517
33.49753301	0.06383701	0.00190572	-0.02985294
33.50003300	0.06381611	0.00190496	-0.02985072
33.50253299	0.06379521	0.00190419	-0.02984849
33.50503299	0.06377432	0.00190343	-0.02984626
33.50753298	0.06375343	0.00190266	-0.02984404
33.51003298	0.06373255	0.00190189	-0.02984181
33.51253297	0.06371168	0.00190113	-0.02983958
33.51503297	0.06369080	0.00190037	-0.02983736
33.51753297	0.06366994	0.00189960	-0.02983513
33.52003296	0.06364908	0.00189884	-0.02983291
33.52253295	0.06362822	0.00189807	-0.02983068
33.52503295	0.06360737	0.00189731	-0.02982846
33.52753294	0.06358653	0.00189655	-0.02982623
33.53003294	0.06356569	0.00189578	-0.02982401
33.53253293	0.06354486	0.00189502	-0.02982179
33.53503293	0.06352403	0.00189426	-0.02981956
33.53753293	0.06350321	0.00189350	-0.02981734
33.54003292	0.06348239	0.00189273	-0.02981512
33.54253291	0.06346158	0.00189197	-0.02981289
33.54503291	0.06344077	0.00189121	-0.02981067
33.54753290	0.06341997	0.00189045	-0.02980845
33.55003290	0.06339918	0.00188969	-0.02980623
33.55253289	0.06337839	0.00188893	-0.02980401
33.55503289	0.06335760	0.00188817	-0.02980179
33.55753289	0.06333682	0.00188741	-0.02979957
33.56003288	0.06331605	0.00188665	-0.02979735
33.56253287	0.06329528	0.00188589	-0.02979513
33.56503287	0.06327451	0.00188513	-0.02979291
33.56753286	0.06325376	0.00188437	-0.02979069
33.57003286	0.06323300	0.00188361	-0.02978847
33.57253285	0.06321226	0.00188286	-0.02978625
33.57503285	0.06319151	0.00188210	-0.02978404
33.57753285	0.06317078	0.00188134	-0.02978182
33.58003284	0.06315005	0.00188058	-0.02977960
33.58253284	0.06312932	0.00187983	-0.02977738
33.58503283	0.06310860	0.00187907	-0.02977517
33.58753282	0.06308788	0.00187831	-0.02977295
33.59003282	0.06306717	0.00187756	-0.02977074
33.59253281	0.06304647	0.00187680	-0.02976852
33.59503281	0.06302577	0.00187604	-0.02976631
33.59753281	0.06300508	0.00187529	-0.02976409
33.60003280	0.06298439	0.00187453	-0.02976188
33.60253280	0.06296371	0.00187378	-0.02975966
33.60503279	0.06294303	0.00187302	-0.02975745
33.60753278	0.06292236	0.00187227	-0.02975523
33.61003278	0.06290169	0.00187152	-0.02975302
33.61253277	0.06288103	0.00187076	-0.02975081
33.61503277	0.06286037	0.00187001	-0.02974860
33.61753276	0.06283972	0.00186925	-0.02974638
33.62003276	0.06281907	0.00186850	-0.02974417
33.62253276	0.06279843	0.00186775	-0.02974196
33.62503275	0.06277780	0.00186700	-0.02973975
33.62753274	0.06275717	0.00186624	-0.02973754
33.63003274	0.06273654	0.00186549	-0.02973533
33.63253273	0.06271593	0.00186474	-0.02973312
33.63503273	0.06269531	0.00186399	-0.02973091
33.63753272	0.06267470	0.00186324	-0.02972870
33.64003272	0.06265410	0.00186249	-0.02972649
33.64253272	0.06263350	0.00186174	-0.02972428
33.64503271	0.06261291	0.00186099	-0.02972207
33.64753270	0.06259232	0.00186024	-0.02971986
33.65003270	0.06257174	0.00185949	-0.02971765
33.65253269	0.06255117	0.00185874	-0.02971545
33.65503269	0.06253060	0.00185799	-0.02971324
33.65753268	0.06251003	0.00185724	-0.02971103
33.66003268	0.06248947	0.00185649	-0.02970882
33.66253268	0.06246892	0.00185574	-0.02970662
33.66503267	0.06244837	0.00185499	-0.02970441
33.66753266	0.06242782	0.00185424	-0.02970221
33.67003266	0.06240728	0.00185350	-0.02970000
33.67253265	0.06238675	0.00185275	-0.02969780
33.67503265	0.06236622	0.00185200	-0.02969559
33.67753264	0.06234570	0.00185125	-0.02969339
33.68003264	0.06232518	0.00185051	-0.02969118
33.68253264	0.06230467	0.00184976	-0.02968898
33.68503263	0.06228416	0.00184902	-0.02968678
33.68753262	0.06226366	0.00184827	-0.02968457
33.69003262	0.06224317	0.00184752	-0.02968237
33.69253261	0.06222267	0.00184678	-0.02968017
33.69503261	0.06220219	0.00184603	-0.02967797
33.69753260	0.06218171	0.00184529	-0.02967576
33.70003260	0.06216123	0.00184455	-0.02967356
33.70253260	0.06214077	0.00184380	-0.02967136
33.70503259	0.06212030	0.00184306	-0.02966916
33.70753258	0.06209984	0.00184231	-0.02966696
33.71003258	0.06207939	0.00184157	-0.02966476
33.71253257	0.06205894	0.00184083	-0.02966256
33.71503257	0.06203850	0.00184008	-0.02966036
33.71753256	0.06201806	0.00183934	-0.02965816
33.72003256	0.06199763	0.00183860	-0.02965596
33.72253256	0.06197720	0.00183786	-0.02965376
33.72503255	0.06195678	0.00183712	-0.02965157
33.72753254	0.06193636	0.00183637	-0.02964937
33.73003254	0.06191595	0.00183563	-0.02964717
33.73253253	0.06189555	0.00183489	-0.02964497
33.73503253	0.06187515	0.00183415	-0.02964278
33.73753252	0.06185475	0.00183341	-0.02964058
33.74003252	0.06183436	0.00183267	-0.02963838
33.74253252	0.06181398	0.00183193	-0.02963619
33.74503251	0.06179360	0.00183119	-0.02963399
33.74753250	0.06177323	0.00183045	-0.02963180
33.75003250	0.06175286	0.00182971	-0.02962960
33.75253249	0.06173249	0.00182897	-0.02962741
33.75503249	0.06171214	0.00182824	-0.02962521
33.75753248	0.06169178	0.00182750	-0.02962302
33.76003248	0.06167144	0.00182676	-0.02962082
33.76253248	0.06165110	0.00182602	-0.02961863
33.76503247	0.06163076	0.00182528	-0.02961644
33.76753246	0.06161043	0.00182455	-0.02961425
33.77003246	0.06159010	0.00182381	-0.02961205
33.77253245	0.06156978	0.00182307	-0.02960986
33.77503245	0.06154947	0.00182234	-0.02960767
33.77753244	0.06152916	0.00182160	-0.02960548
33.78003244	0.06150885	0.00182086	-0.02960329
33.78253244	0.06148855	0.00182013	-0.02960110
33.78503243	0.06146826	0.00181939	-0.02959891
33.78753243	0.06144797	0.00181866	-0.02959672
33.79003242	0.06142769	0.00181792	-0.02959453
33.79253241	0.06140741	0.00181719	-0.02959234
33.79503241	0.06138714	0.00181645	-0.02959015
33.79753240	0.06136687	0.00181572	-0.02958796
33.80003240	0.06134661	0.00181499	-0.02958577
33.80253240	0.06132635	0.00181425	-0.02958358
33.80503239	0.06130610	0.00181352	-0.02958139
33.80753239	0.06128585	0.00181279	-0.02957921
33.81003238	0.06126561	0.00181205	-0.02957702
33.81253237	0.06124538	0.00181132	-0.02957483
33.81503237	0.06122515	0.00181059	-0.02957265
33.81753236	0.06120492	0.00180986	-0.02957046
33.82003236	0.06118470	0.00180913	-0.02956827
33.82253235	0.06116449	0.00180839	-0.02956609
33.82503235	0.06114428	0.00180766	-0.02956390
33.82753235	0.06112407	0.00180693	-0.02956172
33.83003234	0.06110388	0.00180620	-0.02955953
33.83253233	0.06108368	0.00180547	-0.02955735
33.83503233	0.06106349	0.00180474	-0.02955517
33.83753232	0.06104331	0.00180401	-0.02955298
33.84003232	0.06102313	0.00180328	-0.02955080
33.84253231	0.06100296	0.00180255	-0.02954862
33.84503231	0.06098280	0.00180182	-0.02954643
33.84753231	0.06096263	0.00180110	-0.02954425
33.85003230	0.06094248	0.00180037	-0.02954207
33.85253229	0.06092233	0.00179964	-0.02953989
33.85503229	0.06090218	0.00179891	-0.02953771
33.85753228	0.06088204	0.00179818	-0.02953553
33.86003228	0.06086191	0.00179746	-0.02953334
33.86253227	0.06084178	0.00179673	-0.02953116
33.86503227	0.06082165	0.00179600	-0.02952898
33.86753227	0.06080153	0.00179527	-0.02952680
33.87003226	0.06078142	0.00179455	-0.02952462
33.87253225	0.06076131	0.00179382	-0.02952245
33.87503225	0.06074121	0.00179310	-0.02952027
33.87753224	0.06072111	0.00179237	-0.02951809
33.88003224	0.06070102	0.00179165	-0.02951591
33.88253223	0.06068093	0.00179092	-0.02951373
33.88503223	0.06066085	0.00179020	-0.02951156
33.88753223	0.06064077	0.00178947	-0.02950938
33.89003222	0.06062070	0.00178875	-0.02950720
33.89253221	0.06060063	0.00178802	-0.02950502
33.89503221	0.06058057	0.00178730	-0.02950285
33.89753220	0.06056051	0.00178658	-0.02950067
33.90003220	0.06054046	0.00178585	-0.02949850
33.90253219	0.06052042	0.00178513	-0.02949632
33.90503219	0.06050038	0.00178441	-0.02949415
33.90753219	0.06048034	0.00178368	-0.02949197
33.91003218	0.06046031	0.00178296	-0.02948980
33.91253217	0.06044029	0.00178224	-0.02948762
33.91503217	0.06042027	0.00178152	-0.02948545
33.91753216	0.06040026	0.00178080	-0.02948328
33.92003216	0.06038025	0.00178008	-0.02948110
33.92253215	0.06036025	0.00177936	-0.02947893
33.92503215	0.06034025	0.00177863	-0.02947676
33.92753215	0.06032026	0.00177791	-0.02947459
33.93003214	0.06030027	0.00177719	-0.02947242
33.93253213	0.06028029	0.00177647	-0.02947024
33.93503213	0.06026031	0.00177576	-0.02946807
33.93753212	0.06024034	0.00177504	-0.02946590
33.94003212	0.06022037	0.00177432	-0.02946373
33.94253211	0.06020041	0.00177360	-0.02946156
33.94503211	0.06018046	0.00177288	-0.02945939
33.94753211	0.06016051	0.00177216	-0.02945722
33.95003210	0.06014056	0.00177144	-0.02945505
33.95253209	0.06012062	0.00177073	-0.02945288
33.95503209	0.06010069	0.00177001	-0.02945072
33.95753208	0.06008076	0.00176929	-0.02944855
33.96003208	0.06006083	0.00176857	-0.02944638
33.96253207	0.06004091	0.00176786	-0.02944421
33.96503207	0.06002100	0.00176714	-0.02944204
33.96753207	0.06000109	0.00176642	-0.02943988
33.97003206	0.05998119	0.00176571	-0.02943771
33.97253206	0.05996129	0.00176499	-0.02943555
33.97503205	0.05994140	0.00176428	-0.02943338
33.97753204	0.05992151	0.00176356	-0.02943121
33.98003204	0.05990163	0.00176285	-0.02942905
33.98253203	0.05988175	0.00176213	-0.02942688
33.98503203	0.05986188	0.00176142	-0.02942472
33.98753203	0.05984201	0.00176070	-0.02942255
33.99003202	0.05982215	0.00175999	-0.02942039
33.99253202	0.05980230	0.00175928	-0.02941823
33.99503201	0.05978245	0.00175856	-0.02941606
33.99753200	0.05976260	0.00175785	-0.02941390
34.00003200	0.05974276	0.00175714	-0.02941174
34.00253199	0.05972293	0.00175643	-0.02940957
34.00503199	0.05970310	0.00175571	-0.02940741
34.00753198	0.05968327	0.00175500	-0.02940525
34.01003198	0.05966345	0.00175429	-0.02940309
34.01253198	0.05964364	0.00175358	-0.02940093
34.01503197	0.05962383	0.00175287	-0.02939877
34.01753196	0.05960403	0.00175216	-0.02939661
34.02003196	0.05958423	0.00175145	-0.02939445
34.02253195	0.05956444	0.00175073	-0.02939229
34.02503195	0.05954465	0.00175002	-0.02939013
34.02753194	0.05952487	0.00174931	-0.02938797
34.03003194	0.05950509	0.00174861	-0.02938581
34.03253194	0.05948532	0.00174790	-0.02938365
34.03503193	0.05946555	0.00174719	-0.02938149
34.03753192	0.05944579	0.00174648	-0.02937933
34.04003192	0.05942603	0.00174577	-0.02937718
34.04253191	0.05940628	0.00174506	-0.02937502
34.04503191	0.05938654	0.00174435	-0.02937286
34.04753190	0.05936680	0.00174364	-0.02937070
34.05003190	0.05934706	0.00174294	-0.02936855
34.05253190	0.05932733	0.00174223	-0.02936639
34.05503189	0.05930761	0.00174152	-0.02936424
34.05753188	0.05928789	0.00174082	-0.02936208
34.06003188	0.05926817	0.00174011	-0.02935993
34.06253187	0.05924846	0.00173940	-0.02935777
34.06503187	0.05922876	0.00173870	-0.02935562
34.06753186	0.05920906	0.00173799	-0.02935346
34.07003186	0.05918937	0.00173729	-0.02935131
34.07253186	0.05916968	0.00173658	-0.02934915
34.07503185	0.05915000	0.00173588	-0.02934700
34.07753184	0.05913032	0.00173517	-0.02934485
34.08003184	0.05911065	0.00173447	-0.02934270
34.08253183	0.05909098	0.00173376	-0.02934054
34.08503183	0.05907132	0.00173306	-0.02933839
34.08753182	0.05905166	0.00173235	-0.02933624
34.09003182	0.05903201	0.00173165	-0.02933409
34.09253182	0.05901236	0.00173095	-0.02933194
34.09503181	0.05899272	0.00173024	-0.02932979
34.09753180	0.05897309	0.00172954	-0.02932764
34.10003180	0.05895346	0.00172884	-0.02932549
34.10253179	0.05893383	0.00172814	-0.02932334
34.10503179	0.05891421	0.00172743	-0.02932119
34.10753178	0.05889460	0.00172673	-0.02931904
34.11003178	0.05887499	0.00172603	-0.02931689
34.11253178	0.05885538	0.00172533	-0.02931474
34.11503177	0.05883578	0.00172463	-0.02931259
34.11753176	0.05881619	0.00172393	-0.02931044
34.12003176	0.05879660	0.00172323	-0.02930830
34.12253175	0.05877701	0.00172253	-0.02930615
34.12503175	0.05875744	0.00172183	-0.02930400
34.12753174	0.05873786	0.00172113	-0.02930186
34.13003174	0.05871829	0.00172043	-0.02929971
34.13253174	0.05869873	0.00171973	-0.02929756
34.13503173	0.05867917	0.00171903	-0.02929542
34.13753172	0.05865962	0.00171833	-0.02929327
34.14003172	0.05864007	0.00171763	-0.02929113
34.14253171	0.05862053	0.00171694	-0.02928898
34.14503171	0.05860100	0.00171624	-0.02928684
34.14753170	0.05858146	0.00171554	-0.02928469
34.15003170	0.05856194	0.00171484	-0.02928255
34.15253170	0.05854242	0.00171415	-0.02928041
34.15503169	0.05852290	0.00171345	-0.02927826
34.15753168	0.05850339	0.00171275	-0.02927612
34.16003168	0.05848388	0.00171206	-0.02927398
34.16253167	0.05846438	0.00171136	-0.02927184
34.16503167	0.05844489	0.00171066	-0.02926969
34.16753166	0.05842540	0.00170997	-0.02926755
34.17003166	0.05840591	0.00170927	-0.02926541
34.17253166	0.05838643	0.00170858	-0.02926327
34.17503165	0.05836696	0.00170788	-0.02926113
34.17753165	0.05834749	0.00170719	-0.02925899
34.18003164	0.05832803	0.00170649	-0.02925685
34.18253163	0.05830857	0.00170580	-0.02925471
34.18503163	0.05828911	0.00170511	-0.02925257
34.18753162	0.05826967	0.00170441	-0.02925043
34.19003162	0.05825022	0.00170372	-0.02924829
34.19253162	0.05823078	0.00170303	-0.02924615
34.19503161	0.05821135	0.00170233	-0.02924401
34.19753161	0.05819192	0.00170164	-0.02924188
34.20003160	0.05817250	0.00170095	-0.02923974
34.20253159	0.05815308	0.00170026	-0.02923760
34.20503159	0.05813367	0.00169956	-0.02923546
34.20753158	0.05811427	0.00169887	-0.02923333
34.21003158	0.05809486	0.00169818	-0.02923119
34.21253157	0.05807547	0.00169749	-0.02922906
34.21503157	0.05805608	0.00169680	-0.02922692
34.21753157	0.05803669	0.00169611	-0.02922478
34.22003156	0.05801731	0.00169542	-0.02922265
34.22253155	0.05799793	0.00169473	-0.02922052
34.22503155	0.05797856	0.00169404	-0.02921838
34.22753154	0.05795920	0.00169335	-0.02921625
34.23003154	0.05793984	0.00169266	-0.02921411
34.23253153	0.05792048	0.00169197	-0.02921198
34.23503153	0.05790113	0.00169128	-0.02920985
34.23753153	0.05788179	0.00169059	-0.02920771
34.24003152	0.05786245	0.00168991	-0.02920558
34.24253151	0.05784311	0.00168922	-0.02920345
34.24503151	0.05782379	0.00168853	-0.02920132
34.24753150	0.05780446	0.00168784	-0.02919918
34.25003150	0.05778514	0.00168716	-0.02919705
34.25253149	0.05776583	0.00168647	-0.02919492
34.25503149	0.05774652	0.00168578	-0.02919279
34.25753149	0.05772722	0.00168510	-0.02919066
34.26003148	0.05770792	0.00168441	-0.02918853
34.26253147	0.05768863	0.00168372	-0.02918640
34.26503147	0.05766934	0.00168304	-0.02918427
34.26753146	0.05765006	0.00168235	-0.02918214
34.27003146	0.05763078	0.00168167	-0.02918001
34.27253145	0.05761151	0.00168098	-0.02917789
34.27503145	0.05759224	0.00168030	-0.02917576
34.27753145	0.05757298	0.00167961	-0.02917363
34.28003144	0.05755372	0.00167893	-0.02917150
34.28253143	0.05753447	0.00167824	-0.02916937
34.28503143	0.05751522	0.00167756	-0.02916725
34.28753142	0.05749598	0.00167688	-0.02916512
34.29003142	0.05747675	0.00167619	-0.02916299
34.29253141	0.05745752	0.00167551	-0.02916087
34.29503141	0.05743829	0.00167483	-0.02915874
34.29753141	0.05741907	0.00167415	-0.02915662
34.30003140	0.05739985	0.00167346	-0.02915449
34.30253139	0.05738064	0.00167278	-0.02915237
34.30503139	0.05736144	0.00167210	-0.02915024
34.30753138	0.05734224	0.00167142	-0.02914812
34.31003138	0.05732304	0.00167074	-0.02914599
34.31253137	0.05730385	0.00167006	-0.02914387
34.31503137	0.05728467	0.00166938	-0.02914175
34.31753137	0.05726549	0.00166869	-0.02913963
34.32003136	0.05724632	0.00166801	-0.02913750
34.32253135	0.05722715	0.00166733	-0.02913538
34.32503135	0.05720798	0.00166665	-0.02913326
34.32753134	0.05718883	0.00166598	-0.02913114
34.33003134	0.05716967	0.00166530	-0.02912902
34.33253133	0.05715052	0.00166462	-0.02912689
34.33503133	0.05713138	0.00166394	-0.02912477
34.33753133	0.05711224	0.00166326	-0.02912265
34.34003132	0.05709311	0.00166258	-0.02912053
34.34253131	0.05707398	0.00166190	-0.02911841
34.34503131	0.05705486	0.00166123	-0.02911629
34.34753130	0.05703574	0.00166055	-0.02911417
34.35003130	0.05701663	0.00165987	-0.02911205
34.35253129	0.05699752	0.00165919	-0.02910994
34.35503129	0.05697842	0.00165852	-0.02910782
34.35753129	0.05695932	0.00165784	-0.02910570
34.36003128	0.05694023	0.00165716	-0.02910358
34.36253127	0.05692115	0.00165649	-0.02910146
34.36503127	0.05690206	0.00165581	-0.02909935
34.36753126	0.05688299	0.00165514	-0.02909723
34.37003126	0.05686392	0.00165446	-0.02909511
34.37253125	0.05684485	0.00165379	-0.02909300
34.37503125	0.05682579	0.00165311	-0.02909088
34.37753125	0.05680674	0.00165244	-0.02908877
34.38003124	0.05678768	0.00165176	-0.02908665
34.38253124	0.05676864	0.00165109	-0.02908454
34.38503123	0.05674960	0.00165042	-0.02908242
34.38753122	0.05673056	0.00164974	-0.02908031
34.39003122	0.05671153	0.00164907	-0.02907819
34.39253121	0.05669251	0.00164840	-0.02907608
34.39503121	0.05667349	0.00164772	-0.02907397
34.39753120	0.05665447	0.00164705	-0.02907185
34.40003120	0.05663547	0.00164638	-0.02906974
34.40253120	0.05661646	0.00164571	-0.02906763
34.40503119	0.05659746	0.00164503	-0.02906552
34.40753118	0.05657847	0.00164436	-0.02906340
34.41003118	0.05655948	0.00164369	-0.02906129
34.41253117	0.05654049	0.00164302	-0.02905918
34.41503117	0.05652152	0.00164235	-0.02905707
34.41753116	0.05650254	0.00164168	-0.02905496
34.42003116	0.05648357	0.00164101	-0.02905285
34.42253116	0.05646461	0.00164034	-0.02905074
34.42503115	0.05644565	0.00163967	-0.02904863
34.42753114	0.05642670	0.00163900	-0.02904652
34.43003114	0.05640775	0.00163833	-0.02904441
34.43253113	0.05638881	0.00163766	-0.02904230
34.43503113	0.05636987	0.00163699	-0.02904019
34.43753112	0.05635094	0.00163632	-0.02903809
34.44003112	0.05633201	0.00163566	-0.02903598
34.44253112	0.05631309	0.00163499	-0.02903387
34.44503111	0.05629417	0.00163432	-0.02903176
34.44753110	0.05627526	0.00163365	-0.02902966
34.45003110	0.05625635	0.00163298	-0.02902755
34.45253109	0.05623745	0.00163232	-0.02902544
34.45503109	0.05621855	0.00163165	-0.02902334
34.45753108	0.05619966	0.00163098	-0.02902123
34.46003108	0.05618078	0.00163032	-0.02901913
34.46253108	0.05616190	0.00162965	-0.02901702
34.46503107	0.05614302	0.00162899	-0.02901492
34.46753106	0.05612415	0.00162832	-0.02901281
34.47003106	0.05610528	0.00162765	-0.02901071
34.47253105	0.05608642	0.00162699	-0.02900860
34.47503105	0.05606756	0.00162632	-0.02900650
34.47753104	0.05604871	0.00162566	-0.02900440
34.48003104	0.05602987	0.00162499	-0.02900229
34.48253104	0.05601103	0.00162433	-0.02900019
34.48503103	0.05599219	0.00162367	-0.02899809
34.48753102	0.05597336	0.00162300	-0.02899599
34.49003102	0.05595454	0.00162234	-0.02899389
34.49253101	0.05593572	0.00162168	-0.02899178
34.49503101	0.05591690	0.00162101	-0.02898968
34.49753100	0.05589809	0.00162035	-0.02898758
34.50003100	0.05587929	0.00161969	-0.02898548
34.50253100	0.05586049	0.00161903	-0.02898338
34.50503099	0.05584169	0.00161836	-0.02898128
34.50753098	0.05582290	0.00161770	-0.02897918
34.51003098	0.05580412	0.00161704	-0.02897708
34.51253097	0.05578534	0.00161638	-0.02897498
34.51503097	0.05576657	0.00161572	-0.02897288
34.51753096	0.05574780	0.00161506	-0.02897079
34.52003096	0.05572903	0.00161440	-0.02896869
34.52253096	0.05571027	0.00161374	-0.02896659
34.52503095	0.05569152	0.00161308	-0.02896449
34.52753094	0.05567277	0.00161242	-0.02896240
34.53003094	0.05565403	0.00161176	-0.02896030
34.53253093	0.05563529	0.00161110	-0.02895820
34.53503093	0.05561656	0.00161044	-0.02895611
34.53753092	0.05559783	0.00160978	-0.02895401
34.54003092	0.05557911	0.00160912	-0.02895191
34.54253092	0.05556039	0.00160846	-0.02894982
34.54503091	0.05554167	0.00160781	-0.02894772
34.54753090	0.05552297	0.00160715	-0.02894563
34.55003090	0.05550426	0.00160649	-0.02894353
34.55253089	0.05548557	0.00160583	-0.02894144
34.55503089	0.05546687	0.00160518	-0.02893935
34.55753088	0.05544819	0.00160452	-0.02893725
34.56003088	0.05542950	0.00160386	-0.02893516
34.56253088	0.05541083	0.00160321	-0.02893307
34.56503087	0.05539215	0.00160255	-0.02893097
34.56753087	0.05537349	0.00160189	-0.02892888
34.57003086	0.05535482	0.00160124	-0.02892679
34.57253085	0.05533617	0.00160058	-0.02892470
34.57503085	0.05531751	0.00159993	-0.02892261
34.57753084	0.05529887	0.00159927	-0.02892052
34.58003084	0.05528023	0.00159862	-0.02891842
34.58253084	0.05526159	0.00159796	-0.02891633
34.58503083	0.05524296	0.00159731	-0.02891424
34.58753083	0.05522433	0.00159665	-0.02891215
34.59003082	0.05520571	0.00159600	-0.02891006
34.59253081	0.05518709	0.00159535	-0.02890797
34.59503081	0.05516848	0.00159469	-0.02890589
34.59753080	0.05514987	0.00159404	-0.02890380
34.60003080	0.05513127	0.00159339	-0.02890171
34.60253079	0.05511268	0.00159274	-0.02889962
34.60503079	0.05509409	0.00159208	-0.02889753
34.60753079	0.05507550	0.00159143	-0.02889544
34.61003078	0.05505692	0.00159078	-0.02889336
34.61253077	0.05503834	0.00159013	-0.02889127
34.61503077	0.05501977	0.00158948	-0.02888918
34.61753076	0.05500121	0.00158883	-0.02888710
34.62003076	0.05498265	0.00158817	-0.02888501
34.62253075	0.05496409	0.00158752	-0.02888293
34.62503075	0.05494554	0.00158687	-0.02888084
34.62753075	0.05492699	0.00158622	-0.02887876
34.63003074	0.05490845	0.00158557	-0.02887667
34.63253073	0.05488992	0.00158492	-0.02887459
34.63503073	0.05487139	0.00158427	-0.02887250
34.63753072	0.05485286	0.00158363	-0.02887042
34.64003072	0.05483434	0.00158298	-0.02886833
34.64253071	0.05481583	0.00158233	-0.02886625
34.64503071	0.05479732	0.00158168	-0.02886417
34.64753071	0.05477881	0.00158103	-0.02886209
34.65003070	0.05476031	0.00158038	-0.02886000
34.65253069	0.05474182	0.00157974	-0.02885792
34.65503069	0.05472333	0.00157909	-0.02885584
34.65753068	0.05470484	0.00157844	-0.02885376
34.66003068	0.05468636	0.00157779	-0.02885168
34.66253067	0.05466789	0.00157715	-0.02884960
34.66503067	0.05464942	0.00157650	-0.02884752
34.66753067	0.05463095	0.00157585	-0.02884543
34.67003066	0.05461249	0.00157521	-0.02884335
34.67253065	0.05459404	0.00157456	-0.02884128
34.67503065	0.05457559	0.00157392	-0.02883920
34.67753064	0.05455715	0.00157327	-0.02883712
34.68003064	0.05453871	0.00157263	-0.02883504
34.68253063	0.05452027	0.00157198	-0.02883296
34.68503063	0.05450184	0.00157134	-0.02883088
34.68753063	0.05448342	0.00157069	-0.02882880
34.69003062	0.05446500	0.00157005	-0.02882673
34.69253061	0.05444659	0.00156940	-0.02882465
34.69503061	0.05442818	0.00156876	-0.02882257
34.69753060	0.05440977	0.00156812	-0.02882049
34.70003060	0.05439137	0.00156747	-0.02881842
34.70253059	0.05437298	0.00156683	-0.02881634
34.70503059	0.05435459	0.00156619	-0.02881427
34.70753059	0.05433621	0.00156555	-0.02881219
34.71003058	0.05431783	0.00156490	-0.02881012
34.71253057	0.05429945	0.00156426	-0.02880804
34.71503057	0.05428109	0.00156362	-0.02880597
34.71753056	0.05426272	0.00156298	-0.02880389
34.72003056	0.05424436	0.00156234	-0.02880182
34.72253055	0.05422601	0.00156170	-0.02879974
34.72503055	0.05420766	0.00156105	-0.02879767
34.72753055	0.05418932	0.00156041	-0.02879560
34.73003054	0.05417098	0.00155977	-0.02879352
34.73253053	0.05415265	0.00155913	-0.02879145
34.73503053	0.05413432	0.00155849	-0.02878938
34.73753052	0.05411599	0.00155785	-0.02878731
34.74003052	0.05409767	0.00155721	-0.02878524
34.74253051	0.05407936	0.00155658	-0.02878317
34.74503051	0.05406105	0.00155594	-0.02878109
34.74753051	0.05404275	0.00155530	-0.02877902
34.75003050	0.05402445	0.00155466	-0.02877695
34.75253049	0.05400616	0.00155402	-0.02877488
34.75503049	0.05398787	0.00155338	-0.02877281
34.75753048	0.05396959	0.00155275	-0.02877074
34.76003048	0.05395131	0.00155211	-0.02876867
34.76253047	0.05393303	0.00155147	-0.02876661
34.76503047	0.05391477	0.00155083	-0.02876454
34.76753047	0.05389650	0.00155020	-0.02876247
34.77003046	0.05387825	0.00154956	-0.02876040
34.77253046	0.05385999	0.00154892	-0.02875833
34.77503045	0.05384174	0.00154829	-0.02875627
34.77753044	0.05382350	0.00154765	-0.02875420
34.78003044	0.05380526	0.00154702	-0.02875213
34.78253043	0.05378703	0.00154638	-0.02875006
34.78503043	0.05376880	0.00154575	-0.02874800
34.78753042	0.05375058	0.00154511	-0.02874593
34.79003042	0.05373236	0.00154448	-0.02874387
34.79253042	0.05371415	0.00154384	-0.02874180
34.79503041	0.05369594	0.00154321	-0.02873974
34.79753040	0.05367774	0.00154257	-0.02873767
34.80003040	0.05365954	0.00154194	-0.02873561
34.80253039	0.05364135	0.00154131	-0.02873354
34.80503039	0.05362316	0.00154067	-0.02873148
34.80753038	0.05360497	0.00154004	-0.02872942
34.81003038	0.05358680	0.00153941	-0.02872735
34.81253038	0.05356862	0.00153877	-0.02872529
34.81503037	0.05355046	0.00153814	-0.02872323
34.81753036	0.05353229	0.00153751	-0.02872116
34.82003036	0.05351413	0.00153688	-0.02871910
34.82253035	0.05349598	0.00153625	-0.02871704
34.82503035	0.05347783	0.00153561	-0.02871498
34.82753034	0.05345969	0.00153498	-0.02871292
34.83003034	0.05344155	0.00153435	-0.02871086
34.83253034	0.05342342	0.00153372	-0.02870880
34.83503033	0.05340529	0.00153309	-0.02870674
34.83753032	0.05338717	0.00153246	-0.02870468
34.84003032	0.05336905	0.00153183	-0.02870262
34.84253031	0.05335094	0.00153120	-0.02870056
34.84503031	0.05333283	0.00153057	-0.02869850
34.84753030	0.05331473	0.00152994	-0.02869644
34.85003030	0.05329663	0.00152931	-0.02869438
34.85253030	0.05327854	0.00152868	-0.02869232
34.85503029	0.05326045	0.00152806	-0.02869026
34.85753028	0.05324237	0.00152743	-0.02868821
34.86003028	0.05322429	0.00152680	-0.02868615
34.86253027	0.05320621	0.00152617	-0.02868409
34.86503027	0.05318815	0.00152554	-0.02868203
34.86753026	0.05317008	0.00152492	-0.02867998
34.87003026	0.05315203	0.00152429	-0.02867792
34.87253026	0.05313397	0.00152366	-0.02867587
34.87503025	0.05311592	0.00152304	-0.02867381
34.87753024	0.05309788	0.00152241	-0.02867175
34.88003024	0.05307984	0.00152178	-0.02866970
34.88253023	0.05306181	0.00152116	-0.02866765
34.88503023	0.05304378	0.00152053	-0.02866559
34.88753022	0.05302576	0.00151991	-0.02866354
34.89003022	0.05300774	0.00151928	-0.02866148
34.89253022	0.05298973	0.00151866	-0.02865943
34.89503021	0.05297172	0.00151803	-0.02865738
34.89753020	0.05295372	0.00151741	-0.02865532
34.90003020	0.05293572	0.00151678	-0.02865327
34.90253019	0.05291772	0.00151616	-0.02865122
34.90503019	0.05289974	0.00151553	-0.02864917
34.90753018	0.05288175	0.00151491	-0.02864711
34.91003018	0.05286377	0.00151429	-0.02864506
34.91253018	0.05284580	0.00151366	-0.02864301
34.91503017	0.05282783	0.00151304	-0.02864096
34.91753016	0.05280987	0.00151242	-0.02863891
34.92003016	0.05279191	0.00151179	-0.02863686
34.92253015	0.05277396	0.00151117	-0.02863481
34.92503015	0.05275601	0.00151055	-0.02863276
34.92753014	0.05273806	0.00150993	-0.02863071
34.93003014	0.05272013	0.00150931	-0.02862866
34.93253014	0.05270219	0.00150869	-0.02862661
34.93503013	0.05268426	0.00150806	-0.02862456
34.93753012	0.05266634	0.00150744	-0.02862252
34.94003012	0.05264842	0.00150682	-0.02862047
34.94253011	0.05263051	0.00150620	-0.02861842
34.94503011	0.05261260	0.00150558	-0.02861637
34.94753010	0.05259470	0.00150496	-0.02861433
34.95003010	0.05257680	0.00150434	-0.02861228
34.95253010	0.05255890	0.00150372	-0.02861023
34.95503009	0.05254101	0.00150310	-0.02860819
34.95753009	0.05252313	0.00150248	-0.02860614
34.96003008	0.05250525	0.00150187	-0.02860409
34.96253007	0.05248738	0.00150125	-0.02860205
34.96503007	0.05246951	0.00150063	-0.02860000
34.96753006	0.05245164	0.00150001	-0.02859796
34.97003006	0.05243378	0.00149939	-0.02859591
34.97253006	0.05241593	0.00149877	-0.02859387
34.97503005	0.05239808	0.00149816	-0.02859183
34.97753005	0.05238024	0.00149754	-0.02858978
34.98003004	0.05236240	0.00149692	-0.02858774
34.98253003	0.05234456	0.00149631	-0.02858570
34.98503003	0.05232673	0.00149569	-0.02858365
34.98753002	0.05230891	0.00149507	-0.02858161
34.99003002	0.05229109	0.00149446	-0.02857957
34.99253001	0.05227327	0.00149384	-0.02857753
34.99503001	0.05225546	0.00149323	-0.02857549
34.99753001	0.05223766	0.00149261	-0.02857345
35.00003000	0.05221986	0.00149199	-0.02857140
35.00252999	0.05220206	0.00149138	-0.02856936
35.00502999	0.05218427	0.00149077	-0.02856732
35.00752998	0.05216649	0.00149015	-0.02856528
35.01002998	0.05214871	0.00148954	-0.02856324
35.01252997	0.05213093	0.00148892	-0.02856120
35.01502997	0.05211316	0.00148831	-0.02855916
35.01752997	0.05209540	0.00148769	-0.02855713
35.02002996	0.05207764	0.00148708	-0.02855509
35.02252995	0.05205988	0.00148647	-0.02855305
35.02502995	0.05204213	0.00148586	-0.02855101
35.02752994	0.05202439	0.00148524	-0.02854897
35.03002994	0.05200665	0.00148463	-0.02854694
35.03252993	0.05198891	0.00148402	-0.02854490
35.03502993	0.05197118	0.00148341	-0.02854286
35.03752993	0.05195346	0.00148279	-0.02854082
35.04002992	0.05193573	0.00148218	-0.02853879
35.04252991	0.05191802	0.00148157	-0.02853675
35.04502991	0.05190031	0.00148096	-0.02853472
35.04752990	0.05188260	0.00148035	-0.02853268
35.05002990	0.05186490	0.00147974	-0.02853065
35.05252989	0.05184720	0.00147913	-0.02852861
35.05502989	0.05182951	0.00147852	-0.02852658
35.05752989	0.05181183	0.00147791	-0.02852454
35.06002988	0.05179415	0.00147730	-0.02852251
35.06252987	0.05177647	0.00147669	-0.02852047
35.06502987	0.05175880	0.00147608	-0.02851844
35.06752986	0.05174113	0.00147547	-0.02851641
35.07002986	0.05172347	0.00147486	-0.02851438
35.07252985	0.05170581	0.00147425	-0.02851234
35.07502985	0.05168816	0.00147365	-0.02851031
35.07752985	0.05167051	0.00147304	-0.02850828
35.08002984	0.05165287	0.00147243	-0.02850625
35.08252983	0.05163524	0.00147182	-0.02850422
35.08502983	0.05161760	0.00147121	-0.02850218
35.08752982	0.05159998	0.00147061	-0.02850015
35.09002982	0.05158235	0.00147000	-0.02849812
35.09252981	0.05156474	0.00146939	-0.02849609
35.09502981	0.05154712	0.00146879	-0.02849406
35.09752981	0.05152952	0.00146818	-0.02849203
35.10002980	0.05151191	0.00146757	-0.02849000
35.10252979	0.05149432	0.00146697	-0.02848798
35.10502979	0.05147672	0.00146636	-0.02848595
35.10752978	0.05145914	0.00146576	-0.02848392
35.11002978	0.05144155	0.00146515	-0.02848189
35.11252977	0.05142397	0.00146455	-0.02847986
35.11502977	0.05140640	0.00146394	-0.02847783
35.11752977	0.05138883	0.00146334	-0.02847581
35.12002976	0.05137127	0.00146273	-0.02847378
35.12252975	0.05135371	0.00146213	-0.02847175
35.12502975	0.05133616	0.00146153	-0.02846973
35.12752974	0.05131861	0.00146092	-0.02846770
35.13002974	0.05130107	0.00146032	-0.02846567
35.13252973	0.05128353	0.00145972	-0.02846365
35.13502973	0.05126599	0.00145911	-0.02846162
35.13752973	0.05124846	0.00145851	-0.02845960
35.14002972	0.05123094	0.00145791	-0.02845757
35.14252971	0.05121342	0.00145731	-0.02845555
35.14502971	0.05119591	0.00145670	-0.02845353
35.14752970	0.05117840	0.00145610	-0.02845150
35.15002970	0.05116089	0.00145550	-0.02844948
35.15252969	0.05114339	0.00145490	-0.02844745
35.15502969	0.05112590	0.00145430	-0.02844543
35.15752969	0.05110841	0.00145370	-0.02844341
35.16002968	0.05109092	0.00145310	-0.02844139
35.16252968	0.05107344	0.00145250	-0.02843936
35.16502967	0.05105597	0.00145190	-0.02843734
35.16752966	0.05103850	0.00145130	-0.02843532
35.17002966	0.05102103	0.00145070	-0.02843330
35.17252965	0.05100357	0.00145010	-0.02843128
35.17502965	0.05098612	0.00144950	-0.02842926
35.17752964	0.05096866	0.00144890	-0.02842724
35.18002964	0.05095122	0.00144830	-0.02842522
35.18252964	0.05093378	0.00144770	-0.02842320
35.18502963	0.05091634	0.00144710	-0.02842118
35.18752962	0.05089891	0.00144650	-0.02841916
35.19002962	0.05088148	0.00144591	-0.02841714
35.19252961	0.05086406	0.00144531	-0.02841512
35.19502961	0.05084665	0.00144471	-0.02841310
35.19752960	0.05082923	0.00144411	-0.02841108
35.20002960	0.05081183	0.00144352	-0.02840907
35.20252960	0.05079443	0.00144292	-0.02840705
35.20502959	0.05077703	0.00144232	-0.02840503
35.20752958	0.05075964	0.00144173	-0.02840302
35.21002958	0.05074225	0.00144113	-0.02840100
35.21252957	0.05072487	0.00144053	-0.02839898
35.21502957	0.05070749	0.00143994	-0.02839697
35.21752956	0.05069012	0.00143934	-0.02839495
35.22002956	0.05067275	0.00143875	-0.02839293
35.22252956	0.05065539	0.00143815	-0.02839092
35.22502955	0.05063803	0.00143756	-0.02838890
35.22752954	0.05062067	0.00143696	-0.02838689
35.23002954	0.05060333	0.00143637	-0.02838488
35.23252953	0.05058598	0.00143577	-0.02838286
35.23502953	0.05056864	0.00143518	-0.02838085
35.23752952	0.05055131	0.00143459	-0.02837883
35.24002952	0.05053398	0.00143399	-0.02837682
35.24252952	0.05051666	0.00143340	-0.02837481
35.24502951	0.05049934	0.00143281	-0.02837280
35.24752950	0.05048202	0.00143221	-0.02837078
35.25002950	0.05046472	0.00143162	-0.02836877
35.25252949	0.05044741	0.00143103	-0.02836676
35.25502949	0.05043011	0.00143044	-0.02836475
35.25752948	0.05041282	0.00142985	-0.02836274
35.26002948	0.05039553	0.00142925	-0.02836073
35.26252948	0.05037824	0.00142866	-0.02835871
35.26502947	0.05036096	0.00142807	-0.02835670
35.26752946	0.05034369	0.00142748	-0.02835469
35.27002946	0.05032642	0.00142689	-0.02835268
35.27252945	0.05030915	0.00142630	-0.02835067
35.27502945	0.05029189	0.00142571	-0.02834867
35.27752944	0.05027463	0.00142512	-0.02834666
35.28002944	0.05025738	0.00142453	-0.02834465
35.28252944	0.05024014	0.00142394	-0.02834264
35.28502943	0.05022289	0.00142335	-0.02834063
35.28752942	0.05020566	0.00142276	-0.02833862
35.29002942	0.05018843	0.00142217	-0.02833662
35.29252941	0.05017120	0.00142158	-0.02833461
35.29502941	0.05015398	0.00142099	-0.02833260
35.29752940	0.05013676	0.00142040	-0.02833059
35.30002940	0.05011955	0.00141982	-0.02832859
35.30252940	0.05010234	0.00141923	-0.02832658
35.30502939	0.05008514	0.00141864	-0.02832458
35.30752938	0.05006794	0.00141805	-0.02832257
35.31002938	0.05005075	0.00141747	-0.02832057
35.31252937	0.05003356	0.00141688	-0.02831856
35.31502937	0.05001638	0.00141629	-0.02831656
35.31752936	0.04999920	0.00141570	-0.02831455
35.32002936	0.04998202	0.00141512	-0.02831255
35.32252936	0.04996486	0.00141453	-0.02831054
35.32502935	0.04994769	0.00141395	-0.02830854
35.32752934	0.04993053	0.00141336	-0.02830654
35.33002934	0.04991338	0.00141277	-0.02830453
35.33252933	0.04989623	0.00141219	-0.02830253
35.33502933	0.04987909	0.00141160	-0.02830053
35.33752932	0.04986195	0.00141102	-0.02829853
35.34002932	0.04984481	0.00141043	-0.02829652
35.34252932	0.04982768	0.00140985	-0.02829452
35.34502931	0.04981056	0.00140927	-0.02829252
35.34752930	0.04979344	0.00140868	-0.02829052
35.35002930	0.04977632	0.00140810	-0.02828852
35.35252929	0.04975921	0.00140751	-0.02828652
35.35502929	0.04974210	0.00140693	-0.02828452
35.35752928	0.04972500	0.00140635	-0.02828252
35.36002928	0.04970791	0.00140577	-0.02828052
35.36252927	0.04969081	0.00140518	-0.02827852
35.36502927	0.04967373	0.00140460	-0.02827652
35.36752927	0.04965665	0.00140402	-0.02827452
35.37002926	0.04963957	0.00140344	-0.02827252
35.37252925	0.04962250	0.00140285	-0.02827053
35.37502925	0.04960543	0.00140227	-0.02826853
35.37752924	0.04958837	0.00140169	-0.02826653
35.38002924	0.04957131	0.00140111	-0.02826453
35.38252923	0.04955426	0.00140053	-0.02826254
35.38502923	0.04953721	0.00139995	-0.02826054
35.38752923	0.04952017	0.00139937	-0.02825854
35.39002922	0.04950313	0.00139879	-0.02825655
35.39252921	0.04948609	0.00139821	-0.02825455
35.39502921	0.04946907	0.00139763	-0.02825255
35.39752920	0.04945204	0.00139705	-0.02825056
35.40002920	0.04943502	0.00139647	-0.02824856
35.40252919	0.04941801	0.00139589	-0.02824657
35.40502919	0.04940100	0.00139531	-0.02824457
35.40752919	0.04938399	0.00139473	-0.02824258
35.41002918	0.04936700	0.00139415	-0.02824059
35.41252917	0.04935000	0.00139357	-0.02823859
35.41502917	0.04933301	0.00139300	-0.02823660
35.41752916	0.04931602	0.00139242	-0.02823461
35.42002916	0.04929904	0.00139184	-0.02823261
35.42252915	0.04928207	0.00139126	-0.02823062
35.42502915	0.04926510	0.00139069	-0.02822863
35.42752915	0.04924813	0.00139011	-0.02822664
35.43002914	0.04923117	0.00138953	-0.02822465
35.43252913	0.04921421	0.00138896	-0.02822265
35.43502913	0.04919726	0.00138838	-0.02822066
35.43752912	0.04918031	0.00138780	-0.02821867
35.44002912	0.04916337	0.00138723	-0.02821668
35.44252911	0.04914643	0.00138665	-0.02821469
35.44502911	0.04912950	0.00138608	-0.02821270
35.44752911	0.04911257	0.00138550	-0.02821071
35.45002910	0.04909565	0.00138493	-0.02820872
35.45252909	0.04907873	0.00138435	-0.02820673
35.45502909	0.04906182	0.00138378	-0.02820474
35.45752908	0.04904491	0.00138320	-0.02820275
35.46002908	0.04902801	0.00138263	-0.02820077
35.46252907	0.04901111	0.00138205	-0.02819878
35.46502907	0.04899421	0.00138148	-0.02819679
35.46752907	0.04897732	0.00138091	-0.02819480
35.47002906	0.04896044	0.00138033	-0.02819282
35.47252905	0.04894356	0.00137976	-0.02819083
35.47502905	0.04892669	0.00137919	-0.02818884
35.47752904	0.04890982	0.00137861	-0.02818686
35.48002904	0.04889295	0.00137804	-0.02818487
35.48252903	0.04887609	0.00137747	-0.02818288
35.48502903	0.04885923	0.00137690	-0.02818090
35.48752903	0.04884238	0.00137633	-0.02817891
35.49002902	0.04882554	0.00137575	-0.02817693
35.49252901	0.04880869	0.00137518	-0.02817494
35.49502901	0.04879186	0.00137461	-0.02817296
35.49752900	0.04877503	0.00137404	-0.02817097
35.50002900	0.04875820	0.00137347	-0.02816899
35.50252899	0.04874138	0.00137290	-0.02816701
35.50502899	0.04872456	0.00137233	-0.02816502
35.50752899	0.04870775	0.00137176	-0.02816304
35.51002898	0.04869094	0.00137119	-0.02816106
35.51252897	0.04867413	0.00137062	-0.02815908
35.51502897	0.04865734	0.00137005	-0.02815709
35.51752896	0.04864054	0.00136948	-0.02815511
35.52002896	0.04862375	0.00136891	-0.02815313
35.52252895	0.04860697	0.00136834	-0.02815115
35.52502895	0.04859019	0.00136777	-0.02814917
35.52752895	0.04857341	0.00136720	-0.02814719
35.53002894	0.04855664	0.00136664	-0.02814521
35.53252893	0.04853988	0.00136607	-0.02814323
35.53502893	0.04852312	0.00136550	-0.02814125
35.53752892	0.04850636	0.00136493	-0.02813927
35.54002892	0.04848961	0.00136437	-0.02813729
35.54252891	0.04847287	0.00136380	-0.02813531
35.54502891	0.04845612	0.00136323	-0.02813333
35.54752891	0.04843939	0.00136267	-0.02813135
35.55002890	0.04842266	0.00136210	-0.02812937
35.55252890	0.04840593	0.00136153	-0.02812739
35.55502889	0.04838921	0.00136097	-0.02812542
35.55752888	0.04837249	0.00136040	-0.02812344
35.56002888	0.04835578	0.00135984	-0.02812146
35.56252887	0.04833907	0.00135927	-0.02811949
35.56502887	0.04832237	0.00135870	-0.02811751
35.56752886	0.04830567	0.00135814	-0.02811553
35.57002886	0.04828897	0.00135757	-0.02811356
35.57252886	0.04827228	0.00135701	-0.02811158
35.57502885	0.04825560	0.00135645	-0.02810960
35.57752884	0.04823892	0.00135588	-0.02810763
35.58002884	0.04822225	0.00135532	-0.02810565
35.58252883	0.04820558	0.00135475	-0.02810368
35.58502883	0.04818891	0.00135419	-0.02810171
35.58752882	0.04817225	0.00135363	-0.02809973
35.59002882	0.04815559	0.00135306	-0.02809776
35.59252882	0.04813894	0.00135250	-0.02809578
35.59502881	0.04812230	0.00135194	-0.02809381
35.59752880	0.04810566	0.00135138	-0.02809184
35.60002880	0.04808902	0.00135081	-0.02808986
35.60252879	0.04807239	0.00135025	-0.02808789
35.60502879	0.04805576	0.00134969	-0.02808592
35.60752878	0.04803914	0.00134913	-0.02808395
35.61002878	0.04802252	0.00134857	-0.02808198
35.61252878	0.04800591	0.00134801	-0.02808001
35.61502877	0.04798930	0.00134745	-0.02807803
35.61752876	0.04797269	0.00134688	-0.02807606
35.62002876	0.04795610	0.00134632	-0.02807409
35.62252875	0.04793950	0.00134576	-0.02807212
35.62502875	0.04792291	0.00134520	-0.02807015
35.62752874	0.04790633	0.00134464	-0.02806818
35.63002874	0.04788975	0.00134408	-0.02806621
35.63252874	0.04787317	0.00134352	-0.02806424
35.63502873	0.04785660	0.00134297	-0.02806228
35.63752872	0.04784004	0.00134241	-0.02806031
35.64002872	0.04782348	0.00134185	-0.02805834
35.64252871	0.04780692	0.00134129	-0.02805637
35.64502871	0.04779037	0.00134073	-0.02805440
35.64752870	0.04777382	0.00134017	-0.02805244
35.65002870	0.04775728	0.00133961	-0.02805047
35.65252870	0.04774074	0.00133906	-0.02804850
35.65502869	0.04772421	0.00133850	-0.02804653
35.65752868	0.04770768	0.00133794	-0.02804457
35.66002868	0.04769116	0.00133738	-0.02804260
35.66252867	0.04767464	0.00133683	-0.02804064
35.66502867	0.04765813	0.00133627	-0.02803867
35.66752866	0.04764162	0.00133571	-0.02803671
35.67002866	0.04762511	0.00133516	-0.02803474
35.67252866	0.04760861	0.00133460	-0.02803278
35.67502865	0.04759212	0.00133405	-0.02803081
35.67752864	0.04757563	0.00133349	-0.02802885
35.68002864	0.04755914	0.00133293	-0.02802688
35.68252863	0.04754266	0.00133238	-0.02802492
35.68502863	0.04752619	0.00133182	-0.02802296
35.68752862	0.04750972	0.00133127	-0.02802099
35.69002862	0.04749325	0.00133071	-0.02801903
35.69252862	0.04747679	0.00133016	-0.02801707
35.69502861	0.04746033	0.00132961	-0.02801511
35.69752860	0.04744388	0.00132905	-0.02801314
35.70002860	0.04742743	0.00132850	-0.02801118
35.70252859	0.04741099	0.00132794	-0.02800922
35.70502859	0.04739455	0.00132739	-0.02800726
35.70752858	0.04737812	0.00132684	-0.02800530
35.71002858	0.04736169	0.00132629	-0.02800334
35.71252858	0.04734526	0.00132573	-0.02800138
35.71502857	0.04732885	0.00132518	-0.02799942
35.71752856	0.04731243	0.00132463	-0.02799746
35.72002856	0.04729602	0.00132408	-0.02799550
35.72252855	0.04727962	0.00132352	-0.02799354
35.72502855	0.04726321	0.00132297	-0.02799158
35.72752854	0.04724682	0.00132242	-0.02798962
35.73002854	0.04723043	0.00132187	-0.02798766
35.73252854	0.04721404	0.00132132	-0.02798570
35.73502853	0.04719766	0.00132077	-0.02798375
35.73752852	0.04718128	0.00132022	-0.02798179
35.74002852	0.04716491	0.00131967	-0.02797983
35.74252851	0.04714854	0.00131912	-0.02797788
35.74502851	0.04713218	0.00131857	-0.02797592
35.74752850	0.04711582	0.00131802	-0.02797396
35.75002850	0.04709947	0.00131747	-0.02797201
35.75252849	0.04708312	0.00131692	-0.02797005
35.75502849	0.04706677	0.00131637	-0.02796809
35.75752849	0.04705044	0.00131582	-0.02796614
35.76002848	0.04703410	0.00131527	-0.02796418
35.76252847	0.04701777	0.00131472	-0.02796223
35.76502847	0.04700145	0.00131417	-0.02796027
35.76752846	0.04698512	0.00131363	-0.02795832
35.77002846	0.04696881	0.00131308	-0.02795637
35.77252845	0.04695250	0.00131253	-0.02795441
35.77502845	0.04693619	0.00131198	-0.02795246
35.77752845	0.04691989	0.00131143	-0.02795051
35.78002844	0.04690359	0.00131089	-0.02794855
35.78252843	0.04688730	0.00131034	-0.02794660
35.78502843	0.04687101	0.00130979	-0.02794465
35.78752842	0.04685473	0.00130925	-0.02794270
35.79002842	0.04683845	0.00130870	-0.02794074
35.79252841	0.04682217	0.00130815	-0.02793879
35.79502841	0.04680591	0.00130761	-0.02793684
35.79752841	0.04678964	0.00130706	-0.02793489
35.80002840	0.04677338	0.00130652	-0.02793294
35.80252839	0.04675713	0.00130597	-0.02793099
35.80502839	0.04674088	0.00130543	-0.02792904
35.80752838	0.04672463	0.00130488	-0.02792709
35.81002838	0.04670839	0.00130434	-0.02792514
35.81252837	0.04669215	0.00130379	-0.02792319
35.81502837	0.04667592	0.00130325	-0.02792124
35.81752837	0.04665969	0.00130271	-0.02791929
35.82002836	0.04664347	0.00130216	-0.02791734
35.82252835	0.04662725	0.00130162	-0.02791539
35.82502835	0.04661104	0.00130107	-0.02791345
35.82752834	0.04659483	0.00130053	-0.02791150
35.83002834	0.04657863	0.00129999	-0.02790955
35.83252833	0.04656243	0.00129945	-0.02790760
35.83502833	0.04654623	0.00129890	-0.02790566
35.83752833	0.04653004	0.00129836	-0.02790371
35.84002832	0.04651386	0.00129782	-0.02790176
35.84252831	0.04649768	0.00129728	-0.02789982
35.84502831	0.04648150	0.00129673	-0.02789787
35.84752830	0.04646533	0.00129619	-0.02789593
35.85002830	0.04644916	0.00129565	-0.02789398
35.85252829	0.04643300	0.00129511	-0.02789204
35.85502829	0.04641685	0.00129457	-0.02789009
35.85752829	0.04640069	0.00129403	-0.02788815
35.86002828	0.04638455	0.00129349	-0.02788620
35.86252827	0.04636840	0.00129295	-0.02788426
35.86502827	0.04635226	0.00129241	-0.02788231
35.86752826	0.04633613	0.00129187	-0.02788037
35.87002826	0.04632000	0.00129133	-0.02787843
35.87252825	0.04630388	0.00129079	-0.02787649
35.87502825	0.04628776	0.00129025	-0.02787454
35.87752825	0.04627164	0.00128971	-0.02787260
35.88002824	0.04625553	0.00128917	-0.02787066
35.88252823	0.04623942	0.00128863	-0.02786872
35.88502823	0.04622332	0.00128809	-0.02786677
35.88752822	0.04620723	0.00128756	-0.02786483
35.89002822	0.04619113	0.00128702	-0.02786289
35.89252821	0.04617505	0.00128648	-0.02786095
35.89502821	0.04615896	0.00128594	-0.02785901
35.89752821	0.04614289	0.00128541	-0.02785707
35.90002820	0.04612681	0.00128487	-0.02785513
35.90252819	0.04611074	0.00128433	-0.02785319
35.90502819	0.04609468	0.00128379	-0.02785125
35.90752818	0.04607862	0.00128326	-0.02784931
35.91002818	0.04606256	0.00128272	-0.02784737
35.91252817	0.04604651	0.00128219	-0.02784544
35.91502817	0.04603047	0.00128165	-0.02784350
35.91752817	0.04601443	0.00128111	-0.02784156
35.92002816	0.04599839	0.00128058	-0.02783962
35.92252815	0.04598236	0.00128004	-0.02783768
35.92502815	0.04596633	0.00127951	-0.02783575
35.92752814	0.04595031	0.00127897	-0.02783381
35.93002814	0.04593429	0.00127844	-0.02783187
35.93252813	0.04591828	0.00127790	-0.02782994
35.93502813	0.04590227	0.00127737	-0.02782800
35.93752813	0.04588627	0.00127683	-0.02782607
35.94002812	0.04587027	0.00127630	-0.02782413
35.94252812	0.04585427	0.00127577	-0.02782219
35.94502811	0.04583828	0.00127523	-0.02782026
35.94752810	0.04582230	0.00127470	-0.02781832
35.95002810	0.04580632	0.00127417	-0.02781639
35.95252809	0.04579034	0.00127363	-0.02781446
35.95502809	0.04577437	0.00127310	-0.02781252
35.95752808	0.04575840	0.00127257	-0.02781059
35.96002808	0.04574244	0.00127204	-0.02780865
35.96252808	0.04572648	0.00127150	-0.02780672
35.96502807	0.04571053	0.00127097	-0.02780479
35.96752806	0.04569458	0.00127044	-0.02780286
35.97002806	0.04567864	0.00126991	-0.02780092
35.97252805	0.04566270	0.00126938	-0.02779899
35.97502805	0.04564676	0.00126885	-0.02779706
35.97752804	0.04563083	0.00126831	-0.02779513
35.98002804	0.04561491	0.00126778	-0.02779320
35.98252804	0.04559899	0.00126725	-0.02779127
35.98502803	0.04558307	0.00126672	-0.02778934
35.98752802	0.04556716	0.00126619	-0.02778740
35.99002802	0.04555125	0.00126566	-0.02778547
35.99252801	0.04553535	0.00126513	-0.02778354
35.99502801	0.04551945	0.00126460	-0.02778161
35.99752800	0.04550356	0.00126407	-0.02777969
36.00002800	0.04548767	0.00126355	-0.02777776
36.00252800	0.04547178	0.00126302	-0.02777583
36.00502799	0.04545591	0.00126249	-0.02777390
36.00752798	0.04544003	0.00126196	-0.02777197
36.01002798	0.04542416	0.00126143	-0.02777004
36.01252797	0.04540829	0.00126090	-0.02776811
36.01502797	0.04539243	0.00126037	-0.02776619
36.01752796	0.04537658	0.00125985	-0.02776426
36.02002796	0.04536073	0.00125932	-0.02776233
36.02252796	0.04534488	0.00125879	-0.02776041
36.02502795	0.04532904	0.00125827	-0.02775848
36.02752794	0.04531320	0.00125774	-0.02775655
36.03002794	0.04529737	0.00125721	-0.02775463
36.03252793	0.04528154	0.00125668	-0.02775270
36.03502793	0.04526571	0.00125616	-0.02775078
36.03752792	0.04524989	0.00125563	-0.02774885
36.04002792	0.04523408	0.00125511	-0.02774693
36.04252792	0.04521827	0.00125458	-0.02774500
36.04502791	0.04520246	0.00125406	-0.02774308
36.04752790	0.04518666	0.00125353	-0.02774115
36.05002790	0.04517086	0.00125300	-0.02773923
36.05252789	0.04515507	0.00125248	-0.02773731
36.05502789	0.04513928	0.00125196	-0.02773538
36.05752788	0.04512350	0.00125143	-0.02773346
36.06002788	0.04510772	0.00125091	-0.02773154
36.06252788	0.04509195	0.00125038	-0.02772961
36.06502787	0.04507618	0.00124986	-0.02772769
36.06752786	0.04506042	0.00124933	-0.02772577
36.07002786	0.04504466	0.00124881	-0.02772385
36.07252785	0.04502890	0.00124829	-0.02772193
36.07502785	0.04501315	0.00124776	-0.02772001
36.07752784	0.04499740	0.00124724	-0.02771809
36.08002784	0.04498166	0.00124672	-0.02771616
36.08252784	0.04496593	0.00124620	-0.02771424
36.08502783	0.04495019	0.00124567	-0.02771232
36.08752782	0.04493447	0.00124515	-0.02771040
36.09002782	0.04491874	0.00124463	-0.02770849
36.09252781	0.04490302	0.00124411	-0.02770657
36.09502781	0.04488731	0.00124359	-0.02770465
36.09752780	0.04487160	0.00124307	-0.02770273
36.10002780	0.04485589	0.00124254	-0.02770081
36.10252780	0.04484019	0.00124202	-0.02769889
36.10502779	0.04482450	0.00124150	-0.02769697
36.10752778	0.04480881	0.00124098	-0.02769506
36.11002778	0.04479312	0.00124046	-0.02769314
36.11252777	0.04477744	0.00123994	-0.02769122
36.11502777	0.04476176	0.00123942	-0.02768930
36.11752776	0.04474609	0.00123890	-0.02768739
36.12002776	0.04473042	0.00123838	-0.02768547
36.12252776	0.04471476	0.00123786	-0.02768356
36.12502775	0.04469910	0.00123734	-0.02768164
36.12752774	0.04468344	0.00123683	-0.02767972
36.13002774	0.04466779	0.00123631	-0.02767781
36.13252773	0.04465215	0.00123579	-0.02767589
36.13502773	0.04463650	0.00123527	-0.02767398
36.13752772	0.04462087	0.00123475	-0.02767206
36.14002772	0.04460524	0.00123423	-0.02767015
36.14252771	0.04458961	0.00123372	-0.02766824
36.14502771	0.04457399	0.00123320	-0.02766632
36.14752771	0.04455837	0.00123268	-0.02766441
36.15002770	0.04454275	0.00123216	-0.02766250
36.15252769	0.04452714	0.00123165	-0.02766058
36.15502769	0.04451154	0.00123113	-0.02765867
36.15752768	0.04449594	0.00123061	-0.02765676
36.16002768	0.04448034	0.00123010	-0.02765485
36.16252767	0.04446475	0.00122958	-0.02765293
36.16502767	0.04444917	0.00122906	-0.02765102
36.16752767	0.04443359	0.00122855	-0.02764911
36.17002766	0.04441801	0.00122803	-0.02764720
36.17252765	0.04440244	0.00122752	-0.02764529
36.17502765	0.04438687	0.00122700	-0.02764338
36.17752764	0.04437130	0.00122649	-0.02764147
36.18002764	0.04435574	0.00122597	-0.02763956
36.18252763	0.04434019	0.00122546	-0.02763765
36.18502763	0.04432464	0.00122494	-0.02763574
36.18752763	0.04430909	0.00122443	-0.02763383
36.19002762	0.04429355	0.00122392	-0.02763192
36.19252761	0.04427802	0.00122340	-0.02763001
36.19502761	0.04426248	0.00122289	-0.02762810
36.19752760	0.04424696	0.00122238	-0.02762620
36.20002760	0.04423143	0.00122186	-0.02762429
36.20252759	0.04421592	0.00122135	-0.02762238
36.20502759	0.04420040	0.00122084	-0.02762047
36.20752759	0.04418489	0.00122032	-0.02761857
36.21002758	0.04416939	0.00121981	-0.02761666
36.21252757	0.04415389	0.00121930	-0.02761475
36.21502757	0.04413839	0.00121879	-0.02761285
36.21752756	0.04412290	0.00121827	-0.02761094
36.22002756	0.04410741	0.00121776	-0.02760903
36.22252755	0.04409193	0.00121725	-0.02760713
36.22502755	0.04407646	0.00121674	-0.02760522
36.22752755	0.04406098	0.00121623	-0.02760332
36.23002754	0.04404551	0.00121572	-0.02760141
36.23252753	0.04403005	0.00121521	-0.02759951
36.23502753	0.04401459	0.00121470	-0.02759761
36.23752752	0.04399914	0.00121419	-0.02759570
36.24002752	0.04398369	0.00121368	-0.02759380
36.24252751	0.04396824	0.00121317	-0.02759189
36.24502751	0.04395280	0.00121266	-0.02758999
36.24752751	0.04393736	0.00121215	-0.02758809
36.25002750	0.04392193	0.00121164	-0.02758619
36.25252749	0.04390650	0.00121113	-0.02758428
36.25502749	0.04389108	0.00121062	-0.02758238
36.25752748	0.04387566	0.00121011	-0.02758048
36.26002748	0.04386025	0.00120960	-0.02757858
36.26252747	0.04384484	0.00120909	-0.02757668
36.26502747	0.04382943	0.00120859	-0.02757478
36.26752747	0.04381403	0.00120808	-0.02757287
36.27002746	0.04379863	0.00120757	-0.02757097
36.27252745	0.04378324	0.00120706	-0.02756907
36.27502745	0.04376785	0.00120656	-0.02756717
36.27752744	0.04375247	0.00120605	-0.02756527
36.28002744	0.04373709	0.00120554	-0.02756337
36.28252743	0.04372172	0.00120504	-0.02756148
36.28502743	0.04370635	0.00120453	-0.02755958
36.28752743	0.04369099	0.00120402	-0.02755768
36.29002742	0.04367563	0.00120352	-0.02755578
36.29252741	0.04366027	0.00120301	-0.02755388
36.29502741	0.04364492	0.00120250	-0.02755198
36.29752740	0.04362957	0.00120200	-0.02755009
36.30002740	0.04361423	0.00120149	-0.02754819
36.30252739	0.04359889	0.00120099	-0.02754629
36.30502739	0.04358356	0.00120048	-0.02754439
36.30752739	0.04356823	0.00119998	-0.02754250
36.31002738	0.04355291	0.00119947	-0.02754060
36.31252737	0.04353759	0.00119897	-0.02753871
36.31502737	0.04352227	0.00119846	-0.02753681
36.31752736	0.04350696	0.00119796	-0.02753491
36.32002736	0.04349166	0.00119746	-0.02753302
36.32252735	0.04347635	0.00119695	-0.02753112
36.32502735	0.04346106	0.00119645	-0.02752923
36.32752735	0.04344576	0.00119595	-0.02752733
36.33002734	0.04343048	0.00119544	-0.02752544
36.33252734	0.04341519	0.00119494	-0.02752355
36.33502733	0.04339991	0.00119444	-0.02752165
36.33752732	0.04338464	0.00119393	-0.02751976
36.34002732	0.04336937	0.00119343	-0.02751787
36.34252731	0.04335410	0.00119293	-0.02751597
36.34502731	0.04333884	0.00119243	-0.02751408
36.34752730	0.04332358	0.00119193	-0.02751219
36.35002730	0.04330833	0.00119143	-0.02751030
36.35252730	0.04329308	0.00119092	-0.02750840
36.35502729	0.04327784	0.00119042	-0.02750651
36.35752728	0.04326260	0.00118992	-0.02750462
36.36002728	0.04324737	0.00118942	-0.02750273
36.36252727	0.04323214	0.00118892	-0.02750084
36.36502727	0.04321691	0.00118842	-0.02749895
36.36752726	0.04320169	0.00118792	-0.02749706
36.37002726	0.04318648	0.00118742	-0.02749517
36.37252726	0.04317126	0.00118692	-0.02749328
36.37502725	0.04315606	0.00118642	-0.02749139
36.37752724	0.04314085	0.00118592	-0.02748950
36.38002724	0.04312565	0.00118542	-0.02748761
36.38252723	0.04311046	0.00118492	-0.02748572
36.38502723	0.04309527	0.00118442	-0.02748383
36.38752722	0.04308009	0.00118392	-0.02748194
36.39002722	0.04306491	0.00118343	-0.02748006
36.39252722	0.04304973	0.00118293	-0.02747817
36.39502721	0.04303456	0.00118243	-0.02747628
36.39752720	0.04301939	0.00118193	-0.02747439
36.40002720	0.04300423	0.00118143	-0.02747251
36.40252719	0.04298907	0.00118094	-0.02747062
36.40502719	0.04297392	0.00118044	-0.02746873
36.40752718	0.04295877	0.00117994	-0.02746685
36.41002718	0.04294362	0.00117944	-0.02746496
36.41252718	0.04292848	0.00117895	-0.02746308
36.41502717	0.04291334	0.00117845	-0.02746119
36.41752716	0.04289821	0.00117796	-0.02745931
36.42002716	0.04288309	0.00117746	-0.02745742
36.42252715	0.04286796	0.00117696	-0.02745554
36.42502715	0.04285284	0.00117647	-0.02745365
36.42752714	0.04283773	0.00117597	-0.02745177
36.43002714	0.04282262	0.00117548	-0.02744988
36.43252714	0.04280752	0.00117498	-0.02744800
36.43502713	0.04279242	0.00117449	-0.02744612
36.43752712	0.04277732	0.00117399	-0.02744423
36.44002712	0.04276223	0.00117350	-0.02744235
36.44252711	0.04274714	0.00117300	-0.02744047
36.44502711	0.04273206	0.00117251	-0.02743859
36.44752710	0.04271698	0.00117201	-0.02743670
36.45002710	0.04270191	0.00117152	-0.02743482
36.45252710	0.04268684	0.00117103	-0.02743294
36.45502709	0.04267177	0.00117053	-0.02743106
36.45752708	0.04265671	0.00117004	-0.02742918
36.46002708	0.04264166	0.00116955	-0.02742730
36.46252707	0.04262661	0.00116905	-0.02742542
36.46502707	0.04261156	0.00116856	-0.02742354
36.46752706	0.04259652	0.00116807	-0.02742166
36.47002706	0.04258148	0.00116757	-0.02741978
36.47252706	0.04256644	0.00116708	-0.02741790
36.47502705	0.04255142	0.00116659	-0.02741602
36.47752704	0.04253639	0.00116610	-0.02741414
36.48002704	0.04252137	0.00116561	-0.02741226
36.48252703	0.04250635	0.00116512	-0.02741038
36.48502703	0.04249134	0.00116462	-0.02740850
36.48752702	0.04247634	0.00116413	-0.02740663
36.49002702	0.04246133	0.00116364	-0.02740475
36.49252702	0.04244633	0.00116315	-0.02740287
36.49502701	0.04243134	0.00116266	-0.02740099
36.49752700	0.04241635	0.00116217	-0.02739912
36.50002700	0.04240137	0.00116168	-0.02739724
36.50252699	0.04238639	0.00116119	-0.02739536
36.50502699	0.04237141	0.00116070	-0.02739349
36.50752698	0.04235644	0.00116021	-0.02739161
36.51002698	0.04234147	0.00115972	-0.02738974
36.51252698	0.04232651	0.00115923	-0.02738786
36.51502697	0.04231155	0.00115874	-0.02738599
36.51752696	0.04229660	0.00115825	-0.02738411
36.52002696	0.04228165	0.00115777	-0.02738224
36.52252695	0.04226670	0.00115728	-0.02738036
36.52502695	0.04225176	0.00115679	-0.02737849
36.52752694	0.04223682	0.00115630	-0.02737661
36.53002694	0.04222189	0.00115581	-0.02737474
36.53252693	0.04220697	0.00115533	-0.02737287
36.53502693	0.04219204	0.00115484	-0.02737099
36.53752693	0.04217712	0.00115435	-0.02736912
36.54002692	0.04216221	0.00115386	-0.02736725
36.54252691	0.04214730	0.00115338	-0.02736538
36.54502691	0.04213239	0.00115289	-0.02736350
36.54752690	0.04211749	0.00115240	-0.02736163
36.55002690	0.04210260	0.00115192	-0.02735976
36.55252689	0.04208770	0.00115143	-0.02735789
36.55502689	0.04207282	0.00115094	-0.02735602
36.55752689	0.04205793	0.00115046	-0.02735415
36.56002688	0.04204305	0.00114997	-0.02735228
36.56252687	0.04202818	0.00114949	-0.02735041
36.56502687	0.04201331	0.00114900	-0.02734854
36.56752686	0.04199844	0.00114852	-0.02734667
36.57002686	0.04198358	0.00114803	-0.02734480
36.57252685	0.04196873	0.00114755	-0.02734293
36.57502685	0.04195387	0.00114706	-0.02734106
36.57752685	0.04193903	0.00114658	-0.02733919
36.58002684	0.04192418	0.00114609	-0.02733732
36.58252683	0.04190934	0.00114561	-0.02733545
36.58502683	0.04189451	0.00114513	-0.02733359
36.58752682	0.04187968	0.00114464	-0.02733172
36.59002682	0.04186485	0.00114416	-0.02732985
36.59252681	0.04185003	0.00114368	-0.02732798
36.59502681	0.04183521	0.00114319	-0.02732612
36.59752681	0.04182040	0.00114271	-0.02732425
36.60002680	0.04180559	0.00114223	-0.02732238
36.60252679	0.04179079	0.00114175	-0.02732052
36.60502679	0.04177599	0.00114126	-0.02731865
36.60752678	0.04176119	0.00114078	-0.02731679
36.61002678	0.04174640	0.00114030	-0.02731492
36.61252677	0.04173161	0.00113982	-0.02731306
36.61502677	0.04171683	0.00113934	-0.02731119
36.61752677	0.04170206	0.00113886	-0.02730933
36.62002676	0.04168728	0.00113837	-0.02730746
36.62252675	0.04167251	0.00113789	-0.02730560
36.62502675	0.04165775	0.00113741	-0.02730373
36.62752674	0.04164299	0.00113693	-0.02730187
36.63002674	0.04162823	0.00113645	-0.02730001
36.63252673	0.04161348	0.00113597	-0.02729814
36.63502673	0.04159873	0.00113549	-0.02729628
36.63752673	0.04158399	0.00113501	-0.02729442
36.64002672	0.04156925	0.00113453	-0.02729256
36.64252671	0.04155452	0.00113405	-0.02729069
36.64502671	0.04153979	0.00113357	-0.02728883
36.64752670	0.04152506	0.00113309	-0.02728697
36.65002670	0.04151034	0.00113261	-0.02728511
36.65252669	0.04149563	0.00113214	-0.02728325
36.65502669	0.04148091	0.00113166	-0.02728139
36.65752669	0.04146621	0.00113118	-0.02727953
36.66002668	0.04145150	0.00113070	-0.02727767
36.66252667	0.04143680	0.00113022	-0.02727581
36.66502667	0.04142211	0.00112974	-0.02727395
36.66752666	0.04140742	0.00112927	-0.02727209
36.67002666	0.04139273	0.00112879	-0.02727023
36.67252665	0.04137805	0.00112831	-0.02726837
36.67502665	0.04136338	0.00112783	-0.02726651
36.67752665	0.04134870	0.00112736	-0.02726465
36.68002664	0.04133403	0.00112688	-0.02726279
36.68252663	0.04131937	0.00112640	-0.02726094
36.68502663	0.04130471	0.00112593	-0.02725908
36.68752662	0.04129006	0.00112545	-0.02725722
36.69002662	0.04127540	0.00112498	-0.02725536
36.69252661	0.04126076	0.00112450	-0.02725351
36.69502661	0.04124612	0.00112402	-0.02725165
36.69752661	0.04123148	0.00112355	-0.02724979
36.70002660	0.04121684	0.00112307	-0.02724794
36.70252659	0.04120222	0.00112260	-0.02724608
36.70502659	0.04118759	0.00112212	-0.02724422
36.70752658	0.04117297	0.00112165	-0.02724237
36.71002658	0.04115835	0.00112117	-0.02724051
36.71252657	0.04114374	0.00112070	-0.02723866
36.71502657	0.04112914	0.00112023	-0.02723680
36.71752657	0.04111453	0.00111975	-0.02723495
36.72002656	0.04109993	0.00111928	-0.02723310
36.72252655	0.04108534	0.00111880	-0.02723124
36.72502655	0.04107075	0.00111833	-0.02722939
36.72752654	0.04105616	0.00111786	-0.02722753
36.73002654	0.04104158	0.00111739	-0.02722568
36.73252653	0.04102701	0.00111691	-0.02722383
36.73502653	0.04101243	0.00111644	-0.02722198
36.73752652	0.04099786	0.00111597	-0.02722012
36.74002652	0.04098330	0.00111549	-0.02721827
36.74252652	0.04096874	0.00111502	-0.02721642
36.74502651	0.04095419	0.00111455	-0.02721457
36.74752650	0.04093963	0.00111408	-0.02721272
36.75002650	0.04092509	0.00111361	-0.02721086
36.75252649	0.04091055	0.00111314	-0.02720901
36.75502649	0.04089601	0.00111266	-0.02720716
36.75752648	0.04088147	0.00111219	-0.02720531
36.76002648	0.04086695	0.00111172	-0.02720346
36.76252648	0.04085242	0.00111125	-0.02720161
36.76502647	0.04083790	0.00111078	-0.02719976
36.76752646	0.04082338	0.00111031	-0.02719791
36.77002646	0.04080887	0.00110984	-0.02719606
36.77252645	0.04079436	0.00110937	-0.02719422
36.77502645	0.04077986	0.00110890	-0.02719237
36.77752644	0.04076536	0.00110843	-0.02719052
36.78002644	0.04075087	0.00110796	-0.02718867
36.78252644	0.04073638	0.00110749	-0.02718682
36.78502643	0.04072189	0.00110702	-0.02718497
36.78752642	0.04070741	0.00110655	-0.02718313
36.79002642	0.04069293	0.00110609	-0.02718128
36.79252641	0.04067846	0.00110562	-0.02717943
36.79502641	0.04066399	0.00110515	-0.02717759
36.79752640	0.04064953	0.00110468	-0.02717574
36.80002640	0.04063507	0.00110421	-0.02717389
36.80252640	0.04062061	0.00110375	-0.02717205
36.80502639	0.04060616	0.00110328	-0.02717020
36.80752638	0.04059171	0.00110281	-0.02716836
36.81002638	0.04057727	0.00110234	-0.02716651
36.81252637	0.04056283	0.00110188	-0.02716467
36.81502637	0.04054840	0.00110141	-0.02716282
36.81752636	0.04053397	0.00110094	-0.02716098
36.82002636	0.04051954	0.00110048	-0.02715913
36.82252636	0.04050512	0.00110001	-0.02715729
36.82502635	0.04049071	0.00109954	-0.02715545
36.82752634	0.04047629	0.00109908	-0.02715360
36.83002634	0.04046189	0.00109861	-0.02715176
36.83252633	0.04044748	0.00109815	-0.02714992
36.83502633	0.04043308	0.00109768	-0.02714807
36.83752632	0.04041869	0.00109722	-0.02714623
36.84002632	0.04040430	0.00109675	-0.02714439
36.84252632	0.04038991	0.00109629	-0.02714255
36.84502631	0.04037553	0.00109582	-0.02714071
36.84752630	0.04036115	0.00109536	-0.02713886
36.85002630	0.04034678	0.00109489	-0.02713702
36.85252629	0.04033241	0.00109443	-0.02713518
36.85502629	0.04031804	0.00109396	-0.02713334
36.85752628	0.04030368	0.00109350	-0.02713150
36.86002628	0.04028932	0.00109304	-0.02712966
36.86252628	0.04027497	0.00109257	-0.02712782
36.86502627	0.04026062	0.00109211	-0.02712598
36.86752626	0.04024628	0.00109165	-0.02712414
36.87002626	0.04023194	0.00109118	-0.02712230
36.87252625	0.04021761	0.00109072	-0.02712046
36.87502625	0.04020327	0.00109026	-0.02711862
36.87752624	0.04018895	0.00108980	-0.02711679
36.88002624	0.04017463	0.00108933	-0.02711495
36.88252624	0.04016031	0.00108887	-0.02711311
36.88502623	0.04014599	0.00108841	-0.02711127
36.88752622	0.04013169	0.00108795	-0.02710944
36.89002622	0.04011738	0.00108749	-0.02710760
36.89252621	0.04010308	0.00108702	-0.02710576
36.89502621	0.04008878	0.00108656	-0.02710392
36.89752620	0.04007449	0.00108610	-0.02710209
36.90002620	0.04006020	0.00108564	-0.02710025
36.90252620	0.04004592	0.00108518	-0.02709842
36.90502619	0.04003164	0.00108472	-0.02709658
36.90752618	0.04001737	0.00108426	-0.02709474
36.91002618	0.04000310	0.00108380	-0.02709291
36.91252617	0.03998883	0.00108334	-0.02709107
36.91502617	0.03997457	0.00108288	-0.02708924
36.91752616	0.03996031	0.00108242	-0.02708741
36.92002616	0.03994606	0.00108196	-0.02708557
36.92252615	0.03993181	0.00108150	-0.02708374
36.92502615	0.03991756	0.00108104	-0.02708190
36.92752615	0.03990332	0.00108058	-0.02708007
36.93002614	0.03988908	0.00108013	-0.02707824
36.93252613	0.03987485	0.00107967	-0.02707640
36.93502613	0.03986062	0.00107921	-0.02707457
36.93752612	0.03984640	0.00107875	-0.02707274
36.94002612	0.03983218	0.00107829	-0.02707091
36.94252611	0.03981797	0.00107784	-0.02706907
36.94502611	0.03980375	0.00107738	-0.02706724
36.94752611	0.03978955	0.00107692	-0.02706541
36.95002610	0.03977535	0.00107646	-0.02706358
36.95252609	0.03976115	0.00107601	-0.02706175
36.95502609	0.03974695	0.00107555	-0.02705992
36.95752608	0.03973276	0.00107509	-0.02705809
36.96002608	0.03971858	0.00107464	-0.02705626
36.96252607	0.03970440	0.00107418	-0.02705443
36.96502607	0.03969022	0.00107372	-0.02705260
36.96752607	0.03967605	0.00107327	-0.02705077
36.97002606	0.03966188	0.00107281	-0.02704894
36.97252605	0.03964772	0.00107236	-0.02704711
36.97502605	0.03963356	0.00107190	-0.02704528
36.97752604	0.03961940	0.00107145	-0.02704345
36.98002604	0.03960525	0.00107099	-0.02704163
36.98252603	0.03959110	0.00107054	-0.02703980
36.98502603	0.03957696	0.00107008	-0.02703797
36.98752603	0.03956282	0.00106963	-0.02703614
36.99002602	0.03954869	0.00106917	-0.02703431
36.99252601	0.03953456	0.00106872	-0.02703249
36.99502601	0.03952043	0.00106826	-0.02703066
36.99752600	0.03950631	0.00106781	-0.02702883
37.00002600	0.03949219	0.00106736	-0.02702701
37.00252599	0.03947808	0.00106690	-0.02702518
37.00502599	0.03946397	0.00106645	-0.02702336
37.00752599	0.03944987	0.00106600	-0.02702153
37.01002598	0.03943577	0.00106554	-0.02701971
37.01252597	0.03942167	0.00106509	-0.02701788
37.01502597	0.03940758	0.00106464	-0.02701606
37.01752596	0.03939349	0.00106418	-0.02701423
37.02002596	0.03937941	0.00106373	-0.02701241
37.02252595	0.03936533	0.00106328	-0.02701058
37.02502595	0.03935126	0.00106283	-0.02700876
37.02752595	0.03933719	0.00106238	-0.02700694
37.03002594	0.03932312	0.00106193	-0.02700511
37.03252593	0.03930906	0.00106147	-0.02700329
37.03502593	0.03929500	0.00106102	-0.02700147
37.03752592	0.03928095	0.00106057	-0.02699964
37.04002592	0.03926690	0.00106012	-0.02699782
37.04252591	0.03925285	0.00105967	-0.02699600
37.04502591	0.03923881	0.00105922	-0.02699418
37.04752591	0.03922477	0.00105877	-0.02699236
37.05002590	0.03921074	0.00105832	-0.02699053
37.05252589	0.03919671	0.00105787	-0.02698871
37.05502589	0.03918269	0.00105742	-0.02698689
37.05752588	0.03916867	0.00105697	-0.02698507
37.06002588	0.03915465	0.00105652	-0.02698325
37.06252587	0.03914064	0.00105607	-0.02698143
37.06502587	0.03912664	0.00105562	-0.02697961
37.06752587	0.03911263	0.00105517	-0.02697779
37.07002586	0.03909863	0.00105472	-0.02697597
37.07252585	0.03908464	0.00105428	-0.02697415
37.07502585	0.03907065	0.00105383	-0.02697233
37.07752584	0.03905666	0.00105338	-0.02697052
37.08002584	0.03904268	0.00105293	-0.02696870
37.08252583	0.03902870	0.00105248	-0.02696688
37.08502583	0.03901473	0.00105203	-0.02696506
37.08752583	0.03900076	0.00105159	-0.02696324
37.09002582	0.03898680	0.00105114	-0.02696143
37.09252581	0.03897284	0.00105069	-0.02695961
37.09502581	0.03895888	0.00105025	-0.02695779
37.09752580	0.03894493	0.00104980	-0.02695598
37.10002580	0.03893098	0.00104935	-0.02695416
37.10252579	0.03891704	0.00104891	-0.02695234
37.10502579	0.03890310	0.00104846	-0.02695053
37.10752578	0.03888916	0.00104801	-0.02694871
37.11002578	0.03887523	0.00104757	-0.02694690
37.11252577	0.03886130	0.00104712	-0.02694508
37.11502577	0.03884738	0.00104668	-0.02694327
37.11752576	0.03883346	0.00104623	-0.02694145
37.12002576	0.03881955	0.00104578	-0.02693964
37.12252575	0.03880564	0.00104534	-0.02693782
37.12502575	0.03879173	0.00104489	-0.02693601
37.12752574	0.03877783	0.00104445	-0.02693419
37.13002574	0.03876393	0.00104401	-0.02693238
37.13252574	0.03875004	0.00104356	-0.02693057
37.13502573	0.03873615	0.00104312	-0.02692875
37.13752572	0.03872227	0.00104267	-0.02692694
37.14002572	0.03870838	0.00104223	-0.02692513
37.14252571	0.03869451	0.00104178	-0.02692332
37.14502571	0.03868064	0.00104134	-0.02692151
37.14752570	0.03866677	0.00104090	-0.02691969
37.15002570	0.03865290	0.00104045	-0.02691788
37.15252570	0.03863904	0.00104001	-0.02691607
37.15502569	0.03862519	0.00103957	-0.02691426
37.15752568	0.03861134	0.00103913	-0.02691245
37.16002568	0.03859749	0.00103868	-0.02691064
37.16252567	0.03858365	0.00103824	-0.02690883
37.16502567	0.03856981	0.00103780	-0.02690702
37.16752566	0.03855597	0.00103736	-0.02690521
37.17002566	0.03854214	0.00103691	-0.02690340
37.17252566	0.03852832	0.00103647	-0.02690159
37.17502565	0.03851450	0.00103603	-0.02689978
37.17752564	0.03850068	0.00103559	-0.02689797
37.18002564	0.03848686	0.00103515	-0.02689616
37.18252563	0.03847305	0.00103471	-0.02689435
37.18502563	0.03845925	0.00103427	-0.02689255
37.18752562	0.03844545	0.00103383	-0.02689074
37.19002562	0.03843165	0.00103339	-0.02688893
37.19252562	0.03841786	0.00103295	-0.02688712
37.19502561	0.03840407	0.00103251	-0.02688532
37.19752560	0.03839029	0.00103207	-0.02688351
37.20002560	0.03837651	0.00103163	-0.02688170
37.20252559	0.03836273	0.00103119	-0.02687990
37.20502559	0.03834896	0.00103075	-0.02687809
37.20752558	0.03833519	0.00103031	-0.02687628
37.21002558	0.03832143	0.00102987	-0.02687448
37.21252558	0.03830767	0.00102943	-0.02687267
37.21502557	0.03829391	0.00102899	-0.02687087
37.21752556	0.03828016	0.00102855	-0.02686906
37.22002556	0.03826641	0.00102811	-0.02686726
37.22252555	0.03825267	0.00102768	-0.02686545
37.22502555	0.03823893	0.00102724	-0.02686365
37.22752554	0.03822520	0.00102680	-0.02686184
37.23002554	0.03821147	0.00102636	-0.02686004
37.23252554	0.03819774	0.00102592	-0.02685824
37.23502553	0.03818402	0.00102549	-0.02685643
37.23752552	0.03817030	0.00102505	-0.02685463
37.24002552	0.03815659	0.00102461	-0.02685283
37.24252551	0.03814288	0.00102418	-0.02685103
37.24502551	0.03812917	0.00102374	-0.02684922
37.24752550	0.03811547	0.00102330	-0.02684742
37.25002550	0.03810178	0.00102287	-0.02684562
37.25252550	0.03808808	0.00102243	-0.02684382
37.25502549	0.03807439	0.00102199	-0.02684202
37.25752548	0.03806071	0.00102156	-0.02684022
37.26002548	0.03804703	0.00102112	-0.02683841
37.26252547	0.03803335	0.00102069	-0.02683661
37.26502547	0.03801968	0.00102025	-0.02683481
37.26752546	0.03800601	0.00101982	-0.02683301
37.27002546	0.03799235	0.00101938	-0.02683121
37.27252546	0.03797869	0.00101895	-0.02682941
37.27502545	0.03796504	0.00101851	-0.02682761
37.27752544	0.03795138	0.00101808	-0.02682581
37.28002544	0.03793774	0.00101764	-0.02682402
37.28252543	0.03792409	0.00101721	-0.02682222
37.28502543	0.03791046	0.00101677	-0.02682042
37.28752542	0.03789682	0.00101634	-0.02681862
37.29002542	0.03788319	0.00101591	-0.02681682
37.29252542	0.03786956	0.00101547	-0.02681502
37.29502541	0.03785594	0.00101504	-0.02681323
37.29752540	0.03784232	0.00101461	-0.02681143
37.30002540	0.03782871	0.00101417	-0.02680963
37.30252539	0.03781510	0.00101374	-0.02680784
37.30502539	0.03780149	0.00101331	-0.02680604
37.30752538	0.03778789	0.00101288	-0.02680424
37.31002538	0.03777430	0.00101244	-0.02680245
37.31252537	0.03776070	0.00101201	-0.02680065
37.31502537	0.03774711	0.00101158	-0.02679886
37.31752537	0.03773353	0.00101115	-0.02679706
37.32002536	0.03771995	0.00101072	-0.02679527
37.32252535	0.03770637	0.00101028	-0.02679347
37.32502535	0.03769280	0.00100985	-0.02679168
37.32752534	0.03767923	0.00100942	-0.02678988
37.33002534	0.03766566	0.00100899	-0.02678809
37.33252533	0.03765210	0.00100856	-0.02678629
37.33502533	0.03763855	0.00100813	-0.02678450
37.33752533	0.03762500	0.00100770	-0.02678271
37.34002532	0.03761145	0.00100727	-0.02678091
37.34252531	0.03759791	0.00100684	-0.02677912
37.34502531	0.03758437	0.00100641	-0.02677733
37.34752530	0.03757083	0.00100598	-0.02677554
37.35002530	0.03755730	0.00100555	-0.02677374
37.35252529	0.03754377	0.00100512	-0.02677195
37.35502529	0.03753025	0.00100469	-0.02677016
37.35752529	0.03751673	0.00100426	-0.02676837
37.36002528	0.03750321	0.00100383	-0.02676658
37.36252527	0.03748970	0.00100340	-0.02676479
37.36502527	0.03747620	0.00100298	-0.02676300
37.36752526	0.03746269	0.00100255	-0.02676120
37.37002526	0.03744920	0.00100212	-0.02675941
37.37252525	0.03743570	0.00100169	-0.02675762
37.37502525	0.03742221	0.00100126	-0.02675583
37.37752525	0.03740873	0.00100083	-0.02675405
37.38002524	0.03739524	0.00100041	-0.02675226
37.38252523	0.03738177	0.00099998	-0.02675047
37.38502523	0.03736829	0.00099955	-0.02674868
37.38752522	0.03735482	0.00099913	-0.02674689
37.39002522	0.03734136	0.00099870	-0.02674510
37.39252521	0.03732790	0.00099827	-0.02674331
37.39502521	0.03731444	0.00099784	-0.02674152
37.39752521	0.03730098	0.00099742	-0.02673974
37.40002520	0.03728754	0.00099699	-0.02673795
37.40252519	0.03727409	0.00099657	-0.02673616
37.40502519	0.03726065	0.00099614	-0.02673438
37.40752518	0.03724721	0.00099571	-0.02673259
37.41002518	0.03723378	0.00099529	-0.02673080
37.41252517	0.03722035	0.00099486	-0.02672902
37.41502517	0.03720693	0.00099444	-0.02672723
37.41752517	0.03719351	0.00099401	-0.02672544
37.42002516	0.03718009	0.00099359	-0.02672366
37.42252515	0.03716668	0.00099316	-0.02672187
37.42502515	0.03715327	0.00099274	-0.02672009
37.42752514	0.03713987	0.00099231	-0.02671830
37.43002514	0.03712647	0.00099189	-0.02671652
37.43252513	0.03711307	0.00099147	-0.02671474
37.43502513	0.03709968	0.00099104	-0.02671295
37.43752513	0.03708629	0.00099062	-0.02671117
37.44002512	0.03707291	0.00099019	-0.02670938
37.44252511	0.03705953	0.00098977	-0.02670760
37.44502511	0.03704615	0.00098935	-0.02670582
37.44752510	0.03703278	0.00098892	-0.02670403
37.45002510	0.03701941	0.00098850	-0.02670225
37.45252509	0.03700605	0.00098808	-0.02670047
37.45502509	0.03699269	0.00098766	-0.02669869
37.45752509	0.03697934	0.00098723	-0.02669691
37.46002508	0.03696599	0.00098681	-0.02669512
37.46252507	0.03695264	0.00098639	-0.02669334
37.46502507	0.03693930	0.00098597	-0.02669156
37.46752506	0.03692596	0.00098555	-0.02668978
37.47002506	0.03691262	0.00098512	-0.02668800
37.47252505	0.03689929	0.00098470	-0.02668622
37.47502505	0.03688597	0.00098428	-0.02668444
37.47752505	0.03687264	0.00098386	-0.02668266
37.48002504	0.03685932	0.00098344	-0.02668088
37.48252503	0.03684601	0.00098302	-0.02667910
37.48502503	0.03683270	0.00098260	-0.02667732
37.48752502	0.03681939	0.00098218	-0.02667554
37.49002502	0.03680609	0.00098176	-0.02667376
37.49252501	0.03679279	0.00098134	-0.02667198
37.49502501	0.03677950	0.00098092	-0.02667020
37.49752500	0.03676621	0.00098050	-0.02666843
37.50002500	0.03675292	0.00098008	-0.02666665
37.50252499	0.03673964	0.00097966	-0.02666487
37.50502499	0.03672637	0.00097924	-0.02666309
37.50752498	0.03671309	0.00097882	-0.02666132
37.51002498	0.03669982	0.00097840	-0.02665954
37.51252497	0.03668656	0.00097798	-0.02665776
37.51502497	0.03667330	0.00097756	-0.02665599
37.51752496	0.03666004	0.00097714	-0.02665421
37.52002496	0.03664678	0.00097673	-0.02665243
37.52252496	0.03663354	0.00097631	-0.02665066
37.52502495	0.03662029	0.00097589	-0.02664888
37.52752494	0.03660705	0.00097547	-0.02664711
37.53002494	0.03659381	0.00097505	-0.02664533
37.53252493	0.03658058	0.00097464	-0.02664356
37.53502493	0.03656735	0.00097422	-0.02664178
37.53752492	0.03655413	0.00097380	-0.02664001
37.54002492	0.03654090	0.00097339	-0.02663823
37.54252492	0.03652769	0.00097297	-0.02663646
37.54502491	0.03651448	0.00097255	-0.02663469
37.54752490	0.03650127	0.00097214	-0.02663291
37.55002490	0.03648806	0.00097172	-0.02663114
37.55252489	0.03647486	0.00097130	-0.02662937
37.55502489	0.03646166	0.00097089	-0.02662760
37.55752488	0.03644847	0.00097047	-0.02662582
37.56002488	0.03643528	0.00097005	-0.02662405
37.56252488	0.03642210	0.00096964	-0.02662228
37.56502487	0.03640892	0.00096922	-0.02662051
37.56752486	0.03639574	0.00096881	-0.02661874
37.57002486	0.03638257	0.00096839	-0.02661696
37.57252485	0.03636940	0.00096798	-0.02661519
37.57502485	0.03635624	0.00096756	-0.02661342
37.57752484	0.03634308	0.00096715	-0.02661165
37.58002484	0.03632992	0.00096673	-0.02660988
37.58252484	0.03631677	0.00096632	-0.02660811
37.58502483	0.03630362	0.00096591	-0.02660634
37.58752482	0.03629048	0.00096549	-0.02660457
37.59002482	0.03627734	0.00096508	-0.02660280
37.59252481	0.03626420	0.00096467	-0.02660103
37.59502481	0.03625107	0.00096425	-0.02659926
37.59752480	0.03623794	0.00096384	-0.02659750
37.60002480	0.03622482	0.00096343	-0.02659573
37.60252480	0.03621170	0.00096301	-0.02659396
37.60502479	0.03619858	0.00096260	-0.02659219
37.60752478	0.03618547	0.00096219	-0.02659042
37.61002478	0.03617236	0.00096177	-0.02658866
37.61252477	0.03615926	0.00096136	-0.02658689
37.61502477	0.03614616	0.00096095	-0.02658512
37.61752476	0.03613306	0.00096054	-0.02658335
37.62002476	0.03611997	0.00096013	-0.02658159
37.62252476	0.03610688	0.00095971	-0.02657982
37.62502475	0.03609380	0.00095930	-0.02657806
37.62752474	0.03608072	0.00095889	-0.02657629
37.63002474	0.03606765	0.00095848	-0.02657452
37.63252473	0.03605457	0.00095807	-0.02657276
37.63502473	0.03604151	0.00095766	-0.02657099
37.63752472	0.03602844	0.00095725	-0.02656923
37.64002472	0.03601538	0.00095684	-0.02656746
37.64252472	0.03600233	0.00095643	-0.02656570
37.64502471	0.03598928	0.00095602	-0.02656394
37.64752470	0.03597623	0.00095561	-0.02656217
37.65002470	0.03596319	0.00095520	-0.02656041
37.65252469	0.03595015	0.00095479	-0.02655864
37.65502469	0.03593711	0.00095438	-0.02655688
37.65752468	0.03592408	0.00095397	-0.02655512
37.66002468	0.03591105	0.00095356	-0.02655335
37.66252468	0.03589803	0.00095315	-0.02655159
37.66502467	0.03588501	0.00095274	-0.02654983
37.66752466	0.03587199	0.00095233	-0.02654807
37.67002466	0.03585898	0.00095192	-0.02654631
37.67252465	0.03584597	0.00095152	-0.02654454
37.67502465	0.03583297	0.00095111	-0.02654278
37.67752464	0.03581997	0.00095070	-0.02654102
37.68002464	0.03580698	0.00095029	-0.02653926
37.68252464	0.03579399	0.00094988	-0.02653750
37.68502463	0.03578100	0.00094948	-0.02653574
37.68752462	0.03576801	0.00094907	-0.02653398
37.69002462	0.03575504	0.00094866	-0.02653222
37.69252461	0.03574206	0.00094825	-0.02653046
37.69502461	0.03572909	0.00094785	-0.02652870
37.69752460	0.03571612	0.00094744	-0.02652694
37.70002460	0.03570316	0.00094703	-0.02652518
37.70252459	0.03569020	0.00094663	-0.02652342
37.70502459	0.03567724	0.00094622	-0.02652166
37.70752458	0.03566429	0.00094581	-0.02651991
37.71002458	0.03565134	0.00094541	-0.02651815
37.71252457	0.03563840	0.00094500	-0.02651639
37.71502457	0.03562546	0.00094460	-0.02651463
37.71752456	0.03561253	0.00094419	-0.02651287
37.72002456	0.03559959	0.00094379	-0.02651112
37.72252455	0.03558667	0.00094338	-0.02650936
37.72502455	0.03557374	0.00094297	-0.02650760
37.72752455	0.03556082	0.00094257	-0.02650585
37.73002454	0.03554791	0.00094216	-0.02650409
37.73252453	0.03553500	0.00094176	-0.02650233
37.73502453	0.03552209	0.00094136	-0.02650058
37.73752452	0.03550918	0.00094095	-0.02649882
37.74002452	0.03549629	0.00094055	-0.02649707
37.74252451	0.03548339	0.00094014	-0.02649531
37.74502451	0.03547050	0.00093974	-0.02649356
37.74752451	0.03545761	0.00093934	-0.02649180
37.75002450	0.03544473	0.00093893	-0.02649005
37.75252449	0.03543185	0.00093853	-0.02648829
37.75502449	0.03541897	0.00093813	-0.02648654
37.75752448	0.03540610	0.00093772	-0.02648479
37.76002448	0.03539323	0.00093732	-0.02648303
37.76252447	0.03538037	0.00093692	-0.02648128
37.76502447	0.03536751	0.00093651	-0.02647953
37.76752447	0.03535465	0.00093611	-0.02647777
37.77002446	0.03534180	0.00093571	-0.02647602
37.77252445	0.03532895	0.00093531	-0.02647427
37.77502445	0.03531611	0.00093491	-0.02647252
37.77752444	0.03530327	0.00093450	-0.02647077
37.78002444	0.03529043	0.00093410	-0.02646901
37.78252443	0.03527760	0.00093370	-0.02646726
37.78502443	0.03526477	0.00093330	-0.02646551
37.78752443	0.03525195	0.00093290	-0.02646376
37.79002442	0.03523913	0.00093250	-0.02646201
37.79252441	0.03522631	0.00093210	-0.02646026
37.79502441	0.03521350	0.00093170	-0.02645851
37.79752440	0.03520069	0.00093130	-0.02645676
37.80002440	0.03518788	0.00093090	-0.02645501
37.80252439	0.03517508	0.00093050	-0.02645326
37.80502439	0.03516229	0.00093010	-0.02645151
37.80752439	0.03514949	0.00092970	-0.02644976
37.81002438	0.03513671	0.00092930	-0.02644801
37.81252437	0.03512392	0.00092890	-0.02644626
37.81502437	0.03511114	0.00092850	-0.02644452
37.81752436	0.03509836	0.00092810	-0.02644277
37.82002436	0.03508559	0.00092770	-0.02644102
37.82252435	0.03507282	0.00092730	-0.02643927
37.82502435	0.03506006	0.00092690	-0.02643752
37.82752435	0.03504730	0.00092650	-0.02643578
37.83002434	0.03503454	0.00092610	-0.02643403
37.83252433	0.03502179	0.00092571	-0.02643228
37.83502433	0.03500904	0.00092531	-0.02643054
37.83752432	0.03499629	0.00092491	-0.02642879
37.84002432	0.03498355	0.00092451	-0.02642704
37.84252431	0.03497081	0.00092411	-0.02642530
37.84502431	0.03495808	0.00092372	-0.02642355
37.84752431	0.03494535	0.00092332	-0.02642181
37.85002430	0.03493262	0.00092292	-0.02642006
37.85252429	0.03491990	0.00092253	-0.02641832
37.85502429	0.03490719	0.00092213	-0.02641657
37.85752428	0.03489447	0.00092173	-0.02641483
37.86002428	0.03488176	0.00092133	-0.02641308
37.86252427	0.03486906	0.00092094	-0.02641134
37.86502427	0.03485635	0.00092054	-0.02640960
37.86752427	0.03484366	0.00092015	-0.02640785
37.87002426	0.03483096	0.00091975	-0.02640611
37.87252425	0.03481827	0.00091935	-0.02640437
37.87502425	0.03480559	0.00091896	-0.02640262
37.87752424	0.03479290	0.00091856	-0.02640088
37.88002424	0.03478023	0.00091817	-0.02639914
37.88252423	0.03476755	0.00091777	-0.02639740
37.88502423	0.03475488	0.00091738	-0.02639565
37.88752422	0.03474221	0.00091698	-0.02639391
37.89002422	0.03472955	0.00091659	-0.02639217
37.89252421	0.03471689	0.00091619	-0.02639043
37.89502421	0.03470424	0.00091580	-0.02638869
37.89752420	0.03469159	0.00091541	-0.02638695
37.90002420	0.03467894	0.00091501	-0.02638521
37.90252419	0.03466630	0.00091462	-0.02638347
37.90502419	0.03465366	0.00091422	-0.02638173
37.90752418	0.03464102	0.00091383	-0.02637999
37.91002418	0.03462839	0.00091344	-0.02637825
37.91252418	0.03461576	0.00091304	-0.02637651
37.91502417	0.03460314	0.00091265	-0.02637477
37.91752416	0.03459052	0.00091226	-0.02637303
37.92002416	0.03457791	0.00091186	-0.02637129
37.92252415	0.03456529	0.00091147	-0.02636955
37.92502415	0.03455269	0.00091108	-0.02636781
37.92752414	0.03454008	0.00091069	-0.02636608
37.93002414	0.03452748	0.00091029	-0.02636434
37.93252414	0.03451489	0.00090990	-0.02636260
37.93502413	0.03450229	0.00090951	-0.02636086
37.93752412	0.03448971	0.00090912	-0.02635913
37.94002412	0.03447712	0.00090873	-0.02635739
37.94252411	0.03446454	0.00090834	-0.02635565
37.94502411	0.03445196	0.00090794	-0.02635392
37.94752410	0.03443939	0.00090755	-0.02635218
37.95002410	0.03442682	0.00090716	-0.02635044
37.95252410	0.03441426	0.00090677	-0.02634871
37.95502409	0.03440170	0.00090638	-0.02634697
37.95752408	0.03438914	0.00090599	-0.02634524
37.96002408	0.03437659	0.00090560	-0.02634350
37.96252407	0.03436404	0.00090521	-0.02634177
37.96502407	0.03435149	0.00090482	-0.02634003
37.96752406	0.03433895	0.00090443	-0.02633830
37.97002406	0.03432641	0.00090404	-0.02633656
37.97252406	0.03431388	0.00090365	-0.02633483
37.97502405	0.03430135	0.00090326	-0.02633310
37.97752404	0.03428882	0.00090287	-0.02633136
37.98002404	0.03427630	0.00090248	-0.02632963
37.98252403	0.03426378	0.00090209	-0.02632790
37.98502403	0.03425127	0.00090170	-0.02632616
37.98752402	0.03423876	0.00090132	-0.02632443
37.99002402	0.03422625	0.00090093	-0.02632270
37.99252402	0.03421375	0.00090054	-0.02632097
37.99502401	0.03420125	0.00090015	-0.02631924
37.99752400	0.03418876	0.00089976	-0.02631750
38.00002400	0.03417627	0.00089937	-0.02631577
38.00252399	0.03416378	0.00089899	-0.02631404
38.00502399	0.03415130	0.00089860	-0.02631231
38.00752398	0.03413882	0.00089821	-0.02631058
38.01002398	0.03412634	0.00089782	-0.02630885
38.01252398	0.03411387	0.00089744	-0.02630712
38.01502397	0.03410140	0.00089705	-0.02630539
38.01752396	0.03408894	0.00089666	-0.02630366
38.02002396	0.03407648	0.00089628	-0.02630193
38.02252395	0.03406402	0.00089589	-0.02630020
38.02502395	0.03405157	0.00089550	-0.02629847
38.02752394	0.03403912	0.00089512	-0.02629674
38.03002394	0.03402668	0.00089473	-0.02629501
38.03252394	0.03401424	0.00089435	-0.02629329
38.03502393	0.03400180	0.00089396	-0.02629156
38.03752392	0.03398937	0.00089357	-0.02628983
38.04002392	0.03397694	0.00089319	-0.02628810
38.04252391	0.03396452	0.00089280	-0.02628637
38.04502391	0.03395209	0.00089242	-0.02628465
38.04752390	0.03393968	0.00089203	-0.02628292
38.05002390	0.03392726	0.00089165	-0.02628119
38.05252390	0.03391485	0.00089126	-0.02627947
38.05502389	0.03390245	0.00089088	-0.02627774
38.05752388	0.03389005	0.00089050	-0.02627601
38.06002388	0.03387765	0.00089011	-0.02627429
38.06252387	0.03386525	0.00088973	-0.02627256
38.06502387	0.03385286	0.00088934	-0.02627084
38.06752386	0.03384048	0.00088896	-0.02626911
38.07002386	0.03382810	0.00088858	-0.02626739
38.07252386	0.03381572	0.00088819	-0.02626566
38.07502385	0.03380334	0.00088781	-0.02626394
38.07752384	0.03379097	0.00088743	-0.02626221
38.08002384	0.03377860	0.00088704	-0.02626049
38.08252383	0.03376624	0.00088666	-0.02625876
38.08502383	0.03375388	0.00088628	-0.02625704
38.08752382	0.03374153	0.00088589	-0.02625532
38.09002382	0.03372917	0.00088551	-0.02625359
38.09252381	0.03371683	0.00088513	-0.02625187
38.09502381	0.03370448	0.00088475	-0.02625015
38.09752380	0.03369214	0.00088437	-0.02624843
38.10002380	0.03367981	0.00088398	-0.02624670
38.10252379	0.03366747	0.00088360	-0.02624498
38.10502379	0.03365514	0.00088322	-0.02624326
38.10752378	0.03364282	0.00088284	-0.02624154
38.11002378	0.03363050	0.00088246	-0.02623982
38.11252377	0.03361818	0.00088208	-0.02623809
38.11502377	0.03360587	0.00088170	-0.02623637
38.11752377	0.03359356	0.00088132	-0.02623465
38.12002376	0.03358125	0.00088093	-0.02623293
38.12252375	0.03356895	0.00088055	-0.02623121
38.12502375	0.03355665	0.00088017	-0.02622949
38.12752374	0.03354436	0.00087979	-0.02622777
38.13002374	0.03353207	0.00087941	-0.02622605
38.13252373	0.03351978	0.00087903	-0.02622433
38.13502373	0.03350750	0.00087865	-0.02622261
38.13752373	0.03349522	0.00087827	-0.02622089
38.14002372	0.03348295	0.00087790	-0.02621918
38.14252371	0.03347068	0.00087752	-0.02621746
38.14502371	0.03345841	0.00087714	-0.02621574
38.14752370	0.03344615	0.00087676	-0.02621402
38.15002370	0.03343389	0.00087638	-0.02621230
38.15252369	0.03342163	0.00087600	-0.02621059
38.15502369	0.03340938	0.00087562	-0.02620887
38.15752369	0.03339713	0.00087524	-0.02620715
38.16002368	0.03338489	0.00087487	-0.02620543
38.16252367	0.03337265	0.00087449	-0.02620372
38.16502367	0.03336041	0.00087411	-0.02620200
38.16752366	0.03334818	0.00087373	-0.02620029
38.17002366	0.03333595	0.00087335	-0.02619857
38.17252365	0.03332372	0.00087298	-0.02619685
38.17502365	0.03331150	0.00087260	-0.02619514
38.17752365	0.03329928	0.00087222	-0.02619342
38.18002364	0.03328707	0.00087185	-0.02619171
38.18252363	0.03327486	0.00087147	-0.02618999
38.18502363	0.03326265	0.00087109	-0.02618828
38.18752362	0.03325045	0.00087072	-0.02618656
38.19002362	0.03323825	0.00087034	-0.02618485
38.19252361	0.03322606	0.00086996	-0.02618313
38.19502361	0.03321387	0.00086959	-0.02618142
38.19752361	0.03320168	0.00086921	-0.02617971
38.20002360	0.03318950	0.00086883	-0.02617799
38.20252359	0.03317732	0.00086846	-0.02617628
38.20502359	0.03316514	0.00086808	-0.02617457
38.20752358	0.03315297	0.00086771	-0.02617286
38.21002358	0.03314080	0.00086733	-0.02617114
38.21252357	0.03312864	0.00086696	-0.02616943
38.21502357	0.03311648	0.00086658	-0.02616772
38.21752357	0.03310432	0.00086621	-0.02616601
38.22002356	0.03309217	0.00086583	-0.02616430
38.22252355	0.03308002	0.00086546	-0.02616258
38.22502355	0.03306788	0.00086508	-0.02616087
38.22752354	0.03305573	0.00086471	-0.02615916
38.23002354	0.03304360	0.00086434	-0.02615745
38.23252353	0.03303146	0.00086396	-0.02615574
38.23502353	0.03301933	0.00086359	-0.02615403
38.23752353	0.03300721	0.00086322	-0.02615232
38.24002352	0.03299508	0.00086284	-0.02615061
38.24252351	0.03298297	0.00086247	-0.02614890
38.24502351	0.03297085	0.00086210	-0.02614719
38.24752350	0.03295874	0.00086172	-0.02614548
38.25002350	0.03294663	0.00086135	-0.02614377
38.25252349	0.03293453	0.00086098	-0.02614207
38.25502349	0.03292243	0.00086060	-0.02614036
38.25752349	0.03291033	0.00086023	-0.02613865
38.26002348	0.03289824	0.00085986	-0.02613694
38.26252347	0.03288615	0.00085949	-0.02613523
38.26502347	0.03287407	0.00085912	-0.02613353
38.26752346	0.03286199	0.00085874	-0.02613182
38.27002346	0.03284991	0.00085837	-0.02613011
38.27252345	0.03283784	0.00085800	-0.02612841
38.27502345	0.03282577	0.00085763	-0.02612670
38.27752344	0.03281370	0.00085726	-0.02612499
38.28002344	0.03280164	0.00085689	-0.02612329
38.28252343	0.03278959	0.00085652	-0.02612158
38.28502343	0.03277753	0.00085614	-0.02611987
38.28752342	0.03276548	0.00085577	-0.02611817
38.29002342	0.03275343	0.00085540	-0.02611646
38.29252341	0.03274139	0.00085503	-0.02611476
38.29502341	0.03272935	0.00085466	-0.02611305
38.29752340	0.03271732	0.00085429	-0.02611135
38.30002340	0.03270529	0.00085392	-0.02610964
38.30252340	0.03269326	0.00085355	-0.02610794
38.30502339	0.03268123	0.00085318	-0.02610624
38.30752338	0.03266921	0.00085281	-0.02610453
38.31002338	0.03265720	0.00085245	-0.02610283
38.31252337	0.03264518	0.00085208	-0.02610113
38.31502337	0.03263318	0.00085171	-0.02609942
38.31752336	0.03262117	0.00085134	-0.02609772
38.32002336	0.03260917	0.00085097	-0.02609602
38.32252336	0.03259717	0.00085060	-0.02609432
38.32502335	0.03258518	0.00085023	-0.02609261
38.32752334	0.03257319	0.00084986	-0.02609091
38.33002334	0.03256120	0.00084950	-0.02608921
38.33252333	0.03254922	0.00084913	-0.02608751
38.33502333	0.03253724	0.00084876	-0.02608581
38.33752332	0.03252527	0.00084839	-0.02608411
38.34002332	0.03251329	0.00084802	-0.02608240
38.34252332	0.03250133	0.00084766	-0.02608070
38.34502331	0.03248936	0.00084729	-0.02607900
38.34752330	0.03247740	0.00084692	-0.02607730
38.35002330	0.03246545	0.00084656	-0.02607560
38.35252329	0.03245349	0.00084619	-0.02607390
38.35502329	0.03244155	0.00084582	-0.02607220
38.35752328	0.03242960	0.00084546	-0.02607050
38.36002328	0.03241766	0.00084509	-0.02606881
38.36252328	0.03240572	0.00084472	-0.02606711
38.36502327	0.03239379	0.00084436	-0.02606541
38.36752326	0.03238186	0.00084399	-0.02606371
38.37002326	0.03236993	0.00084363	-0.02606201
38.37252325	0.03235801	0.00084326	-0.02606031
38.37502325	0.03234609	0.00084289	-0.02605862
38.37752324	0.03233418	0.00084253	-0.02605692
38.38002324	0.03232227	0.00084216	-0.02605522
38.38252324	0.03231036	0.00084180	-0.02605352
38.38502323	0.03229845	0.00084143	-0.02605183
38.38752322	0.03228655	0.00084107	-0.02605013
38.39002322	0.03227466	0.00084070	-0.02604843
38.39252321	0.03226277	0.00084034	-0.02604674
38.39502321	0.03225088	0.00083998	-0.02604504
38.39752320	0.03223899	0.00083961	-0.02604335
38.40002320	0.03222711	0.00083925	-0.02604165
38.40252320	0.03221523	0.00083888	-0.02603996
38.40502319	0.03220336	0.00083852	-0.02603826
38.40752318	0.03219149	0.00083816	-0.02603657
38.41002318	0.03217962	0.00083779	-0.02603487
38.41252317	0.03216776	0.00083743	-0.02603318
38.41502317	0.03215590	0.00083707	-0.02603148
38.41752316	0.03214405	0.00083670	-0.02602979
38.42002316	0.03213219	0.00083634	-0.02602809
38.42252316	0.03212035	0.00083598	-0.02602640
38.42502315	0.03210850	0.00083561	-0.02602471
38.42752314	0.03209666	0.00083525	-0.02602301
38.43002314	0.03208483	0.00083489	-0.02602132
38.43252313	0.03207299	0.00083453	-0.02601963
38.43502313	0.03206116	0.00083417	-0.02601794
38.43752312	0.03204934	0.00083380	-0.02601624
38.44002312	0.03203752	0.00083344	-0.02601455
38.44252312	0.03202570	0.00083308	-0.02601286
38.44502311	0.03201389	0.00083272	-0.02601117
38.44752310	0.03200207	0.00083236	-0.02600948
38.45002310	0.03199027	0.00083200	-0.02600779
38.45252309	0.03197847	0.00083164	-0.02600610
38.45502309	0.03196667	0.00083127	-0.02600441
38.45752308	0.03195487	0.00083091	-0.02600271
38.46002308	0.03194308	0.00083055	-0.02600102
38.46252308	0.03193129	0.00083019	-0.02599933
38.46502307	0.03191951	0.00082983	-0.02599764
38.46752306	0.03190773	0.00082947	-0.02599596
38.47002306	0.03189595	0.00082911	-0.02599427
38.47252305	0.03188418	0.00082875	-0.02599258
38.47502305	0.03187241	0.00082839	-0.02599089
38.47752304	0.03186064	0.00082803	-0.02598920
38.48002304	0.03184888	0.00082767	-0.02598751
38.48252303	0.03183712	0.00082731	-0.02598582
38.48502303	0.03182536	0.00082695	-0.02598413
38.48752302	0.03181361	0.00082660	-0.02598245
38.49002302	0.03180187	0.00082624	-0.02598076
38.49252301	0.03179012	0.00082588	-0.02597907
38.49502301	0.03177838	0.00082552	-0.02597738
38.49752300	0.03176665	0.00082516	-0.02597570
38.50002300	0.03175491	0.00082480	-0.02597401
38.50252299	0.03174319	0.00082444	-0.02597232
38.50502299	0.03173146	0.00082409	-0.02597064
38.50752299	0.03171974	0.00082373	-0.02596895
38.51002298	0.03170802	0.00082337	-0.02596727
38.51252297	0.03169631	0.00082301	-0.02596558
38.51502297	0.03168460	0.00082266	-0.02596389
38.51752296	0.03167289	0.00082230	-0.02596221
38.52002296	0.03166119	0.00082194	-0.02596052
38.52252295	0.03164949	0.00082158	-0.02595884
38.52502295	0.03163779	0.00082123	-0.02595716
38.52752295	0.03162610	0.00082087	-0.02595547
38.53002294	0.03161441	0.00082051	-0.02595379
38.53252293	0.03160273	0.00082016	-0.02595210
38.53502293	0.03159105	0.00081980	-0.02595042
38.53752292	0.03157937	0.00081944	-0.02594874
38.54002292	0.03156770	0.00081909	-0.02594705
38.54252291	0.03155603	0.00081873	-0.02594537
38.54502291	0.03154436	0.00081838	-0.02594369
38.54752291	0.03153270	0.00081802	-0.02594200
38.55002290	0.03152104	0.00081767	-0.02594032
38.55252289	0.03150938	0.00081731	-0.02593864
38.55502289	0.03149773	0.00081696	-0.02593696
38.55752288	0.03148609	0.00081660	-0.02593528
38.56002288	0.03147444	0.00081625	-0.02593359
38.56252287	0.03146280	0.00081589	-0.02593191
38.56502287	0.03145117	0.00081554	-0.02593023
38.56752287	0.03143953	0.00081518	-0.02592855
38.57002286	0.03142790	0.00081483	-0.02592687
38.57252285	0.03141628	0.00081447	-0.02592519
38.57502285	0.03140466	0.00081412	-0.02592351
38.57752284	0.03139304	0.00081376	-0.02592183
38.58002284	0.03138142	0.00081341	-0.02592015
38.58252283	0.03136981	0.00081306	-0.02591847
38.58502283	0.03135820	0.00081270	-0.02591679
38.58752283	0.03134660	0.00081235	-0.02591511
38.59002282	0.03133500	0.00081200	-0.02591343
38.59252281	0.03132341	0.00081164	-0.02591176
38.59502281	0.03131181	0.00081129	-0.02591008
38.59752280	0.03130022	0.00081094	-0.02590840
38.60002280	0.03128864	0.00081059	-0.02590672
38.60252279	0.03127706	0.00081023	-0.02590504
38.60502279	0.03126548	0.00080988	-0.02590337
38.60752279	0.03125391	0.00080953	-0.02590169
38.61002278	0.03124233	0.00080918	-0.02590001
38.61252277	0.03123077	0.00080882	-0.02589833
38.61502277	0.03121920	0.00080847	-0.02589666
38.61752276	0.03120764	0.00080812	-0.02589498
38.62002276	0.03119609	0.00080777	-0.02589330
38.62252275	0.03118454	0.00080742	-0.02589163
38.62502275	0.03117299	0.00080707	-0.02588995
38.62752275	0.03116144	0.00080672	-0.02588828
38.63002274	0.03114990	0.00080637	-0.02588660
38.63252273	0.03113836	0.00080601	-0.02588493
38.63502273	0.03112683	0.00080566	-0.02588325
38.63752272	0.03111530	0.00080531	-0.02588158
38.64002272	0.03110377	0.00080496	-0.02587990
38.64252271	0.03109225	0.00080461	-0.02587823
38.64502271	0.03108073	0.00080426	-0.02587655
38.64752271	0.03106922	0.00080391	-0.02587488
38.65002270	0.03105770	0.00080356	-0.02587321
38.65252269	0.03104619	0.00080321	-0.02587153
38.65502269	0.03103469	0.00080286	-0.02586986
38.65752268	0.03102319	0.00080251	-0.02586819
38.66002268	0.03101169	0.00080216	-0.02586651
38.66252267	0.03100020	0.00080182	-0.02586484
38.66502267	0.03098871	0.00080147	-0.02586317
38.66752266	0.03097722	0.00080112	-0.02586150
38.67002266	0.03096574	0.00080077	-0.02585982
38.67252265	0.03095426	0.00080042	-0.02585815
38.67502265	0.03094278	0.00080007	-0.02585648
38.67752264	0.03093131	0.00079972	-0.02585481
38.68002264	0.03091984	0.00079937	-0.02585314
38.68252263	0.03090838	0.00079903	-0.02585147
38.68502263	0.03089692	0.00079868	-0.02584980
38.68752262	0.03088546	0.00079833	-0.02584813
38.69002262	0.03087401	0.00079798	-0.02584646
38.69252261	0.03086256	0.00079764	-0.02584479
38.69502261	0.03085111	0.00079729	-0.02584312
38.69752260	0.03083967	0.00079694	-0.02584145
38.70002260	0.03082823	0.00079659	-0.02583978
38.70252259	0.03081679	0.00079625	-0.02583811
38.70502259	0.03080536	0.00079590	-0.02583644
38.70752258	0.03079393	0.00079555	-0.02583477
38.71002258	0.03078251	0.00079521	-0.02583310
38.71252258	0.03077108	0.00079486	-0.02583143
38.71502257	0.03075967	0.00079452	-0.02582977
38.71752256	0.03074825	0.00079417	-0.02582810
38.72002256	0.03073684	0.00079382	-0.02582643
38.72252255	0.03072544	0.00079348	-0.02582476
38.72502255	0.03071403	0.00079313	-0.02582310
38.72752254	0.03070263	0.00079279	-0.02582143
38.73002254	0.03069124	0.00079244	-0.02581976
38.73252254	0.03067984	0.00079210	-0.02581810
38.73502253	0.03066846	0.00079175	-0.02581643
38.73752252	0.03065707	0.00079141	-0.02581476
38.74002252	0.03064569	0.00079106	-0.02581310
38.74252251	0.03063431	0.00079072	-0.02581143
38.74502251	0.03062294	0.00079037	-0.02580977
38.74752250	0.03061157	0.00079003	-0.02580810
38.75002250	0.03060020	0.00078968	-0.02580644
38.75252250	0.03058884	0.00078934	-0.02580477
38.75502249	0.03057748	0.00078899	-0.02580311
38.75752248	0.03056612	0.00078865	-0.02580144
38.76002248	0.03055477	0.00078831	-0.02579978
38.76252247	0.03054342	0.00078796	-0.02579811
38.76502247	0.03053207	0.00078762	-0.02579645
38.76752246	0.03052073	0.00078728	-0.02579479
38.77002246	0.03050940	0.00078693	-0.02579312
38.77252246	0.03049806	0.00078659	-0.02579146
38.77502245	0.03048673	0.00078625	-0.02578980
38.77752244	0.03047540	0.00078590	-0.02578814
38.78002244	0.03046408	0.00078556	-0.02578647
38.78252243	0.03045276	0.00078522	-0.02578481
38.78502243	0.03044144	0.00078488	-0.02578315
38.78752242	0.03043013	0.00078453	-0.02578149
38.79002242	0.03041882	0.00078419	-0.02577983
38.79252242	0.03040751	0.00078385	-0.02577816
38.79502241	0.03039621	0.00078351	-0.02577650
38.79752240	0.03038491	0.00078317	-0.02577484
38.80002240	0.03037362	0.00078282	-0.02577318
38.80252239	0.03036233	0.00078248	-0.02577152
38.80502239	0.03035104	0.00078214	-0.02576986
38.80752238	0.03033976	0.00078180	-0.02576820
38.81002238	0.03032848	0.00078146	-0.02576654
38.81252238	0.03031720	0.00078112	-0.02576488
38.81502237	0.03030593	0.00078078	-0.02576322
38.81752236	0.03029466	0.00078044	-0.02576156
38.82002236	0.03028339	0.00078010	-0.02575990
38.82252235	0.03027213	0.00077976	-0.02575824
38.82502235	0.03026087	0.00077942	-0.02575659
38.82752234	0.03024961	0.00077908	-0.02575493
38.83002234	0.03023836	0.00077874	-0.02575327
38.83252234	0.03022711	0.00077840	-0.02575161
38.83502233	0.03021587	0.00077806	-0.02574995
38.83752232	0.03020463	0.00077772	-0.02574830
38.84002232	0.03019339	0.00077738	-0.02574664
38.84252231	0.03018215	0.00077704	-0.02574498
38.84502231	0.03017092	0.00077670	-0.02574332
38.84752230	0.03015970	0.00077636	-0.02574167
38.85002230	0.03014847	0.00077602	-0.02574001
38.85252229	0.03013725	0.00077568	-0.02573835
38.85502229	0.03012604	0.00077534	-0.02573670
38.85752228	0.03011483	0.00077501	-0.02573504
38.86002228	0.03010362	0.00077467	-0.02573339
38.86252227	0.03009241	0.00077433	-0.02573173
38.86502227	0.03008121	0.00077399	-0.02573008
38.86752226	0.03007001	0.00077365	-0.02572842
38.87002226	0.03005882	0.00077332	-0.02572677
38.87252225	0.03004763	0.00077298	-0.02572511
38.87502225	0.03003644	0.00077264	-0.02572346
38.87752224	0.03002525	0.00077230	-0.02572180
38.88002224	0.03001407	0.00077197	-0.02572015
38.88252223	0.03000290	0.00077163	-0.02571850
38.88502223	0.02999172	0.00077129	-0.02571684
38.88752222	0.02998055	0.00077096	-0.02571519
38.89002222	0.02996939	0.00077062	-0.02571354
38.89252221	0.02995823	0.00077028	-0.02571188
38.89502221	0.02994707	0.00076995	-0.02571023
38.89752221	0.02993591	0.00076961	-0.02570858
38.90002220	0.02992476	0.00076927	-0.02570693
38.90252219	0.02991361	0.00076894	-0.02570527
38.90502219	0.02990247	0.00076860	-0.02570362
38.90752218	0.02989133	0.00076827	-0.02570197
38.91002218	0.02988019	0.00076793	-0.02570032
38.91252217	0.02986905	0.00076759	-0.02569867
38.91502217	0.02985792	0.00076726	-0.02569702
38.91752217	0.02984680	0.00076692	-0.02569537
38.92002216	0.02983567	0.00076659	-0.02569372
38.92252215	0.02982455	0.00076625	-0.02569207
38.92502215	0.02981344	0.00076592	-0.02569042
38.92752214	0.02980232	0.00076558	-0.02568877
38.93002214	0.02979121	0.00076525	-0.02568712
38.93252213	0.02978011	0.00076492	-0.02568547
38.93502213	0.02976901	0.00076458	-0.02568382
38.93752213	0.02975791	0.00076425	-0.02568217
38.94002212	0.02974681	0.00076391	-0.02568052
38.94252211	0.02973572	0.00076358	-0.02567887
38.94502211	0.02972463	0.00076325	-0.02567722
38.94752210	0.02971355	0.00076291	-0.02567557
38.95002210	0.02970247	0.00076258	-0.02567393
38.95252209	0.02969139	0.00076225	-0.02567228
38.95502209	0.02968032	0.00076191	-0.02567063
38.95752209	0.02966925	0.00076158	-0.02566898
38.96002208	0.02965818	0.00076125	-0.02566734
38.96252207	0.02964712	0.00076091	-0.02566569
38.96502207	0.02963606	0.00076058	-0.02566404
38.96752206	0.02962500	0.00076025	-0.02566240
38.97002206	0.02961395	0.00075992	-0.02566075
38.97252205	0.02960290	0.00075958	-0.02565910
38.97502205	0.02959185	0.00075925	-0.02565746
38.97752205	0.02958081	0.00075892	-0.02565581
38.98002204	0.02956977	0.00075859	-0.02565417
38.98252203	0.02955874	0.00075826	-0.02565252
38.98502203	0.02954770	0.00075792	-0.02565088
38.98752202	0.02953668	0.00075759	-0.02564923
38.99002202	0.02952565	0.00075726	-0.02564759
38.99252201	0.02951463	0.00075693	-0.02564594
38.99502201	0.02950361	0.00075660	-0.02564430
38.99752201	0.02949260	0.00075627	-0.02564265
39.00002200	0.02948159	0.00075594	-0.02564101
39.00252199	0.02947058	0.00075561	-0.02563937
39.00502199	0.02945958	0.00075528	-0.02563772
39.00752198	0.02944858	0.00075495	-0.02563608
39.01002198	0.02943758	0.00075462	-0.02563444
39.01252197	0.02942659	0.00075429	-0.02563280
39.01502197	0.02941560	0.00075396	-0.02563115
39.01752197	0.02940462	0.00075363	-0.02562951
39.02002196	0.02939363	0.00075330	-0.02562787
39.02252195	0.02938265	0.00075297	-0.02562623
39.02502195	0.02937168	0.00075264	-0.02562459
39.02752194	0.02936071	0.00075231	-0.02562294
39.03002194	0.02934974	0.00075198	-0.02562130
39.03252193	0.02933878	0.00075165	-0.02561966
39.03502193	0.02932781	0.00075132	-0.02561802
39.03752193	0.02931686	0.00075099	-0.02561638
39.04002192	0.02930590	0.00075066	-0.02561474
39.04252191	0.02929495	0.00075033	-0.02561310
39.04502191	0.02928400	0.00075001	-0.02561146
39.04752190	0.02927306	0.00074968	-0.02560982
39.05002190	0.02926212	0.00074935	-0.02560818
39.05252189	0.02925118	0.00074902	-0.02560654
39.05502189	0.02924025	0.00074869	-0.02560490
39.05752188	0.02922932	0.00074837	-0.02560326
39.06002188	0.02921840	0.00074804	-0.02560162
39.06252187	0.02920747	0.00074771	-0.02559999
39.06502187	0.02919655	0.00074738	-0.02559835
39.06752186	0.02918564	0.00074706	-0.02559671
39.07002186	0.02917473	0.00074673	-0.02559507
39.07252185	0.02916382	0.00074640	-0.02559343
39.07502185	0.02915291	0.00074608	-0.02559180
39.07752184	0.02914201	0.00074575	-0.02559016
39.08002184	0.02913111	0.00074542	-0.02558852
39.08252183	0.02912022	0.00074510	-0.02558689
39.08502183	0.02910933	0.00074477	-0.02558525
39.08752182	0.02909844	0.00074444	-0.02558361
39.09002182	0.02908755	0.00074412	-0.02558198
39.09252181	0.02907667	0.00074379	-0.02558034
39.09502181	0.02906580	0.00074347	-0.02557870
39.09752180	0.02905492	0.00074314	-0.02557707
39.10002180	0.02904405	0.00074281	-0.02557543
39.10252180	0.02903319	0.00074249	-0.02557380
39.10502179	0.02902232	0.00074216	-0.02557216
39.10752178	0.02901146	0.00074184	-0.02557053
39.11002178	0.02900061	0.00074151	-0.02556889
39.11252177	0.02898975	0.00074119	-0.02556726
39.11502177	0.02897890	0.00074086	-0.02556563
39.11752176	0.02896806	0.00074054	-0.02556399
39.12002176	0.02895722	0.00074021	-0.02556236
39.12252176	0.02894638	0.00073989	-0.02556072
39.12502175	0.02893554	0.00073957	-0.02555909
39.12752174	0.02892471	0.00073924	-0.02555746
39.13002174	0.02891388	0.00073892	-0.02555583
39.13252173	0.02890306	0.00073859	-0.02555419
39.13502173	0.02889223	0.00073827	-0.02555256
39.13752172	0.02888142	0.00073795	-0.02555093
39.14002172	0.02887060	0.00073762	-0.02554930
39.14252172	0.02885979	0.00073730	-0.02554766
39.14502171	0.02884898	0.00073698	-0.02554603
39.14752170	0.02883818	0.00073665	-0.02554440
39.15002170	0.02882738	0.00073633	-0.02554277
39.15252169	0.02881658	0.00073601	-0.02554114
39.15502169	0.02880579	0.00073569	-0.02553951
39.15752168	0.02879500	0.00073536	-0.02553788
39.16002168	0.02878421	0.00073504	-0.02553625
39.16252168	0.02877343	0.00073472	-0.02553462
39.16502167	0.02876265	0.00073440	-0.02553299
39.16752166	0.02875187	0.00073407	-0.02553136
39.17002166	0.02874110	0.00073375	-0.02552973
39.17252165	0.02873033	0.00073343	-0.02552810
39.17502165	0.02871956	0.00073311	-0.02552647
39.17752164	0.02870880	0.00073279	-0.02552484
39.18002164	0.02869804	0.00073247	-0.02552321
39.18252164	0.02868728	0.00073214	-0.02552158
39.18502163	0.02867653	0.00073182	-0.02551996
39.18752162	0.02866578	0.00073150	-0.02551833
39.19002162	0.02865504	0.00073118	-0.02551670
39.19252161	0.02864430	0.00073086	-0.02551507
39.19502161	0.02863356	0.00073054	-0.02551344
39.19752160	0.02862282	0.00073022	-0.02551182
39.20002160	0.02861209	0.00072990	-0.02551019
39.20252160	0.02860136	0.00072958	-0.02550856
39.20502159	0.02859064	0.00072926	-0.02550694
39.20752158	0.02857992	0.00072894	-0.02550531
39.21002158	0.02856920	0.00072862	-0.02550368
39.21252157	0.02855848	0.00072830	-0.02550206
39.21502157	0.02854777	0.00072798	-0.02550043
39.21752156	0.02853707	0.00072766	-0.02549881
39.22002156	0.02852636	0.00072734	-0.02549718
39.22252156	0.02851566	0.00072702	-0.02549556
39.22502155	0.02850496	0.00072670	-0.02549393
39.22752154	0.02849427	0.00072638	-0.02549231
39.23002154	0.02848358	0.00072607	-0.02549068
39.23252153	0.02847289	0.00072575	-0.02548906
39.23502153	0.02846221	0.00072543	-0.02548743
39.23752152	0.02845153	0.00072511	-0.02548581
39.24002152	0.02844085	0.00072479	-0.02548419
39.24252151	0.02843018	0.00072447	-0.02548256
39.24502151	0.02841951	0.00072416	-0.02548094
39.24752150	0.02840885	0.00072384	-0.02547932
39.25002150	0.02839818	0.00072352	-0.02547769
39.25252149	0.02838752	0.00072320	-0.02547607
39.25502149	0.02837687	0.00072289	-0.02547445
39.25752148	0.02836622	0.00072257	-0.02547283
39.26002148	0.02835557	0.00072225	-0.02547120
39.26252147	0.02834492	0.00072193	-0.02546958
39.26502147	0.02833428	0.00072162	-0.02546796
39.26752146	0.02832364	0.00072130	-0.02546634
39.27002146	0.02831300	0.00072098	-0.02546472
39.27252145	0.02830237	0.00072067	-0.02546310
39.27502145	0.02829174	0.00072035	-0.02546148
39.27752144	0.02828112	0.00072003	-0.02545985
39.28002144	0.02827050	0.00071972	-0.02545823
39.28252143	0.02825988	0.00071940	-0.02545661
39.28502143	0.02824926	0.00071908	-0.02545499
39.28752143	0.02823865	0.00071877	-0.02545337
39.29002142	0.02822805	0.00071845	-0.02545176
39.29252141	0.02821744	0.00071814	-0.02545014
39.29502141	0.02820684	0.00071782	-0.02544852
39.29752140	0.02819624	0.00071751	-0.02544690
39.30002140	0.02818565	0.00071719	-0.02544528
39.30252139	0.02817506	0.00071688	-0.02544366
39.30502139	0.02816447	0.00071656	-0.02544204
39.30752139	0.02815389	0.00071625	-0.02544042
39.31002138	0.02814330	0.00071593	-0.02543881
39.31252137	0.02813273	0.00071562	-0.02543719
39.31502137	0.02812215	0.00071530	-0.02543557
39.31752136	0.02811158	0.00071499	-0.02543395
39.32002136	0.02810102	0.00071467	-0.02543234
39.32252135	0.02809045	0.00071436	-0.02543072
39.32502135	0.02807989	0.00071405	-0.02542910
39.32752135	0.02806934	0.00071373	-0.02542749
39.33002134	0.02805878	0.00071342	-0.02542587
39.33252133	0.02804823	0.00071311	-0.02542425
39.33502133	0.02803769	0.00071279	-0.02542264
39.33752132	0.02802714	0.00071248	-0.02542102
39.34002132	0.02801660	0.00071217	-0.02541941
39.34252131	0.02800607	0.00071185	-0.02541779
39.34502131	0.02799553	0.00071154	-0.02541618
39.34752131	0.02798500	0.00071123	-0.02541456
39.35002130	0.02797448	0.00071091	-0.02541295
39.35252129	0.02796395	0.00071060	-0.02541133
39.35502129	0.02795344	0.00071029	-0.02540972
39.35752128	0.02794292	0.00070998	-0.02540810
39.36002128	0.02793241	0.00070966	-0.02540649
39.36252127	0.02792190	0.00070935	-0.02540488
39.36502127	0.02791139	0.00070904	-0.02540326
39.36752127	0.02790089	0.00070873	-0.02540165
39.37002126	0.02789039	0.00070842	-0.02540004
39.37252125	0.02787989	0.00070811	-0.02539842
39.37502125	0.02786940	0.00070779	-0.02539681
39.37752124	0.02785891	0.00070748	-0.02539520
39.38002124	0.02784843	0.00070717	-0.02539359
39.38252123	0.02783795	0.00070686	-0.02539198
39.38502123	0.02782747	0.00070655	-0.02539036
39.38752123	0.02781699	0.00070624	-0.02538875
39.39002122	0.02780652	0.00070593	-0.02538714
39.39252121	0.02779605	0.00070562	-0.02538553
39.39502121	0.02778559	0.00070531	-0.02538392
39.39752120	0.02777512	0.00070500	-0.02538231
39.40002120	0.02776467	0.00070469	-0.02538070
39.40252119	0.02775421	0.00070438	-0.02537909
39.40502119	0.02774376	0.00070407	-0.02537748
39.40752119	0.02773331	0.00070376	-0.02537587
39.41002118	0.02772287	0.00070345	-0.02537426
39.41252117	0.02771242	0.00070314	-0.02537265
39.41502117	0.02770199	0.00070283	-0.02537104
39.41752116	0.02769155	0.00070252	-0.02536943
39.42002116	0.02768112	0.00070221	-0.02536782
39.42252115	0.02767069	0.00070190	-0.02536621
39.42502115	0.02766027	0.00070159	-0.02536460
39.42752115	0.02764985	0.00070128	-0.02536299
39.43002114	0.02763943	0.00070097	-0.02536139
39.43252113	0.02762901	0.00070067	-0.02535978
39.43502113	0.02761860	0.00070036	-0.02535817
39.43752112	0.02760819	0.00070005	-0.02535656
39.44002112	0.02759779	0.00069974	-0.02535496
39.44252111	0.02758739	0.00069943	-0.02535335
39.44502111	0.02757699	0.00069912	-0.02535174
39.44752110	0.02756660	0.00069882	-0.02535014
39.45002110	0.02755621	0.00069851	-0.02534853
39.45252109	0.02754582	0.00069820	-0.02534692
39.45502109	0.02753543	0.00069789	-0.02534532
39.45752108	0.02752505	0.00069759	-0.02534371
39.46002108	0.02751467	0.00069728	-0.02534211
39.46252107	0.02750430	0.00069697	-0.02534050
39.46502107	0.02749393	0.00069667	-0.02533889
39.46752106	0.02748356	0.00069636	-0.02533729
39.47002106	0.02747320	0.00069605	-0.02533568
39.47252105	0.02746284	0.00069575	-0.02533408
39.47502105	0.02745248	0.00069544	-0.02533248
39.47752104	0.02744213	0.00069513	-0.02533087
39.48002104	0.02743177	0.00069483	-0.02532927
39.48252103	0.02742143	0.00069452	-0.02532766
39.48502103	0.02741108	0.00069421	-0.02532606
39.48752102	0.02740074	0.00069391	-0.02532446
39.49002102	0.02739040	0.00069360	-0.02532285
39.49252102	0.02738007	0.00069330	-0.02532125
39.49502101	0.02736974	0.00069299	-0.02531965
39.49752100	0.02735941	0.00069269	-0.02531804
39.50002100	0.02734909	0.00069238	-0.02531644
39.50252099	0.02733877	0.00069208	-0.02531484
39.50502099	0.02732845	0.00069177	-0.02531324
39.50752098	0.02731814	0.00069147	-0.02531164
39.51002098	0.02730783	0.00069116	-0.02531003
39.51252098	0.02729752	0.00069086	-0.02530843
39.51502097	0.02728721	0.00069055	-0.02530683
39.51752096	0.02727691	0.00069025	-0.02530523
39.52002096	0.02726662	0.00068994	-0.02530363
39.52252095	0.02725632	0.00068964	-0.02530203
39.52502095	0.02724603	0.00068934	-0.02530043
39.52752094	0.02723575	0.00068903	-0.02529883
39.53002094	0.02722546	0.00068873	-0.02529723
39.53252094	0.02721518	0.00068843	-0.02529563
39.53502093	0.02720490	0.00068812	-0.02529403
39.53752092	0.02719463	0.00068782	-0.02529243
39.54002092	0.02718436	0.00068752	-0.02529083
39.54252091	0.02717409	0.00068721	-0.02528923
39.54502091	0.02716383	0.00068691	-0.02528763
39.54752090	0.02715357	0.00068661	-0.02528604
39.55002090	0.02714331	0.00068630	-0.02528444
39.55252090	0.02713306	0.00068600	-0.02528284
39.55502089	0.02712280	0.00068570	-0.02528124
39.55752088	0.02711256	0.00068540	-0.02527964
39.56002088	0.02710231	0.00068509	-0.02527805
39.56252087	0.02709207	0.00068479	-0.02527645
39.56502087	0.02708184	0.00068449	-0.02527485
39.56752086	0.02707160	0.00068419	-0.02527325
39.57002086	0.02706137	0.00068389	-0.02527166
39.57252086	0.02705114	0.00068358	-0.02527006
39.57502085	0.02704092	0.00068328	-0.02526846
39.57752084	0.02703070	0.00068298	-0.02526687
39.58002084	0.02702048	0.00068268	-0.02526527
39.58252083	0.02701027	0.00068238	-0.02526368
39.58502083	0.02700006	0.00068208	-0.02526208
39.58752082	0.02698985	0.00068178	-0.02526049
39.59002082	0.02697964	0.00068148	-0.02525889
39.59252082	0.02696944	0.00068118	-0.02525730
39.59502081	0.02695925	0.00068087	-0.02525570
39.59752080	0.02694905	0.00068057	-0.02525411
39.60002080	0.02693886	0.00068027	-0.02525251
39.60252079	0.02692867	0.00067997	-0.02525092
39.60502079	0.02691849	0.00067967	-0.02524932
39.60752078	0.02690831	0.00067937	-0.02524773
39.61002078	0.02689813	0.00067907	-0.02524614
39.61252078	0.02688795	0.00067877	-0.02524454
39.61502077	0.02687778	0.00067847	-0.02524295
39.61752076	0.02686762	0.00067818	-0.02524136
39.62002076	0.02685745	0.00067788	-0.02523976
39.62252075	0.02684729	0.00067758	-0.02523817
39.62502075	0.02683713	0.00067728	-0.02523658
39.62752074	0.02682698	0.00067698	-0.02523499
39.63002074	0.02681683	0.00067668	-0.02523340
39.63252073	0.02680668	0.00067638	-0.02523180
39.63502073	0.02679653	0.00067608	-0.02523021
39.63752072	0.02678639	0.00067578	-0.02522862
39.64002072	0.02677625	0.00067549	-0.02522703
39.64252071	0.02676612	0.00067519	-0.02522544
39.64502071	0.02675599	0.00067489	-0.02522385
39.64752070	0.02674586	0.00067459	-0.02522226
39.65002070	0.02673573	0.00067429	-0.02522067
39.65252069	0.02672561	0.00067400	-0.02521908
39.65502069	0.02671549	0.00067370	-0.02521749
39.65752068	0.02670538	0.00067340	-0.02521590
39.66002068	0.02669527	0.00067310	-0.02521431
39.66252067	0.02668516	0.00067281	-0.02521272
39.66502067	0.02667505	0.00067251	-0.02521113
39.66752066	0.02666495	0.00067221	-0.02520954
39.67002066	0.02665485	0.00067191	-0.02520795
39.67252065	0.02664476	0.00067162	-0.02520636
39.67502065	0.02663466	0.00067132	-0.02520478
39.67752064	0.02662458	0.00067102	-0.02520319
39.68002064	0.02661449	0.00067073	-0.02520160
39.68252063	0.02660441	0.00067043	-0.02520001
39.68502063	0.02659433	0.00067014	-0.02519842
39.68752062	0.02658425	0.00066984	-0.02519684
39.69002062	0.02657418	0.00066954	-0.02519525
39.69252061	0.02656411	0.00066925	-0.02519366
39.69502061	0.02655405	0.00066895	-0.02519208
39.69752061	0.02654398	0.00066866	-0.02519049
39.70002060	0.02653392	0.00066836	-0.02518890
39.70252059	0.02652387	0.00066807	-0.02518732
39.70502059	0.02651381	0.00066777	-0.02518573
39.70752058	0.02650377	0.00066747	-0.02518415
39.71002058	0.02649372	0.00066718	-0.02518256
39.71252057	0.02648368	0.00066688	-0.02518098
39.71502057	0.02647364	0.00066659	-0.02517939
39.71752057	0.02646360	0.00066630	-0.02517781
39.72002056	0.02645357	0.00066600	-0.02517622
39.72252055	0.02644354	0.00066571	-0.02517464
39.72502055	0.02643351	0.00066541	-0.02517305
39.72752054	0.02642349	0.00066512	-0.02517147
39.73002054	0.02641347	0.00066482	-0.02516988
39.73252053	0.02640345	0.00066453	-0.02516830
39.73502053	0.02639344	0.00066424	-0.02516672
39.73752053	0.02638343	0.00066394	-0.02516513
39.74002052	0.02637342	0.00066365	-0.02516355
39.74252051	0.02636341	0.00066336	-0.02516197
39.74502051	0.02635341	0.00066306	-0.02516038
39.74752050	0.02634342	0.00066277	-0.02515880
39.75002050	0.02633342	0.00066248	-0.02515722
39.75252049	0.02632343	0.00066218	-0.02515564
39.75502049	0.02631344	0.00066189	-0.02515406
39.75752049	0.02630346	0.00066160	-0.02515247
39.76002048	0.02629348	0.00066130	-0.02515089
39.76252047	0.02628350	0.00066101	-0.02514931
39.76502047	0.02627353	0.00066072	-0.02514773
39.76752046	0.02626356	0.00066043	-0.02514615
39.77002046	0.02625359	0.00066014	-0.02514457
39.77252045	0.02624362	0.00065984	-0.02514299
39.77502045	0.02623366	0.00065955	-0.02514141
39.77752045	0.02622370	0.00065926	-0.02513983
39.78002044	0.02621375	0.00065897	-0.02513825
39.78252043	0.02620380	0.00065868	-0.02513667
39.78502043	0.02619385	0.00065838	-0.02513509
39.78752042	0.02618390	0.00065809	-0.02513351
39.79002042	0.02617396	0.00065780	-0.02513193
39.79252041	0.02616402	0.00065751	-0.02513035
39.79502041	0.02615409	0.00065722	-0.02512877
39.79752041	0.02614415	0.00065693	-0.02512719
39.80002040	0.02613422	0.00065664	-0.02512562
39.80252039	0.02612430	0.00065635	-0.02512404
39.80502039	0.02611438	0.00065606	-0.02512246
39.80752038	0.02610446	0.00065577	-0.02512088
39.81002038	0.02609454	0.00065548	-0.02511930
39.81252037	0.02608463	0.00065519	-0.02511773
39.81502037	0.02607472	0.00065490	-0.02511615
39.81752037	0.02606481	0.00065461	-0.02511457
39.82002036	0.02605491	0.00065432	-0.02511300
39.82252035	0.02604501	0.00065403	-0.02511142
39.82502035	0.02603511	0.00065374	-0.02510984
39.82752034	0.02602522	0.00065345	-0.02510827
39.83002034	0.02601533	0.00065316	-0.02510669
39.83252033	0.02600544	0.00065287	-0.02510511
39.83502033	0.02599556	0.00065258	-0.02510354
39.83752032	0.02598567	0.00065229	-0.02510196
39.84002032	0.02597580	0.00065200	-0.02510039
39.84252031	0.02596592	0.00065171	-0.02509881
39.84502031	0.02595605	0.00065143	-0.02509724
39.84752030	0.02594618	0.00065114	-0.02509566
39.85002030	0.02593632	0.00065085	-0.02509409
39.85252029	0.02592646	0.00065056	-0.02509252
39.85502029	0.02591660	0.00065027	-0.02509094
39.85752028	0.02590675	0.00064998	-0.02508937
39.86002028	0.02589689	0.00064970	-0.02508779
39.86252027	0.02588705	0.00064941	-0.02508622
39.86502027	0.02587720	0.00064912	-0.02508465
39.86752026	0.02586736	0.00064883	-0.02508307
39.87002026	0.02585752	0.00064855	-0.02508150
39.87252025	0.02584768	0.00064826	-0.02507993
39.87502025	0.02583785	0.00064797	-0.02507836
39.87752024	0.02582802	0.00064768	-0.02507678
39.88002024	0.02581820	0.00064740	-0.02507521
39.88252024	0.02580837	0.00064711	-0.02507364
39.88502023	0.02579855	0.00064682	-0.02507207
39.88752022	0.02578874	0.00064654	-0.02507050
39.89002022	0.02577892	0.00064625	-0.02506893
39.89252021	0.02576911	0.00064596	-0.02506736
39.89502021	0.02575931	0.00064568	-0.02506579
39.89752020	0.02574950	0.00064539	-0.02506421
39.90002020	0.02573970	0.00064511	-0.02506264
39.90252020	0.02572991	0.00064482	-0.02506107
39.90502019	0.02572011	0.00064453	-0.02505950
39.90752018	0.02571032	0.00064425	-0.02505793
39.91002018	0.02570053	0.00064396	-0.02505636
39.91252017	0.02569075	0.00064368	-0.02505479
39.91502017	0.02568097	0.00064339	-0.02505323
39.91752016	0.02567119	0.00064311	-0.02505166
39.92002016	0.02566142	0.00064282	-0.02505009
39.92252016	0.02565165	0.00064254	-0.02504852
39.92502015	0.02564188	0.00064225	-0.02504695
39.92752014	0.02563211	0.00064197	-0.02504538
39.93002014	0.02562235	0.00064168	-0.02504381
39.93252013	0.02561259	0.00064140	-0.02504225
39.93502013	0.02560284	0.00064111	-0.02504068
39.93752012	0.02559308	0.00064083	-0.02503911
39.94002012	0.02558333	0.00064054	-0.02503754
39.94252012	0.02557359	0.00064026	-0.02503598
39.94502011	0.02556385	0.00063998	-0.02503441
39.94752010	0.02555411	0.00063969	-0.02503284
39.95002010	0.02554437	0.00063941	-0.02503128
39.95252009	0.02553464	0.00063912	-0.02502971
39.95502009	0.02552491	0.00063884	-0.02502814
39.95752008	0.02551518	0.00063856	-0.02502658
39.96002008	0.02550546	0.00063827	-0.02502501
39.96252008	0.02549574	0.00063799	-0.02502345
39.96502007	0.02548602	0.00063771	-0.02502188
39.96752006	0.02547630	0.00063743	-0.02502032
39.97002006	0.02546659	0.00063714	-0.02501875
39.97252005	0.02545688	0.00063686	-0.02501719
39.97502005	0.02544718	0.00063658	-0.02501562
39.97752004	0.02543748	0.00063629	-0.02501406
39.98002004	0.02542778	0.00063601	-0.02501249
39.98252004	0.02541809	0.00063573	-0.02501093
39.98502003	0.02540839	0.00063545	-0.02500937
39.98752002	0.02539871	0.00063517	-0.02500780
39.99002002	0.02538902	0.00063488	-0.02500624
39.99252001	0.02537934	0.00063460	-0.02500468
39.99502001	0.02536966	0.00063432	-0.02500311
39.99752000	0.02535998	0.00063404	-0.02500155
40.00002000	0.02535031	0.00063376	-0.02499999
40.00252000	0.02534064	0.00063348	-0.02499843
40.00501999	0.02533097	0.00063319	-0.02499686
40.00751998	0.02532131	0.00063291	-0.02499530
40.01001998	0.02531165	0.00063263	-0.02499374
40.01251997	0.02530199	0.00063235	-0.02499218
40.01501997	0.02529234	0.00063207	-0.02499062
40.01751996	0.02528269	0.00063179	-0.02498905
40.02001996	0.02527304	0.00063151	-0.02498749
40.02251995	0.02526340	0.00063123	-0.02498593
40.02501995	0.02525375	0.00063095	-0.02498437
40.02751994	0.02524412	0.00063067	-0.02498281
40.03001994	0.02523448	0.00063039	-0.02498125
40.03251993	0.02522485	0.00063011	-0.02497969
40.03501993	0.02521522	0.00062983	-0.02497813
40.03751992	0.02520560	0.00062955	-0.02497657
40.04001992	0.02519597	0.00062927	-0.02497501
40.04251991	0.02518635	0.00062899	-0.02497345
40.04501991	0.02517674	0.00062871	-0.02497189
40.04751990	0.02516713	0.00062843	-0.02497034
40.05001990	0.02515752	0.00062815	-0.02496878
40.05251989	0.02514791	0.00062787	-0.02496722
40.05501989	0.02513831	0.00062759	-0.02496566
40.05751988	0.02512871	0.00062732	-0.02496410
40.06001988	0.02511911	0.00062704	-0.02496254
40.06251987	0.02510952	0.00062676	-0.02496099
40.06501987	0.02509992	0.00062648	-0.02495943
40.06751986	0.02509034	0.00062620	-0.02495787
40.07001986	0.02508075	0.00062592	-0.02495631
40.07251985	0.02507117	0.00062564	-0.02495476
40.07501985	0.02506159	0.00062537	-0.02495320
40.07751984	0.02505202	0.00062509	-0.02495164
40.08001984	0.02504245	0.00062481	-0.02495009
40.08251983	0.02503288	0.00062453	-0.02494853
40.08501983	0.02502331	0.00062426	-0.02494698
40.08751983	0.02501375	0.00062398	-0.02494542
40.09001982	0.02500419	0.00062370	-0.02494386
40.09251981	0.02499463	0.00062342	-0.02494231
40.09501981	0.02498508	0.00062315	-0.02494075
40.09751980	0.02497553	0.00062287	-0.02493920
40.10001980	0.02496598	0.00062259	-0.02493764
40.10251979	0.02495644	0.00062232	-0.02493609
40.10501979	0.02494690	0.00062204	-0.02493453
40.10751979	0.02493736	0.00062176	-0.02493298
40.11001978	0.02492783	0.00062149	-0.02493143
40.11251977	0.02491830	0.00062121	-0.02492987
40.11501977	0.02490877	0.00062093	-0.02492832
40.11751976	0.02489924	0.00062066	-0.02492677
40.12001976	0.02488972	0.00062038	-0.02492521
40.12251975	0.02488020	0.00062011	-0.02492366
40.12501975	0.02487069	0.00061983	-0.02492211
40.12751975	0.02486118	0.00061955	-0.02492055
40.13001974	0.02485167	0.00061928	-0.02491900
40.13251973	0.02484216	0.00061900	-0.02491745
40.13501973	0.02483266	0.00061873	-0.02491590
40.13751972	0.02482316	0.00061845	-0.02491434
40.14001972	0.02481366	0.00061818	-0.02491279
40.14251971	0.02480417	0.00061790	-0.02491124
40.14501971	0.02479468	0.00061763	-0.02490969
40.14751971	0.02478519	0.00061735	-0.02490814
40.15001970	0.02477570	0.00061708	-0.02490659
40.15251969	0.02476622	0.00061680	-0.02490504
40.15501969	0.02475675	0.00061653	-0.02490349
40.15751968	0.02474727	0.00061625	-0.02490194
40.16001968	0.02473780	0.00061598	-0.02490039
40.16251967	0.02472833	0.00061571	-0.02489884
40.16501967	0.02471886	0.00061543	-0.02489729
40.16751967	0.02470940	0.00061516	-0.02489574
40.17001966	0.02469994	0.00061489	-0.02489419
40.17251965	0.02469049	0.00061461	-0.02489264
40.17501965	0.02468103	0.00061434	-0.02489109
40.17751964	0.02467158	0.00061406	-0.02488954
40.18001964	0.02466214	0.00061379	-0.02488799
40.18251963	0.02465269	0.00061352	-0.02488644
40.18501963	0.02464325	0.00061324	-0.02488490
40.18751963	0.02463381	0.00061297	-0.02488335
40.19001962	0.02462438	0.00061270	-0.02488180
40.19251961	0.02461495	0.00061243	-0.02488025
40.19501961	0.02460552	0.00061215	-0.02487870
40.19751960	0.02459609	0.00061188	-0.02487716
40.20001960	0.02458667	0.00061161	-0.02487561
40.20251959	0.02457725	0.00061134	-0.02487406
40.20501959	0.02456784	0.00061106	-0.02487252
40.20751959	0.02455843	0.00061079	-0.02487097
40.21001958	0.02454902	0.00061052	-0.02486942
40.21251957	0.02453961	0.00061025	-0.02486788
40.21501957	0.02453021	0.00060998	-0.02486633
40.21751956	0.02452080	0.00060970	-0.02486479
40.22001956	0.02451141	0.00060943	-0.02486324
40.22251955	0.02450201	0.00060916	-0.02486169
40.22501955	0.02449262	0.00060889	-0.02486015
40.22751954	0.02448323	0.00060862	-0.02485860
40.23001954	0.02447385	0.00060835	-0.02485706
40.23251953	0.02446447	0.00060808	-0.02485552
40.23501953	0.02445509	0.00060781	-0.02485397
40.23751952	0.02444571	0.00060754	-0.02485243
40.24001952	0.02443634	0.00060726	-0.02485088
40.24251951	0.02442697	0.00060699	-0.02484934
40.24501951	0.02441760	0.00060672	-0.02484780
40.24751950	0.02440824	0.00060645	-0.02484625
40.25001950	0.02439888	0.00060618	-0.02484471
40.25251949	0.02438952	0.00060591	-0.02484317
40.25501949	0.02438017	0.00060564	-0.02484162
40.25751948	0.02437082	0.00060537	-0.02484008
40.26001948	0.02436147	0.00060510	-0.02483854
40.26251947	0.02435213	0.00060483	-0.02483700
40.26501947	0.02434278	0.00060456	-0.02483545
40.26751946	0.02433345	0.00060429	-0.02483391
40.27001946	0.02432411	0.00060403	-0.02483237
40.27251946	0.02431478	0.00060376	-0.02483083
40.27501945	0.02430545	0.00060349	-0.02482929
40.27751944	0.02429612	0.00060322	-0.02482775
40.28001944	0.02428680	0.00060295	-0.02482620
40.28251943	0.02427748	0.00060268	-0.02482466
40.28501943	0.02426816	0.00060241	-0.02482312
40.28751942	0.02425885	0.00060214	-0.02482158
40.29001942	0.02424954	0.00060187	-0.02482004
40.29251942	0.02424023	0.00060161	-0.02481850
40.29501941	0.02423092	0.00060134	-0.02481696
40.29751940	0.02422162	0.00060107	-0.02481542
40.30001940	0.02421232	0.00060080	-0.02481388
40.30251939	0.02420303	0.00060053	-0.02481234
40.30501939	0.02419373	0.00060027	-0.02481081
40.30751938	0.02418444	0.00060000	-0.02480927
40.31001938	0.02417516	0.00059973	-0.02480773
40.31251938	0.02416587	0.00059946	-0.02480619
40.31501937	0.02415659	0.00059920	-0.02480465
40.31751936	0.02414732	0.00059893	-0.02480311
40.32001936	0.02413804	0.00059866	-0.02480158
40.32251935	0.02412877	0.00059839	-0.02480004
40.32501935	0.02411950	0.00059813	-0.02479850
40.32751934	0.02411024	0.00059786	-0.02479696
40.33001934	0.02410098	0.00059759	-0.02479543
40.33251934	0.02409172	0.00059733	-0.02479389
40.33501933	0.02408246	0.00059706	-0.02479235
40.33751932	0.02407321	0.00059679	-0.02479082
40.34001932	0.02406396	0.00059653	-0.02478928
40.34251931	0.02405471	0.00059626	-0.02478774
40.34501931	0.02404547	0.00059600	-0.02478621
40.34751930	0.02403623	0.00059573	-0.02478467
40.35001930	0.02402699	0.00059546	-0.02478314
40.35251930	0.02401775	0.00059520	-0.02478160
40.35501929	0.02400852	0.00059493	-0.02478006
40.35751928	0.02399929	0.00059467	-0.02477853
40.36001928	0.02399007	0.00059440	-0.02477700
40.36251927	0.02398085	0.00059414	-0.02477546
40.36501927	0.02397163	0.00059387	-0.02477393
40.36751926	0.02396241	0.00059361	-0.02477239
40.37001926	0.02395320	0.00059334	-0.02477086
40.37251926	0.02394399	0.00059308	-0.02476932
40.37501925	0.02393478	0.00059281	-0.02476779
40.37751924	0.02392558	0.00059255	-0.02476626
40.38001924	0.02391638	0.00059228	-0.02476472
40.38251923	0.02390718	0.00059202	-0.02476319
40.38501923	0.02389798	0.00059175	-0.02476166
40.38751922	0.02388879	0.00059149	-0.02476012
40.39001922	0.02387960	0.00059123	-0.02475859
40.39251922	0.02387042	0.00059096	-0.02475706
40.39501921	0.02386123	0.00059070	-0.02475553
40.39751920	0.02385205	0.00059043	-0.02475400
40.40001920	0.02384288	0.00059017	-0.02475246
40.40251919	0.02383370	0.00058991	-0.02475093
40.40501919	0.02382453	0.00058964	-0.02474940
40.40751918	0.02381536	0.00058938	-0.02474787
40.41001918	0.02380620	0.00058912	-0.02474634
40.41251917	0.02379704	0.00058885	-0.02474481
40.41501917	0.02378788	0.00058859	-0.02474328
40.41751916	0.02377872	0.00058833	-0.02474175
40.42001916	0.02376957	0.00058806	-0.02474022
40.42251915	0.02376042	0.00058780	-0.02473869
40.42501915	0.02375127	0.00058754	-0.02473716
40.42751914	0.02374213	0.00058728	-0.02473563
40.43001914	0.02373299	0.00058701	-0.02473410
40.43251913	0.02372385	0.00058675	-0.02473257
40.43501913	0.02371472	0.00058649	-0.02473104
40.43751912	0.02370559	0.00058623	-0.02472951
40.44001912	0.02369646	0.00058597	-0.02472798
40.44251911	0.02368733	0.00058570	-0.02472645
40.44501911	0.02367821	0.00058544	-0.02472492
40.44751910	0.02366909	0.00058518	-0.02472340
40.45001910	0.02365998	0.00058492	-0.02472187
40.45251909	0.02365086	0.00058466	-0.02472034
40.45501909	0.02364175	0.00058440	-0.02471881
40.45751908	0.02363264	0.00058413	-0.02471728
40.46001908	0.02362354	0.00058387	-0.02471576
40.46251907	0.02361444	0.00058361	-0.02471423
40.46501907	0.02360534	0.00058335	-0.02471270
40.46751906	0.02359625	0.00058309	-0.02471118
40.47001906	0.02358715	0.00058283	-0.02470965
40.47251905	0.02357806	0.00058257	-0.02470812
40.47501905	0.02356898	0.00058231	-0.02470660
40.47751905	0.02355989	0.00058205	-0.02470507
40.48001904	0.02355081	0.00058179	-0.02470355
40.48251903	0.02354174	0.00058153	-0.02470202
40.48501903	0.02353266	0.00058127	-0.02470049
40.48751902	0.02352359	0.00058101	-0.02469897
40.49001902	0.02351452	0.00058075	-0.02469744
40.49251901	0.02350546	0.00058049	-0.02469592
40.49501901	0.02349640	0.00058023	-0.02469440
40.49751901	0.02348734	0.00057997	-0.02469287
40.50001900	0.02347828	0.00057971	-0.02469135
40.50251899	0.02346923	0.00057945	-0.02468982
40.50501899	0.02346018	0.00057919	-0.02468830
40.50751898	0.02345113	0.00057893	-0.02468677
40.51001898	0.02344209	0.00057867	-0.02468525
40.51251897	0.02343304	0.00057841	-0.02468373
40.51501897	0.02342401	0.00057816	-0.02468220
40.51751897	0.02341497	0.00057790	-0.02468068
40.52001896	0.02340594	0.00057764	-0.02467916
40.52251895	0.02339691	0.00057738	-0.02467764
40.52501895	0.02338788	0.00057712	-0.02467611
40.52751894	0.02337886	0.00057686	-0.02467459
40.53001894	0.02336984	0.00057661	-0.02467307
40.53251893	0.02336082	0.00057635	-0.02467155
40.53501893	0.02335181	0.00057609	-0.02467003
40.53751893	0.02334280	0.00057583	-0.02466851
40.54001892	0.02333379	0.00057557	-0.02466698
40.54251891	0.02332478	0.00057532	-0.02466546
40.54501891	0.02331578	0.00057506	-0.02466394
40.54751890	0.02330678	0.00057480	-0.02466242
40.55001890	0.02329779	0.00057454	-0.02466090
40.55251889	0.02328879	0.00057429	-0.02465938
40.55501889	0.02327980	0.00057403	-0.02465786
40.55751889	0.02327081	0.00057377	-0.02465634
40.56001888	0.02326183	0.00057352	-0.02465482
40.56251887	0.02325285	0.00057326	-0.02465330
40.56501887	0.02324387	0.00057300	-0.02465178
40.56751886	0.02323489	0.00057275	-0.02465026
40.57001886	0.02322592	0.00057249	-0.02464874
40.57251885	0.02321695	0.00057223	-0.02464722
40.57501885	0.02320799	0.00057198	-0.02464571
40.57751885	0.02319902	0.00057172	-0.02464419
40.58001884	0.02319006	0.00057147	-0.02464267
40.58251883	0.02318110	0.00057121	-0.02464115
40.58501883	0.02317215	0.00057095	-0.02463963
40.58751882	0.02316320	0.00057070	-0.02463812
40.59001882	0.02315425	0.00057044	-0.02463660
40.59251881	0.02314530	0.00057019	-0.02463508
40.59501881	0.02313636	0.00056993	-0.02463356
40.59751880	0.02312742	0.00056968	-0.02463205
40.60001880	0.02311848	0.00056942	-0.02463053
40.60251879	0.02310955	0.00056917	-0.02462901
40.60501879	0.02310062	0.00056891	-0.02462750
40.60751878	0.02309169	0.00056866	-0.02462598
40.61001878	0.02308276	0.00056840	-0.02462447
40.61251877	0.02307384	0.00056815	-0.02462295
40.61501877	0.02306492	0.00056789	-0.02462143
40.61751876	0.02305601	0.00056764	-0.02461992
40.62001876	0.02304709	0.00056738	-0.02461840
40.62251875	0.02303818	0.00056713	-0.02461689
40.62501875	0.02302928	0.00056687	-0.02461537
40.62751874	0.02302037	0.00056662	-0.02461386
40.63001874	0.02301147	0.00056637	-0.02461234
40.63251873	0.02300257	0.00056611	-0.02461083
40.63501873	0.02299368	0.00056586	-0.02460932
40.63751872	0.02298478	0.00056561	-0.02460780
40.64001872	0.02297589	0.00056535	-0.02460629
40.64251871	0.02296701	0.00056510	-0.02460477
40.64501871	0.02295812	0.00056484	-0.02460326
40.64751870	0.02294924	0.00056459	-0.02460175
40.65001870	0.02294037	0.00056434	-0.02460023
40.65251869	0.02293149	0.00056409	-0.02459872
40.65501869	0.02292262	0.00056383	-0.02459721
40.65751868	0.02291375	0.00056358	-0.02459570
40.66001868	0.02290488	0.00056333	-0.02459418
40.66251867	0.02289602	0.00056307	-0.02459267
40.66501867	0.02288716	0.00056282	-0.02459116
40.66751866	0.02287830	0.00056257	-0.02458965
40.67001866	0.02286945	0.00056232	-0.02458814
40.67251865	0.02286060	0.00056206	-0.02458663
40.67501865	0.02285175	0.00056181	-0.02458511
40.67751864	0.02284290	0.00056156	-0.02458360
40.68001864	0.02283406	0.00056131	-0.02458209
40.68251864	0.02282522	0.00056106	-0.02458058
40.68501863	0.02281639	0.00056081	-0.02457907
40.68751862	0.02280755	0.00056055	-0.02457756
40.69001862	0.02279872	0.00056030	-0.02457605
40.69251861	0.02278989	0.00056005	-0.02457454
40.69501861	0.02278107	0.00055980	-0.02457303
40.69751860	0.02277225	0.00055955	-0.02457152
40.70001860	0.02276343	0.00055930	-0.02457001
40.70251860	0.02275461	0.00055905	-0.02456850
40.70501859	0.02274580	0.00055880	-0.02456700
40.70751858	0.02273699	0.00055855	-0.02456549
40.71001858	0.02272818	0.00055829	-0.02456398
40.71251857	0.02271938	0.00055804	-0.02456247
40.71501857	0.02271057	0.00055779	-0.02456096
40.71751856	0.02270178	0.00055754	-0.02455945
40.72001856	0.02269298	0.00055729	-0.02455795
40.72251856	0.02268419	0.00055704	-0.02455644
40.72501855	0.02267540	0.00055679	-0.02455493
40.72751854	0.02266661	0.00055654	-0.02455342
40.73001854	0.02265783	0.00055629	-0.02455192
40.73251853	0.02264905	0.00055604	-0.02455041
40.73501853	0.02264027	0.00055579	-0.02454890
40.73751852	0.02263149	0.00055554	-0.02454740
40.74001852	0.02262272	0.00055529	-0.02454589
40.74251852	0.02261395	0.00055505	-0.02454438
40.74501851	0.02260519	0.00055480	-0.02454288
40.74751850	0.02259642	0.00055455	-0.02454137
40.75001850	0.02258766	0.00055430	-0.02453987
40.75251849	0.02257890	0.00055405	-0.02453836
40.75501849	0.02257015	0.00055380	-0.02453686
40.75751848	0.02256140	0.00055355	-0.02453535
40.76001848	0.02255265	0.00055330	-0.02453385
40.76251848	0.02254390	0.00055305	-0.02453234
40.76501847	0.02253516	0.00055281	-0.02453084
40.76751846	0.02252642	0.00055256	-0.02452933
40.77001846	0.02251768	0.00055231	-0.02452783
40.77251845	0.02250895	0.00055206	-0.02452632
40.77501845	0.02250022	0.00055181	-0.02452482
40.77751844	0.02249149	0.00055157	-0.02452332
40.78001844	0.02248276	0.00055132	-0.02452181
40.78251844	0.02247404	0.00055107	-0.02452031
40.78501843	0.02246532	0.00055082	-0.02451881
40.78751842	0.02245660	0.00055058	-0.02451730
40.79001842	0.02244789	0.00055033	-0.02451580
40.79251841	0.02243918	0.00055008	-0.02451430
40.79501841	0.02243047	0.00054983	-0.02451280
40.79751840	0.02242176	0.00054959	-0.02451129
40.80001840	0.02241306	0.00054934	-0.02450979
40.80251839	0.02240436	0.00054909	-0.02450829
40.80501839	0.02239567	0.00054885	-0.02450679
40.80751838	0.02238697	0.00054860	-0.02450529
40.81001838	0.02237828	0.00054835	-0.02450379
40.81251837	0.02236959	0.00054811	-0.02450229
40.81501837	0.02236091	0.00054786	-0.02450079
40.81751836	0.02235223	0.00054761	-0.02449928
40.82001836	0.02234355	0.00054737	-0.02449778
40.82251835	0.02233487	0.00054712	-0.02449628
40.82501835	0.02232620	0.00054688	-0.02449478
40.82751834	0.02231753	0.00054663	-0.02449328
40.83001834	0.02230886	0.00054638	-0.02449178
40.83251833	0.02230019	0.00054614	-0.02449028
40.83501833	0.02229153	0.00054589	-0.02448879
40.83751832	0.02228287	0.00054565	-0.02448729
40.84001832	0.02227422	0.00054540	-0.02448579
40.84251831	0.02226556	0.00054516	-0.02448429
40.84501831	0.02225691	0.00054491	-0.02448279
40.84751830	0.02224827	0.00054467	-0.02448129
40.85001830	0.02223962	0.00054442	-0.02447979
40.85251829	0.02223098	0.00054418	-0.02447830
40.85501829	0.02222234	0.00054393	-0.02447680
40.85751828	0.02221371	0.00054369	-0.02447530
40.86001828	0.02220507	0.00054344	-0.02447380
40.86251827	0.02219644	0.00054320	-0.02447230
40.86501827	0.02218781	0.00054295	-0.02447081
40.86751827	0.02217919	0.00054271	-0.02446931
40.87001826	0.02217057	0.00054247	-0.02446781
40.87251825	0.02216195	0.00054222	-0.02446632
40.87501825	0.02215333	0.00054198	-0.02446482
40.87751824	0.02214472	0.00054173	-0.02446332
40.88001824	0.02213611	0.00054149	-0.02446183
40.88251823	0.02212750	0.00054125	-0.02446033
40.88501823	0.02211890	0.00054100	-0.02445884
40.88751823	0.02211030	0.00054076	-0.02445734
40.89001822	0.02210170	0.00054052	-0.02445585
40.89251821	0.02209310	0.00054027	-0.02445435
40.89501821	0.02208451	0.00054003	-0.02445286
40.89751820	0.02207592	0.00053979	-0.02445136
40.90001820	0.02206733	0.00053954	-0.02444987
40.90251819	0.02205875	0.00053930	-0.02444837
40.90501819	0.02205017	0.00053906	-0.02444688
40.90751819	0.02204159	0.00053882	-0.02444538
40.91001818	0.02203301	0.00053857	-0.02444389
40.91251817	0.02202444	0.00053833	-0.02444240
40.91501817	0.02201587	0.00053809	-0.02444090
40.91751816	0.02200730	0.00053785	-0.02443941
40.92001816	0.02199874	0.00053760	-0.02443792
40.92251815	0.02199018	0.00053736	-0.02443642
40.92501815	0.02198162	0.00053712	-0.02443493
40.92751815	0.02197306	0.00053688	-0.02443344
40.93001814	0.02196451	0.00053664	-0.02443195
40.93251813	0.02195596	0.00053639	-0.02443045
40.93501813	0.02194741	0.00053615	-0.02442896
40.93751812	0.02193887	0.00053591	-0.02442747
40.94001812	0.02193033	0.00053567	-0.02442598
40.94251811	0.02192179	0.00053543	-0.02442449
40.94501811	0.02191325	0.00053519	-0.02442300
40.94751811	0.02190472	0.00053495	-0.02442150
40.95001810	0.02189619	0.00053471	-0.02442001
40.95251809	0.02188766	0.00053446	-0.02441852
40.95501809	0.02187914	0.00053422	-0.02441703
40.95751808	0.02187062	0.00053398	-0.02441554
40.96001808	0.02186210	0.00053374	-0.02441405
40.96251807	0.02185358	0.00053350	-0.02441256
40.96501807	0.02184507	0.00053326	-0.02441107
40.96751807	0.02183656	0.00053302	-0.02440958
40.97001806	0.02182805	0.00053278	-0.02440809
40.97251805	0.02181955	0.00053254	-0.02440660
40.97501805	0.02181105	0.00053230	-0.02440511
40.97751804	0.02180255	0.00053206	-0.02440363
40.98001804	0.02179405	0.00053182	-0.02440214
40.98251803	0.02178556	0.00053158	-0.02440065
40.98501803	0.02177707	0.00053134	-0.02439916
40.98751802	0.02176858	0.00053110	-0.02439767
40.99001802	0.02176010	0.00053086	-0.02439618
40.99251801	0.02175162	0.00053062	-0.02439470
40.99501801	0.02174314	0.00053038	-0.02439321
40.99751800	0.02173466	0.00053015	-0.02439172
41.00001800	0.02172619	0.00052991	-0.02439023
41.00251799	0.02171772	0.00052967	-0.02438875
41.00501799	0.02170925	0.00052943	-0.02438726
41.00751798	0.02170079	0.00052919	-0.02438577
41.01001798	0.02169232	0.00052895	-0.02438429
41.01251797	0.02168387	0.00052871	-0.02438280
41.01501797	0.02167541	0.00052847	-0.02438131
41.01751796	0.02166696	0.00052824	-0.02437983
41.02001796	0.02165851	0.00052800	-0.02437834
41.02251795	0.02165006	0.00052776	-0.02437686
41.02501795	0.02164161	0.00052752	-0.02437537
41.02751794	0.02163317	0.00052728	-0.02437388
41.03001794	0.02162473	0.00052705	-0.02437240
41.03251793	0.02161629	0.00052681	-0.02437091
41.03501793	0.02160786	0.00052657	-0.02436943
41.03751792	0.02159943	0.00052633	-0.02436795
41.04001792	0.02159100	0.00052610	-0.02436646
41.04251791	0.02158258	0.00052586	-0.02436498
41.04501791	0.02157416	0.00052562	-0.02436349
41.04751790	0.02156574	0.00052538	-0.02436201
41.05001790	0.02155732	0.00052515	-0.02436053
41.05251789	0.02154891	0.00052491	-0.02435904
41.05501789	0.02154049	0.00052467	-0.02435756
41.05751788	0.02153209	0.00052444	-0.02435608
41.06001788	0.02152368	0.00052420	-0.02435459
41.06251787	0.02151528	0.00052396	-0.02435311
41.06501787	0.02150688	0.00052373	-0.02435163
41.06751786	0.02149848	0.00052349	-0.02435014
41.07001786	0.02149009	0.00052325	-0.02434866
41.07251786	0.02148170	0.00052302	-0.02434718
41.07501785	0.02147331	0.00052278	-0.02434570
41.07751784	0.02146492	0.00052255	-0.02434422
41.08001784	0.02145654	0.00052231	-0.02434274
41.08251783	0.02144816	0.00052208	-0.02434125
41.08501783	0.02143978	0.00052184	-0.02433977
41.08751782	0.02143141	0.00052160	-0.02433829
41.09001782	0.02142303	0.00052137	-0.02433681
41.09251782	0.02141467	0.00052113	-0.02433533
41.09501781	0.02140630	0.00052090	-0.02433385
41.09751780	0.02139794	0.00052066	-0.02433237
41.10001780	0.02138958	0.00052043	-0.02433089
41.10251779	0.02138122	0.00052019	-0.02432941
41.10501779	0.02137286	0.00051996	-0.02432793
41.10751778	0.02136451	0.00051972	-0.02432645
41.11001778	0.02135616	0.00051949	-0.02432497
41.11251778	0.02134781	0.00051925	-0.02432349
41.11501777	0.02133947	0.00051902	-0.02432201
41.11751776	0.02133113	0.00051878	-0.02432053
41.12001776	0.02132279	0.00051855	-0.02431906
41.12251775	0.02131446	0.00051832	-0.02431758
41.12501775	0.02130612	0.00051808	-0.02431610
41.12751774	0.02129779	0.00051785	-0.02431462
41.13001774	0.02128947	0.00051761	-0.02431314
41.13251774	0.02128114	0.00051738	-0.02431167
41.13501773	0.02127282	0.00051715	-0.02431019
41.13751772	0.02126450	0.00051691	-0.02430871
41.14001772	0.02125619	0.00051668	-0.02430723
41.14251771	0.02124787	0.00051645	-0.02430576
41.14501771	0.02123956	0.00051621	-0.02430428
41.14751770	0.02123126	0.00051598	-0.02430280
41.15001770	0.02122295	0.00051575	-0.02430133
41.15251770	0.02121465	0.00051551	-0.02429985
41.15501769	0.02120635	0.00051528	-0.02429837
41.15751768	0.02119805	0.00051505	-0.02429690
41.16001768	0.02118976	0.00051481	-0.02429542
41.16251767	0.02118147	0.00051458	-0.02429395
41.16501767	0.02117318	0.00051435	-0.02429247
41.16751766	0.02116490	0.00051412	-0.02429100
41.17001766	0.02115661	0.00051388	-0.02428952
41.17251766	0.02114833	0.00051365	-0.02428805
41.17501765	0.02114006	0.00051342	-0.02428657
41.17751764	0.02113178	0.00051319	-0.02428510
41.18001764	0.02112351	0.00051296	-0.02428362
41.18251763	0.02111524	0.00051272	-0.02428215
41.18501763	0.02110698	0.00051249	-0.02428067
41.18751762	0.02109871	0.00051226	-0.02427920
41.19001762	0.02109045	0.00051203	-0.02427773
41.19251761	0.02108220	0.00051180	-0.02427625
41.19501761	0.02107394	0.00051157	-0.02427478
41.19751760	0.02106569	0.00051133	-0.02427331
41.20001760	0.02105744	0.00051110	-0.02427183
41.20251759	0.02104919	0.00051087	-0.02427036
41.20501759	0.02104095	0.00051064	-0.02426889
41.20751758	0.02103271	0.00051041	-0.02426742
41.21001758	0.02102447	0.00051018	-0.02426594
41.21251757	0.02101624	0.00050995	-0.02426447
41.21501757	0.02100800	0.00050972	-0.02426300
41.21751756	0.02099977	0.00050949	-0.02426153
41.22001756	0.02099155	0.00050926	-0.02426006
41.22251755	0.02098332	0.00050903	-0.02425859
41.22501755	0.02097510	0.00050880	-0.02425712
41.22751754	0.02096688	0.00050857	-0.02425564
41.23001754	0.02095867	0.00050834	-0.02425417
41.23251753	0.02095045	0.00050811	-0.02425270
41.23501753	0.02094224	0.00050788	-0.02425123
41.23751752	0.02093403	0.00050765	-0.02424976
41.24001752	0.02092583	0.00050742	-0.02424829
41.24251751	0.02091763	0.00050719	-0.02424682
41.24501751	0.02090943	0.00050696	-0.02424535
41.24751750	0.02090123	0.00050673	-0.02424388
41.25001750	0.02089304	0.00050650	-0.02424241
41.25251749	0.02088485	0.00050627	-0.02424094
41.25501749	0.02087666	0.00050604	-0.02423948
41.25751749	0.02086847	0.00050581	-0.02423801
41.26001748	0.02086029	0.00050558	-0.02423654
41.26251747	0.02085211	0.00050535	-0.02423507
41.26501747	0.02084393	0.00050512	-0.02423360
41.26751746	0.02083576	0.00050489	-0.02423213
41.27001746	0.02082758	0.00050467	-0.02423067
41.27251745	0.02081941	0.00050444	-0.02422920
41.27501745	0.02081125	0.00050421	-0.02422773
41.27751745	0.02080308	0.00050398	-0.02422626
41.28001744	0.02079492	0.00050375	-0.02422480
41.28251743	0.02078676	0.00050352	-0.02422333
41.28501743	0.02077861	0.00050330	-0.02422186
41.28751742	0.02077046	0.00050307	-0.02422040
41.29001742	0.02076231	0.00050284	-0.02421893
41.29251741	0.02075416	0.00050261	-0.02421746
41.29501741	0.02074601	0.00050239	-0.02421600
41.29751741	0.02073787	0.00050216	-0.02421453
41.30001740	0.02072973	0.00050193	-0.02421306
41.30251739	0.02072160	0.00050170	-0.02421160
41.30501739	0.02071346	0.00050148	-0.02421013
41.30751738	0.02070533	0.00050125	-0.02420867
41.31001738	0.02069720	0.00050102	-0.02420720
41.31251737	0.02068908	0.00050079	-0.02420574
41.31501737	0.02068096	0.00050057	-0.02420427
41.31751737	0.02067284	0.00050034	-0.02420281
41.32001736	0.02066472	0.00050011	-0.02420135
41.32251735	0.02065660	0.00049989	-0.02419988
41.32501735	0.02064849	0.00049966	-0.02419842
41.32751734	0.02064038	0.00049943	-0.02419695
41.33001734	0.02063228	0.00049921	-0.02419549
41.33251733	0.02062417	0.00049898	-0.02419403
41.33501733	0.02061607	0.00049876	-0.02419256
41.33751733	0.02060797	0.00049853	-0.02419110
41.34001732	0.02059988	0.00049830	-0.02418964
41.34251731	0.02059179	0.00049808	-0.02418817
41.34501731	0.02058370	0.00049785	-0.02418671
41.34751730	0.02057561	0.00049763	-0.02418525
41.35001730	0.02056752	0.00049740	-0.02418379
41.35251729	0.02055944	0.00049718	-0.02418232
41.35501729	0.02055136	0.00049695	-0.02418086
41.35751729	0.02054329	0.00049672	-0.02417940
41.36001728	0.02053521	0.00049650	-0.02417794
41.36251727	0.02052714	0.00049627	-0.02417648
41.36501727	0.02051907	0.00049605	-0.02417502
41.36751726	0.02051101	0.00049582	-0.02417356
41.37001726	0.02050294	0.00049560	-0.02417210
41.37251725	0.02049488	0.00049537	-0.02417063
41.37501725	0.02048683	0.00049515	-0.02416917
41.37751724	0.02047877	0.00049493	-0.02416771
41.38001724	0.02047072	0.00049470	-0.02416625
41.38251723	0.02046267	0.00049448	-0.02416479
41.38501723	0.02045462	0.00049425	-0.02416333
41.38751722	0.02044658	0.00049403	-0.02416187
41.39001722	0.02043854	0.00049380	-0.02416042
41.39251721	0.02043050	0.00049358	-0.02415896
41.39501721	0.02042246	0.00049336	-0.02415750
41.39751720	0.02041443	0.00049313	-0.02415604
41.40001720	0.02040640	0.00049291	-0.02415458
41.40251719	0.02039837	0.00049268	-0.02415312
41.40501719	0.02039035	0.00049246	-0.02415166
41.40751718	0.02038233	0.00049224	-0.02415020
41.41001718	0.02037431	0.00049201	-0.02414875
41.41251717	0.02036629	0.00049179	-0.02414729
41.41501717	0.02035828	0.00049157	-0.02414583
41.41751716	0.02035026	0.00049134	-0.02414437
41.42001716	0.02034226	0.00049112	-0.02414292
41.42251715	0.02033425	0.00049090	-0.02414146
41.42501715	0.02032625	0.00049068	-0.02414000
41.42751714	0.02031825	0.00049045	-0.02413855
41.43001714	0.02031025	0.00049023	-0.02413709
41.43251713	0.02030225	0.00049001	-0.02413563
41.43501713	0.02029426	0.00048979	-0.02413418
41.43751712	0.02028627	0.00048956	-0.02413272
41.44001712	0.02027828	0.00048934	-0.02413126
41.44251711	0.02027030	0.00048912	-0.02412981
41.44501711	0.02026232	0.00048890	-0.02412835
41.44751710	0.02025434	0.00048867	-0.02412690
41.45001710	0.02024636	0.00048845	-0.02412544
41.45251709	0.02023839	0.00048823	-0.02412399
41.45501709	0.02023042	0.00048801	-0.02412253
41.45751708	0.02022245	0.00048779	-0.02412108
41.46001708	0.02021448	0.00048757	-0.02411962
41.46251708	0.02020652	0.00048734	-0.02411817
41.46501707	0.02019856	0.00048712	-0.02411672
41.46751706	0.02019060	0.00048690	-0.02411526
41.47001706	0.02018264	0.00048668	-0.02411381
41.47251705	0.02017469	0.00048646	-0.02411235
41.47501705	0.02016674	0.00048624	-0.02411090
41.47751704	0.02015880	0.00048602	-0.02410945
41.48001704	0.02015085	0.00048580	-0.02410799
41.48251704	0.02014291	0.00048558	-0.02410654
41.48501703	0.02013497	0.00048536	-0.02410509
41.48751702	0.02012703	0.00048513	-0.02410364
41.49001702	0.02011910	0.00048491	-0.02410218
41.49251701	0.02011117	0.00048469	-0.02410073
41.49501701	0.02010324	0.00048447	-0.02409928
41.49751700	0.02009532	0.00048425	-0.02409783
41.50001700	0.02008739	0.00048403	-0.02409638
41.50251700	0.02007947	0.00048381	-0.02409492
41.50501699	0.02007156	0.00048359	-0.02409347
41.50751698	0.02006364	0.00048337	-0.02409202
41.51001698	0.02005573	0.00048315	-0.02409057
41.51251697	0.02004782	0.00048293	-0.02408912
41.51501697	0.02003991	0.00048271	-0.02408767
41.51751696	0.02003201	0.00048250	-0.02408622
41.52001696	0.02002411	0.00048228	-0.02408477
41.52251696	0.02001621	0.00048206	-0.02408332
41.52501695	0.02000831	0.00048184	-0.02408187
41.52751694	0.02000042	0.00048162	-0.02408042
41.53001694	0.01999253	0.00048140	-0.02407897
41.53251693	0.01998464	0.00048118	-0.02407752
41.53501693	0.01997675	0.00048096	-0.02407607
41.53751692	0.01996887	0.00048074	-0.02407462
41.54001692	0.01996099	0.00048052	-0.02407317
41.54251692	0.01995311	0.00048031	-0.02407172
41.54501691	0.01994524	0.00048009	-0.02407028
41.54751690	0.01993736	0.00047987	-0.02406883
41.55001690	0.01992950	0.00047965	-0.02406738
41.55251689	0.01992163	0.00047943	-0.02406593
41.55501689	0.01991376	0.00047921	-0.02406448
41.55751688	0.01990590	0.00047900	-0.02406304
41.56001688	0.01989804	0.00047878	-0.02406159
41.56251688	0.01989019	0.00047856	-0.02406014
41.56501687	0.01988233	0.00047834	-0.02405869
41.56751686	0.01987448	0.00047813	-0.02405725
41.57001686	0.01986663	0.00047791	-0.02405580
41.57251685	0.01985879	0.00047769	-0.02405435
41.57501685	0.01985094	0.00047747	-0.02405291
41.57751684	0.01984310	0.00047726	-0.02405146
41.58001684	0.01983527	0.00047704	-0.02405001
41.58251683	0.01982743	0.00047682	-0.02404857
41.58501683	0.01981960	0.00047660	-0.02404712
41.58751682	0.01981177	0.00047639	-0.02404568
41.59001682	0.01980394	0.00047617	-0.02404423
41.59251681	0.01979612	0.00047595	-0.02404279
41.59501681	0.01978829	0.00047574	-0.02404134
41.59751680	0.01978048	0.00047552	-0.02403990
41.60001680	0.01977266	0.00047530	-0.02403845
41.60251679	0.01976484	0.00047509	-0.02403701
41.60501679	0.01975703	0.00047487	-0.02403556
41.60751678	0.01974922	0.00047466	-0.02403412
41.61001678	0.01974142	0.00047444	-0.02403267
41.61251677	0.01973361	0.00047422	-0.02403123
41.61501677	0.01972581	0.00047401	-0.02402979
41.61751676	0.01971802	0.00047379	-0.02402834
41.62001676	0.01971022	0.00047358	-0.02402690
41.62251675	0.01970243	0.00047336	-0.02402546
41.62501675	0.01969464	0.00047314	-0.02402401
41.62751674	0.01968685	0.00047293	-0.02402257
41.63001674	0.01967906	0.00047271	-0.02402113
41.63251673	0.01967128	0.00047250	-0.02401969
41.63501673	0.01966350	0.00047228	-0.02401824
41.63751672	0.01965572	0.00047207	-0.02401680
41.64001672	0.01964795	0.00047185	-0.02401536
41.64251671	0.01964018	0.00047164	-0.02401392
41.64501671	0.01963241	0.00047142	-0.02401248
41.64751670	0.01962464	0.00047121	-0.02401104
41.65001670	0.01961688	0.00047099	-0.02400959
41.65251669	0.01960912	0.00047078	-0.02400815
41.65501669	0.01960136	0.00047056	-0.02400671
41.65751668	0.01959360	0.00047035	-0.02400527
41.66001668	0.01958585	0.00047014	-0.02400383
41.66251667	0.01957810	0.00046992	-0.02400239
41.66501667	0.01957035	0.00046971	-0.02400095
41.66751667	0.01956260	0.00046949	-0.02399951
41.67001666	0.01955486	0.00046928	-0.02399807
41.67251665	0.01954712	0.00046907	-0.02399663
41.67501665	0.01953938	0.00046885	-0.02399519
41.67751664	0.01953165	0.00046864	-0.02399375
41.68001664	0.01952391	0.00046842	-0.02399231
41.68251663	0.01951618	0.00046821	-0.02399087
41.68501663	0.01950846	0.00046800	-0.02398944
41.68751663	0.01950073	0.00046778	-0.02398800
41.69001662	0.01949301	0.00046757	-0.02398656
41.69251661	0.01948529	0.00046736	-0.02398512
41.69501661	0.01947757	0.00046714	-0.02398368
41.69751660	0.01946986	0.00046693	-0.02398224
41.70001660	0.01946215	0.00046672	-0.02398081
41.70251659	0.01945444	0.00046651	-0.02397937
41.70501659	0.01944673	0.00046629	-0.02397793
41.70751659	0.01943903	0.00046608	-0.02397649
41.71001658	0.01943133	0.00046587	-0.02397506
41.71251657	0.01942363	0.00046565	-0.02397362
41.71501657	0.01941593	0.00046544	-0.02397218
41.71751656	0.01940824	0.00046523	-0.02397075
41.72001656	0.01940055	0.00046502	-0.02396931
41.72251655	0.01939286	0.00046481	-0.02396787
41.72501655	0.01938517	0.00046459	-0.02396644
41.72751655	0.01937749	0.00046438	-0.02396500
41.73001654	0.01936981	0.00046417	-0.02396357
41.73251653	0.01936213	0.00046396	-0.02396213
41.73501653	0.01935446	0.00046375	-0.02396069
41.73751652	0.01934678	0.00046353	-0.02395926
41.74001652	0.01933911	0.00046332	-0.02395782
41.74251651	0.01933145	0.00046311	-0.02395639
41.74501651	0.01932378	0.00046290	-0.02395496
41.74751651	0.01931612	0.00046269	-0.02395352
41.75001650	0.01930846	0.00046248	-0.02395209
41.75251649	0.01930080	0.00046227	-0.02395065
41.75501649	0.01929315	0.00046206	-0.02394922
41.75751648	0.01928549	0.00046184	-0.02394778
41.76001648	0.01927785	0.00046163	-0.02394635
41.76251647	0.01927020	0.00046142	-0.02394492
41.76501647	0.01926255	0.00046121	-0.02394348
41.76751646	0.01925491	0.00046100	-0.02394205
41.77001646	0.01924727	0.00046079	-0.02394062
41.77251645	0.01923964	0.00046058	-0.02393919
41.77501645	0.01923200	0.00046037	-0.02393775
41.77751644	0.01922437	0.00046016	-0.02393632
41.78001644	0.01921674	0.00045995	-0.02393489
41.78251643	0.01920912	0.00045974	-0.02393346
41.78501643	0.01920149	0.00045953	-0.02393202
41.78751642	0.01919387	0.00045932	-0.02393059
41.79001642	0.01918625	0.00045911	-0.02392916
41.79251641	0.01917864	0.00045890	-0.02392773
41.79501641	0.01917103	0.00045869	-0.02392630
41.79751640	0.01916341	0.00045848	-0.02392487
41.80001640	0.01915581	0.00045827	-0.02392344
41.80251639	0.01914820	0.00045806	-0.02392200
41.80501639	0.01914060	0.00045785	-0.02392057
41.80751638	0.01913300	0.00045764	-0.02391914
41.81001638	0.01912540	0.00045744	-0.02391771
41.81251637	0.01911780	0.00045723	-0.02391628
41.81501637	0.01911021	0.00045702	-0.02391485
41.81751636	0.01910262	0.00045681	-0.02391342
41.82001636	0.01909503	0.00045660	-0.02391199
41.82251635	0.01908745	0.00045639	-0.02391057
41.82501635	0.01907987	0.00045618	-0.02390914
41.82751634	0.01907229	0.00045597	-0.02390771
41.83001634	0.01906471	0.00045577	-0.02390628
41.83251633	0.01905714	0.00045556	-0.02390485
41.83501633	0.01904956	0.00045535	-0.02390342
41.83751632	0.01904199	0.00045514	-0.02390199
41.84001632	0.01903443	0.00045493	-0.02390056
41.84251631	0.01902686	0.00045473	-0.02389914
41.84501631	0.01901930	0.00045452	-0.02389771
41.84751630	0.01901174	0.00045431	-0.02389628
41.85001630	0.01900419	0.00045410	-0.02389485
41.85251630	0.01899663	0.00045389	-0.02389343
41.85501629	0.01898908	0.00045369	-0.02389200
41.85751628	0.01898153	0.00045348	-0.02389057
41.86001628	0.01897398	0.00045327	-0.02388915
41.86251627	0.01896644	0.00045306	-0.02388772
41.86501627	0.01895890	0.00045286	-0.02388629
41.86751626	0.01895136	0.00045265	-0.02388487
41.87001626	0.01894382	0.00045244	-0.02388344
41.87251626	0.01893629	0.00045224	-0.02388201
41.87501625	0.01892876	0.00045203	-0.02388059
41.87751624	0.01892123	0.00045182	-0.02387916
41.88001624	0.01891370	0.00045162	-0.02387774
41.88251623	0.01890618	0.00045141	-0.02387631
41.88501623	0.01889866	0.00045120	-0.02387489
41.88751622	0.01889114	0.00045100	-0.02387346
41.89001622	0.01888363	0.00045079	-0.02387204
41.89251622	0.01887611	0.00045058	-0.02387061
41.89501621	0.01886860	0.00045038	-0.02386919
41.89751620	0.01886109	0.00045017	-0.02386776
41.90001620	0.01885359	0.00044997	-0.02386634
41.90251619	0.01884609	0.00044976	-0.02386492
41.90501619	0.01883859	0.00044955	-0.02386349
41.90751618	0.01883109	0.00044935	-0.02386207
41.91001618	0.01882359	0.00044914	-0.02386064
41.91251618	0.01881610	0.00044894	-0.02385922
41.91501617	0.01880861	0.00044873	-0.02385780
41.91751616	0.01880112	0.00044853	-0.02385638
41.92001616	0.01879364	0.00044832	-0.02385495
41.92251615	0.01878615	0.00044812	-0.02385353
41.92501615	0.01877867	0.00044791	-0.02385211
41.92751614	0.01877119	0.00044771	-0.02385069
41.93001614	0.01876372	0.00044750	-0.02384926
41.93251614	0.01875625	0.00044730	-0.02384784
41.93501613	0.01874878	0.00044709	-0.02384642
41.93751612	0.01874131	0.00044689	-0.02384500
41.94001612	0.01873384	0.00044668	-0.02384358
41.94251611	0.01872638	0.00044648	-0.02384216
41.94501611	0.01871892	0.00044627	-0.02384073
41.94751610	0.01871146	0.00044607	-0.02383931
41.95001610	0.01870401	0.00044586	-0.02383789
41.95251610	0.01869656	0.00044566	-0.02383647
41.95501609	0.01868911	0.00044546	-0.02383505
41.95751608	0.01868166	0.00044525	-0.02383363
41.96001608	0.01867422	0.00044505	-0.02383221
41.96251607	0.01866677	0.00044484	-0.02383079
41.96501607	0.01865933	0.00044464	-0.02382937
41.96751606	0.01865190	0.00044444	-0.02382795
41.97001606	0.01864446	0.00044423	-0.02382653
41.97251605	0.01863703	0.00044403	-0.02382511
41.97501605	0.01862960	0.00044383	-0.02382370
41.97751604	0.01862217	0.00044362	-0.02382228
41.98001604	0.01861475	0.00044342	-0.02382086
41.98251603	0.01860733	0.00044322	-0.02381944
41.98501603	0.01859991	0.00044301	-0.02381802
41.98751602	0.01859249	0.00044281	-0.02381660
41.99001602	0.01858508	0.00044261	-0.02381519
41.99251601	0.01857766	0.00044240	-0.02381377
41.99501601	0.01857025	0.00044220	-0.02381235
41.99751600	0.01856285	0.00044200	-0.02381093
42.00001600	0.01855544	0.00044180	-0.02380951
42.00251599	0.01854804	0.00044159	-0.02380810
42.00501599	0.01854064	0.00044139	-0.02380668
42.00751598	0.01853325	0.00044119	-0.02380526
42.01001598	0.01852585	0.00044099	-0.02380385
42.01251597	0.01851846	0.00044078	-0.02380243
42.01501597	0.01851107	0.00044058	-0.02380101
42.01751596	0.01850368	0.00044038	-0.02379960
42.02001596	0.01849630	0.00044018	-0.02379818
42.02251595	0.01848892	0.00043998	-0.02379677
42.02501595	0.01848154	0.00043977	-0.02379535
42.02751594	0.01847416	0.00043957	-0.02379394
42.03001594	0.01846679	0.00043937	-0.02379252
42.03251593	0.01845941	0.00043917	-0.02379110
42.03501593	0.01845205	0.00043897	-0.02378969
42.03751592	0.01844468	0.00043877	-0.02378828
42.04001592	0.01843731	0.00043857	-0.02378686
42.04251591	0.01842995	0.00043836	-0.02378545
42.04501591	0.01842259	0.00043816	-0.02378403
42.04751590	0.01841524	0.00043796	-0.02378262
42.05001590	0.01840788	0.00043776	-0.02378120
42.05251589	0.01840053	0.00043756	-0.02377979
42.05501589	0.01839318	0.00043736	-0.02377838
42.05751589	0.01838583	0.00043716	-0.02377696
42.06001588	0.01837849	0.00043696	-0.02377555
42.06251587	0.01837115	0.00043676	-0.02377414
42.06501587	0.01836381	0.00043656	-0.02377272
42.06751586	0.01835647	0.00043636	-0.02377131
42.07001586	0.01834914	0.00043616	-0.02376990
42.07251585	0.01834181	0.00043596	-0.02376849
42.07501585	0.01833448	0.00043576	-0.02376707
42.07751585	0.01832715	0.00043556	-0.02376566
42.08001584	0.01831983	0.00043536	-0.02376425
42.08251583	0.01831250	0.00043516	-0.02376284
42.08501583	0.01830518	0.00043496	-0.02376143
42.08751582	0.01829787	0.00043476	-0.02376001
42.09001582	0.01829055	0.00043456	-0.02375860
42.09251581	0.01828324	0.00043436	-0.02375719
42.09501581	0.01827593	0.00043416	-0.02375578
42.09751581	0.01826863	0.00043396	-0.02375437
42.10001580	0.01826132	0.00043376	-0.02375296
42.10251579	0.01825402	0.00043356	-0.02375155
42.10501579	0.01824672	0.00043336	-0.02375014
42.10751578	0.01823942	0.00043316	-0.02374873
42.11001578	0.01823213	0.00043296	-0.02374732
42.11251577	0.01822484	0.00043277	-0.02374591
42.11501577	0.01821755	0.00043257	-0.02374450
42.11751577	0.01821026	0.00043237	-0.02374309
42.12001576	0.01820298	0.00043217	-0.02374168
42.12251575	0.01819569	0.00043197	-0.02374027
42.12501575	0.01818841	0.00043177	-0.02373886
42.12751574	0.01818114	0.00043157	-0.02373745
42.13001574	0.01817386	0.00043138	-0.02373605
42.13251573	0.01816659	0.00043118	-0.02373464
42.13501573	0.01815932	0.00043098	-0.02373323
42.13751573	0.01815205	0.00043078	-0.02373182
42.14001572	0.01814479	0.00043058	-0.02373041
42.14251571	0.01813753	0.00043039	-0.02372901
42.14501571	0.01813027	0.00043019	-0.02372760
42.14751570	0.01812301	0.00042999	-0.02372619
42.15001570	0.01811575	0.00042979	-0.02372478
42.15251569	0.01810850	0.00042959	-0.02372338
42.15501569	0.01810125	0.00042940	-0.02372197
42.15751568	0.01809400	0.00042920	-0.02372056
42.16001568	0.01808676	0.00042900	-0.02371916
42.16251567	0.01807952	0.00042881	-0.02371775
42.16501567	0.01807228	0.00042861	-0.02371634
42.16751566	0.01806504	0.00042841	-0.02371494
42.17001566	0.01805780	0.00042821	-0.02371353
42.17251565	0.01805057	0.00042802	-0.02371213
42.17501565	0.01804334	0.00042782	-0.02371072
42.17751564	0.01803611	0.00042762	-0.02370931
42.18001564	0.01802889	0.00042743	-0.02370791
42.18251563	0.01802166	0.00042723	-0.02370650
42.18501563	0.01801444	0.00042703	-0.02370510
42.18751562	0.01800723	0.00042684	-0.02370369
42.19001562	0.01800001	0.00042664	-0.02370229
42.19251561	0.01799280	0.00042645	-0.02370089
42.19501561	0.01798559	0.00042625	-0.02369948
42.19751560	0.01797838	0.00042605	-0.02369808
42.20001560	0.01797117	0.00042586	-0.02369667
42.20251559	0.01796397	0.00042566	-0.02369527
42.20501559	0.01795677	0.00042547	-0.02369387
42.20751558	0.01794957	0.00042527	-0.02369246
42.21001558	0.01794237	0.00042507	-0.02369106
42.21251557	0.01793518	0.00042488	-0.02368966
42.21501557	0.01792799	0.00042468	-0.02368825
42.21751556	0.01792080	0.00042449	-0.02368685
42.22001556	0.01791362	0.00042429	-0.02368545
42.22251555	0.01790643	0.00042410	-0.02368405
42.22501555	0.01789925	0.00042390	-0.02368264
42.22751554	0.01789207	0.00042371	-0.02368124
42.23001554	0.01788490	0.00042351	-0.02367984
42.23251553	0.01787772	0.00042332	-0.02367844
42.23501553	0.01787055	0.00042312	-0.02367704
42.23751552	0.01786338	0.00042293	-0.02367563
42.24001552	0.01785622	0.00042273	-0.02367423
42.24251552	0.01784905	0.00042254	-0.02367283
42.24501551	0.01784189	0.00042234	-0.02367143
42.24751550	0.01783473	0.00042215	-0.02367003
42.25001550	0.01782757	0.00042195	-0.02366863
42.25251549	0.01782042	0.00042176	-0.02366723
42.25501549	0.01781327	0.00042157	-0.02366583
42.25751548	0.01780612	0.00042137	-0.02366443
42.26001548	0.01779897	0.00042118	-0.02366303
42.26251548	0.01779183	0.00042098	-0.02366163
42.26501547	0.01778468	0.00042079	-0.02366023
42.26751546	0.01777755	0.00042060	-0.02365883
42.27001546	0.01777041	0.00042040	-0.02365743
42.27251545	0.01776327	0.00042021	-0.02365603
42.27501545	0.01775614	0.00042001	-0.02365463
42.27751544	0.01774901	0.00041982	-0.02365323
42.28001544	0.01774188	0.00041963	-0.02365184
42.28251544	0.01773476	0.00041943	-0.02365044
42.28501543	0.01772764	0.00041924	-0.02364904
42.28751542	0.01772052	0.00041905	-0.02364764
42.29001542	0.01771340	0.00041886	-0.02364624
42.29251541	0.01770628	0.00041866	-0.02364485
42.29501541	0.01769917	0.00041847	-0.02364345
42.29751540	0.01769206	0.00041828	-0.02364205
42.30001540	0.01768495	0.00041808	-0.02364065
42.30251540	0.01767784	0.00041789	-0.02363926
42.30501539	0.01767074	0.00041770	-0.02363786
42.30751538	0.01766364	0.00041751	-0.02363646
42.31001538	0.01765654	0.00041731	-0.02363507
42.31251537	0.01764945	0.00041712	-0.02363367
42.31501537	0.01764235	0.00041693	-0.02363227
42.31751536	0.01763526	0.00041674	-0.02363088
42.32001536	0.01762817	0.00041654	-0.02362948
42.32251536	0.01762109	0.00041635	-0.02362809
42.32501535	0.01761400	0.00041616	-0.02362669
42.32751534	0.01760692	0.00041597	-0.02362529
42.33001534	0.01759984	0.00041578	-0.02362390
42.33251533	0.01759277	0.00041559	-0.02362250
42.33501533	0.01758569	0.00041539	-0.02362111
42.33751532	0.01757862	0.00041520	-0.02361971
42.34001532	0.01757155	0.00041501	-0.02361832
42.34251531	0.01756448	0.00041482	-0.02361692
42.34501531	0.01755742	0.00041463	-0.02361553
42.34751530	0.01755036	0.00041444	-0.02361414
42.35001530	0.01754330	0.00041425	-0.02361274
42.35251529	0.01753624	0.00041405	-0.02361135
42.35501529	0.01752918	0.00041386	-0.02360995
42.35751528	0.01752213	0.00041367	-0.02360856
42.36001528	0.01751508	0.00041348	-0.02360717
42.36251527	0.01750803	0.00041329	-0.02360577
42.36501527	0.01750099	0.00041310	-0.02360438
42.36751526	0.01749394	0.00041291	-0.02360299
42.37001526	0.01748690	0.00041272	-0.02360160
42.37251525	0.01747987	0.00041253	-0.02360020
42.37501525	0.01747283	0.00041234	-0.02359881
42.37751524	0.01746580	0.00041215	-0.02359742
42.38001524	0.01745877	0.00041196	-0.02359603
42.38251523	0.01745174	0.00041177	-0.02359464
42.38501523	0.01744471	0.00041158	-0.02359324
42.38751522	0.01743769	0.00041139	-0.02359185
42.39001522	0.01743067	0.00041120	-0.02359046
42.39251521	0.01742365	0.00041101	-0.02358907
42.39501521	0.01741663	0.00041082	-0.02358768
42.39751520	0.01740962	0.00041063	-0.02358629
42.40001520	0.01740260	0.00041044	-0.02358490
42.40251519	0.01739560	0.00041025	-0.02358351
42.40501519	0.01738859	0.00041006	-0.02358212
42.40751518	0.01738158	0.00040987	-0.02358073
42.41001518	0.01737458	0.00040968	-0.02357934
42.41251517	0.01736758	0.00040949	-0.02357795
42.41501517	0.01736058	0.00040930	-0.02357656
42.41751516	0.01735359	0.00040911	-0.02357517
42.42001516	0.01734660	0.00040892	-0.02357378
42.42251515	0.01733961	0.00040874	-0.02357239
42.42501515	0.01733262	0.00040855	-0.02357100
42.42751514	0.01732563	0.00040836	-0.02356961
42.43001514	0.01731865	0.00040817	-0.02356822
42.43251513	0.01731167	0.00040798	-0.02356683
42.43501513	0.01730469	0.00040779	-0.02356544
42.43751512	0.01729771	0.00040760	-0.02356406
42.44001512	0.01729074	0.00040742	-0.02356267
42.44251511	0.01728377	0.00040723	-0.02356128
42.44501511	0.01727680	0.00040704	-0.02355989
42.44751511	0.01726983	0.00040685	-0.02355851
42.45001510	0.01726287	0.00040666	-0.02355712
42.45251509	0.01725591	0.00040648	-0.02355573
42.45501509	0.01724895	0.00040629	-0.02355434
42.45751508	0.01724199	0.00040610	-0.02355296
42.46001508	0.01723504	0.00040591	-0.02355157
42.46251507	0.01722809	0.00040572	-0.02355018
42.46501507	0.01722114	0.00040554	-0.02354880
42.46751507	0.01721419	0.00040535	-0.02354741
42.47001506	0.01720724	0.00040516	-0.02354602
42.47251505	0.01720030	0.00040497	-0.02354464
42.47501505	0.01719336	0.00040479	-0.02354325
42.47751504	0.01718642	0.00040460	-0.02354187
42.48001504	0.01717949	0.00040441	-0.02354048
42.48251503	0.01717255	0.00040423	-0.02353910
42.48501503	0.01716562	0.00040404	-0.02353771
42.48751503	0.01715870	0.00040385	-0.02353633
42.49001502	0.01715177	0.00040367	-0.02353494
42.49251501	0.01714485	0.00040348	-0.02353356
42.49501501	0.01713792	0.00040329	-0.02353217
42.49751500	0.01713101	0.00040311	-0.02353079
42.50001500	0.01712409	0.00040292	-0.02352940
42.50251499	0.01711717	0.00040273	-0.02352802
42.50501499	0.01711026	0.00040255	-0.02352664
42.50751499	0.01710335	0.00040236	-0.02352525
42.51001498	0.01709645	0.00040217	-0.02352387
42.51251497	0.01708954	0.00040199	-0.02352249
42.51501497	0.01708264	0.00040180	-0.02352110
42.51751496	0.01707574	0.00040162	-0.02351972
42.52001496	0.01706884	0.00040143	-0.02351834
42.52251495	0.01706195	0.00040124	-0.02351695
42.52501495	0.01705505	0.00040106	-0.02351557
42.52751495	0.01704816	0.00040087	-0.02351419
42.53001494	0.01704127	0.00040069	-0.02351281
42.53251493	0.01703439	0.00040050	-0.02351142
42.53501493	0.01702750	0.00040032	-0.02351004
42.53751492	0.01702062	0.00040013	-0.02350866
42.54001492	0.01701374	0.00039995	-0.02350728
42.54251491	0.01700687	0.00039976	-0.02350590
42.54501491	0.01699999	0.00039958	-0.02350452
42.54751490	0.01699312	0.00039939	-0.02350314
42.55001490	0.01698625	0.00039921	-0.02350175
42.55251489	0.01697938	0.00039902	-0.02350037
42.55501489	0.01697252	0.00039884	-0.02349899
42.55751488	0.01696566	0.00039865	-0.02349761
42.56001488	0.01695880	0.00039847	-0.02349623
42.56251487	0.01695194	0.00039828	-0.02349485
42.56501487	0.01694508	0.00039810	-0.02349347
42.56751486	0.01693823	0.00039791	-0.02349209
42.57001486	0.01693138	0.00039773	-0.02349071
42.57251485	0.01692453	0.00039755	-0.02348933
42.57501485	0.01691769	0.00039736	-0.02348795
42.57751484	0.01691084	0.00039718	-0.02348658
42.58001484	0.01690400	0.00039699	-0.02348520
42.58251483	0.01689716	0.00039681	-0.02348382
42.58501483	0.01689032	0.00039663	-0.02348244
42.58751482	0.01688349	0.00039644	-0.02348106
42.59001482	0.01687666	0.00039626	-0.02347968
42.59251481	0.01686983	0.00039607	-0.02347830
42.59501481	0.01686300	0.00039589	-0.02347693
42.59751480	0.01685618	0.00039571	-0.02347555
42.60001480	0.01684935	0.00039552	-0.02347417
42.60251479	0.01684253	0.00039534	-0.02347279
42.60501479	0.01683572	0.00039516	-0.02347142
42.60751478	0.01682890	0.00039497	-0.02347004
42.61001478	0.01682209	0.00039479	-0.02346866
42.61251477	0.01681528	0.00039461	-0.02346728
42.61501477	0.01680847	0.00039443	-0.02346591
42.61751476	0.01680166	0.00039424	-0.02346453
42.62001476	0.01679486	0.00039406	-0.02346315
42.62251475	0.01678805	0.00039388	-0.02346178
42.62501475	0.01678126	0.00039369	-0.02346040
42.62751474	0.01677446	0.00039351	-0.02345903
42.63001474	0.01676766	0.00039333	-0.02345765
42.63251473	0.01676087	0.00039315	-0.02345628
42.63501473	0.01675408	0.00039297	-0.02345490
42.63751472	0.01674729	0.00039278	-0.02345352
42.64001472	0.01674051	0.00039260	-0.02345215
42.64251471	0.01673372	0.00039242	-0.02345077
42.64501471	0.01672694	0.00039224	-0.02344940
42.64751470	0.01672017	0.00039205	-0.02344803
42.65001470	0.01671339	0.00039187	-0.02344665
42.65251470	0.01670662	0.00039169	-0.02344528
42.65501469	0.01669984	0.00039151	-0.02344390
42.65751468	0.01669307	0.00039133	-0.02344253
42.66001468	0.01668631	0.00039115	-0.02344115
42.66251467	0.01667954	0.00039096	-0.02343978
42.66501467	0.01667278	0.00039078	-0.02343841
42.66751466	0.01666602	0.00039060	-0.02343703
42.67001466	0.01665926	0.00039042	-0.02343566
42.67251466	0.01665251	0.00039024	-0.02343429
42.67501465	0.01664576	0.00039006	-0.02343292
42.67751464	0.01663900	0.00038988	-0.02343154
42.68001464	0.01663226	0.00038970	-0.02343017
42.68251463	0.01662551	0.00038952	-0.02342880
42.68501463	0.01661877	0.00038933	-0.02342743
42.68751462	0.01661203	0.00038915	-0.02342605
42.69001462	0.01660529	0.00038897	-0.02342468
42.69251462	0.01659855	0.00038879	-0.02342331
42.69501461	0.01659181	0.00038861	-0.02342194
42.69751460	0.01658508	0.00038843	-0.02342057
42.70001460	0.01657835	0.00038825	-0.02341920
42.70251459	0.01657163	0.00038807	-0.02341782
42.70501459	0.01656490	0.00038789	-0.02341645
42.70751458	0.01655818	0.00038771	-0.02341508
42.71001458	0.01655146	0.00038753	-0.02341371
42.71251458	0.01654474	0.00038735	-0.02341234
42.71501457	0.01653802	0.00038717	-0.02341097
42.71751456	0.01653131	0.00038699	-0.02340960
42.72001456	0.01652460	0.00038681	-0.02340823
42.72251455	0.01651789	0.00038663	-0.02340686
42.72501455	0.01651118	0.00038645	-0.02340549
42.72751454	0.01650448	0.00038627	-0.02340412
42.73001454	0.01649777	0.00038609	-0.02340275
42.73251453	0.01649107	0.00038591	-0.02340138
42.73501453	0.01648438	0.00038573	-0.02340002
42.73751452	0.01647768	0.00038556	-0.02339865
42.74001452	0.01647099	0.00038538	-0.02339728
42.74251451	0.01646430	0.00038520	-0.02339591
42.74501451	0.01645761	0.00038502	-0.02339454
42.74751450	0.01645092	0.00038484	-0.02339317
42.75001450	0.01644424	0.00038466	-0.02339180
42.75251449	0.01643756	0.00038448	-0.02339044
42.75501449	0.01643088	0.00038430	-0.02338907
42.75751448	0.01642420	0.00038412	-0.02338770
42.76001448	0.01641753	0.00038395	-0.02338633
42.76251447	0.01641085	0.00038377	-0.02338497
42.76501447	0.01640418	0.00038359	-0.02338360
42.76751446	0.01639751	0.00038341	-0.02338223
42.77001446	0.01639085	0.00038323	-0.02338087
42.77251445	0.01638419	0.00038305	-0.02337950
42.77501445	0.01637752	0.00038288	-0.02337813
42.77751444	0.01637087	0.00038270	-0.02337677
42.78001444	0.01636421	0.00038252	-0.02337540
42.78251443	0.01635756	0.00038234	-0.02337404
42.78501443	0.01635090	0.00038216	-0.02337267
42.78751442	0.01634425	0.00038199	-0.02337130
42.79001442	0.01633761	0.00038181	-0.02336994
42.79251441	0.01633096	0.00038163	-0.02336857
42.79501441	0.01632432	0.00038145	-0.02336721
42.79751440	0.01631768	0.00038128	-0.02336584
42.80001440	0.01631104	0.00038110	-0.02336448
42.80251439	0.01630440	0.00038092	-0.02336311
42.80501439	0.01629777	0.00038074	-0.02336175
42.80751438	0.01629114	0.00038057	-0.02336038
42.81001438	0.01628451	0.00038039	-0.02335902
42.81251437	0.01627788	0.00038021	-0.02335766
42.81501437	0.01627126	0.00038004	-0.02335629
42.81751436	0.01626464	0.00037986	-0.02335493
42.82001436	0.01625801	0.00037968	-0.02335357
42.82251435	0.01625140	0.00037951	-0.02335220
42.82501435	0.01624478	0.00037933	-0.02335084
42.82751434	0.01623817	0.00037915	-0.02334948
42.83001434	0.01623156	0.00037898	-0.02334811
42.83251433	0.01622495	0.00037880	-0.02334675
42.83501433	0.01621834	0.00037862	-0.02334539
42.83751433	0.01621174	0.00037845	-0.02334402
42.84001432	0.01620514	0.00037827	-0.02334266
42.84251431	0.01619854	0.00037809	-0.02334130
42.84501431	0.01619194	0.00037792	-0.02333994
42.84751430	0.01618534	0.00037774	-0.02333858
42.85001430	0.01617875	0.00037757	-0.02333722
42.85251429	0.01617216	0.00037739	-0.02333585
42.85501429	0.01616557	0.00037722	-0.02333449
42.85751429	0.01615899	0.00037704	-0.02333313
42.86001428	0.01615240	0.00037686	-0.02333177
42.86251427	0.01614582	0.00037669	-0.02333041
42.86501427	0.01613924	0.00037651	-0.02332905
42.86751426	0.01613266	0.00037634	-0.02332769
42.87001426	0.01612609	0.00037616	-0.02332633
42.87251425	0.01611952	0.00037599	-0.02332497
42.87501425	0.01611295	0.00037581	-0.02332361
42.87751425	0.01610638	0.00037564	-0.02332225
42.88001424	0.01609981	0.00037546	-0.02332089
42.88251423	0.01609325	0.00037529	-0.02331953
42.88501423	0.01608669	0.00037511	-0.02331817
42.88751422	0.01608013	0.00037494	-0.02331681
42.89001422	0.01607357	0.00037476	-0.02331545
42.89251421	0.01606702	0.00037459	-0.02331409
42.89501421	0.01606046	0.00037441	-0.02331273
42.89751421	0.01605391	0.00037424	-0.02331137
42.90001420	0.01604737	0.00037406	-0.02331002
42.90251419	0.01604082	0.00037389	-0.02330866
42.90501419	0.01603428	0.00037372	-0.02330730
42.90751418	0.01602774	0.00037354	-0.02330594
42.91001418	0.01602120	0.00037337	-0.02330458
42.91251417	0.01601466	0.00037319	-0.02330323
42.91501417	0.01600813	0.00037302	-0.02330187
42.91751417	0.01600159	0.00037285	-0.02330051
42.92001416	0.01599506	0.00037267	-0.02329915
42.92251415	0.01598854	0.00037250	-0.02329780
42.92501415	0.01598201	0.00037232	-0.02329644
42.92751414	0.01597549	0.00037215	-0.02329508
42.93001414	0.01596897	0.00037198	-0.02329373
42.93251413	0.01596245	0.00037180	-0.02329237
42.93501413	0.01595593	0.00037163	-0.02329101
42.93751412	0.01594942	0.00037146	-0.02328966
42.94001412	0.01594291	0.00037128	-0.02328830
42.94251411	0.01593640	0.00037111	-0.02328695
42.94501411	0.01592989	0.00037094	-0.02328559
42.94751410	0.01592338	0.00037076	-0.02328423
42.95001410	0.01591688	0.00037059	-0.02328288
42.95251409	0.01591038	0.00037042	-0.02328152
42.95501409	0.01590388	0.00037025	-0.02328017
42.95751408	0.01589738	0.00037007	-0.02327881
42.96001408	0.01589089	0.00036990	-0.02327746
42.96251407	0.01588440	0.00036973	-0.02327611
42.96501407	0.01587791	0.00036955	-0.02327475
42.96751406	0.01587142	0.00036938	-0.02327340
42.97001406	0.01586494	0.00036921	-0.02327204
42.97251405	0.01585845	0.00036904	-0.02327069
42.97501405	0.01585197	0.00036886	-0.02326934
42.97751404	0.01584549	0.00036869	-0.02326798
42.98001404	0.01583902	0.00036852	-0.02326663
42.98251403	0.01583254	0.00036835	-0.02326527
42.98501403	0.01582607	0.00036818	-0.02326392
42.98751402	0.01581960	0.00036800	-0.02326257
42.99001402	0.01581314	0.00036783	-0.02326122
42.99251401	0.01580667	0.00036766	-0.02325986
42.99501401	0.01580021	0.00036749	-0.02325851
42.99751400	0.01579375	0.00036732	-0.02325716
43.00001400	0.01578729	0.00036715	-0.02325581
43.00251399	0.01578083	0.00036697	-0.02325445
43.00501399	0.01577438	0.00036680	-0.02325310
43.00751398	0.01576793	0.00036663	-0.02325175
43.01001398	0.01576148	0.00036646	-0.02325040
43.01251397	0.01575503	0.00036629	-0.02324905
43.01501397	0.01574858	0.00036612	-0.02324770
43.01751396	0.01574214	0.00036595	-0.02324635
43.02001396	0.01573570	0.00036578	-0.02324499
43.02251395	0.01572926	0.00036561	-0.02324364
43.02501395	0.01572282	0.00036543	-0.02324229
43.02751394	0.01571639	0.00036526	-0.02324094
43.03001394	0.01570996	0.00036509	-0.02323959
43.03251393	0.01570353	0.00036492	-0.02323824
43.03501393	0.01569710	0.00036475	-0.02323689
43.03751392	0.01569068	0.00036458	-0.02323554
43.04001392	0.01568425	0.00036441	-0.02323419
43.04251392	0.01567783	0.00036424	-0.02323284
43.04501391	0.01567141	0.00036407	-0.02323149
43.04751390	0.01566500	0.00036390	-0.02323015
43.05001390	0.01565858	0.00036373	-0.02322880
43.05251389	0.01565217	0.00036356	-0.02322745
43.05501389	0.01564576	0.00036339	-0.02322610
43.05751388	0.01563935	0.00036322	-0.02322475
43.06001388	0.01563295	0.00036305	-0.02322340
43.06251388	0.01562654	0.00036288	-0.02322205
43.06501387	0.01562014	0.00036271	-0.02322071
43.06751386	0.01561374	0.00036254	-0.02321936
43.07001386	0.01560735	0.00036237	-0.02321801
43.07251385	0.01560095	0.00036220	-0.02321666
43.07501385	0.01559456	0.00036203	-0.02321531
43.07751384	0.01558817	0.00036186	-0.02321397
43.08001384	0.01558178	0.00036169	-0.02321262
43.08251384	0.01557540	0.00036152	-0.02321127
43.08501383	0.01556901	0.00036136	-0.02320993
43.08751382	0.01556263	0.00036119	-0.02320858
43.09001382	0.01555625	0.00036102	-0.02320723
43.09251381	0.01554988	0.00036085	-0.02320589
43.09501381	0.01554350	0.00036068	-0.02320454
43.09751380	0.01553713	0.00036051	-0.02320319
43.10001380	0.01553076	0.00036034	-0.02320185
43.10251380	0.01552439	0.00036017	-0.02320050
43.10501379	0.01551802	0.00036001	-0.02319916
43.10751378	0.01551166	0.00035984	-0.02319781
43.11001378	0.01550530	0.00035967	-0.02319647
43.11251377	0.01549894	0.00035950	-0.02319512
43.11501377	0.01549258	0.00035933	-0.02319378
43.11751376	0.01548623	0.00035916	-0.02319243
43.12001376	0.01547987	0.00035900	-0.02319109
43.12251375	0.01547352	0.00035883	-0.02318974
43.12501375	0.01546717	0.00035866	-0.02318840
43.12751374	0.01546083	0.00035849	-0.02318705
43.13001374	0.01545448	0.00035832	-0.02318571
43.13251373	0.01544814	0.00035816	-0.02318437
43.13501373	0.01544180	0.00035799	-0.02318302
43.13751372	0.01543546	0.00035782	-0.02318168
43.14001372	0.01542913	0.00035765	-0.02318034
43.14251371	0.01542280	0.00035748	-0.02317899
43.14501371	0.01541646	0.00035732	-0.02317765
43.14751370	0.01541014	0.00035715	-0.02317631
43.15001370	0.01540381	0.00035698	-0.02317496
43.15251369	0.01539748	0.00035682	-0.02317362
43.15501369	0.01539116	0.00035665	-0.02317228
43.15751368	0.01538484	0.00035648	-0.02317094
43.16001368	0.01537852	0.00035631	-0.02316959
43.16251367	0.01537221	0.00035615	-0.02316825
43.16501367	0.01536589	0.00035598	-0.02316691
43.16751366	0.01535958	0.00035581	-0.02316557
43.17001366	0.01535327	0.00035565	-0.02316423
43.17251365	0.01534697	0.00035548	-0.02316289
43.17501365	0.01534066	0.00035531	-0.02316154
43.17751364	0.01533436	0.00035515	-0.02316020
43.18001364	0.01532806	0.00035498	-0.02315886
43.18251363	0.01532176	0.00035481	-0.02315752
43.18501363	0.01531546	0.00035465	-0.02315618
43.18751362	0.01530917	0.00035448	-0.02315484
43.19001362	0.01530288	0.00035432	-0.02315350
43.19251361	0.01529659	0.00035415	-0.02315216
43.19501361	0.01529030	0.00035398	-0.02315082
43.19751360	0.01528401	0.00035382	-0.02314948
43.20001360	0.01527773	0.00035365	-0.02314814
43.20251359	0.01527145	0.00035349	-0.02314680
43.20501359	0.01526517	0.00035332	-0.02314546
43.20751358	0.01525889	0.00035315	-0.02314412
43.21001358	0.01525262	0.00035299	-0.02314278
43.21251357	0.01524635	0.00035282	-0.02314144
43.21501357	0.01524008	0.00035266	-0.02314011
43.21751356	0.01523381	0.00035249	-0.02313877
43.22001356	0.01522754	0.00035233	-0.02313743
43.22251355	0.01522128	0.00035216	-0.02313609
43.22501355	0.01521502	0.00035200	-0.02313475
43.22751355	0.01520876	0.00035183	-0.02313341
43.23001354	0.01520250	0.00035167	-0.02313208
43.23251353	0.01519624	0.00035150	-0.02313074
43.23501353	0.01518999	0.00035134	-0.02312940
43.23751352	0.01518374	0.00035117	-0.02312806
43.24001352	0.01517749	0.00035101	-0.02312673
43.24251351	0.01517124	0.00035084	-0.02312539
43.24501351	0.01516500	0.00035068	-0.02312405
43.24751351	0.01515876	0.00035051	-0.02312272
43.25001350	0.01515252	0.00035035	-0.02312138
43.25251349	0.01514628	0.00035018	-0.02312004
43.25501349	0.01514004	0.00035002	-0.02311871
43.25751348	0.01513381	0.00034985	-0.02311737
43.26001348	0.01512758	0.00034969	-0.02311604
43.26251347	0.01512135	0.00034953	-0.02311470
43.26501347	0.01511512	0.00034936	-0.02311336
43.26751347	0.01510889	0.00034920	-0.02311203
43.27001346	0.01510267	0.00034903	-0.02311069
43.27251345	0.01509645	0.00034887	-0.02310936
43.27501345	0.01509023	0.00034871	-0.02310802
43.27751344	0.01508401	0.00034854	-0.02310669
43.28001344	0.01507780	0.00034838	-0.02310535
43.28251343	0.01507159	0.00034821	-0.02310402
43.28501343	0.01506538	0.00034805	-0.02310268
43.28751343	0.01505917	0.00034789	-0.02310135
43.29001342	0.01505296	0.00034772	-0.02310002
43.29251341	0.01504676	0.00034756	-0.02309868
43.29501341	0.01504056	0.00034740	-0.02309735
43.29751340	0.01503436	0.00034723	-0.02309601
43.30001340	0.01502816	0.00034707	-0.02309468
43.30251339	0.01502197	0.00034691	-0.02309335
43.30501339	0.01501577	0.00034674	-0.02309201
43.30751339	0.01500958	0.00034658	-0.02309068
43.31001338	0.01500339	0.00034642	-0.02308935
43.31251337	0.01499721	0.00034626	-0.02308802
43.31501337	0.01499102	0.00034609	-0.02308668
43.31751336	0.01498484	0.00034593	-0.02308535
43.32001336	0.01497866	0.00034577	-0.02308402
43.32251335	0.01497248	0.00034561	-0.02308269
43.32501335	0.01496630	0.00034544	-0.02308135
43.32751334	0.01496013	0.00034528	-0.02308002
43.33001334	0.01495396	0.00034512	-0.02307869
43.33251333	0.01494779	0.00034496	-0.02307736
43.33501333	0.01494162	0.00034479	-0.02307603
43.33751332	0.01493545	0.00034463	-0.02307470
43.34001332	0.01492929	0.00034447	-0.02307337
43.34251331	0.01492313	0.00034431	-0.02307204
43.34501331	0.01491697	0.00034415	-0.02307070
43.34751330	0.01491081	0.00034398	-0.02306937
43.35001330	0.01490466	0.00034382	-0.02306804
43.35251329	0.01489851	0.00034366	-0.02306671
43.35501329	0.01489236	0.00034350	-0.02306538
43.35751328	0.01488621	0.00034334	-0.02306405
43.36001328	0.01488006	0.00034317	-0.02306272
43.36251327	0.01487392	0.00034301	-0.02306139
43.36501327	0.01486777	0.00034285	-0.02306006
43.36751326	0.01486163	0.00034269	-0.02305874
43.37001326	0.01485550	0.00034253	-0.02305741
43.37251325	0.01484936	0.00034237	-0.02305608
43.37501325	0.01484323	0.00034221	-0.02305475
43.37751324	0.01483709	0.00034205	-0.02305342
43.38001324	0.01483096	0.00034188	-0.02305209
43.38251323	0.01482484	0.00034172	-0.02305076
43.38501323	0.01481871	0.00034156	-0.02304943
43.38751322	0.01481259	0.00034140	-0.02304811
43.39001322	0.01480647	0.00034124	-0.02304678
43.39251321	0.01480035	0.00034108	-0.02304545
43.39501321	0.01479423	0.00034092	-0.02304412
43.39751320	0.01478812	0.00034076	-0.02304279
43.40001320	0.01478200	0.00034060	-0.02304147
43.40251319	0.01477589	0.00034044	-0.02304014
43.40501319	0.01476978	0.00034028	-0.02303881
43.40751318	0.01476368	0.00034012	-0.02303749
43.41001318	0.01475757	0.00033996	-0.02303616
43.41251317	0.01475147	0.00033980	-0.02303483
43.41501317	0.01474537	0.00033964	-0.02303351
43.41751316	0.01473927	0.00033948	-0.02303218
43.42001316	0.01473318	0.00033932	-0.02303085
43.42251315	0.01472708	0.00033916	-0.02302953
43.42501315	0.01472099	0.00033900	-0.02302820
43.42751314	0.01471490	0.00033884	-0.02302688
43.43001314	0.01470882	0.00033868	-0.02302555
43.43251314	0.01470273	0.00033852	-0.02302423
43.43501313	0.01469665	0.00033836	-0.02302290
43.43751312	0.01469057	0.00033820	-0.02302158
43.44001312	0.01468449	0.00033804	-0.02302025
43.44251311	0.01467841	0.00033788	-0.02301893
43.44501311	0.01467233	0.00033772	-0.02301760
43.44751310	0.01466626	0.00033756	-0.02301628
43.45001310	0.01466019	0.00033740	-0.02301495
43.45251310	0.01465412	0.00033724	-0.02301363
43.45501309	0.01464806	0.00033709	-0.02301230
43.45751308	0.01464199	0.00033693	-0.02301098
43.46001308	0.01463593	0.00033677	-0.02300966
43.46251307	0.01462987	0.00033661	-0.02300833
43.46501307	0.01462381	0.00033645	-0.02300701
43.46751306	0.01461775	0.00033629	-0.02300569
43.47001306	0.01461170	0.00033613	-0.02300436
43.47251306	0.01460565	0.00033597	-0.02300304
43.47501305	0.01459960	0.00033582	-0.02300172
43.47751304	0.01459355	0.00033566	-0.02300040
43.48001304	0.01458751	0.00033550	-0.02299907
43.48251303	0.01458146	0.00033534	-0.02299775
43.48501303	0.01457542	0.00033518	-0.02299643
43.48751302	0.01456938	0.00033502	-0.02299511
43.49001302	0.01456334	0.00033487	-0.02299378
43.49251302	0.01455731	0.00033471	-0.02299246
43.49501301	0.01455128	0.00033455	-0.02299114
43.49751300	0.01454524	0.00033439	-0.02298982
43.50001300	0.01453922	0.00033423	-0.02298850
43.50251299	0.01453319	0.00033408	-0.02298718
43.50501299	0.01452716	0.00033392	-0.02298586
43.50751298	0.01452114	0.00033376	-0.02298454
43.51001298	0.01451512	0.00033360	-0.02298322
43.51251297	0.01450910	0.00033345	-0.02298189
43.51501297	0.01450308	0.00033329	-0.02298057
43.51751296	0.01449707	0.00033313	-0.02297925
43.52001296	0.01449106	0.00033297	-0.02297793
43.52251295	0.01448505	0.00033282	-0.02297661
43.52501295	0.01447904	0.00033266	-0.02297529
43.52751294	0.01447303	0.00033250	-0.02297398
43.53001294	0.01446703	0.00033235	-0.02297266
43.53251293	0.01446103	0.00033219	-0.02297134
43.53501293	0.01445503	0.00033203	-0.02297002
43.53751292	0.01444903	0.00033188	-0.02296870
43.54001292	0.01444303	0.00033172	-0.02296738
43.54251291	0.01443704	0.00033156	-0.02296606
43.54501291	0.01443105	0.00033141	-0.02296474
43.54751290	0.01442506	0.00033125	-0.02296342
43.55001290	0.01441907	0.00033109	-0.02296211
43.55251289	0.01441308	0.00033094	-0.02296079
43.55501289	0.01440710	0.00033078	-0.02295947
43.55751288	0.01440112	0.00033062	-0.02295815
43.56001288	0.01439514	0.00033047	-0.02295683
43.56251287	0.01438916	0.00033031	-0.02295552
43.56501287	0.01438319	0.00033015	-0.02295420
43.56751286	0.01437721	0.00033000	-0.02295288
43.57001286	0.01437124	0.00032984	-0.02295157
43.57251285	0.01436527	0.00032969	-0.02295025
43.57501285	0.01435931	0.00032953	-0.02294893
43.57751284	0.01435334	0.00032937	-0.02294762
43.58001284	0.01434738	0.00032922	-0.02294630
43.58251283	0.01434142	0.00032906	-0.02294498
43.58501283	0.01433546	0.00032891	-0.02294367
43.58751282	0.01432950	0.00032875	-0.02294235
43.59001282	0.01432355	0.00032860	-0.02294103
43.59251281	0.01431760	0.00032844	-0.02293972
43.59501281	0.01431165	0.00032829	-0.02293840
43.59751280	0.01430570	0.00032813	-0.02293709
43.60001280	0.01429975	0.00032798	-0.02293577
43.60251279	0.01429381	0.00032782	-0.02293446
43.60501279	0.01428786	0.00032767	-0.02293314
43.60751278	0.01428192	0.00032751	-0.02293183
43.61001278	0.01427599	0.00032736	-0.02293051
43.61251277	0.01427005	0.00032720	-0.02292920
43.61501277	0.01426411	0.00032705	-0.02292789
43.61751276	0.01425818	0.00032689	-0.02292657
43.62001276	0.01425225	0.00032674	-0.02292526
43.62251275	0.01424632	0.00032658	-0.02292394
43.62501275	0.01424040	0.00032643	-0.02292263
43.62751274	0.01423447	0.00032627	-0.02292132
43.63001274	0.01422855	0.00032612	-0.02292000
43.63251273	0.01422263	0.00032596	-0.02291869
43.63501273	0.01421672	0.00032581	-0.02291738
43.63751273	0.01421080	0.00032566	-0.02291606
43.64001272	0.01420489	0.00032550	-0.02291475
43.64251271	0.01419897	0.00032535	-0.02291344
43.64501271	0.01419306	0.00032519	-0.02291213
43.64751270	0.01418716	0.00032504	-0.02291081
43.65001270	0.01418125	0.00032489	-0.02290950
43.65251269	0.01417535	0.00032473	-0.02290819
43.65501269	0.01416945	0.00032458	-0.02290688
43.65751269	0.01416355	0.00032442	-0.02290557
43.66001268	0.01415765	0.00032427	-0.02290425
43.66251267	0.01415175	0.00032412	-0.02290294
43.66501267	0.01414586	0.00032396	-0.02290163
43.66751266	0.01413997	0.00032381	-0.02290032
43.67001266	0.01413408	0.00032366	-0.02289901
43.67251265	0.01412819	0.00032350	-0.02289770
43.67501265	0.01412231	0.00032335	-0.02289639
43.67751265	0.01411642	0.00032320	-0.02289508
43.68001264	0.01411054	0.00032304	-0.02289377
43.68251263	0.01410466	0.00032289	-0.02289246
43.68501263	0.01409879	0.00032274	-0.02289115
43.68751262	0.01409291	0.00032258	-0.02288984
43.69001262	0.01408704	0.00032243	-0.02288853
43.69251261	0.01408117	0.00032228	-0.02288722
43.69501261	0.01407530	0.00032213	-0.02288591
43.69751261	0.01406943	0.00032197	-0.02288460
43.70001260	0.01406357	0.00032182	-0.02288329
43.70251259	0.01405770	0.00032167	-0.02288198
43.70501259	0.01405184	0.00032152	-0.02288067
43.70751258	0.01404598	0.00032136	-0.02287936
43.71001258	0.01404013	0.00032121	-0.02287805
43.71251257	0.01403427	0.00032106	-0.02287674
43.71501257	0.01402842	0.00032091	-0.02287544
43.71751256	0.01402257	0.00032075	-0.02287413
43.72001256	0.01401672	0.00032060	-0.02287282
43.72251255	0.01401087	0.00032045	-0.02287151
43.72501255	0.01400503	0.00032030	-0.02287020
43.72751254	0.01399918	0.00032015	-0.02286890
43.73001254	0.01399334	0.00031999	-0.02286759
43.73251253	0.01398751	0.00031984	-0.02286628
43.73501253	0.01398167	0.00031969	-0.02286498
43.73751252	0.01397583	0.00031954	-0.02286367
43.74001252	0.01397000	0.00031939	-0.02286236
43.74251251	0.01396417	0.00031924	-0.02286106
43.74501251	0.01395834	0.00031908	-0.02285975
43.74751250	0.01395252	0.00031893	-0.02285844
43.75001250	0.01394669	0.00031878	-0.02285714
43.75251249	0.01394087	0.00031863	-0.02285583
43.75501249	0.01393505	0.00031848	-0.02285452
43.75751248	0.01392923	0.00031833	-0.02285322
43.76001248	0.01392341	0.00031818	-0.02285191
43.76251247	0.01391760	0.00031803	-0.02285061
43.76501247	0.01391178	0.00031787	-0.02284930
43.76751246	0.01390597	0.00031772	-0.02284800
43.77001246	0.01390017	0.00031757	-0.02284669
43.77251245	0.01389436	0.00031742	-0.02284539
43.77501245	0.01388855	0.00031727	-0.02284408
43.77751244	0.01388275	0.00031712	-0.02284278
43.78001244	0.01387695	0.00031697	-0.02284147
43.78251243	0.01387115	0.00031682	-0.02284017
43.78501243	0.01386536	0.00031667	-0.02283887
43.78751242	0.01385956	0.00031652	-0.02283756
43.79001242	0.01385377	0.00031637	-0.02283626
43.79251241	0.01384798	0.00031622	-0.02283495
43.79501241	0.01384219	0.00031607	-0.02283365
43.79751240	0.01383640	0.00031592	-0.02283235
43.80001240	0.01383062	0.00031577	-0.02283104
43.80251239	0.01382484	0.00031562	-0.02282974
43.80501239	0.01381906	0.00031547	-0.02282844
43.80751238	0.01381328	0.00031532	-0.02282714
43.81001238	0.01380750	0.00031517	-0.02282583
43.81251237	0.01380173	0.00031502	-0.02282453
43.81501237	0.01379595	0.00031487	-0.02282323
43.81751236	0.01379018	0.00031472	-0.02282193
43.82001236	0.01378441	0.00031457	-0.02282062
43.82251236	0.01377865	0.00031442	-0.02281932
43.82501235	0.01377288	0.00031427	-0.02281802
43.82751234	0.01376712	0.00031412	-0.02281672
43.83001234	0.01376136	0.00031397	-0.02281542
43.83251233	0.01375560	0.00031382	-0.02281412
43.83501233	0.01374984	0.00031367	-0.02281281
43.83751232	0.01374409	0.00031352	-0.02281151
43.84001232	0.01373834	0.00031337	-0.02281021
43.84251232	0.01373259	0.00031323	-0.02280891
43.84501231	0.01372684	0.00031308	-0.02280761
43.84751230	0.01372109	0.00031293	-0.02280631
43.85001230	0.01371535	0.00031278	-0.02280501
43.85251229	0.01370960	0.00031263	-0.02280371
43.85501229	0.01370386	0.00031248	-0.02280241
43.85751228	0.01369812	0.00031233	-0.02280111
43.86001228	0.01369239	0.00031218	-0.02279981
43.86251228	0.01368665	0.00031204	-0.02279851
43.86501227	0.01368092	0.00031189	-0.02279721
43.86751226	0.01367519	0.00031174	-0.02279591
43.87001226	0.01366946	0.00031159	-0.02279461
43.87251225	0.01366373	0.00031144	-0.02279332
43.87501225	0.01365801	0.00031129	-0.02279202
43.87751224	0.01365228	0.00031115	-0.02279072
43.88001224	0.01364656	0.00031100	-0.02278942
43.88251224	0.01364084	0.00031085	-0.02278812
43.88501223	0.01363513	0.00031070	-0.02278682
43.88751222	0.01362941	0.00031055	-0.02278552
43.89001222	0.01362370	0.00031041	-0.02278423
43.89251221	0.01361799	0.00031026	-0.02278293
43.89501221	0.01361228	0.00031011	-0.02278163
43.89751220	0.01360657	0.00030996	-0.02278033
43.90001220	0.01360086	0.00030981	-0.02277904
43.90251219	0.01359516	0.00030967	-0.02277774
43.90501219	0.01358946	0.00030952	-0.02277644
43.90751218	0.01358376	0.00030937	-0.02277515
43.91001218	0.01357806	0.00030922	-0.02277385
43.91251217	0.01357237	0.00030908	-0.02277255
43.91501217	0.01356667	0.00030893	-0.02277126
43.91751216	0.01356098	0.00030878	-0.02276996
43.92001216	0.01355529	0.00030864	-0.02276866
43.92251215	0.01354961	0.00030849	-0.02276737
43.92501215	0.01354392	0.00030834	-0.02276607
43.92751214	0.01353824	0.00030819	-0.02276478
43.93001214	0.01353255	0.00030805	-0.02276348
43.93251213	0.01352688	0.00030790	-0.02276219
43.93501213	0.01352120	0.00030775	-0.02276089
43.93751212	0.01351552	0.00030761	-0.02275960
43.94001212	0.01350985	0.00030746	-0.02275830
43.94251211	0.01350418	0.00030731	-0.02275701
43.94501211	0.01349851	0.00030717	-0.02275571
43.94751210	0.01349284	0.00030702	-0.02275442
43.95001210	0.01348717	0.00030688	-0.02275312
43.95251209	0.01348151	0.00030673	-0.02275183
43.95501209	0.01347585	0.00030658	-0.02275053
43.95751208	0.01347019	0.00030644	-0.02274924
43.96001208	0.01346453	0.00030629	-0.02274795
43.96251207	0.01345887	0.00030614	-0.02274665
43.96501207	0.01345322	0.00030600	-0.02274536
43.96751206	0.01344756	0.00030585	-0.02274407
43.97001206	0.01344191	0.00030571	-0.02274277
43.97251205	0.01343627	0.00030556	-0.02274148
43.97501205	0.01343062	0.00030541	-0.02274019
43.97751204	0.01342497	0.00030527	-0.02273889
43.98001204	0.01341933	0.00030512	-0.02273760
43.98251203	0.01341369	0.00030498	-0.02273631
43.98501203	0.01340805	0.00030483	-0.02273502
43.98751202	0.01340242	0.00030469	-0.02273372
43.99001202	0.01339678	0.00030454	-0.02273243
43.99251201	0.01339115	0.00030440	-0.02273114
43.99501201	0.01338552	0.00030425	-0.02272985
43.99751200	0.01337989	0.00030411	-0.02272856
44.00001200	0.01337426	0.00030396	-0.02272727
44.00251199	0.01336864	0.00030382	-0.02272598
44.00501199	0.01336301	0.00030367	-0.02272468
44.00751198	0.01335739	0.00030353	-0.02272339
44.01001198	0.01335177	0.00030338	-0.02272210
44.01251197	0.01334616	0.00030324	-0.02272081
44.01501197	0.01334054	0.00030309	-0.02271952
44.01751196	0.01333493	0.00030295	-0.02271823
44.02001196	0.01332932	0.00030280	-0.02271694
44.02251195	0.01332371	0.00030266	-0.02271565
44.02501195	0.01331810	0.00030251	-0.02271436
44.02751195	0.01331249	0.00030237	-0.02271307
44.03001194	0.01330689	0.00030222	-0.02271178
44.03251193	0.01330129	0.00030208	-0.02271049
44.03501193	0.01329569	0.00030193	-0.02270920
44.03751192	0.01329009	0.00030179	-0.02270791
44.04001192	0.01328449	0.00030165	-0.02270662
44.04251191	0.01327890	0.00030150	-0.02270534
44.04501191	0.01327331	0.00030136	-0.02270405
44.04751191	0.01326772	0.00030121	-0.02270276
44.05001190	0.01326213	0.00030107	-0.02270147
44.05251189	0.01325654	0.00030093	-0.02270018
44.05501189	0.01325096	0.00030078	-0.02269889
44.05751188	0.01324538	0.00030064	-0.02269760
44.06001188	0.01323979	0.00030049	-0.02269632
44.06251187	0.01323422	0.00030035	-0.02269503
44.06501187	0.01322864	0.00030021	-0.02269374
44.06751187	0.01322306	0.00030006	-0.02269245
44.07001186	0.01321749	0.00029992	-0.02269117
44.07251185	0.01321192	0.00029978	-0.02268988
44.07501185	0.01320635	0.00029963	-0.02268859
44.07751184	0.01320078	0.00029949	-0.02268731
44.08001184	0.01319522	0.00029935	-0.02268602
44.08251183	0.01318966	0.00029920	-0.02268473
44.08501183	0.01318409	0.00029906	-0.02268345
44.08751182	0.01317854	0.00029892	-0.02268216
44.09001182	0.01317298	0.00029877	-0.02268087
44.09251181	0.01316742	0.00029863	-0.02267959
44.09501181	0.01316187	0.00029849	-0.02267830
44.09751180	0.01315632	0.00029835	-0.02267702
44.10001180	0.01315077	0.00029820	-0.02267573
44.10251179	0.01314522	0.00029806	-0.02267445
44.10501179	0.01313967	0.00029792	-0.02267316
44.10751178	0.01313413	0.00029778	-0.02267188
44.11001178	0.01312859	0.00029763	-0.02267059
44.11251177	0.01312305	0.00029749	-0.02266931
44.11501177	0.01311751	0.00029735	-0.02266802
44.11751176	0.01311197	0.00029721	-0.02266674
44.12001176	0.01310644	0.00029706	-0.02266545
44.12251175	0.01310090	0.00029692	-0.02266417
44.12501175	0.01309537	0.00029678	-0.02266288
44.12751174	0.01308985	0.00029664	-0.02266160
44.13001174	0.01308432	0.00029649	-0.02266032
44.13251173	0.01307879	0.00029635	-0.02265903
44.13501173	0.01307327	0.00029621	-0.02265775
44.13751172	0.01306775	0.00029607	-0.02265647
44.14001172	0.01306223	0.00029593	-0.02265518
44.14251171	0.01305671	0.00029579	-0.02265390
44.14501171	0.01305120	0.00029564	-0.02265262
44.14751170	0.01304568	0.00029550	-0.02265133
44.15001170	0.01304017	0.00029536	-0.02265005
44.15251169	0.01303466	0.00029522	-0.02264877
44.15501169	0.01302915	0.00029508	-0.02264749
44.15751168	0.01302365	0.00029494	-0.02264620
44.16001168	0.01301814	0.00029479	-0.02264492
44.16251167	0.01301264	0.00029465	-0.02264364
44.16501167	0.01300714	0.00029451	-0.02264236
44.16751166	0.01300164	0.00029437	-0.02264108
44.17001166	0.01299615	0.00029423	-0.02263979
44.17251165	0.01299065	0.00029409	-0.02263851
44.17501165	0.01298516	0.00029395	-0.02263723
44.17751164	0.01297967	0.00029381	-0.02263595
44.18001164	0.01297418	0.00029367	-0.02263467
44.18251163	0.01296869	0.00029353	-0.02263339
44.18501163	0.01296321	0.00029338	-0.02263211
44.18751162	0.01295773	0.00029324	-0.02263083
44.19001162	0.01295224	0.00029310	-0.02262955
44.19251161	0.01294677	0.00029296	-0.02262827
44.19501161	0.01294129	0.00029282	-0.02262699
44.19751160	0.01293581	0.00029268	-0.02262571
44.20001160	0.01293034	0.00029254	-0.02262443
44.20251159	0.01292487	0.00029240	-0.02262315
44.20501159	0.01291940	0.00029226	-0.02262187
44.20751158	0.01291393	0.00029212	-0.02262059
44.21001158	0.01290846	0.00029198	-0.02261931
44.21251158	0.01290300	0.00029184	-0.02261803
44.21501157	0.01289754	0.00029170	-0.02261675
44.21751156	0.01289208	0.00029156	-0.02261547
44.22001156	0.01288662	0.00029142	-0.02261420
44.22251155	0.01288116	0.00029128	-0.02261292
44.22501155	0.01287571	0.00029114	-0.02261164
44.22751154	0.01287025	0.00029100	-0.02261036
44.23001154	0.01286480	0.00029086	-0.02260908
44.23251154	0.01285935	0.00029072	-0.02260781
44.23501153	0.01285391	0.00029058	-0.02260653
44.23751152	0.01284846	0.00029044	-0.02260525
44.24001152	0.01284302	0.00029030	-0.02260397
44.24251151	0.01283758	0.00029016	-0.02260270
44.24501151	0.01283214	0.00029002	-0.02260142
44.24751150	0.01282670	0.00028989	-0.02260014
44.25001150	0.01282126	0.00028975	-0.02259886
44.25251150	0.01281583	0.00028961	-0.02259759
44.25501149	0.01281040	0.00028947	-0.02259631
44.25751148	0.01280496	0.00028933	-0.02259503
44.26001148	0.01279954	0.00028919	-0.02259376
44.26251147	0.01279411	0.00028905	-0.02259248
44.26501147	0.01278868	0.00028891	-0.02259121
44.26751146	0.01278326	0.00028877	-0.02258993
44.27001146	0.01277784	0.00028863	-0.02258865
44.27251146	0.01277242	0.00028850	-0.02258738
44.27501145	0.01276700	0.00028836	-0.02258610
44.27751144	0.01276159	0.00028822	-0.02258483
44.28001144	0.01275618	0.00028808	-0.02258355
44.28251143	0.01275076	0.00028794	-0.02258228
44.28501143	0.01274535	0.00028780	-0.02258100
44.28751142	0.01273995	0.00028766	-0.02257973
44.29001142	0.01273454	0.00028753	-0.02257845
44.29251141	0.01272914	0.00028739	-0.02257718
44.29501141	0.01272373	0.00028725	-0.02257591
44.29751140	0.01271833	0.00028711	-0.02257463
44.30001140	0.01271294	0.00028697	-0.02257336
44.30251139	0.01270754	0.00028684	-0.02257208
44.30501139	0.01270214	0.00028670	-0.02257081
44.30751138	0.01269675	0.00028656	-0.02256954
44.31001138	0.01269136	0.00028642	-0.02256826
44.31251137	0.01268597	0.00028628	-0.02256699
44.31501137	0.01268058	0.00028615	-0.02256572
44.31751136	0.01267520	0.00028601	-0.02256444
44.32001136	0.01266981	0.00028587	-0.02256317
44.32251135	0.01266443	0.00028573	-0.02256190
44.32501135	0.01265905	0.00028560	-0.02256063
44.32751134	0.01265367	0.00028546	-0.02255935
44.33001134	0.01264830	0.00028532	-0.02255808
44.33251133	0.01264292	0.00028518	-0.02255681
44.33501133	0.01263755	0.00028505	-0.02255554
44.33751132	0.01263218	0.00028491	-0.02255427
44.34001132	0.01262681	0.00028477	-0.02255299
44.34251131	0.01262144	0.00028464	-0.02255172
44.34501131	0.01261608	0.00028450	-0.02255045
44.34751130	0.01261072	0.00028436	-0.02254918
44.35001130	0.01260535	0.00028422	-0.02254791
44.35251129	0.01259999	0.00028409	-0.02254664
44.35501129	0.01259464	0.00028395	-0.02254537
44.35751128	0.01258928	0.00028381	-0.02254410
44.36001128	0.01258393	0.00028368	-0.02254283
44.36251127	0.01257858	0.00028354	-0.02254156
44.36501127	0.01257323	0.00028340	-0.02254029
44.36751126	0.01256788	0.00028327	-0.02253901
44.37001126	0.01256253	0.00028313	-0.02253775
44.37251125	0.01255719	0.00028299	-0.02253648
44.37501125	0.01255184	0.00028286	-0.02253521
44.37751124	0.01254650	0.00028272	-0.02253394
44.38001124	0.01254116	0.00028259	-0.02253267
44.38251123	0.01253582	0.00028245	-0.02253140
44.38501123	0.01253049	0.00028231	-0.02253013
44.38751122	0.01252516	0.00028218	-0.02252886
44.39001122	0.01251982	0.00028204	-0.02252759
44.39251121	0.01251449	0.00028191	-0.02252632
44.39501121	0.01250917	0.00028177	-0.02252505
44.39751120	0.01250384	0.00028163	-0.02252379
44.40001120	0.01249851	0.00028150	-0.02252252
44.40251119	0.01249319	0.00028136	-0.02252125
44.40501119	0.01248787	0.00028123	-0.02251998
44.40751118	0.01248255	0.00028109	-0.02251871
44.41001118	0.01247724	0.00028096	-0.02251745
44.41251117	0.01247192	0.00028082	-0.02251618
44.41501117	0.01246661	0.00028068	-0.02251491
44.41751117	0.01246129	0.00028055	-0.02251364
44.42001116	0.01245598	0.00028041	-0.02251238
44.42251115	0.01245068	0.00028028	-0.02251111
44.42501115	0.01244537	0.00028014	-0.02250984
44.42751114	0.01244007	0.00028001	-0.02250858
44.43001114	0.01243476	0.00027987	-0.02250731
44.43251113	0.01242946	0.00027974	-0.02250604
44.43501113	0.01242416	0.00027960	-0.02250478
44.43751113	0.01241887	0.00027947	-0.02250351
44.44001112	0.01241357	0.00027933	-0.02250224
44.44251111	0.01240828	0.00027920	-0.02250098
44.44501111	0.01240299	0.00027906	-0.02249971
44.44751110	0.01239770	0.00027893	-0.02249845
44.45001110	0.01239241	0.00027879	-0.02249718
44.45251109	0.01238712	0.00027866	-0.02249592
44.45501109	0.01238184	0.00027853	-0.02249465
44.45751109	0.01237656	0.00027839	-0.02249339
44.46001108	0.01237128	0.00027826	-0.02249212
44.46251107	0.01236600	0.00027812	-0.02249086
44.46501107	0.01236072	0.00027799	-0.02248959
44.46751106	0.01235545	0.00027785	-0.02248833
44.47001106	0.01235017	0.00027772	-0.02248706
44.47251105	0.01234490	0.00027758	-0.02248580
44.47501105	0.01233963	0.00027745	-0.02248454
44.47751104	0.01233436	0.00027732	-0.02248327
44.48001104	0.01232910	0.00027718	-0.02248201
44.48251103	0.01232383	0.00027705	-0.02248075
44.48501103	0.01231857	0.00027692	-0.02247948
44.48751102	0.01231331	0.00027678	-0.02247822
44.49001102	0.01230805	0.00027665	-0.02247696
44.49251101	0.01230280	0.00027651	-0.02247569
44.49501101	0.01229754	0.00027638	-0.02247443
44.49751100	0.01229229	0.00027625	-0.02247317
44.50001100	0.01228704	0.00027611	-0.02247190
44.50251099	0.01228179	0.00027598	-0.02247064
44.50501099	0.01227654	0.00027585	-0.02246938
44.50751098	0.01227129	0.00027571	-0.02246812
44.51001098	0.01226605	0.00027558	-0.02246686
44.51251097	0.01226081	0.00027545	-0.02246559
44.51501097	0.01225557	0.00027531	-0.02246433
44.51751096	0.01225033	0.00027518	-0.02246307
44.52001096	0.01224509	0.00027505	-0.02246181
44.52251095	0.01223986	0.00027491	-0.02246055
44.52501095	0.01223462	0.00027478	-0.02245929
44.52751094	0.01222939	0.00027465	-0.02245803
44.53001094	0.01222416	0.00027452	-0.02245677
44.53251093	0.01221893	0.00027438	-0.02245550
44.53501093	0.01221371	0.00027425	-0.02245424
44.53751092	0.01220848	0.00027412	-0.02245298
44.54001092	0.01220326	0.00027398	-0.02245172
44.54251091	0.01219804	0.00027385	-0.02245046
44.54501091	0.01219282	0.00027372	-0.02244920
44.54751090	0.01218760	0.00027359	-0.02244794
44.55001090	0.01218239	0.00027345	-0.02244668
44.55251089	0.01217717	0.00027332	-0.02244542
44.55501089	0.01217196	0.00027319	-0.02244416
44.55751088	0.01216675	0.00027306	-0.02244291
44.56001088	0.01216154	0.00027293	-0.02244165
44.56251087	0.01215634	0.00027279	-0.02244039
44.56501087	0.01215113	0.00027266	-0.02243913
44.56751086	0.01214593	0.00027253	-0.02243787
44.57001086	0.01214073	0.00027240	-0.02243661
44.57251085	0.01213553	0.00027226	-0.02243535
44.57501085	0.01213033	0.00027213	-0.02243409
44.57751084	0.01212514	0.00027200	-0.02243284
44.58001084	0.01211994	0.00027187	-0.02243158
44.58251083	0.01211475	0.00027174	-0.02243032
44.58501083	0.01210956	0.00027161	-0.02242906
44.58751082	0.01210437	0.00027147	-0.02242781
44.59001082	0.01209919	0.00027134	-0.02242655
44.59251081	0.01209400	0.00027121	-0.02242529
44.59501081	0.01208882	0.00027108	-0.02242403
44.59751080	0.01208364	0.00027095	-0.02242278
44.60001080	0.01207846	0.00027082	-0.02242152
44.60251079	0.01207328	0.00027069	-0.02242026
44.60501079	0.01206811	0.00027055	-0.02241901
44.60751078	0.01206293	0.00027042	-0.02241775
44.61001078	0.01205776	0.00027029	-0.02241649
44.61251077	0.01205259	0.00027016	-0.02241524
44.61501077	0.01204742	0.00027003	-0.02241398
44.61751076	0.01204225	0.00026990	-0.02241273
44.62001076	0.01203709	0.00026977	-0.02241147
44.62251076	0.01203193	0.00026964	-0.02241021
44.62501075	0.01202676	0.00026951	-0.02240896
44.62751074	0.01202160	0.00026938	-0.02240770
44.63001074	0.01201645	0.00026925	-0.02240645
44.63251073	0.01201129	0.00026912	-0.02240519
44.63501073	0.01200614	0.00026898	-0.02240394
44.63751072	0.01200098	0.00026885	-0.02240268
44.64001072	0.01199583	0.00026872	-0.02240143
44.64251072	0.01199068	0.00026859	-0.02240017
44.64501071	0.01198554	0.00026846	-0.02239892
44.64751070	0.01198039	0.00026833	-0.02239767
44.65001070	0.01197525	0.00026820	-0.02239641
44.65251069	0.01197010	0.00026807	-0.02239516
44.65501069	0.01196496	0.00026794	-0.02239390
44.65751068	0.01195983	0.00026781	-0.02239265
44.66001068	0.01195469	0.00026768	-0.02239140
44.66251068	0.01194955	0.00026755	-0.02239014
44.66501067	0.01194442	0.00026742	-0.02238889
44.66751066	0.01193929	0.00026729	-0.02238764
44.67001066	0.01193416	0.00026716	-0.02238638
44.67251065	0.01192903	0.00026703	-0.02238513
44.67501065	0.01192391	0.00026690	-0.02238388
44.67751064	0.01191878	0.00026677	-0.02238263
44.68001064	0.01191366	0.00026664	-0.02238137
44.68251063	0.01190854	0.00026651	-0.02238012
44.68501063	0.01190342	0.00026639	-0.02237887
44.68751062	0.01189830	0.00026626	-0.02237762
44.69001062	0.01189319	0.00026613	-0.02237637
44.69251061	0.01188807	0.00026600	-0.02237511
44.69501061	0.01188296	0.00026587	-0.02237386
44.69751060	0.01187785	0.00026574	-0.02237261
44.70001060	0.01187274	0.00026561	-0.02237136
44.70251059	0.01186764	0.00026548	-0.02237011
44.70501059	0.01186253	0.00026535	-0.02236886
44.70751058	0.01185743	0.00026522	-0.02236761
44.71001058	0.01185233	0.00026509	-0.02236636
44.71251057	0.01184723	0.00026496	-0.02236511
44.71501057	0.01184213	0.00026484	-0.02236385
44.71751056	0.01183703	0.00026471	-0.02236260
44.72001056	0.01183194	0.00026458	-0.02236135
44.72251055	0.01182685	0.00026445	-0.02236010
44.72501055	0.01182176	0.00026432	-0.02235885
44.72751054	0.01181667	0.00026419	-0.02235760
44.73001054	0.01181158	0.00026406	-0.02235636
44.73251053	0.01180650	0.00026394	-0.02235511
44.73501053	0.01180141	0.00026381	-0.02235386
44.73751052	0.01179633	0.00026368	-0.02235261
44.74001052	0.01179125	0.00026355	-0.02235136
44.74251051	0.01178617	0.00026342	-0.02235011
44.74501051	0.01178109	0.00026329	-0.02234886
44.74751050	0.01177602	0.00026317	-0.02234761
44.75001050	0.01177095	0.00026304	-0.02234636
44.75251049	0.01176587	0.00026291	-0.02234512
44.75501049	0.01176081	0.00026278	-0.02234387
44.75751048	0.01175574	0.00026265	-0.02234262
44.76001048	0.01175067	0.00026253	-0.02234137
44.76251047	0.01174561	0.00026240	-0.02234012
44.76501047	0.01174054	0.00026227	-0.02233888
44.76751046	0.01173548	0.00026214	-0.02233763
44.77001046	0.01173042	0.00026202	-0.02233638
44.77251045	0.01172537	0.00026189	-0.02233513
44.77501045	0.01172031	0.00026176	-0.02233389
44.77751044	0.01171526	0.00026163	-0.02233264
44.78001044	0.01171020	0.00026151	-0.02233139
44.78251043	0.01170515	0.00026138	-0.02233015
44.78501043	0.01170011	0.00026125	-0.02232890
44.78751042	0.01169506	0.00026112	-0.02232765
44.79001042	0.01169001	0.00026100	-0.02232641
44.79251041	0.01168497	0.00026087	-0.02232516
44.79501041	0.01167993	0.00026074	-0.02232391
44.79751040	0.01167489	0.00026061	-0.02232267
44.80001040	0.01166985	0.00026049	-0.02232142
44.80251039	0.01166481	0.00026036	-0.02232018
44.80501039	0.01165978	0.00026023	-0.02231893
44.80751039	0.01165474	0.00026011	-0.02231769
44.81001038	0.01164971	0.00025998	-0.02231644
44.81251037	0.01164468	0.00025985	-0.02231520
44.81501037	0.01163966	0.00025973	-0.02231395
44.81751036	0.01163463	0.00025960	-0.02231271
44.82001036	0.01162961	0.00025947	-0.02231146
44.82251035	0.01162458	0.00025935	-0.02231022
44.82501035	0.01161956	0.00025922	-0.02230897
44.82751035	0.01161454	0.00025909	-0.02230773
44.83001034	0.01160953	0.00025897	-0.02230649
44.83251033	0.01160451	0.00025884	-0.02230524
44.83501033	0.01159950	0.00025872	-0.02230400
44.83751032	0.01159448	0.00025859	-0.02230275
44.84001032	0.01158947	0.00025846	-0.02230151
44.84251031	0.01158446	0.00025834	-0.02230027
44.84501031	0.01157946	0.00025821	-0.02229902
44.84751031	0.01157445	0.00025808	-0.02229778
44.85001030	0.01156945	0.00025796	-0.02229654
44.85251029	0.01156445	0.00025783	-0.02229530
44.85501029	0.01155945	0.00025771	-0.02229405
44.85751028	0.01155445	0.00025758	-0.02229281
44.86001028	0.01154945	0.00025746	-0.02229157
44.86251027	0.01154446	0.00025733	-0.02229033
44.86501027	0.01153946	0.00025720	-0.02228908
44.86751026	0.01153447	0.00025708	-0.02228784
44.87001026	0.01152948	0.00025695	-0.02228660
44.87251025	0.01152449	0.00025683	-0.02228536
44.87501025	0.01151951	0.00025670	-0.02228412
44.87751024	0.01151452	0.00025658	-0.02228288
44.88001024	0.01150954	0.00025645	-0.02228163
44.88251023	0.01150456	0.00025633	-0.02228039
44.88501023	0.01149958	0.00025620	-0.02227915
44.88751022	0.01149460	0.00025608	-0.02227791
44.89001022	0.01148962	0.00025595	-0.02227667
44.89251021	0.01148465	0.00025583	-0.02227543
44.89501021	0.01147968	0.00025570	-0.02227419
44.89751020	0.01147471	0.00025558	-0.02227295
44.90001020	0.01146974	0.00025545	-0.02227171
44.90251019	0.01146477	0.00025533	-0.02227047
44.90501019	0.01145980	0.00025520	-0.02226923
44.90751018	0.01145484	0.00025508	-0.02226799
44.91001018	0.01144988	0.00025495	-0.02226675
44.91251017	0.01144492	0.00025483	-0.02226551
44.91501017	0.01143996	0.00025470	-0.02226427
44.91751016	0.01143500	0.00025458	-0.02226303
44.92001016	0.01143004	0.00025445	-0.02226179
44.92251015	0.01142509	0.00025433	-0.02226055
44.92501015	0.01142014	0.00025420	-0.02225932
44.92751014	0.01141519	0.00025408	-0.02225808
44.93001014	0.01141024	0.00025396	-0.02225684
44.93251013	0.01140529	0.00025383	-0.02225560
44.93501013	0.01140035	0.00025371	-0.02225436
44.93751012	0.01139540	0.00025358	-0.02225312
44.94001012	0.01139046	0.00025346	-0.02225189
44.94251011	0.01138552	0.00025334	-0.02225065
44.94501011	0.01138058	0.00025321	-0.02224941
44.94751010	0.01137565	0.00025309	-0.02224817
44.95001010	0.01137071	0.00025296	-0.02224694
44.95251009	0.01136578	0.00025284	-0.02224570
44.95501009	0.01136085	0.00025272	-0.02224446
44.95751008	0.01135592	0.00025259	-0.02224322
44.96001008	0.01135099	0.00025247	-0.02224199
44.96251007	0.01134606	0.00025234	-0.02224075
44.96501007	0.01134114	0.00025222	-0.02223951
44.96751006	0.01133621	0.00025210	-0.02223828
44.97001006	0.01133129	0.00025197	-0.02223704
44.97251005	0.01132637	0.00025185	-0.02223581
44.97501005	0.01132145	0.00025173	-0.02223457
44.97751004	0.01131654	0.00025160	-0.02223333
44.98001004	0.01131162	0.00025148	-0.02223210
44.98251003	0.01130671	0.00025136	-0.02223086
44.98501003	0.01130180	0.00025123	-0.02222963
44.98751002	0.01129689	0.00025111	-0.02222839
44.99001002	0.01129198	0.00025099	-0.02222716
44.99251001	0.01128707	0.00025087	-0.02222592
44.99501001	0.01128217	0.00025074	-0.02222469
44.99751000	0.01127727	0.00025062	-0.02222345
45.00001000	0.01127237	0.00025050	-0.02222222
45.00250999	0.01126747	0.00025037	-0.02222098
45.00500999	0.01126257	0.00025025	-0.02221975
45.00750998	0.01125767	0.00025013	-0.02221851
45.01000998	0.01125278	0.00025001	-0.02221728
45.01250998	0.01124788	0.00024988	-0.02221605
45.01500997	0.01124299	0.00024976	-0.02221481
45.01750996	0.01123810	0.00024964	-0.02221358
45.02000996	0.01123322	0.00024952	-0.02221235
45.02250995	0.01122833	0.00024939	-0.02221111
45.02500995	0.01122345	0.00024927	-0.02220988
45.02750994	0.01121856	0.00024915	-0.02220865
45.03000994	0.01121368	0.00024903	-0.02220741
45.03250994	0.01120880	0.00024890	-0.02220618
45.03500993	0.01120393	0.00024878	-0.02220495
45.03750992	0.01119905	0.00024866	-0.02220371
45.04000992	0.01119418	0.00024854	-0.02220248
45.04250991	0.01118930	0.00024842	-0.02220125
45.04500991	0.01118443	0.00024829	-0.02220002
45.04750990	0.01117956	0.00024817	-0.02219879
45.05000990	0.01117470	0.00024805	-0.02219755
45.05250990	0.01116983	0.00024793	-0.02219632
45.05500989	0.01116497	0.00024781	-0.02219509
45.05750988	0.01116010	0.00024769	-0.02219386
45.06000988	0.01115524	0.00024756	-0.02219263
45.06250987	0.01115038	0.00024744	-0.02219140
45.06500987	0.01114553	0.00024732	-0.02219016
45.06750986	0.01114067	0.00024720	-0.02218893
45.07000986	0.01113582	0.00024708	-0.02218770
45.07250985	0.01113096	0.00024696	-0.02218647
45.07500985	0.01112611	0.00024684	-0.02218524
45.07750984	0.01112126	0.00024671	-0.02218401
45.08000984	0.01111642	0.00024659	-0.02218278
45.08250983	0.01111157	0.00024647	-0.02218155
45.08500983	0.01110673	0.00024635	-0.02218032
45.08750982	0.01110188	0.00024623	-0.02217909
45.09000982	0.01109704	0.00024611	-0.02217786
45.09250981	0.01109220	0.00024599	-0.02217663
45.09500981	0.01108737	0.00024587	-0.02217540
45.09750980	0.01108253	0.00024575	-0.02217417
45.10000980	0.01107770	0.00024563	-0.02217294
45.10250979	0.01107286	0.00024550	-0.02217172
45.10500979	0.01106803	0.00024538	-0.02217049
45.10750978	0.01106320	0.00024526	-0.02216926
45.11000978	0.01105838	0.00024514	-0.02216803
45.11250977	0.01105355	0.00024502	-0.02216680
45.11500977	0.01104873	0.00024490	-0.02216557
45.11750976	0.01104391	0.00024478	-0.02216434
45.12000976	0.01103908	0.00024466	-0.02216312
45.12250975	0.01103427	0.00024454	-0.02216189
45.12500975	0.01102945	0.00024442	-0.02216066
45.12750974	0.01102463	0.00024430	-0.02215943
45.13000974	0.01101982	0.00024418	-0.02215820
45.13250973	0.01101501	0.00024406	-0.02215698
45.13500973	0.01101019	0.00024394	-0.02215575
45.13750972	0.01100539	0.00024382	-0.02215452
45.14000972	0.01100058	0.00024370	-0.02215330
45.14250971	0.01099577	0.00024358	-0.02215207
45.14500971	0.01099097	0.00024346	-0.02215084
45.14750970	0.01098617	0.00024334	-0.02214962
45.15000970	0.01098136	0.00024322	-0.02214839
45.15250969	0.01097657	0.00024310	-0.02214716
45.15500969	0.01097177	0.00024298	-0.02214594
45.15750968	0.01096697	0.00024286	-0.02214471
45.16000968	0.01096218	0.00024274	-0.02214349
45.16250967	0.01095738	0.00024262	-0.02214226
45.16500967	0.01095259	0.00024250	-0.02214103
45.16750966	0.01094780	0.00024238	-0.02213981
45.17000966	0.01094302	0.00024226	-0.02213858
45.17250965	0.01093823	0.00024214	-0.02213736
45.17500965	0.01093345	0.00024202	-0.02213613
45.17750964	0.01092866	0.00024190	-0.02213491
45.18000964	0.01092388	0.00024179	-0.02213368
45.18250963	0.01091910	0.00024167	-0.02213246
45.18500963	0.01091433	0.00024155	-0.02213123
45.18750962	0.01090955	0.00024143	-0.02213001
45.19000962	0.01090477	0.00024131	-0.02212878
45.19250961	0.01090000	0.00024119	-0.02212756
45.19500961	0.01089523	0.00024107	-0.02212634
45.19750961	0.01089046	0.00024095	-0.02212511
45.20000960	0.01088569	0.00024083	-0.02212389
45.20250959	0.01088093	0.00024072	-0.02212267
45.20500959	0.01087616	0.00024060	-0.02212144
45.20750958	0.01087140	0.00024048	-0.02212022
45.21000958	0.01086664	0.00024036	-0.02211900
45.21250957	0.01086188	0.00024024	-0.02211777
45.21500957	0.01085712	0.00024012	-0.02211655
45.21750957	0.01085236	0.00024000	-0.02211533
45.22000956	0.01084761	0.00023989	-0.02211410
45.22250955	0.01084286	0.00023977	-0.02211288
45.22500955	0.01083810	0.00023965	-0.02211166
45.22750954	0.01083335	0.00023953	-0.02211044
45.23000954	0.01082861	0.00023941	-0.02210921
45.23250953	0.01082386	0.00023929	-0.02210799
45.23500953	0.01081911	0.00023918	-0.02210677
45.23750953	0.01081437	0.00023906	-0.02210555
45.24000952	0.01080963	0.00023894	-0.02210433
45.24250951	0.01080489	0.00023882	-0.02210311
45.24500951	0.01080015	0.00023870	-0.02210189
45.24750950	0.01079541	0.00023859	-0.02210066
45.25000950	0.01079068	0.00023847	-0.02209944
45.25250949	0.01078595	0.00023835	-0.02209822
45.25500949	0.01078121	0.00023823	-0.02209700
45.25750948	0.01077648	0.00023811	-0.02209578
45.26000948	0.01077175	0.00023800	-0.02209456
45.26250947	0.01076703	0.00023788	-0.02209334
45.26500947	0.01076230	0.00023776	-0.02209212
45.26750946	0.01075758	0.00023764	-0.02209090
45.27000946	0.01075286	0.00023753	-0.02208968
45.27250945	0.01074814	0.00023741	-0.02208846
45.27500945	0.01074342	0.00023729	-0.02208724
45.27750944	0.01073870	0.00023718	-0.02208602
45.28000944	0.01073398	0.00023706	-0.02208480
45.28250943	0.01072927	0.00023694	-0.02208358
45.28500943	0.01072456	0.00023682	-0.02208236
45.28750942	0.01071985	0.00023671	-0.02208114
45.29000942	0.01071514	0.00023659	-0.02207992
45.29250941	0.01071043	0.00023647	-0.02207871
45.29500941	0.01070572	0.00023636	-0.02207749
45.29750940	0.01070102	0.00023624	-0.02207627
45.30000940	0.01069632	0.00023612	-0.02207505
45.30250939	0.01069161	0.00023600	-0.02207383
45.30500939	0.01068692	0.00023589	-0.02207261
45.30750938	0.01068222	0.00023577	-0.02207140
45.31000938	0.01067752	0.00023565	-0.02207018
45.31250937	0.01067283	0.00023554	-0.02206896
45.31500937	0.01066813	0.00023542	-0.02206774
45.31750936	0.01066344	0.00023531	-0.02206653
45.32000936	0.01065875	0.00023519	-0.02206531
45.32250935	0.01065406	0.00023507	-0.02206409
45.32500935	0.01064938	0.00023496	-0.02206287
45.32750934	0.01064469	0.00023484	-0.02206166
45.33000934	0.01064001	0.00023472	-0.02206044
45.33250933	0.01063533	0.00023461	-0.02205922
45.33500933	0.01063065	0.00023449	-0.02205801
45.33750932	0.01062597	0.00023437	-0.02205679
45.34000932	0.01062129	0.00023426	-0.02205558
45.34250931	0.01061662	0.00023414	-0.02205436
45.34500931	0.01061194	0.00023403	-0.02205314
45.34750930	0.01060727	0.00023391	-0.02205193
45.35000930	0.01060260	0.00023379	-0.02205071
45.35250929	0.01059793	0.00023368	-0.02204950
45.35500929	0.01059326	0.00023356	-0.02204828
45.35750928	0.01058860	0.00023345	-0.02204707
45.36000928	0.01058393	0.00023333	-0.02204585
45.36250927	0.01057927	0.00023322	-0.02204464
45.36500927	0.01057461	0.00023310	-0.02204342
45.36750926	0.01056995	0.00023299	-0.02204221
45.37000926	0.01056529	0.00023287	-0.02204099
45.37250925	0.01056064	0.00023275	-0.02203978
45.37500925	0.01055598	0.00023264	-0.02203856
45.37750924	0.01055133	0.00023252	-0.02203735
45.38000924	0.01054668	0.00023241	-0.02203613
45.38250923	0.01054203	0.00023229	-0.02203492
45.38500923	0.01053738	0.00023218	-0.02203371
45.38750922	0.01053273	0.00023206	-0.02203249
45.39000922	0.01052809	0.00023195	-0.02203128
45.39250921	0.01052345	0.00023183	-0.02203007
45.39500921	0.01051880	0.00023172	-0.02202885
45.39750920	0.01051416	0.00023160	-0.02202764
45.40000920	0.01050953	0.00023149	-0.02202643
45.40250920	0.01050489	0.00023137	-0.02202521
45.40500919	0.01050025	0.00023126	-0.02202400
45.40750918	0.01049562	0.00023114	-0.02202279
45.41000918	0.01049099	0.00023103	-0.02202158
45.41250917	0.01048636	0.00023091	-0.02202036
45.41500917	0.01048173	0.00023080	-0.02201915
45.41750916	0.01047710	0.00023068	-0.02201794
45.42000916	0.01047248	0.00023057	-0.02201673
45.42250916	0.01046785	0.00023046	-0.02201552
45.42500915	0.01046323	0.00023034	-0.02201430
45.42750914	0.01045861	0.00023023	-0.02201309
45.43000914	0.01045399	0.00023011	-0.02201188
45.43250913	0.01044937	0.00023000	-0.02201067
45.43500913	0.01044475	0.00022988	-0.02200946
45.43750912	0.01044014	0.00022977	-0.02200825
45.44000912	0.01043553	0.00022966	-0.02200704
45.44250912	0.01043092	0.00022954	-0.02200583
45.44500911	0.01042631	0.00022943	-0.02200462
45.44750910	0.01042170	0.00022931	-0.02200341
45.45000910	0.01041709	0.00022920	-0.02200220
45.45250909	0.01041249	0.00022908	-0.02200099
45.45500909	0.01040788	0.00022897	-0.02199978
45.45750908	0.01040328	0.00022886	-0.02199857
45.46000908	0.01039868	0.00022874	-0.02199736
45.46250907	0.01039408	0.00022863	-0.02199615
45.46500907	0.01038948	0.00022852	-0.02199494
45.46750906	0.01038489	0.00022840	-0.02199373
45.47000906	0.01038029	0.00022829	-0.02199252
45.47250905	0.01037570	0.00022818	-0.02199131
45.47500905	0.01037111	0.00022806	-0.02199010
45.47750904	0.01036652	0.00022795	-0.02198889
45.48000904	0.01036193	0.00022783	-0.02198768
45.48250903	0.01035735	0.00022772	-0.02198647
45.48500903	0.01035276	0.00022761	-0.02198527
45.48750902	0.01034818	0.00022749	-0.02198406
45.49000902	0.01034360	0.00022738	-0.02198285
45.49250901	0.01033902	0.00022727	-0.02198164
45.49500901	0.01033444	0.00022716	-0.02198043
45.49750900	0.01032986	0.00022704	-0.02197923
45.50000900	0.01032529	0.00022693	-0.02197802
45.50250899	0.01032071	0.00022682	-0.02197681
45.50500899	0.01031614	0.00022670	-0.02197560
45.50750898	0.01031157	0.00022659	-0.02197440
45.51000898	0.01030700	0.00022648	-0.02197319
45.51250897	0.01030243	0.00022636	-0.02197198
45.51500897	0.01029787	0.00022625	-0.02197077
45.51750896	0.01029330	0.00022614	-0.02196957
45.52000896	0.01028874	0.00022603	-0.02196836
45.52250895	0.01028418	0.00022591	-0.02196715
45.52500895	0.01027962	0.00022580	-0.02196595
45.52750894	0.01027506	0.00022569	-0.02196474
45.53000894	0.01027051	0.00022558	-0.02196354
45.53250893	0.01026595	0.00022546	-0.02196233
45.53500893	0.01026140	0.00022535	-0.02196112
45.53750892	0.01025685	0.00022524	-0.02195992
45.54000892	0.01025230	0.00022513	-0.02195871
45.54250891	0.01024775	0.00022502	-0.02195751
45.54500891	0.01024320	0.00022490	-0.02195630
45.54750890	0.01023866	0.00022479	-0.02195510
45.55000890	0.01023411	0.00022468	-0.02195389
45.55250889	0.01022957	0.00022457	-0.02195269
45.55500889	0.01022503	0.00022445	-0.02195148
45.55750888	0.01022049	0.00022434	-0.02195028
45.56000888	0.01021595	0.00022423	-0.02194907
45.56250887	0.01021142	0.00022412	-0.02194787
45.56500887	0.01020688	0.00022401	-0.02194667
45.56750886	0.01020235	0.00022390	-0.02194546
45.57000886	0.01019782	0.00022378	-0.02194426
45.57250885	0.01019329	0.00022367	-0.02194305
45.57500885	0.01018876	0.00022356	-0.02194185
45.57750884	0.01018423	0.00022345	-0.02194065
45.58000884	0.01017971	0.00022334	-0.02193944
45.58250883	0.01017518	0.00022323	-0.02193824
45.58500883	0.01017066	0.00022311	-0.02193704
45.58750882	0.01016614	0.00022300	-0.02193583
45.59000882	0.01016162	0.00022289	-0.02193463
45.59250881	0.01015710	0.00022278	-0.02193343
45.59500881	0.01015259	0.00022267	-0.02193223
45.59750880	0.01014807	0.00022256	-0.02193102
45.60000880	0.01014356	0.00022245	-0.02192982
45.60250879	0.01013905	0.00022234	-0.02192862
45.60500879	0.01013454	0.00022222	-0.02192742
45.60750879	0.01013003	0.00022211	-0.02192621
45.61000878	0.01012553	0.00022200	-0.02192501
45.61250877	0.01012102	0.00022189	-0.02192381
45.61500877	0.01011652	0.00022178	-0.02192261
45.61750876	0.01011201	0.00022167	-0.02192141
45.62000876	0.01010751	0.00022156	-0.02192021
45.62250875	0.01010302	0.00022145	-0.02191901
45.62500875	0.01009852	0.00022134	-0.02191780
45.62750875	0.01009402	0.00022123	-0.02191660
45.63000874	0.01008953	0.00022112	-0.02191540
45.63250873	0.01008503	0.00022101	-0.02191420
45.63500873	0.01008054	0.00022089	-0.02191300
45.63750872	0.01007605	0.00022078	-0.02191180
45.64000872	0.01007157	0.00022067	-0.02191060
45.64250871	0.01006708	0.00022056	-0.02190940
45.64500871	0.01006259	0.00022045	-0.02190820
45.64750870	0.01005811	0.00022034	-0.02190700
45.65000870	0.01005363	0.00022023	-0.02190580
45.65250869	0.01004915	0.00022012	-0.02190460
45.65500869	0.01004467	0.00022001	-0.02190340
45.65750868	0.01004019	0.00021990	-0.02190220
45.66000868	0.01003572	0.00021979	-0.02190100
45.66250867	0.01003124	0.00021968	-0.02189980
45.66500867	0.01002677	0.00021957	-0.02189861
45.66750866	0.01002230	0.00021946	-0.02189741
45.67000866	0.01001783	0.00021935	-0.02189621
45.67250865	0.01001336	0.00021924	-0.02189501
45.67500865	0.01000889	0.00021913	-0.02189381
45.67750864	0.01000443	0.00021902	-0.02189261
45.68000864	0.00999996	0.00021891	-0.02189141
45.68250863	0.00999550	0.00021880	-0.02189022
45.68500863	0.00999104	0.00021869	-0.02188902
45.68750862	0.00998658	0.00021858	-0.02188782
45.69000862	0.00998213	0.00021848	-0.02188662
45.69250861	0.00997767	0.00021837	-0.02188543
45.69500861	0.00997322	0.00021826	-0.02188423
45.69750860	0.00996876	0.00021815	-0.02188303
45.70000860	0.00996431	0.00021804	-0.02188183
45.70250859	0.00995986	0.00021793	-0.02188064
45.70500859	0.00995541	0.00021782	-0.02187944
45.70750858	0.00995097	0.00021771	-0.02187824
45.71000858	0.00994652	0.00021760	-0.02187705
45.71250857	0.00994208	0.00021749	-0.02187585
45.71500857	0.00993763	0.00021738	-0.02187465
45.71750856	0.00993319	0.00021727	-0.02187346
45.72000856	0.00992875	0.00021716	-0.02187226
45.72250855	0.00992432	0.00021706	-0.02187107
45.72500855	0.00991988	0.00021695	-0.02186987
45.72750854	0.00991545	0.00021684	-0.02186867
45.73000854	0.00991101	0.00021673	-0.02186748
45.73250853	0.00990658	0.00021662	-0.02186628
45.73500853	0.00990215	0.00021651	-0.02186509
45.73750852	0.00989772	0.00021640	-0.02186389
45.74000852	0.00989330	0.00021629	-0.02186270
45.74250851	0.00988887	0.00021619	-0.02186150
45.74500851	0.00988445	0.00021608	-0.02186031
45.74750850	0.00988002	0.00021597	-0.02185911
45.75000850	0.00987560	0.00021586	-0.02185792
45.75250849	0.00987118	0.00021575	-0.02185673
45.75500849	0.00986677	0.00021564	-0.02185553
45.75750848	0.00986235	0.00021554	-0.02185434
45.76000848	0.00985793	0.00021543	-0.02185314
45.76250847	0.00985352	0.00021532	-0.02185195
45.76500847	0.00984911	0.00021521	-0.02185076
45.76750846	0.00984470	0.00021510	-0.02184956
45.77000846	0.00984029	0.00021499	-0.02184837
45.77250845	0.00983588	0.00021489	-0.02184717
45.77500845	0.00983148	0.00021478	-0.02184598
45.77750844	0.00982707	0.00021467	-0.02184479
45.78000844	0.00982267	0.00021456	-0.02184360
45.78250843	0.00981827	0.00021445	-0.02184240
45.78500843	0.00981387	0.00021435	-0.02184121
45.78750842	0.00980947	0.00021424	-0.02184002
45.79000842	0.00980507	0.00021413	-0.02183883
45.79250842	0.00980068	0.00021402	-0.02183763
45.79500841	0.00979628	0.00021392	-0.02183644
45.79750840	0.00979189	0.00021381	-0.02183525
45.80000840	0.00978750	0.00021370	-0.02183406
45.80250839	0.00978311	0.00021359	-0.02183287
45.80500839	0.00977872	0.00021349	-0.02183167
45.80750838	0.00977434	0.00021338	-0.02183048
45.81000838	0.00976995	0.00021327	-0.02182929
45.81250838	0.00976557	0.00021316	-0.02182810
45.81500837	0.00976119	0.00021306	-0.02182691
45.81750836	0.00975681	0.00021295	-0.02182572
45.82000836	0.00975243	0.00021284	-0.02182453
45.82250835	0.00974805	0.00021273	-0.02182334
45.82500835	0.00974367	0.00021263	-0.02182215
45.82750834	0.00973930	0.00021252	-0.02182096
45.83000834	0.00973493	0.00021241	-0.02181976
45.83250833	0.00973056	0.00021231	-0.02181857
45.83500833	0.00972619	0.00021220	-0.02181738
45.83750832	0.00972182	0.00021209	-0.02181619
45.84000832	0.00971745	0.00021199	-0.02181500
45.84250831	0.00971309	0.00021188	-0.02181382
45.84500831	0.00970872	0.00021177	-0.02181263
45.84750830	0.00970436	0.00021167	-0.02181144
45.85000830	0.00970000	0.00021156	-0.02181025
45.85250829	0.00969564	0.00021145	-0.02180906
45.85500829	0.00969128	0.00021135	-0.02180787
45.85750828	0.00968692	0.00021124	-0.02180668
45.86000828	0.00968257	0.00021113	-0.02180549
45.86250827	0.00967822	0.00021103	-0.02180430
45.86500827	0.00967386	0.00021092	-0.02180311
45.86750826	0.00966951	0.00021081	-0.02180193
45.87000826	0.00966516	0.00021071	-0.02180074
45.87250825	0.00966082	0.00021060	-0.02179955
45.87500825	0.00965647	0.00021050	-0.02179836
45.87750824	0.00965213	0.00021039	-0.02179717
45.88000824	0.00964778	0.00021028	-0.02179599
45.88250823	0.00964344	0.00021018	-0.02179480
45.88500823	0.00963910	0.00021007	-0.02179361
45.88750822	0.00963476	0.00020996	-0.02179242
45.89000822	0.00963043	0.00020986	-0.02179124
45.89250821	0.00962609	0.00020975	-0.02179005
45.89500821	0.00962176	0.00020965	-0.02178886
45.89750820	0.00961742	0.00020954	-0.02178768
45.90000820	0.00961309	0.00020944	-0.02178649
45.90250819	0.00960876	0.00020933	-0.02178530
45.90500819	0.00960443	0.00020922	-0.02178412
45.90750818	0.00960011	0.00020912	-0.02178293
45.91000818	0.00959578	0.00020901	-0.02178174
45.91250817	0.00959146	0.00020891	-0.02178056
45.91500817	0.00958714	0.00020880	-0.02177937
45.91750816	0.00958282	0.00020870	-0.02177819
45.92000816	0.00957850	0.00020859	-0.02177700
45.92250815	0.00957418	0.00020849	-0.02177581
45.92500815	0.00956986	0.00020838	-0.02177463
45.92750814	0.00956555	0.00020827	-0.02177344
45.93000814	0.00956123	0.00020817	-0.02177226
45.93250813	0.00955692	0.00020806	-0.02177107
45.93500813	0.00955261	0.00020796	-0.02176989
45.93750812	0.00954830	0.00020785	-0.02176870
45.94000812	0.00954399	0.00020775	-0.02176752
45.94250811	0.00953969	0.00020764	-0.02176633
45.94500811	0.00953538	0.00020754	-0.02176515
45.94750810	0.00953108	0.00020743	-0.02176397
45.95000810	0.00952678	0.00020733	-0.02176278
45.95250809	0.00952248	0.00020722	-0.02176160
45.95500809	0.00951818	0.00020712	-0.02176041
45.95750808	0.00951388	0.00020701	-0.02175923
45.96000808	0.00950959	0.00020691	-0.02175805
45.96250807	0.00950529	0.00020681	-0.02175686
45.96500807	0.00950100	0.00020670	-0.02175568
45.96750806	0.00949671	0.00020660	-0.02175450
45.97000806	0.00949242	0.00020649	-0.02175331
45.97250805	0.00948813	0.00020639	-0.02175213
45.97500805	0.00948384	0.00020628	-0.02175095
45.97750804	0.00947956	0.00020618	-0.02174977
45.98000804	0.00947527	0.00020607	-0.02174858
45.98250803	0.00947099	0.00020597	-0.02174740
45.98500803	0.00946671	0.00020587	-0.02174622
45.98750802	0.00946243	0.00020576	-0.02174504
45.99000802	0.00945815	0.00020566	-0.02174385
45.99250801	0.00945387	0.00020555	-0.02174267
45.99500801	0.00944960	0.00020545	-0.02174149
45.99750801	0.00944532	0.00020534	-0.02174031
46.00000800	0.00944105	0.00020524	-0.02173913
46.00250799	0.00943678	0.00020514	-0.02173795
46.00500799	0.00943251	0.00020503	-0.02173676
46.00750798	0.00942824	0.00020493	-0.02173558
46.01000798	0.00942398	0.00020482	-0.02173440
46.01250797	0.00941971	0.00020472	-0.02173322
46.01500797	0.00941545	0.00020462	-0.02173204
46.01750797	0.00941118	0.00020451	-0.02173086
46.02000796	0.00940692	0.00020441	-0.02172968
46.02250795	0.00940266	0.00020431	-0.02172850
46.02500795	0.00939841	0.00020420	-0.02172732
46.02750794	0.00939415	0.00020410	-0.02172614
46.03000794	0.00938989	0.00020400	-0.02172496
46.03250793	0.00938564	0.00020389	-0.02172378
46.03500793	0.00938139	0.00020379	-0.02172260
46.03750792	0.00937714	0.00020368	-0.02172142
46.04000792	0.00937289	0.00020358	-0.02172024
46.04250791	0.00936864	0.00020348	-0.02171906
46.04500791	0.00936440	0.00020337	-0.02171788
46.04750790	0.00936015	0.00020327	-0.02171670
46.05000790	0.00935591	0.00020317	-0.02171552
46.05250789	0.00935166	0.00020307	-0.02171434
46.05500789	0.00934742	0.00020296	-0.02171317
46.05750788	0.00934319	0.00020286	-0.02171199
46.06000788	0.00933895	0.00020276	-0.02171081
46.06250787	0.00933471	0.00020265	-0.02170963
46.06500787	0.00933048	0.00020255	-0.02170845
46.06750786	0.00932624	0.00020245	-0.02170727
46.07000786	0.00932201	0.00020234	-0.02170610
46.07250785	0.00931778	0.00020224	-0.02170492
46.07500785	0.00931355	0.00020214	-0.02170374
46.07750784	0.00930932	0.00020204	-0.02170256
46.08000784	0.00930510	0.00020193	-0.02170139
46.08250783	0.00930087	0.00020183	-0.02170021
46.08500783	0.00929665	0.00020173	-0.02169903
46.08750782	0.00929243	0.00020163	-0.02169785
46.09000782	0.00928821	0.00020152	-0.02169668
46.09250781	0.00928399	0.00020142	-0.02169550
46.09500781	0.00927977	0.00020132	-0.02169432
46.09750780	0.00927556	0.00020122	-0.02169315
46.10000780	0.00927134	0.00020111	-0.02169197
46.10250779	0.00926713	0.00020101	-0.02169079
46.10500779	0.00926292	0.00020091	-0.02168962
46.10750778	0.00925871	0.00020081	-0.02168844
46.11000778	0.00925450	0.00020070	-0.02168727
46.11250777	0.00925029	0.00020060	-0.02168609
46.11500777	0.00924608	0.00020050	-0.02168491
46.11750776	0.00924188	0.00020040	-0.02168374
46.12000776	0.00923768	0.00020030	-0.02168256
46.12250775	0.00923347	0.00020019	-0.02168139
46.12500775	0.00922927	0.00020009	-0.02168021
46.12750774	0.00922507	0.00019999	-0.02167904
46.13000774	0.00922088	0.00019989	-0.02167786
46.13250773	0.00921668	0.00019979	-0.02167669
46.13500773	0.00921249	0.00019969	-0.02167551
46.13750772	0.00920829	0.00019958	-0.02167434
46.14000772	0.00920410	0.00019948	-0.02167316
46.14250771	0.00919991	0.00019938	-0.02167199
46.14500771	0.00919572	0.00019928	-0.02167082
46.14750770	0.00919154	0.00019918	-0.02166964
46.15000770	0.00918735	0.00019908	-0.02166847
46.15250769	0.00918316	0.00019897	-0.02166730
46.15500769	0.00917898	0.00019887	-0.02166612
46.15750768	0.00917480	0.00019877	-0.02166495
46.16000768	0.00917062	0.00019867	-0.02166377
46.16250767	0.00916644	0.00019857	-0.02166260
46.16500767	0.00916226	0.00019847	-0.02166143
46.16750766	0.00915809	0.00019837	-0.02166026
46.17000766	0.00915391	0.00019827	-0.02165908
46.17250765	0.00914974	0.00019816	-0.02165791
46.17500765	0.00914557	0.00019806	-0.02165674
46.17750764	0.00914140	0.00019796	-0.02165556
46.18000764	0.00913723	0.00019786	-0.02165439
46.18250764	0.00913306	0.00019776	-0.02165322
46.18500763	0.00912889	0.00019766	-0.02165205
46.18750762	0.00912473	0.00019756	-0.02165088
46.19000762	0.00912057	0.00019746	-0.02164970
46.19250761	0.00911640	0.00019736	-0.02164853
46.19500761	0.00911224	0.00019726	-0.02164736
46.19750760	0.00910808	0.00019716	-0.02164619
46.20000760	0.00910393	0.00019705	-0.02164502
46.20250760	0.00909977	0.00019695	-0.02164385
46.20500759	0.00909562	0.00019685	-0.02164268
46.20750758	0.00909146	0.00019675	-0.02164150
46.21000758	0.00908731	0.00019665	-0.02164033
46.21250757	0.00908316	0.00019655	-0.02163916
46.21500757	0.00907901	0.00019645	-0.02163799
46.21750756	0.00907486	0.00019635	-0.02163682
46.22000756	0.00907072	0.00019625	-0.02163565
46.22250755	0.00906657	0.00019615	-0.02163448
46.22500755	0.00906243	0.00019605	-0.02163331
46.22750754	0.00905829	0.00019595	-0.02163214
46.23000754	0.00905414	0.00019585	-0.02163097
46.23250753	0.00905001	0.00019575	-0.02162980
46.23500753	0.00904587	0.00019565	-0.02162863
46.23750752	0.00904173	0.00019555	-0.02162746
46.24000752	0.00903760	0.00019545	-0.02162629
46.24250751	0.00903346	0.00019535	-0.02162512
46.24500751	0.00902933	0.00019525	-0.02162396
46.24750750	0.00902520	0.00019515	-0.02162279
46.25000750	0.00902107	0.00019505	-0.02162162
46.25250749	0.00901694	0.00019495	-0.02162045
46.25500749	0.00901281	0.00019485	-0.02161928
46.25750748	0.00900869	0.00019475	-0.02161811
46.26000748	0.00900457	0.00019465	-0.02161694
46.26250747	0.00900044	0.00019455	-0.02161578
46.26500747	0.00899632	0.00019445	-0.02161461
46.26750746	0.00899220	0.00019435	-0.02161344
46.27000746	0.00898808	0.00019425	-0.02161227
46.27250745	0.00898397	0.00019415	-0.02161110
46.27500745	0.00897985	0.00019405	-0.02160994
46.27750744	0.00897574	0.00019395	-0.02160877
46.28000744	0.00897162	0.00019386	-0.02160760
46.28250743	0.00896751	0.00019376	-0.02160644
46.28500743	0.00896340	0.00019366	-0.02160527
46.28750742	0.00895929	0.00019356	-0.02160410
46.29000742	0.00895519	0.00019346	-0.02160293
46.29250741	0.00895108	0.00019336	-0.02160177
46.29500741	0.00894698	0.00019326	-0.02160060
46.29750740	0.00894287	0.00019316	-0.02159943
46.30000740	0.00893877	0.00019306	-0.02159827
46.30250739	0.00893467	0.00019296	-0.02159710
46.30500739	0.00893057	0.00019286	-0.02159594
46.30750738	0.00892648	0.00019277	-0.02159477
46.31000738	0.00892238	0.00019267	-0.02159360
46.31250737	0.00891829	0.00019257	-0.02159244
46.31500737	0.00891419	0.00019247	-0.02159127
46.31750736	0.00891010	0.00019237	-0.02159011
46.32000736	0.00890601	0.00019227	-0.02158894
46.32250735	0.00890192	0.00019217	-0.02158778
46.32500735	0.00889783	0.00019207	-0.02158661
46.32750734	0.00889375	0.00019198	-0.02158545
46.33000734	0.00888966	0.00019188	-0.02158428
46.33250733	0.00888558	0.00019178	-0.02158312
46.33500733	0.00888150	0.00019168	-0.02158195
46.33750732	0.00887742	0.00019158	-0.02158079
46.34000732	0.00887334	0.00019148	-0.02157963
46.34250731	0.00886926	0.00019138	-0.02157846
46.34500731	0.00886518	0.00019129	-0.02157730
46.34750730	0.00886111	0.00019119	-0.02157613
46.35000730	0.00885703	0.00019109	-0.02157497
46.35250729	0.00885296	0.00019099	-0.02157381
46.35500729	0.00884889	0.00019089	-0.02157264
46.35750728	0.00884482	0.00019080	-0.02157148
46.36000728	0.00884075	0.00019070	-0.02157032
46.36250727	0.00883668	0.00019060	-0.02156915
46.36500727	0.00883262	0.00019050	-0.02156799
46.36750726	0.00882855	0.00019040	-0.02156683
46.37000726	0.00882449	0.00019031	-0.02156566
46.37250725	0.00882043	0.00019021	-0.02156450
46.37500725	0.00881637	0.00019011	-0.02156334
46.37750724	0.00881231	0.00019001	-0.02156218
46.38000724	0.00880825	0.00018991	-0.02156101
46.38250723	0.00880420	0.00018982	-0.02155985
46.38500723	0.00880014	0.00018972	-0.02155869
46.38750723	0.00879609	0.00018962	-0.02155753
46.39000722	0.00879204	0.00018952	-0.02155637
46.39250721	0.00878799	0.00018943	-0.02155520
46.39500721	0.00878394	0.00018933	-0.02155404
46.39750720	0.00877989	0.00018923	-0.02155288
46.40000720	0.00877584	0.00018913	-0.02155172
46.40250719	0.00877180	0.00018904	-0.02155056
46.40500719	0.00876776	0.00018894	-0.02154940
46.40750719	0.00876371	0.00018884	-0.02154824
46.41000718	0.00875967	0.00018875	-0.02154708
46.41250717	0.00875563	0.00018865	-0.02154592
46.41500717	0.00875160	0.00018855	-0.02154476
46.41750716	0.00874756	0.00018845	-0.02154360
46.42000716	0.00874352	0.00018836	-0.02154244
46.42250715	0.00873949	0.00018826	-0.02154128
46.42500715	0.00873546	0.00018816	-0.02154012
46.42750714	0.00873143	0.00018807	-0.02153896
46.43000714	0.00872740	0.00018797	-0.02153780
46.43250713	0.00872337	0.00018787	-0.02153664
46.43500713	0.00871934	0.00018778	-0.02153548
46.43750712	0.00871531	0.00018768	-0.02153432
46.44000712	0.00871129	0.00018758	-0.02153316
46.44250711	0.00870727	0.00018748	-0.02153200
46.44500711	0.00870324	0.00018739	-0.02153084
46.44750710	0.00869922	0.00018729	-0.02152968
46.45000710	0.00869520	0.00018719	-0.02152852
46.45250709	0.00869119	0.00018710	-0.02152736
46.45500709	0.00868717	0.00018700	-0.02152620
46.45750708	0.00868316	0.00018691	-0.02152505
46.46000708	0.00867914	0.00018681	-0.02152389
46.46250707	0.00867513	0.00018671	-0.02152273
46.46500707	0.00867112	0.00018662	-0.02152157
46.46750706	0.00866711	0.00018652	-0.02152041
46.47000706	0.00866310	0.00018642	-0.02151926
46.47250705	0.00865909	0.00018633	-0.02151810
46.47500705	0.00865509	0.00018623	-0.02151694
46.47750704	0.00865108	0.00018613	-0.02151578
46.48000704	0.00864708	0.00018604	-0.02151463
46.48250703	0.00864308	0.00018594	-0.02151347
46.48500703	0.00863908	0.00018585	-0.02151231
46.48750702	0.00863508	0.00018575	-0.02151116
46.49000702	0.00863108	0.00018565	-0.02151000
46.49250701	0.00862709	0.00018556	-0.02150884
46.49500701	0.00862309	0.00018546	-0.02150769
46.49750700	0.00861910	0.00018537	-0.02150653
46.50000700	0.00861511	0.00018527	-0.02150537
46.50250699	0.00861112	0.00018518	-0.02150422
46.50500699	0.00860713	0.00018508	-0.02150306
46.50750698	0.00860314	0.00018498	-0.02150191
46.51000698	0.00859915	0.00018489	-0.02150075
46.51250697	0.00859517	0.00018479	-0.02149959
46.51500697	0.00859118	0.00018470	-0.02149844
46.51750696	0.00858720	0.00018460	-0.02149728
46.52000696	0.00858322	0.00018451	-0.02149613
46.52250695	0.00857924	0.00018441	-0.02149497
46.52500695	0.00857526	0.00018432	-0.02149382
46.52750694	0.00857128	0.00018422	-0.02149266
46.53000694	0.00856731	0.00018412	-0.02149151
46.53250693	0.00856333	0.00018403	-0.02149035
46.53500693	0.00855936	0.00018393	-0.02148920
46.53750692	0.00855539	0.00018384	-0.02148804
46.54000692	0.00855142	0.00018374	-0.02148689
46.54250691	0.00854745	0.00018365	-0.02148574
46.54500691	0.00854348	0.00018355	-0.02148458
46.54750690	0.00853952	0.00018346	-0.02148343
46.55000690	0.00853555	0.00018336	-0.02148227
46.55250689	0.00853159	0.00018327	-0.02148112
46.55500689	0.00852762	0.00018317	-0.02147997
46.55750688	0.00852366	0.00018308	-0.02147881
46.56000688	0.00851970	0.00018298	-0.02147766
46.56250687	0.00851574	0.00018289	-0.02147651
46.56500687	0.00851179	0.00018279	-0.02147535
46.56750686	0.00850783	0.00018270	-0.02147420
46.57000686	0.00850388	0.00018260	-0.02147305
46.57250686	0.00849992	0.00018251	-0.02147190
46.57500685	0.00849597	0.00018241	-0.02147074
46.57750684	0.00849202	0.00018232	-0.02146959
46.58000684	0.00848807	0.00018223	-0.02146844
46.58250683	0.00848413	0.00018213	-0.02146729
46.58500683	0.00848018	0.00018204	-0.02146613
46.58750682	0.00847623	0.00018194	-0.02146498
46.59000682	0.00847229	0.00018185	-0.02146383
46.59250682	0.00846835	0.00018175	-0.02146268
46.59500681	0.00846441	0.00018166	-0.02146153
46.59750680	0.00846047	0.00018156	-0.02146038
46.60000680	0.00845653	0.00018147	-0.02145922
46.60250679	0.00845259	0.00018138	-0.02145807
46.60500679	0.00844865	0.00018128	-0.02145692
46.60750678	0.00844472	0.00018119	-0.02145577
46.61000678	0.00844079	0.00018109	-0.02145462
46.61250677	0.00843686	0.00018100	-0.02145347
46.61500677	0.00843292	0.00018091	-0.02145232
46.61750676	0.00842900	0.00018081	-0.02145117
46.62000676	0.00842507	0.00018072	-0.02145002
46.62250675	0.00842114	0.00018062	-0.02144887
46.62500675	0.00841722	0.00018053	-0.02144772
46.62750674	0.00841329	0.00018044	-0.02144657
46.63000674	0.00840937	0.00018034	-0.02144542
46.63250673	0.00840545	0.00018025	-0.02144427
46.63500673	0.00840153	0.00018015	-0.02144312
46.63750672	0.00839761	0.00018006	-0.02144197
46.64000672	0.00839369	0.00017997	-0.02144082
46.64250671	0.00838978	0.00017987	-0.02143967
46.64500671	0.00838586	0.00017978	-0.02143852
46.64750670	0.00838195	0.00017969	-0.02143737
46.65000670	0.00837804	0.00017959	-0.02143622
46.65250669	0.00837413	0.00017950	-0.02143508
46.65500669	0.00837022	0.00017941	-0.02143393
46.65750668	0.00836631	0.00017931	-0.02143278
46.66000668	0.00836240	0.00017922	-0.02143163
46.66250667	0.00835850	0.00017913	-0.02143048
46.66500667	0.00835459	0.00017903	-0.02142933
46.66750666	0.00835069	0.00017894	-0.02142819
46.67000666	0.00834679	0.00017885	-0.02142704
46.67250665	0.00834289	0.00017875	-0.02142589
46.67500665	0.00833899	0.00017866	-0.02142474
46.67750664	0.00833509	0.00017857	-0.02142360
46.68000664	0.00833119	0.00017847	-0.02142245
46.68250663	0.00832730	0.00017838	-0.02142130
46.68500663	0.00832341	0.00017829	-0.02142015
46.68750662	0.00831951	0.00017820	-0.02141901
46.69000662	0.00831562	0.00017810	-0.02141786
46.69250661	0.00831173	0.00017801	-0.02141671
46.69500661	0.00830784	0.00017792	-0.02141557
46.69750660	0.00830396	0.00017782	-0.02141442
46.70000660	0.00830007	0.00017773	-0.02141327
46.70250659	0.00829619	0.00017764	-0.02141213
46.70500659	0.00829230	0.00017755	-0.02141098
46.70750658	0.00828842	0.00017745	-0.02140983
46.71000658	0.00828454	0.00017736	-0.02140869
46.71250657	0.00828066	0.00017727	-0.02140754
46.71500657	0.00827678	0.00017718	-0.02140640
46.71750656	0.00827291	0.00017708	-0.02140525
46.72000656	0.00826903	0.00017699	-0.02140411
46.72250655	0.00826516	0.00017690	-0.02140296
46.72500655	0.00826128	0.00017681	-0.02140182
46.72750654	0.00825741	0.00017671	-0.02140067
46.73000654	0.00825354	0.00017662	-0.02139953
46.73250653	0.00824967	0.00017653	-0.02139838
46.73500653	0.00824581	0.00017644	-0.02139724
46.73750652	0.00824194	0.00017635	-0.02139609
46.74000652	0.00823808	0.00017625	-0.02139495
46.74250651	0.00823421	0.00017616	-0.02139380
46.74500651	0.00823035	0.00017607	-0.02139266
46.74750650	0.00822649	0.00017598	-0.02139152
46.75000650	0.00822263	0.00017589	-0.02139037
46.75250649	0.00821877	0.00017579	-0.02138923
46.75500649	0.00821491	0.00017570	-0.02138808
46.75750648	0.00821106	0.00017561	-0.02138694
46.76000648	0.00820720	0.00017552	-0.02138580
46.76250647	0.00820335	0.00017543	-0.02138465
46.76500647	0.00819950	0.00017533	-0.02138351
46.76750646	0.00819565	0.00017524	-0.02138237
46.77000646	0.00819180	0.00017515	-0.02138122
46.77250645	0.00818795	0.00017506	-0.02138008
46.77500645	0.00818410	0.00017497	-0.02137894
46.77750645	0.00818026	0.00017488	-0.02137780
46.78000644	0.00817641	0.00017478	-0.02137665
46.78250643	0.00817257	0.00017469	-0.02137551
46.78500643	0.00816873	0.00017460	-0.02137437
46.78750642	0.00816489	0.00017451	-0.02137323
46.79000642	0.00816105	0.00017442	-0.02137209
46.79250641	0.00815721	0.00017433	-0.02137094
46.79500641	0.00815337	0.00017424	-0.02136980
46.79750641	0.00814954	0.00017414	-0.02136866
46.80000640	0.00814570	0.00017405	-0.02136752
46.80250639	0.00814187	0.00017396	-0.02136638
46.80500639	0.00813804	0.00017387	-0.02136524
46.80750638	0.00813421	0.00017378	-0.02136409
46.81000638	0.00813038	0.00017369	-0.02136295
46.81250637	0.00812655	0.00017360	-0.02136181
46.81500637	0.00812273	0.00017351	-0.02136067
46.81750636	0.00811890	0.00017342	-0.02135953
46.82000636	0.00811508	0.00017333	-0.02135839
46.82250635	0.00811126	0.00017323	-0.02135725
46.82500635	0.00810743	0.00017314	-0.02135611
46.82750634	0.00810361	0.00017305	-0.02135497
46.83000634	0.00809980	0.00017296	-0.02135383
46.83250633	0.00809598	0.00017287	-0.02135269
46.83500633	0.00809216	0.00017278	-0.02135155
46.83750632	0.00808835	0.00017269	-0.02135041
46.84000632	0.00808453	0.00017260	-0.02134927
46.84250631	0.00808072	0.00017251	-0.02134813
46.84500631	0.00807691	0.00017242	-0.02134699
46.84750630	0.00807310	0.00017233	-0.02134585
46.85000630	0.00806929	0.00017224	-0.02134471
46.85250629	0.00806549	0.00017215	-0.02134358
46.85500629	0.00806168	0.00017206	-0.02134244
46.85750628	0.00805788	0.00017197	-0.02134130
46.86000628	0.00805407	0.00017188	-0.02134016
46.86250627	0.00805027	0.00017178	-0.02133902
46.86500627	0.00804647	0.00017169	-0.02133788
46.86750626	0.00804267	0.00017160	-0.02133674
46.87000626	0.00803887	0.00017151	-0.02133561
46.87250625	0.00803507	0.00017142	-0.02133447
46.87500625	0.00803128	0.00017133	-0.02133333
46.87750624	0.00802748	0.00017124	-0.02133219
46.88000624	0.00802369	0.00017115	-0.02133106
46.88250623	0.00801990	0.00017106	-0.02132992
46.88500623	0.00801611	0.00017097	-0.02132878
46.88750622	0.00801232	0.00017088	-0.02132764
46.89000622	0.00800853	0.00017079	-0.02132651
46.89250621	0.00800475	0.00017070	-0.02132537
46.89500621	0.00800096	0.00017061	-0.02132423
46.89750620	0.00799718	0.00017052	-0.02132310
46.90000620	0.00799339	0.00017043	-0.02132196
46.90250619	0.00798961	0.00017035	-0.02132082
46.90500619	0.00798583	0.00017026	-0.02131969
46.90750618	0.00798205	0.00017017	-0.02131855
46.91000618	0.00797827	0.00017008	-0.02131741
46.91250617	0.00797450	0.00016999	-0.02131628
46.91500617	0.00797072	0.00016990	-0.02131514
46.91750616	0.00796695	0.00016981	-0.02131401
46.92000616	0.00796317	0.00016972	-0.02131287
46.92250615	0.00795940	0.00016963	-0.02131173
46.92500615	0.00795563	0.00016954	-0.02131060
46.92750614	0.00795186	0.00016945	-0.02130946
46.93000614	0.00794809	0.00016936	-0.02130833
46.93250613	0.00794433	0.00016927	-0.02130719
46.93500613	0.00794056	0.00016918	-0.02130606
46.93750612	0.00793680	0.00016909	-0.02130492
46.94000612	0.00793304	0.00016900	-0.02130379
46.94250611	0.00792927	0.00016891	-0.02130265
46.94500611	0.00792551	0.00016883	-0.02130152
46.94750610	0.00792176	0.00016874	-0.02130039
46.95000610	0.00791800	0.00016865	-0.02129925
46.95250609	0.00791424	0.00016856	-0.02129812
46.95500609	0.00791049	0.00016847	-0.02129698
46.95750608	0.00790673	0.00016838	-0.02129585
46.96000608	0.00790298	0.00016829	-0.02129472
46.96250607	0.00789923	0.00016820	-0.02129358
46.96500607	0.00789548	0.00016811	-0.02129245
46.96750606	0.00789173	0.00016803	-0.02129132
46.97000606	0.00788798	0.00016794	-0.02129018
46.97250605	0.00788423	0.00016785	-0.02128905
46.97500605	0.00788049	0.00016776	-0.02128792
46.97750604	0.00787674	0.00016767	-0.02128678
46.98000604	0.00787300	0.00016758	-0.02128565
46.98250604	0.00786926	0.00016749	-0.02128452
46.98500603	0.00786552	0.00016740	-0.02128339
46.98750602	0.00786178	0.00016732	-0.02128225
46.99000602	0.00785804	0.00016723	-0.02128112
46.99250601	0.00785431	0.00016714	-0.02127999
46.99500601	0.00785057	0.00016705	-0.02127886
46.99750600	0.00784684	0.00016696	-0.02127772
47.00000600	0.00784310	0.00016687	-0.02127659
47.00250599	0.00783937	0.00016679	-0.02127546
47.00500599	0.00783564	0.00016670	-0.02127433
47.00750598	0.00783191	0.00016661	-0.02127320
47.01000598	0.00782819	0.00016652	-0.02127207
47.01250597	0.00782446	0.00016643	-0.02127094
47.01500597	0.00782073	0.00016635	-0.02126980
47.01750596	0.00781701	0.00016626	-0.02126867
47.02000596	0.00781329	0.00016617	-0.02126754
47.02250595	0.00780956	0.00016608	-0.02126641
47.02500595	0.00780584	0.00016599	-0.02126528
47.02750594	0.00780213	0.00016591	-0.02126415
47.03000594	0.00779841	0.00016582	-0.02126302
47.03250593	0.00779469	0.00016573	-0.02126189
47.03500593	0.00779098	0.00016564	-0.02126076
47.03750592	0.00778726	0.00016555	-0.02125963
47.04000592	0.00778355	0.00016547	-0.02125850
47.04250591	0.00777984	0.00016538	-0.02125737
47.04500591	0.00777613	0.00016529	-0.02125624
47.04750590	0.00777242	0.00016520	-0.02125511
47.05000590	0.00776871	0.00016512	-0.02125398
47.05250589	0.00776500	0.00016503	-0.02125285
47.05500589	0.00776130	0.00016494	-0.02125172
47.05750588	0.00775759	0.00016485	-0.02125060
47.06000588	0.00775389	0.00016477	-0.02124947
47.06250587	0.00775019	0.00016468	-0.02124834
47.06500587	0.00774649	0.00016459	-0.02124721
47.06750586	0.00774279	0.00016450	-0.02124608
47.07000586	0.00773909	0.00016442	-0.02124495
47.07250585	0.00773539	0.00016433	-0.02124382
47.07500585	0.00773170	0.00016424	-0.02124270
47.07750584	0.00772800	0.00016415	-0.02124157
47.08000584	0.00772431	0.00016407	-0.02124044
47.08250583	0.00772062	0.00016398	-0.02123931
47.08500583	0.00771693	0.00016389	-0.02123818
47.08750582	0.00771324	0.00016381	-0.02123706
47.09000582	0.00770955	0.00016372	-0.02123593
47.09250581	0.00770586	0.00016363	-0.02123480
47.09500581	0.00770217	0.00016355	-0.02123367
47.09750580	0.00769849	0.00016346	-0.02123255
47.10000580	0.00769481	0.00016337	-0.02123142
47.10250579	0.00769112	0.00016328	-0.02123029
47.10500579	0.00768744	0.00016320	-0.02122917
47.10750578	0.00768376	0.00016311	-0.02122804
47.11000578	0.00768008	0.00016302	-0.02122691
47.11250577	0.00767641	0.00016294	-0.02122579
47.11500577	0.00767273	0.00016285	-0.02122466
47.11750576	0.00766906	0.00016276	-0.02122353
47.12000576	0.00766538	0.00016268	-0.02122241
47.12250575	0.00766171	0.00016259	-0.02122128
47.12500575	0.00765804	0.00016250	-0.02122016
47.12750574	0.00765437	0.00016242	-0.02121903
47.13000574	0.00765070	0.00016233	-0.02121791
47.13250573	0.00764703	0.00016225	-0.02121678
47.13500573	0.00764337	0.00016216	-0.02121565
47.13750572	0.00763970	0.00016207	-0.02121453
47.14000572	0.00763604	0.00016199	-0.02121340
47.14250571	0.00763237	0.00016190	-0.02121228
47.14500571	0.00762871	0.00016181	-0.02121115
47.14750570	0.00762505	0.00016173	-0.02121003
47.15000570	0.00762139	0.00016164	-0.02120891
47.15250569	0.00761774	0.00016156	-0.02120778
47.15500569	0.00761408	0.00016147	-0.02120666
47.15750568	0.00761042	0.00016138	-0.02120553
47.16000568	0.00760677	0.00016130	-0.02120441
47.16250567	0.00760312	0.00016121	-0.02120328
47.16500567	0.00759946	0.00016113	-0.02120216
47.16750567	0.00759581	0.00016104	-0.02120104
47.17000566	0.00759216	0.00016095	-0.02119991
47.17250565	0.00758852	0.00016087	-0.02119879
47.17500565	0.00758487	0.00016078	-0.02119767
47.17750564	0.00758122	0.00016070	-0.02119654
47.18000564	0.00757758	0.00016061	-0.02119542
47.18250563	0.00757394	0.00016052	-0.02119430
47.18500563	0.00757029	0.00016044	-0.02119317
47.18750563	0.00756665	0.00016035	-0.02119205
47.19000562	0.00756301	0.00016027	-0.02119093
47.19250561	0.00755937	0.00016018	-0.02118981
47.19500561	0.00755574	0.00016010	-0.02118868
47.19750560	0.00755210	0.00016001	-0.02118756
47.20000560	0.00754847	0.00015993	-0.02118644
47.20250559	0.00754483	0.00015984	-0.02118532
47.20500559	0.00754120	0.00015975	-0.02118419
47.20750558	0.00753757	0.00015967	-0.02118307
47.21000558	0.00753394	0.00015958	-0.02118195
47.21250557	0.00753031	0.00015950	-0.02118083
47.21500557	0.00752668	0.00015941	-0.02117971
47.21750556	0.00752306	0.00015933	-0.02117859
47.22000556	0.00751943	0.00015924	-0.02117746
47.22250555	0.00751581	0.00015916	-0.02117634
47.22500555	0.00751218	0.00015907	-0.02117522
47.22750554	0.00750856	0.00015899	-0.02117410
47.23000554	0.00750494	0.00015890	-0.02117298
47.23250553	0.00750132	0.00015882	-0.02117186
47.23500553	0.00749770	0.00015873	-0.02117074
47.23750552	0.00749409	0.00015865	-0.02116962
47.24000552	0.00749047	0.00015856	-0.02116850
47.24250551	0.00748686	0.00015848	-0.02116738
47.24500551	0.00748324	0.00015839	-0.02116626
47.24750550	0.00747963	0.00015831	-0.02116514
47.25000550	0.00747602	0.00015822	-0.02116402
47.25250549	0.00747241	0.00015814	-0.02116290
47.25500549	0.00746880	0.00015805	-0.02116178
47.25750548	0.00746519	0.00015797	-0.02116066
47.26000548	0.00746159	0.00015788	-0.02115954
47.26250547	0.00745798	0.00015780	-0.02115842
47.26500547	0.00745438	0.00015771	-0.02115730
47.26750546	0.00745078	0.00015763	-0.02115618
47.27000546	0.00744718	0.00015755	-0.02115506
47.27250545	0.00744358	0.00015746	-0.02115395
47.27500545	0.00743998	0.00015738	-0.02115283
47.27750544	0.00743638	0.00015729	-0.02115171
47.28000544	0.00743278	0.00015721	-0.02115059
47.28250543	0.00742919	0.00015712	-0.02114947
47.28500543	0.00742559	0.00015704	-0.02114835
47.28750542	0.00742200	0.00015695	-0.02114724
47.29000542	0.00741841	0.00015687	-0.02114612
47.29250541	0.00741482	0.00015679	-0.02114500
47.29500541	0.00741123	0.00015670	-0.02114388
47.29750540	0.00740764	0.00015662	-0.02114276
47.30000540	0.00740405	0.00015653	-0.02114165
47.30250539	0.00740047	0.00015645	-0.02114053
47.30500539	0.00739688	0.00015637	-0.02113941
47.30750538	0.00739330	0.00015628	-0.02113829
47.31000538	0.00738972	0.00015620	-0.02113718
47.31250537	0.00738613	0.00015611	-0.02113606
47.31500537	0.00738255	0.00015603	-0.02113494
47.31750536	0.00737898	0.00015595	-0.02113383
47.32000536	0.00737540	0.00015586	-0.02113271
47.32250535	0.00737182	0.00015578	-0.02113159
47.32500535	0.00736825	0.00015569	-0.02113048
47.32750534	0.00736467	0.00015561	-0.02112936
47.33000534	0.00736110	0.00015553	-0.02112825
47.33250533	0.00735753	0.00015544	-0.02112713
47.33500533	0.00735396	0.00015536	-0.02112601
47.33750532	0.00735039	0.00015528	-0.02112490
47.34000532	0.00734682	0.00015519	-0.02112378
47.34250531	0.00734325	0.00015511	-0.02112267
47.34500531	0.00733969	0.00015503	-0.02112155
47.34750530	0.00733612	0.00015494	-0.02112044
47.35000530	0.00733256	0.00015486	-0.02111932
47.35250529	0.00732899	0.00015478	-0.02111821
47.35500529	0.00732543	0.00015469	-0.02111709
47.35750528	0.00732187	0.00015461	-0.02111598
47.36000528	0.00731831	0.00015453	-0.02111486
47.36250527	0.00731476	0.00015444	-0.02111375
47.36500527	0.00731120	0.00015436	-0.02111263
47.36750526	0.00730765	0.00015428	-0.02111152
47.37000526	0.00730409	0.00015419	-0.02111041
47.37250526	0.00730054	0.00015411	-0.02110929
47.37500525	0.00729699	0.00015403	-0.02110818
47.37750524	0.00729344	0.00015394	-0.02110706
47.38000524	0.00728989	0.00015386	-0.02110595
47.38250523	0.00728634	0.00015378	-0.02110484
47.38500523	0.00728279	0.00015369	-0.02110372
47.38750522	0.00727924	0.00015361	-0.02110261
47.39000522	0.00727570	0.00015353	-0.02110150
47.39250521	0.00727216	0.00015345	-0.02110038
47.39500521	0.00726861	0.00015336	-0.02109927
47.39750520	0.00726507	0.00015328	-0.02109816
47.40000520	0.00726153	0.00015320	-0.02109704
47.40250519	0.00725799	0.00015311	-0.02109593
47.40500519	0.00725446	0.00015303	-0.02109482
47.40750518	0.00725092	0.00015295	-0.02109371
47.41000518	0.00724738	0.00015287	-0.02109259
47.41250517	0.00724385	0.00015278	-0.02109148
47.41500517	0.00724032	0.00015270	-0.02109037
47.41750516	0.00723678	0.00015262	-0.02108926
47.42000516	0.00723325	0.00015254	-0.02108815
47.42250515	0.00722972	0.00015245	-0.02108703
47.42500515	0.00722619	0.00015237	-0.02108592
47.42750514	0.00722267	0.00015229	-0.02108481
47.43000514	0.00721914	0.00015221	-0.02108370
47.43250513	0.00721562	0.00015212	-0.02108259
47.43500513	0.00721209	0.00015204	-0.02108148
47.43750512	0.00720857	0.00015196	-0.02108037
47.44000512	0.00720505	0.00015188	-0.02107926
47.44250511	0.00720153	0.00015179	-0.02107814
47.44500511	0.00719801	0.00015171	-0.02107703
47.44750510	0.00719449	0.00015163	-0.02107592
47.45000510	0.00719097	0.00015155	-0.02107481
47.45250509	0.00718746	0.00015147	-0.02107370
47.45500509	0.00718394	0.00015138	-0.02107259
47.45750508	0.00718043	0.00015130	-0.02107148
47.46000508	0.00717692	0.00015122	-0.02107037
47.46250507	0.00717340	0.00015114	-0.02106926
47.46500507	0.00716989	0.00015106	-0.02106815
47.46750506	0.00716639	0.00015097	-0.02106704
47.47000506	0.00716288	0.00015089	-0.02106593
47.47250505	0.00715937	0.00015081	-0.02106482
47.47500505	0.00715587	0.00015073	-0.02106372
47.47750504	0.00715236	0.00015065	-0.02106261
47.48000504	0.00714886	0.00015057	-0.02106150
47.48250503	0.00714536	0.00015048	-0.02106039
47.48500503	0.00714186	0.00015040	-0.02105928
47.48750502	0.00713836	0.00015032	-0.02105817
47.49000502	0.00713486	0.00015024	-0.02105706
47.49250501	0.00713136	0.00015016	-0.02105595
47.49500501	0.00712786	0.00015008	-0.02105485
47.49750500	0.00712437	0.00014999	-0.02105374
47.50000500	0.00712087	0.00014991	-0.02105263
47.50250499	0.00711738	0.00014983	-0.02105152
47.50500499	0.00711389	0.00014975	-0.02105041
47.50750498	0.00711040	0.00014967	-0.02104931
47.51000498	0.00710691	0.00014959	-0.02104820
47.51250497	0.00710342	0.00014951	-0.02104709
47.51500497	0.00709993	0.00014943	-0.02104598
47.51750496	0.00709645	0.00014934	-0.02104488
47.52000496	0.00709296	0.00014926	-0.02104377
47.52250495	0.00708948	0.00014918	-0.02104266
47.52500495	0.00708600	0.00014910	-0.02104155
47.52750494	0.00708252	0.00014902	-0.02104045
47.53000494	0.00707903	0.00014894	-0.02103934
47.53250493	0.00707556	0.00014886	-0.02103823
47.53500493	0.00707208	0.00014878	-0.02103713
47.53750492	0.00706860	0.00014870	-0.02103602
47.54000492	0.00706512	0.00014861	-0.02103492
47.54250491	0.00706165	0.00014853	-0.02103381
47.54500491	0.00705818	0.00014845	-0.02103270
47.54750490	0.00705470	0.00014837	-0.02103160
47.55000490	0.00705123	0.00014829	-0.02103049
47.55250489	0.00704776	0.00014821	-0.02102939
47.55500489	0.00704429	0.00014813	-0.02102828
47.55750489	0.00704083	0.00014805	-0.02102718
47.56000488	0.00703736	0.00014797	-0.02102607
47.56250487	0.00703389	0.00014789	-0.02102496
47.56500487	0.00703043	0.00014781	-0.02102386
47.56750486	0.00702697	0.00014773	-0.02102275
47.57000486	0.00702350	0.00014765	-0.02102165
47.57250485	0.00702004	0.00014757	-0.02102055
47.57500485	0.00701658	0.00014748	-0.02101944
47.57750484	0.00701312	0.00014740	-0.02101834
47.58000484	0.00700967	0.00014732	-0.02101723
47.58250483	0.00700621	0.00014724	-0.02101613
47.58500483	0.00700276	0.00014716	-0.02101502
47.58750482	0.00699930	0.00014708	-0.02101392
47.59000482	0.00699585	0.00014700	-0.02101282
47.59250481	0.00699240	0.00014692	-0.02101171
47.59500481	0.00698894	0.00014684	-0.02101061
47.59750480	0.00698550	0.00014676	-0.02100950
47.60000480	0.00698205	0.00014668	-0.02100840
47.60250479	0.00697860	0.00014660	-0.02100730
47.60500479	0.00697515	0.00014652	-0.02100619
47.60750478	0.00697171	0.00014644	-0.02100509
47.61000478	0.00696826	0.00014636	-0.02100399
47.61250477	0.00696482	0.00014628	-0.02100289
47.61500477	0.00696138	0.00014620	-0.02100178
47.61750476	0.00695794	0.00014612	-0.02100068
47.62000476	0.00695450	0.00014604	-0.02099958
47.62250475	0.00695106	0.00014596	-0.02099848
47.62500475	0.00694762	0.00014588	-0.02099737
47.62750474	0.00694419	0.00014580	-0.02099627
47.63000474	0.00694075	0.00014572	-0.02099517
47.63250473	0.00693732	0.00014564	-0.02099407
47.63500473	0.00693388	0.00014556	-0.02099297
47.63750472	0.00693045	0.00014548	-0.02099186
47.64000472	0.00692702	0.00014540	-0.02099076
47.64250471	0.00692359	0.00014532	-0.02098966
47.64500471	0.00692016	0.00014524	-0.02098856
47.64750470	0.00691674	0.00014516	-0.02098746
47.65000470	0.00691331	0.00014509	-0.02098636
47.65250469	0.00690988	0.00014501	-0.02098526
47.65500469	0.00690646	0.00014493	-0.02098415
47.65750468	0.00690304	0.00014485	-0.02098305
47.66000468	0.00689962	0.00014477	-0.02098195
47.66250467	0.00689620	0.00014469	-0.02098085
47.66500467	0.00689278	0.00014461	-0.02097975
47.66750466	0.00688936	0.00014453	-0.02097865
47.67000466	0.00688594	0.00014445	-0.02097755
47.67250465	0.00688252	0.00014437	-0.02097645
47.67500465	0.00687911	0.00014429	-0.02097535
47.67750464	0.00687570	0.00014421	-0.02097425
47.68000464	0.00687228	0.00014413	-0.02097315
47.68250463	0.00686887	0.00014405	-0.02097205
47.68500463	0.00686546	0.00014398	-0.02097095
47.68750462	0.00686205	0.00014390	-0.02096985
47.69000462	0.00685864	0.00014382	-0.02096875
47.69250461	0.00685523	0.00014374	-0.02096766
47.69500461	0.00685183	0.00014366	-0.02096656
47.69750460	0.00684842	0.00014358	-0.02096546
47.70000460	0.00684502	0.00014350	-0.02096436
47.70250459	0.00684162	0.00014342	-0.02096326
47.70500459	0.00683821	0.00014334	-0.02096216
47.70750458	0.00683481	0.00014326	-0.02096106
47.71000458	0.00683141	0.00014319	-0.02095996
47.71250457	0.00682802	0.00014311	-0.02095887
47.71500457	0.00682462	0.00014303	-0.02095777
47.71750456	0.00682122	0.00014295	-0.02095667
47.72000456	0.00681783	0.00014287	-0.02095557
47.72250455	0.00681443	0.00014279	-0.02095447
47.72500455	0.00681104	0.00014271	-0.02095338
47.72750454	0.00680765	0.00014264	-0.02095228
47.73000454	0.00680426	0.00014256	-0.02095118
47.73250453	0.00680087	0.00014248	-0.02095008
47.73500453	0.00679748	0.00014240	-0.02094899
47.73750452	0.00679409	0.00014232	-0.02094789
47.74000452	0.00679071	0.00014224	-0.02094679
47.74250451	0.00678732	0.00014217	-0.02094570
47.74500451	0.00678394	0.00014209	-0.02094460
47.74750450	0.00678055	0.00014201	-0.02094350
47.75000450	0.00677717	0.00014193	-0.02094241
47.75250449	0.00677379	0.00014185	-0.02094131
47.75500449	0.00677041	0.00014177	-0.02094021
47.75750448	0.00676703	0.00014170	-0.02093912
47.76000448	0.00676365	0.00014162	-0.02093802
47.76250448	0.00676028	0.00014154	-0.02093693
47.76500447	0.00675690	0.00014146	-0.02093583
47.76750446	0.00675353	0.00014138	-0.02093473
47.77000446	0.00675015	0.00014131	-0.02093364
47.77250445	0.00674678	0.00014123	-0.02093254
47.77500445	0.00674341	0.00014115	-0.02093145
47.77750444	0.00674004	0.00014107	-0.02093035
47.78000444	0.00673667	0.00014099	-0.02092926
47.78250443	0.00673330	0.00014092	-0.02092816
47.78500443	0.00672994	0.00014084	-0.02092707
47.78750442	0.00672657	0.00014076	-0.02092597
47.79000442	0.00672321	0.00014068	-0.02092488
47.79250441	0.00671984	0.00014060	-0.02092378
47.79500441	0.00671648	0.00014053	-0.02092269
47.79750440	0.00671312	0.00014045	-0.02092159
47.80000440	0.00670976	0.00014037	-0.02092050
47.80250439	0.00670640	0.00014029	-0.02091941
47.80500439	0.00670304	0.00014022	-0.02091831
47.80750438	0.00669969	0.00014014	-0.02091722
47.81000438	0.00669633	0.00014006	-0.02091612
47.81250437	0.00669298	0.00013998	-0.02091503
47.81500437	0.00668962	0.00013991	-0.02091394
47.81750436	0.00668627	0.00013983	-0.02091284
47.82000436	0.00668292	0.00013975	-0.02091175
47.82250435	0.00667957	0.00013967	-0.02091066
47.82500435	0.00667622	0.00013960	-0.02090956
47.82750434	0.00667287	0.00013952	-0.02090847
47.83000434	0.00666952	0.00013944	-0.02090738
47.83250433	0.00666618	0.00013937	-0.02090629
47.83500433	0.00666283	0.00013929	-0.02090519
47.83750432	0.00665949	0.00013921	-0.02090410
47.84000432	0.00665615	0.00013913	-0.02090301
47.84250431	0.00665280	0.00013906	-0.02090192
47.84500431	0.00664946	0.00013898	-0.02090082
47.84750430	0.00664612	0.00013890	-0.02089973
47.85000430	0.00664279	0.00013883	-0.02089864
47.85250429	0.00663945	0.00013875	-0.02089755
47.85500429	0.00663611	0.00013867	-0.02089646
47.85750428	0.00663278	0.00013859	-0.02089536
47.86000428	0.00662944	0.00013852	-0.02089427
47.86250427	0.00662611	0.00013844	-0.02089318
47.86500427	0.00662278	0.00013836	-0.02089209
47.86750426	0.00661945	0.00013829	-0.02089100
47.87000426	0.00661612	0.00013821	-0.02088991
47.87250425	0.00661279	0.00013813	-0.02088882
47.87500425	0.00660946	0.00013806	-0.02088773
47.87750424	0.00660613	0.00013798	-0.02088664
47.88000424	0.00660281	0.00013790	-0.02088555
47.88250423	0.00659948	0.00013783	-0.02088445
47.88500423	0.00659616	0.00013775	-0.02088336
47.88750422	0.00659284	0.00013767	-0.02088227
47.89000422	0.00658952	0.00013760	-0.02088118
47.89250421	0.00658620	0.00013752	-0.02088009
47.89500421	0.00658288	0.00013744	-0.02087900
47.89750420	0.00657956	0.00013737	-0.02087791
47.90000420	0.00657624	0.00013729	-0.02087682
47.90250419	0.00657292	0.00013721	-0.02087574
47.90500419	0.00656961	0.00013714	-0.02087465
47.90750418	0.00656630	0.00013706	-0.02087356
47.91000418	0.00656298	0.00013699	-0.02087247
47.91250417	0.00655967	0.00013691	-0.02087138
47.91500417	0.00655636	0.00013683	-0.02087029
47.91750416	0.00655305	0.00013676	-0.02086920
47.92000416	0.00654974	0.00013668	-0.02086811
47.92250415	0.00654644	0.00013660	-0.02086702
47.92500415	0.00654313	0.00013653	-0.02086593
47.92750414	0.00653982	0.00013645	-0.02086485
47.93000414	0.00653652	0.00013638	-0.02086376
47.93250413	0.00653322	0.00013630	-0.02086267
47.93500413	0.00652991	0.00013622	-0.02086158
47.93750412	0.00652661	0.00013615	-0.02086049
47.94000412	0.00652331	0.00013607	-0.02085941
47.94250411	0.00652001	0.00013600	-0.02085832
47.94500411	0.00651672	0.00013592	-0.02085723
47.94750410	0.00651342	0.00013584	-0.02085614
47.95000410	0.00651012	0.00013577	-0.02085506
47.95250409	0.00650683	0.00013569	-0.02085397
47.95500409	0.00650353	0.00013562	-0.02085288
47.95750408	0.00650024	0.00013554	-0.02085179
47.96000408	0.00649695	0.00013547	-0.02085071
47.96250407	0.00649366	0.00013539	-0.02084962
47.96500407	0.00649037	0.00013531	-0.02084853
47.96750406	0.00648708	0.00013524	-0.02084745
47.97000406	0.00648380	0.00013516	-0.02084636
47.97250405	0.00648051	0.00013509	-0.02084527
47.97500405	0.00647722	0.00013501	-0.02084419
47.97750404	0.00647394	0.00013494	-0.02084310
47.98000404	0.00647066	0.00013486	-0.02084202
47.98250403	0.00646737	0.00013479	-0.02084093
47.98500403	0.00646409	0.00013471	-0.02083984
47.98750402	0.00646081	0.00013464	-0.02083876
47.99000402	0.00645753	0.00013456	-0.02083767
47.99250401	0.00645426	0.00013448	-0.02083659
47.99500401	0.00645098	0.00013441	-0.02083550
47.99750400	0.00644770	0.00013433	-0.02083442
48.00000400	0.00644443	0.00013426	-0.02083333
48.00250399	0.00644116	0.00013418	-0.02083225
48.00500399	0.00643788	0.00013411	-0.02083116
48.00750398	0.00643461	0.00013403	-0.02083008
48.01000398	0.00643134	0.00013396	-0.02082899
48.01250397	0.00642807	0.00013388	-0.02082791
48.01500397	0.00642480	0.00013381	-0.02082682
48.01750396	0.00642154	0.00013373	-0.02082574
48.02000396	0.00641827	0.00013366	-0.02082465
48.02250395	0.00641500	0.00013358	-0.02082357
48.02500395	0.00641174	0.00013351	-0.02082249
48.02750394	0.00640848	0.00013343	-0.02082140
48.03000394	0.00640521	0.00013336	-0.02082032
48.03250393	0.00640195	0.00013328	-0.02081924
48.03500393	0.00639869	0.00013321	-0.02081815
48.03750392	0.00639543	0.00013313	-0.02081707
48.04000392	0.00639218	0.00013306	-0.02081598
48.04250391	0.00638892	0.00013298	-0.02081490
48.04500391	0.00638566	0.00013291	-0.02081382
48.04750390	0.00638241	0.00013284	-0.02081274
48.05000390	0.00637915	0.00013276	-0.02081165
48.05250389	0.00637590	0.00013269	-0.02081057
48.05500389	0.00637265	0.00013261	-0.02080949
48.05750388	0.00636940	0.00013254	-0.02080840
48.06000388	0.00636615	0.00013246	-0.02080732
48.06250387	0.00636290	0.00013239	-0.02080624
48.06500387	0.00635965	0.00013231	-0.02080516
48.06750386	0.00635641	0.00013224	-0.02080408
48.07000386	0.00635316	0.00013216	-0.02080299
48.07250385	0.00634992	0.00013209	-0.02080191
48.07500385	0.00634667	0.00013202	-0.02080083
48.07750384	0.00634343	0.00013194	-0.02079975
48.08000384	0.00634019	0.00013187	-0.02079867
48.08250383	0.00633695	0.00013179	-0.02079759
48.08500383	0.00633371	0.00013172	-0.02079650
48.08750382	0.00633047	0.00013164	-0.02079542
48.09000382	0.00632723	0.00013157	-0.02079434
48.09250381	0.00632400	0.00013150	-0.02079326
48.09500381	0.00632076	0.00013142	-0.02079218
48.09750380	0.00631753	0.00013135	-0.02079110
48.10000380	0.00631430	0.00013127	-0.02079002
48.10250379	0.00631106	0.00013120	-0.02078894
48.10500379	0.00630783	0.00013113	-0.02078786
48.10750378	0.00630460	0.00013105	-0.02078678
48.11000378	0.00630137	0.00013098	-0.02078570
48.11250377	0.00629815	0.00013090	-0.02078462
48.11500377	0.00629492	0.00013083	-0.02078354
48.11750376	0.00629169	0.00013076	-0.02078246
48.12000376	0.00628847	0.00013068	-0.02078138
48.12250375	0.00628524	0.00013061	-0.02078030
48.12500375	0.00628202	0.00013054	-0.02077922
48.12750374	0.00627880	0.00013046	-0.02077814
48.13000374	0.00627558	0.00013039	-0.02077706
48.13250373	0.00627236	0.00013031	-0.02077598
48.13500373	0.00626914	0.00013024	-0.02077490
48.13750372	0.00626592	0.00013017	-0.02077382
48.14000372	0.00626271	0.00013009	-0.02077274
48.14250371	0.00625949	0.00013002	-0.02077167
48.14500371	0.00625627	0.00012995	-0.02077059
48.14750370	0.00625306	0.00012987	-0.02076951
48.15000370	0.00624985	0.00012980	-0.02076843
48.15250370	0.00624664	0.00012973	-0.02076735
48.15500369	0.00624343	0.00012965	-0.02076627
48.15750368	0.00624022	0.00012958	-0.02076520
48.16000368	0.00623701	0.00012951	-0.02076412
48.16250367	0.00623380	0.00012943	-0.02076304
48.16500367	0.00623059	0.00012936	-0.02076196
48.16750366	0.00622739	0.00012929	-0.02076088
48.17000366	0.00622418	0.00012921	-0.02075981
48.17250365	0.00622098	0.00012914	-0.02075873
48.17500365	0.00621778	0.00012907	-0.02075765
48.17750364	0.00621458	0.00012899	-0.02075658
48.18000364	0.00621138	0.00012892	-0.02075550
48.18250363	0.00620818	0.00012885	-0.02075442
48.18500363	0.00620498	0.00012877	-0.02075334
48.18750362	0.00620178	0.00012870	-0.02075227
48.19000362	0.00619859	0.00012863	-0.02075119
48.19250361	0.00619539	0.00012856	-0.02075012
48.19500361	0.00619220	0.00012848	-0.02074904
48.19750360	0.00618900	0.00012841	-0.02074796
48.20000360	0.00618581	0.00012834	-0.02074689
48.20250359	0.00618262	0.00012826	-0.02074581
48.20500359	0.00617943	0.00012819	-0.02074473
48.20750358	0.00617624	0.00012812	-0.02074366
48.21000358	0.00617305	0.00012805	-0.02074258
48.21250357	0.00616986	0.00012797	-0.02074151
48.21500357	0.00616668	0.00012790	-0.02074043
48.21750356	0.00616349	0.00012783	-0.02073936
48.22000356	0.00616031	0.00012775	-0.02073828
48.22250355	0.00615712	0.00012768	-0.02073721
48.22500355	0.00615394	0.00012761	-0.02073613
48.22750354	0.00615076	0.00012754	-0.02073506
48.23000354	0.00614758	0.00012746	-0.02073398
48.23250353	0.00614440	0.00012739	-0.02073291
48.23500353	0.00614122	0.00012732	-0.02073183
48.23750352	0.00613805	0.00012725	-0.02073076
48.24000352	0.00613487	0.00012717	-0.02072968
48.24250351	0.00613170	0.00012710	-0.02072861
48.24500351	0.00612852	0.00012703	-0.02072754
48.24750350	0.00612535	0.00012696	-0.02072646
48.25000350	0.00612218	0.00012688	-0.02072539
48.25250349	0.00611901	0.00012681	-0.02072431
48.25500349	0.00611583	0.00012674	-0.02072324
48.25750348	0.00611267	0.00012667	-0.02072217
48.26000348	0.00610950	0.00012660	-0.02072109
48.26250347	0.00610633	0.00012652	-0.02072002
48.26500347	0.00610316	0.00012645	-0.02071895
48.26750346	0.00610000	0.00012638	-0.02071787
48.27000346	0.00609684	0.00012631	-0.02071680
48.27250345	0.00609367	0.00012623	-0.02071573
48.27500345	0.00609051	0.00012616	-0.02071465
48.27750344	0.00608735	0.00012609	-0.02071358
48.28000344	0.00608419	0.00012602	-0.02071251
48.28250343	0.00608103	0.00012595	-0.02071144
48.28500343	0.00607787	0.00012587	-0.02071036
48.28750342	0.00607471	0.00012580	-0.02070929
48.29000342	0.00607156	0.00012573	-0.02070822
48.29250341	0.00606840	0.00012566	-0.02070715
48.29500341	0.00606525	0.00012559	-0.02070608
48.29750340	0.00606210	0.00012552	-0.02070500
48.30000340	0.00605894	0.00012544	-0.02070393
48.30250339	0.00605579	0.00012537	-0.02070286
48.30500339	0.00605264	0.00012530	-0.02070179
48.30750338	0.00604949	0.00012523	-0.02070072
48.31000338	0.00604634	0.00012516	-0.02069965
48.31250337	0.00604320	0.00012509	-0.02069858
48.31500337	0.00604005	0.00012501	-0.02069750
48.31750336	0.00603691	0.00012494	-0.02069643
48.32000336	0.00603376	0.00012487	-0.02069536
48.32250335	0.00603062	0.00012480	-0.02069429
48.32500335	0.00602748	0.00012473	-0.02069322
48.32750334	0.00602434	0.00012466	-0.02069215
48.33000334	0.00602119	0.00012459	-0.02069108
48.33250333	0.00601806	0.00012451	-0.02069001
48.33500333	0.00601492	0.00012444	-0.02068894
48.33750332	0.00601178	0.00012437	-0.02068787
48.34000332	0.00600864	0.00012430	-0.02068680
48.34250331	0.00600551	0.00012423	-0.02068573
48.34500331	0.00600237	0.00012416	-0.02068466
48.34750330	0.00599924	0.00012409	-0.02068359
48.35000330	0.00599611	0.00012401	-0.02068252
48.35250329	0.00599298	0.00012394	-0.02068145
48.35500329	0.00598985	0.00012387	-0.02068038
48.35750328	0.00598672	0.00012380	-0.02067931
48.36000328	0.00598359	0.00012373	-0.02067825
48.36250327	0.00598046	0.00012366	-0.02067718
48.36500327	0.00597733	0.00012359	-0.02067611
48.36750326	0.00597421	0.00012352	-0.02067504
48.37000326	0.00597108	0.00012345	-0.02067397
48.37250325	0.00596796	0.00012338	-0.02067290
48.37500325	0.00596484	0.00012330	-0.02067183
48.37750324	0.00596172	0.00012323	-0.02067076
48.38000324	0.00595860	0.00012316	-0.02066970
48.38250323	0.00595548	0.00012309	-0.02066863
48.38500323	0.00595236	0.00012302	-0.02066756
48.38750322	0.00594924	0.00012295	-0.02066649
48.39000322	0.00594612	0.00012288	-0.02066543
48.39250321	0.00594301	0.00012281	-0.02066436
48.39500321	0.00593989	0.00012274	-0.02066329
48.39750320	0.00593678	0.00012267	-0.02066222
48.40000320	0.00593367	0.00012260	-0.02066116
48.40250319	0.00593055	0.00012253	-0.02066009
48.40500319	0.00592744	0.00012246	-0.02065902
48.40750318	0.00592433	0.00012238	-0.02065795
48.41000318	0.00592123	0.00012231	-0.02065689
48.41250317	0.00591812	0.00012224	-0.02065582
48.41500317	0.00591501	0.00012217	-0.02065475
48.41750316	0.00591190	0.00012210	-0.02065369
48.42000316	0.00590880	0.00012203	-0.02065262
48.42250315	0.00590570	0.00012196	-0.02065156
48.42500315	0.00590259	0.00012189	-0.02065049
48.42750314	0.00589949	0.00012182	-0.02064942
48.43000314	0.00589639	0.00012175	-0.02064836
48.43250313	0.00589329	0.00012168	-0.02064729
48.43500313	0.00589019	0.00012161	-0.02064623
48.43750312	0.00588709	0.00012154	-0.02064516
48.44000312	0.00588399	0.00012147	-0.02064409
48.44250311	0.00588090	0.00012140	-0.02064303
48.44500311	0.00587780	0.00012133	-0.02064196
48.44750310	0.00587471	0.00012126	-0.02064090
48.45000310	0.00587161	0.00012119	-0.02063983
48.45250309	0.00586852	0.00012112	-0.02063877
48.45500309	0.00586543	0.00012105	-0.02063770
48.45750308	0.00586234	0.00012098	-0.02063664
48.46000308	0.00585925	0.00012091	-0.02063557
48.46250307	0.00585616	0.00012084	-0.02063451
48.46500307	0.00585307	0.00012077	-0.02063345
48.46750306	0.00584999	0.00012070	-0.02063238
48.47000306	0.00584690	0.00012063	-0.02063132
48.47250305	0.00584382	0.00012056	-0.02063025
48.47500305	0.00584073	0.00012049	-0.02062919
48.47750304	0.00583765	0.00012042	-0.02062813
48.48000304	0.00583457	0.00012035	-0.02062706
48.48250303	0.00583149	0.00012028	-0.02062600
48.48500303	0.00582841	0.00012021	-0.02062493
48.48750302	0.00582533	0.00012014	-0.02062387
48.49000302	0.00582225	0.00012007	-0.02062281
48.49250301	0.00581918	0.00012000	-0.02062174
48.49500301	0.00581610	0.00011993	-0.02062068
48.49750300	0.00581302	0.00011986	-0.02061962
48.50000300	0.00580995	0.00011979	-0.02061856
48.50250299	0.00580688	0.00011972	-0.02061749
48.50500299	0.00580380	0.00011965	-0.02061643
48.50750298	0.00580073	0.00011958	-0.02061537
48.51000298	0.00579766	0.00011951	-0.02061431
48.51250297	0.00579459	0.00011945	-0.02061324
48.51500297	0.00579153	0.00011938	-0.02061218
48.51750296	0.00578846	0.00011931	-0.02061112
48.52000296	0.00578539	0.00011924	-0.02061006
48.52250295	0.00578233	0.00011917	-0.02060899
48.52500295	0.00577926	0.00011910	-0.02060793
48.52750294	0.00577620	0.00011903	-0.02060687
48.53000294	0.00577313	0.00011896	-0.02060581
48.53250293	0.00577007	0.00011889	-0.02060475
48.53500293	0.00576701	0.00011882	-0.02060369
48.53750292	0.00576395	0.00011875	-0.02060263
48.54000292	0.00576089	0.00011868	-0.02060156
48.54250292	0.00575784	0.00011861	-0.02060050
48.54500291	0.00575478	0.00011855	-0.02059944
48.54750290	0.00575172	0.00011848	-0.02059838
48.55000290	0.00574867	0.00011841	-0.02059732
48.55250289	0.00574561	0.00011834	-0.02059626
48.55500289	0.00574256	0.00011827	-0.02059520
48.55750288	0.00573951	0.00011820	-0.02059414
48.56000288	0.00573646	0.00011813	-0.02059308
48.56250287	0.00573341	0.00011806	-0.02059202
48.56500287	0.00573036	0.00011799	-0.02059096
48.56750286	0.00572731	0.00011792	-0.02058990
48.57000286	0.00572426	0.00011786	-0.02058884
48.57250285	0.00572121	0.00011779	-0.02058778
48.57500285	0.00571817	0.00011772	-0.02058672
48.57750284	0.00571512	0.00011765	-0.02058566
48.58000284	0.00571208	0.00011758	-0.02058460
48.58250283	0.00570904	0.00011751	-0.02058354
48.58500283	0.00570600	0.00011744	-0.02058248
48.58750282	0.00570296	0.00011737	-0.02058142
48.59000282	0.00569992	0.00011731	-0.02058037
48.59250281	0.00569688	0.00011724	-0.02057931
48.59500281	0.00569384	0.00011717	-0.02057825
48.59750280	0.00569080	0.00011710	-0.02057719
48.60000280	0.00568776	0.00011703	-0.02057613
48.60250279	0.00568473	0.00011696	-0.02057507
48.60500279	0.00568170	0.00011690	-0.02057401
48.60750278	0.00567866	0.00011683	-0.02057296
48.61000278	0.00567563	0.00011676	-0.02057190
48.61250277	0.00567260	0.00011669	-0.02057084
48.61500277	0.00566957	0.00011662	-0.02056978
48.61750276	0.00566654	0.00011655	-0.02056872
48.62000276	0.00566351	0.00011649	-0.02056767
48.62250275	0.00566048	0.00011642	-0.02056661
48.62500275	0.00565745	0.00011635	-0.02056555
48.62750274	0.00565443	0.00011628	-0.02056449
48.63000274	0.00565140	0.00011621	-0.02056344
48.63250273	0.00564838	0.00011614	-0.02056238
48.63500273	0.00564536	0.00011608	-0.02056132
48.63750272	0.00564233	0.00011601	-0.02056027
48.64000272	0.00563931	0.00011594	-0.02055921
48.64250271	0.00563629	0.00011587	-0.02055815
48.64500271	0.00563327	0.00011580	-0.02055710
48.64750270	0.00563026	0.00011574	-0.02055604
48.65000270	0.00562724	0.00011567	-0.02055498
48.65250269	0.00562422	0.00011560	-0.02055393
48.65500269	0.00562121	0.00011553	-0.02055287
48.65750268	0.00561819	0.00011546	-0.02055182
48.66000268	0.00561518	0.00011540	-0.02055076
48.66250267	0.00561216	0.00011533	-0.02054970
48.66500267	0.00560915	0.00011526	-0.02054865
48.66750266	0.00560614	0.00011519	-0.02054759
48.67000266	0.00560313	0.00011512	-0.02054654
48.67250265	0.00560012	0.00011506	-0.02054548
48.67500265	0.00559711	0.00011499	-0.02054443
48.67750264	0.00559411	0.00011492	-0.02054337
48.68000264	0.00559110	0.00011485	-0.02054232
48.68250263	0.00558810	0.00011479	-0.02054126
48.68500263	0.00558509	0.00011472	-0.02054021
48.68750262	0.00558209	0.00011465	-0.02053915
48.69000262	0.00557908	0.00011458	-0.02053810
48.69250261	0.00557608	0.00011452	-0.02053704
48.69500261	0.00557308	0.00011445	-0.02053599
48.69750260	0.00557008	0.00011438	-0.02053493
48.70000260	0.00556708	0.00011431	-0.02053388
48.70250259	0.00556409	0.00011425	-0.02053283
48.70500259	0.00556109	0.00011418	-0.02053177
48.70750258	0.00555809	0.00011411	-0.02053072
48.71000258	0.00555510	0.00011404	-0.02052966
48.71250257	0.00555210	0.00011398	-0.02052861
48.71500257	0.00554911	0.00011391	-0.02052756
48.71750256	0.00554612	0.00011384	-0.02052650
48.72000256	0.00554312	0.00011378	-0.02052545
48.72250255	0.00554013	0.00011371	-0.02052440
48.72500255	0.00553714	0.00011364	-0.02052334
48.72750254	0.00553416	0.00011357	-0.02052229
48.73000254	0.00553117	0.00011351	-0.02052124
48.73250253	0.00552818	0.00011344	-0.02052019
48.73500253	0.00552519	0.00011337	-0.02051913
48.73750252	0.00552221	0.00011331	-0.02051808
48.74000252	0.00551922	0.00011324	-0.02051703
48.74250251	0.00551624	0.00011317	-0.02051598
48.74500251	0.00551326	0.00011310	-0.02051492
48.74750250	0.00551028	0.00011304	-0.02051387
48.75000250	0.00550730	0.00011297	-0.02051282
48.75250249	0.00550432	0.00011290	-0.02051177
48.75500249	0.00550134	0.00011284	-0.02051072
48.75750248	0.00549836	0.00011277	-0.02050966
48.76000248	0.00549538	0.00011270	-0.02050861
48.76250247	0.00549241	0.00011264	-0.02050756
48.76500247	0.00548943	0.00011257	-0.02050651
48.76750246	0.00548646	0.00011250	-0.02050546
48.77000246	0.00548348	0.00011244	-0.02050441
48.77250245	0.00548051	0.00011237	-0.02050336
48.77500245	0.00547754	0.00011230	-0.02050231
48.77750244	0.00547457	0.00011224	-0.02050125
48.78000244	0.00547160	0.00011217	-0.02050020
48.78250243	0.00546863	0.00011210	-0.02049915
48.78500243	0.00546566	0.00011204	-0.02049810
48.78750242	0.00546270	0.00011197	-0.02049705
48.79000242	0.00545973	0.00011190	-0.02049600
48.79250241	0.00545677	0.00011184	-0.02049495
48.79500241	0.00545380	0.00011177	-0.02049390
48.79750240	0.00545084	0.00011170	-0.02049285
48.80000240	0.00544788	0.00011164	-0.02049180
48.80250239	0.00544491	0.00011157	-0.02049075
48.80500239	0.00544195	0.00011150	-0.02048970
48.80750238	0.00543899	0.00011144	-0.02048865
48.81000238	0.00543604	0.00011137	-0.02048760
48.81250237	0.00543308	0.00011131	-0.02048655
48.81500237	0.00543012	0.00011124	-0.02048551
48.81750236	0.00542716	0.00011117	-0.02048446
48.82000236	0.00542421	0.00011111	-0.02048341
48.82250235	0.00542125	0.00011104	-0.02048236
48.82500235	0.00541830	0.00011097	-0.02048131
48.82750234	0.00541535	0.00011091	-0.02048026
48.83000234	0.00541240	0.00011084	-0.02047921
48.83250233	0.00540945	0.00011078	-0.02047816
48.83500233	0.00540650	0.00011071	-0.02047712
48.83750232	0.00540355	0.00011064	-0.02047607
48.84000232	0.00540060	0.00011058	-0.02047502
48.84250231	0.00539765	0.00011051	-0.02047397
48.84500231	0.00539471	0.00011045	-0.02047292
48.84750230	0.00539176	0.00011038	-0.02047188
48.85000230	0.00538882	0.00011031	-0.02047083
48.85250229	0.00538587	0.00011025	-0.02046978
48.85500229	0.00538293	0.00011018	-0.02046873
48.85750228	0.00537999	0.00011012	-0.02046769
48.86000228	0.00537705	0.00011005	-0.02046664
48.86250227	0.00537411	0.00010998	-0.02046559
48.86500227	0.00537117	0.00010992	-0.02046454
48.86750226	0.00536823	0.00010985	-0.02046350
48.87000226	0.00536529	0.00010979	-0.02046245
48.87250225	0.00536236	0.00010972	-0.02046140
48.87500225	0.00535942	0.00010966	-0.02046036
48.87750224	0.00535649	0.00010959	-0.02045931
48.88000224	0.00535355	0.00010952	-0.02045826
48.88250223	0.00535062	0.00010946	-0.02045722
48.88500223	0.00534769	0.00010939	-0.02045617
48.88750222	0.00534476	0.00010933	-0.02045513
48.89000222	0.00534183	0.00010926	-0.02045408
48.89250221	0.00533890	0.00010920	-0.02045303
48.89500221	0.00533597	0.00010913	-0.02045199
48.89750220	0.00533304	0.00010907	-0.02045094
48.90000220	0.00533012	0.00010900	-0.02044990
48.90250219	0.00532719	0.00010893	-0.02044885
48.90500219	0.00532426	0.00010887	-0.02044781
48.90750218	0.00532134	0.00010880	-0.02044676
48.91000218	0.00531842	0.00010874	-0.02044572
48.91250217	0.00531550	0.00010867	-0.02044467
48.91500217	0.00531257	0.00010861	-0.02044363
48.91750216	0.00530965	0.00010854	-0.02044258
48.92000216	0.00530673	0.00010848	-0.02044154
48.92250215	0.00530382	0.00010841	-0.02044049
48.92500215	0.00530090	0.00010835	-0.02043945
48.92750214	0.00529798	0.00010828	-0.02043840
48.93000214	0.00529507	0.00010822	-0.02043736
48.93250213	0.00529215	0.00010815	-0.02043631
48.93500213	0.00528924	0.00010809	-0.02043527
48.93750212	0.00528632	0.00010802	-0.02043423
48.94000212	0.00528341	0.00010796	-0.02043318
48.94250211	0.00528050	0.00010789	-0.02043214
48.94500211	0.00527759	0.00010783	-0.02043110
48.94750210	0.00527468	0.00010776	-0.02043005
48.95000210	0.00527177	0.00010770	-0.02042901
48.95250209	0.00526886	0.00010763	-0.02042797
48.95500209	0.00526595	0.00010757	-0.02042692
48.95750208	0.00526305	0.00010750	-0.02042588
48.96000208	0.00526014	0.00010744	-0.02042484
48.96250207	0.00525724	0.00010737	-0.02042379
48.96500207	0.00525433	0.00010731	-0.02042275
48.96750206	0.00525143	0.00010724	-0.02042171
48.97000206	0.00524853	0.00010718	-0.02042066
48.97250205	0.00524563	0.00010711	-0.02041962
48.97500205	0.00524273	0.00010705	-0.02041858
48.97750204	0.00523983	0.00010698	-0.02041754
48.98000204	0.00523693	0.00010692	-0.02041650
48.98250203	0.00523403	0.00010686	-0.02041545
48.98500203	0.00523114	0.00010679	-0.02041441
48.98750202	0.00522824	0.00010673	-0.02041337
48.99000202	0.00522534	0.00010666	-0.02041233
48.99250201	0.00522245	0.00010660	-0.02041129
48.99500201	0.00521956	0.00010653	-0.02041025
48.99750200	0.00521667	0.00010647	-0.02040920
49.00000200	0.00521377	0.00010640	-0.02040816
49.00250199	0.00521088	0.00010634	-0.02040712
49.00500199	0.00520799	0.00010627	-0.02040608
49.00750198	0.00520510	0.00010621	-0.02040504
49.01000198	0.00520222	0.00010615	-0.02040400
49.01250197	0.00519933	0.00010608	-0.02040296
49.01500197	0.00519644	0.00010602	-0.02040192
49.01750196	0.00519356	0.00010595	-0.02040088
49.02000196	0.00519067	0.00010589	-0.02039984
49.02250195	0.00518779	0.00010582	-0.02039880
49.02500195	0.00518491	0.00010576	-0.02039776
49.02750194	0.00518202	0.00010570	-0.02039672
49.03000194	0.00517914	0.00010563	-0.02039568
49.03250193	0.00517626	0.00010557	-0.02039464
49.03500193	0.00517338	0.00010550	-0.02039360
49.03750192	0.00517051	0.00010544	-0.02039256
49.04000192	0.00516763	0.00010538	-0.02039152
49.04250191	0.00516475	0.00010531	-0.02039048
49.04500191	0.00516188	0.00010525	-0.02038944
49.04750190	0.00515900	0.00010518	-0.02038840
49.05000190	0.00515613	0.00010512	-0.02038736
49.05250189	0.00515325	0.00010506	-0.02038632
49.05500189	0.00515038	0.00010499	-0.02038528
49.05750188	0.00514751	0.00010493	-0.02038424
49.06000188	0.00514464	0.00010486	-0.02038320
49.06250187	0.00514177	0.00010480	-0.02038216
49.06500187	0.00513890	0.00010474	-0.02038113
49.06750186	0.00513603	0.00010467	-0.02038009
49.07000186	0.00513316	0.00010461	-0.02037905
49.07250185	0.00513030	0.00010455	-0.02037801
49.07500185	0.00512743	0.00010448	-0.02037697
49.07750184	0.00512457	0.00010442	-0.02037594
49.08000184	0.00512170	0.00010435	-0.02037490
49.08250183	0.00511884	0.00010429	-0.02037386
49.08500183	0.00511598	0.00010423	-0.02037282
49.08750182	0.00511312	0.00010416	-0.02037178
49.09000182	0.00511026	0.00010410	-0.02037075
49.09250181	0.00510740	0.00010404	-0.02036971
49.09500181	0.00510454	0.00010397	-0.02036867
49.09750180	0.00510168	0.00010391	-0.02036764
49.10000180	0.00509882	0.00010385	-0.02036660
49.10250179	0.00509597	0.00010378	-0.02036556
49.10500179	0.00509311	0.00010372	-0.02036452
49.10750178	0.00509026	0.00010366	-0.02036349
49.11000178	0.00508740	0.00010359	-0.02036245
49.11250177	0.00508455	0.00010353	-0.02036141
49.11500177	0.00508170	0.00010347	-0.02036038
49.11750176	0.00507885	0.00010340	-0.02035934
49.12000176	0.00507600	0.00010334	-0.02035831
49.12250175	0.00507315	0.00010328	-0.02035727
49.12500175	0.00507030	0.00010321	-0.02035623
49.12750174	0.00506745	0.00010315	-0.02035520
49.13000174	0.00506460	0.00010309	-0.02035416
49.13250173	0.00506176	0.00010302	-0.02035313
49.13500173	0.00505891	0.00010296	-0.02035209
49.13750172	0.00505607	0.00010290	-0.02035105
49.14000172	0.00505323	0.00010283	-0.02035002
49.14250171	0.00505038	0.00010277	-0.02034898
49.14500171	0.00504754	0.00010271	-0.02034795
49.14750170	0.00504470	0.00010264	-0.02034691
49.15000170	0.00504186	0.00010258	-0.02034588
49.15250169	0.00503902	0.00010252	-0.02034484
49.15500169	0.00503618	0.00010246	-0.02034381
49.15750168	0.00503335	0.00010239	-0.02034278
49.16000168	0.00503051	0.00010233	-0.02034174
49.16250167	0.00502767	0.00010227	-0.02034071
49.16500167	0.00502484	0.00010220	-0.02033967
49.16750166	0.00502200	0.00010214	-0.02033864
49.17000166	0.00501917	0.00010208	-0.02033760
49.17250165	0.00501634	0.00010202	-0.02033657
49.17500165	0.00501351	0.00010195	-0.02033554
49.17750164	0.00501068	0.00010189	-0.02033450
49.18000164	0.00500785	0.00010183	-0.02033347
49.18250163	0.00500502	0.00010176	-0.02033243
49.18500163	0.00500219	0.00010170	-0.02033140
49.18750162	0.00499936	0.00010164	-0.02033037
49.19000162	0.00499653	0.00010158	-0.02032933
49.19250161	0.00499371	0.00010151	-0.02032830
49.19500161	0.00499088	0.00010145	-0.02032727
49.19750160	0.00498806	0.00010139	-0.02032624
49.20000160	0.00498524	0.00010133	-0.02032520
49.20250159	0.00498241	0.00010126	-0.02032417
49.20500159	0.00497959	0.00010120	-0.02032314
49.20750158	0.00497677	0.00010114	-0.02032210
49.21000158	0.00497395	0.00010108	-0.02032107
49.21250157	0.00497113	0.00010101	-0.02032004
49.21500157	0.00496831	0.00010095	-0.02031901
49.21750156	0.00496550	0.00010089	-0.02031798
49.22000156	0.00496268	0.00010083	-0.02031694
49.22250155	0.00495986	0.00010076	-0.02031591
49.22500155	0.00495705	0.00010070	-0.02031488
49.22750154	0.00495423	0.00010064	-0.02031385
49.23000154	0.00495142	0.00010058	-0.02031282
49.23250153	0.00494861	0.00010052	-0.02031179
49.23500153	0.00494580	0.00010045	-0.02031075
49.23750152	0.00494299	0.00010039	-0.02030972
49.24000152	0.00494018	0.00010033	-0.02030869
49.24250151	0.00493737	0.00010027	-0.02030766
49.24500151	0.00493456	0.00010020	-0.02030663
49.24750150	0.00493175	0.00010014	-0.02030560
49.25000150	0.00492894	0.00010008	-0.02030457
49.25250149	0.00492614	0.00010002	-0.02030354
49.25500149	0.00492333	0.00009996	-0.02030251
49.25750148	0.00492053	0.00009989	-0.02030148
49.26000148	0.00491773	0.00009983	-0.02030045
49.26250147	0.00491492	0.00009977	-0.02029942
49.26500147	0.00491212	0.00009971	-0.02029839
49.26750146	0.00490932	0.00009965	-0.02029736
49.27000146	0.00490652	0.00009958	-0.02029633
49.27250145	0.00490372	0.00009952	-0.02029530
49.27500145	0.00490092	0.00009946	-0.02029427
49.27750144	0.00489813	0.00009940	-0.02029324
49.28000144	0.00489533	0.00009934	-0.02029221
49.28250143	0.00489253	0.00009928	-0.02029118
49.28500143	0.00488974	0.00009921	-0.02029015
49.28750142	0.00488694	0.00009915	-0.02028912
49.29000142	0.00488415	0.00009909	-0.02028809
49.29250141	0.00488136	0.00009903	-0.02028706
49.29500141	0.00487857	0.00009897	-0.02028603
49.29750140	0.00487578	0.00009891	-0.02028500
49.30000140	0.00487298	0.00009884	-0.02028398
49.30250139	0.00487020	0.00009878	-0.02028295
49.30500139	0.00486741	0.00009872	-0.02028192
49.30750138	0.00486462	0.00009866	-0.02028089
49.31000138	0.00486183	0.00009860	-0.02027986
49.31250137	0.00485905	0.00009854	-0.02027883
49.31500137	0.00485626	0.00009847	-0.02027781
49.31750136	0.00485348	0.00009841	-0.02027678
49.32000136	0.00485069	0.00009835	-0.02027575
49.32250135	0.00484791	0.00009829	-0.02027472
49.32500135	0.00484513	0.00009823	-0.02027369
49.32750134	0.00484235	0.00009817	-0.02027267
49.33000134	0.00483957	0.00009811	-0.02027164
49.33250133	0.00483679	0.00009804	-0.02027061
49.33500133	0.00483401	0.00009798	-0.02026958
49.33750132	0.00483123	0.00009792	-0.02026856
49.34000132	0.00482845	0.00009786	-0.02026753
49.34250131	0.00482568	0.00009780	-0.02026650
49.34500131	0.00482290	0.00009774	-0.02026548
49.34750130	0.00482013	0.00009768	-0.02026445
49.35000130	0.00481735	0.00009762	-0.02026342
49.35250129	0.00481458	0.00009755	-0.02026240
49.35500129	0.00481181	0.00009749	-0.02026137
49.35750128	0.00480904	0.00009743	-0.02026034
49.36000128	0.00480626	0.00009737	-0.02025932
49.36250127	0.00480349	0.00009731	-0.02025829
49.36500127	0.00480073	0.00009725	-0.02025727
49.36750126	0.00479796	0.00009719	-0.02025624
49.37000126	0.00479519	0.00009713	-0.02025522
49.37250125	0.00479242	0.00009707	-0.02025419
49.37500125	0.00478966	0.00009701	-0.02025316
49.37750124	0.00478689	0.00009694	-0.02025214
49.38000124	0.00478413	0.00009688	-0.02025111
49.38250123	0.00478136	0.00009682	-0.02025009
49.38500123	0.00477860	0.00009676	-0.02024906
49.38750122	0.00477584	0.00009670	-0.02024804
49.39000122	0.00477308	0.00009664	-0.02024701
49.39250121	0.00477032	0.00009658	-0.02024599
49.39500121	0.00476756	0.00009652	-0.02024496
49.39750120	0.00476480	0.00009646	-0.02024394
49.40000120	0.00476204	0.00009640	-0.02024291
49.40250119	0.00475929	0.00009634	-0.02024189
49.40500119	0.00475653	0.00009628	-0.02024087
49.40750118	0.00475377	0.00009622	-0.02023984
49.41000118	0.00475102	0.00009616	-0.02023882
49.41250117	0.00474827	0.00009609	-0.02023779
49.41500117	0.00474551	0.00009603	-0.02023677
49.41750116	0.00474276	0.00009597	-0.02023575
49.42000116	0.00474001	0.00009591	-0.02023472
49.42250115	0.00473726	0.00009585	-0.02023370
49.42500115	0.00473451	0.00009579	-0.02023268
49.42750114	0.00473176	0.00009573	-0.02023165
49.43000114	0.00472901	0.00009567	-0.02023063
49.43250113	0.00472626	0.00009561	-0.02022961
49.43500113	0.00472352	0.00009555	-0.02022858
49.43750112	0.00472077	0.00009549	-0.02022756
49.44000112	0.00471803	0.00009543	-0.02022654
49.44250111	0.00471528	0.00009537	-0.02022551
49.44500111	0.00471254	0.00009531	-0.02022449
49.44750110	0.00470980	0.00009525	-0.02022347
49.45000110	0.00470705	0.00009519	-0.02022245
49.45250109	0.00470431	0.00009513	-0.02022142
49.45500109	0.00470157	0.00009507	-0.02022040
49.45750108	0.00469883	0.00009501	-0.02021938
49.46000108	0.00469610	0.00009495	-0.02021836
49.46250107	0.00469336	0.00009489	-0.02021734
49.46500107	0.00469062	0.00009483	-0.02021631
49.46750106	0.00468788	0.00009477	-0.02021529
49.47000106	0.00468515	0.00009471	-0.02021427
49.47250105	0.00468241	0.00009465	-0.02021325
49.47500105	0.00467968	0.00009459	-0.02021223
49.47750104	0.00467695	0.00009453	-0.02021121
49.48000104	0.00467421	0.00009447	-0.02021019
49.48250103	0.00467148	0.00009441	-0.02020916
49.48500103	0.00466875	0.00009435	-0.02020814
49.48750102	0.00466602	0.00009429	-0.02020712
49.49000102	0.00466329	0.00009423	-0.02020610
49.49250101	0.00466056	0.00009417	-0.02020508
49.49500101	0.00465784	0.00009411	-0.02020406
49.49750100	0.00465511	0.00009405	-0.02020304
49.50000100	0.00465238	0.00009399	-0.02020202
49.50250099	0.00464966	0.00009393	-0.02020100
49.50500099	0.00464693	0.00009387	-0.02019998
49.50750098	0.00464421	0.00009381	-0.02019896
49.51000098	0.00464149	0.00009375	-0.02019794
49.51250097	0.00463877	0.00009369	-0.02019692
49.51500097	0.00463604	0.00009363	-0.02019590
49.51750096	0.00463332	0.00009357	-0.02019488
49.52000096	0.00463060	0.00009351	-0.02019386
49.52250095	0.00462788	0.00009345	-0.02019284
49.52500095	0.00462517	0.00009339	-0.02019182
49.52750094	0.00462245	0.00009333	-0.02019080
49.53000094	0.00461973	0.00009327	-0.02018978
49.53250093	0.00461702	0.00009321	-0.02018876
49.53500093	0.00461430	0.00009315	-0.02018775
49.53750092	0.00461159	0.00009309	-0.02018673
49.54000092	0.00460887	0.00009303	-0.02018571
49.54250091	0.00460616	0.00009297	-0.02018469
49.54500091	0.00460345	0.00009291	-0.02018367
49.54750090	0.00460074	0.00009286	-0.02018265
49.55000090	0.00459803	0.00009280	-0.02018163
49.55250089	0.00459532	0.00009274	-0.02018062
49.55500089	0.00459261	0.00009268	-0.02017960
49.55750088	0.00458990	0.00009262	-0.02017858
49.56000088	0.00458719	0.00009256	-0.02017756
49.56250087	0.00458449	0.00009250	-0.02017654
49.56500087	0.00458178	0.00009244	-0.02017553
49.56750086	0.00457908	0.00009238	-0.02017451
49.57000086	0.00457637	0.00009232	-0.02017349
49.57250085	0.00457367	0.00009226	-0.02017247
49.57500085	0.00457097	0.00009220	-0.02017146
49.57750084	0.00456826	0.00009214	-0.02017044
49.58000084	0.00456556	0.00009208	-0.02016942
49.58250083	0.00456286	0.00009203	-0.02016841
49.58500083	0.00456016	0.00009197	-0.02016739
49.58750082	0.00455746	0.00009191	-0.02016637
49.59000082	0.00455477	0.00009185	-0.02016536
49.59250081	0.00455207	0.00009179	-0.02016434
49.59500081	0.00454937	0.00009173	-0.02016332
49.59750080	0.00454668	0.00009167	-0.02016231
49.60000080	0.00454398	0.00009161	-0.02016129
49.60250079	0.00454129	0.00009155	-0.02016027
49.60500079	0.00453859	0.00009149	-0.02015926
49.60750078	0.00453590	0.00009144	-0.02015824
49.61000078	0.00453321	0.00009138	-0.02015723
49.61250077	0.00453052	0.00009132	-0.02015621
49.61500077	0.00452783	0.00009126	-0.02015519
49.61750076	0.00452514	0.00009120	-0.02015418
49.62000076	0.00452245	0.00009114	-0.02015316
49.62250075	0.00451976	0.00009108	-0.02015215
49.62500075	0.00451707	0.00009102	-0.02015113
49.62750074	0.00451439	0.00009097	-0.02015012
49.63000074	0.00451170	0.00009091	-0.02014910
49.63250073	0.00450902	0.00009085	-0.02014809
49.63500073	0.00450633	0.00009079	-0.02014707
49.63750072	0.00450365	0.00009073	-0.02014606
49.64000072	0.00450096	0.00009067	-0.02014504
49.64250071	0.00449828	0.00009061	-0.02014403
49.64500071	0.00449560	0.00009055	-0.02014302
49.64750070	0.00449292	0.00009050	-0.02014200
49.65000070	0.00449024	0.00009044	-0.02014099
49.65250069	0.00448756	0.00009038	-0.02013997
49.65500069	0.00448488	0.00009032	-0.02013896
49.65750068	0.00448221	0.00009026	-0.02013794
49.66000068	0.00447953	0.00009020	-0.02013693
49.66250067	0.00447685	0.00009015	-0.02013592
49.66500067	0.00447418	0.00009009	-0.02013490
49.66750066	0.00447150	0.00009003	-0.02013389
49.67000066	0.00446883	0.00008997	-0.02013288
49.67250065	0.00446616	0.00008991	-0.02013186
49.67500065	0.00446349	0.00008985	-0.02013085
49.67750064	0.00446081	0.00008980	-0.02012984
49.68000064	0.00445814	0.00008974	-0.02012882
49.68250063	0.00445547	0.00008968	-0.02012781
49.68500063	0.00445281	0.00008962	-0.02012680
49.68750062	0.00445014	0.00008956	-0.02012579
49.69000062	0.00444747	0.00008950	-0.02012477
49.69250061	0.00444480	0.00008945	-0.02012376
49.69500061	0.00444214	0.00008939	-0.02012275
49.69750060	0.00443947	0.00008933	-0.02012174
49.70000060	0.00443681	0.00008927	-0.02012072
49.70250059	0.00443414	0.00008921	-0.02011971
49.70500059	0.00443148	0.00008916	-0.02011870
49.70750058	0.00442882	0.00008910	-0.02011769
49.71000058	0.00442616	0.00008904	-0.02011668
49.71250057	0.00442349	0.00008898	-0.02011566
49.71500057	0.00442083	0.00008892	-0.02011465
49.71750056	0.00441818	0.00008887	-0.02011364
49.72000056	0.00441552	0.00008881	-0.02011263
49.72250055	0.00441286	0.00008875	-0.02011162
49.72500055	0.00441020	0.00008869	-0.02011061
49.72750054	0.00440755	0.00008863	-0.02010960
49.73000054	0.00440489	0.00008858	-0.02010859
49.73250053	0.00440223	0.00008852	-0.02010758
49.73500053	0.00439958	0.00008846	-0.02010656
49.73750052	0.00439693	0.00008840	-0.02010555
49.74000052	0.00439427	0.00008834	-0.02010454
49.74250051	0.00439162	0.00008829	-0.02010353
49.74500051	0.00438897	0.00008823	-0.02010252
49.74750050	0.00438632	0.00008817	-0.02010151
49.75000050	0.00438367	0.00008811	-0.02010050
49.75250049	0.00438102	0.00008806	-0.02009949
49.75500049	0.00437837	0.00008800	-0.02009848
49.75750048	0.00437573	0.00008794	-0.02009747
49.76000048	0.00437308	0.00008788	-0.02009646
49.76250047	0.00437043	0.00008783	-0.02009545
49.76500047	0.00436779	0.00008777	-0.02009444
49.76750046	0.00436515	0.00008771	-0.02009343
49.77000046	0.00436250	0.00008765	-0.02009242
49.77250045	0.00435986	0.00008760	-0.02009142
49.77500045	0.00435722	0.00008754	-0.02009041
49.77750044	0.00435458	0.00008748	-0.02008940
49.78000044	0.00435193	0.00008742	-0.02008839
49.78250043	0.00434929	0.00008737	-0.02008738
49.78500043	0.00434666	0.00008731	-0.02008637
49.78750042	0.00434402	0.00008725	-0.02008536
49.79000042	0.00434138	0.00008719	-0.02008435
49.79250041	0.00433874	0.00008714	-0.02008335
49.79500041	0.00433611	0.00008708	-0.02008234
49.79750040	0.00433347	0.00008702	-0.02008133
49.80000040	0.00433084	0.00008696	-0.02008032
49.80250039	0.00432820	0.00008691	-0.02007931
49.80500039	0.00432557	0.00008685	-0.02007831
49.80750038	0.00432293	0.00008679	-0.02007730
49.81000038	0.00432030	0.00008674	-0.02007629
49.81250037	0.00431767	0.00008668	-0.02007528
49.81500037	0.00431504	0.00008662	-0.02007427
49.81750036	0.00431241	0.00008656	-0.02007327
49.82000036	0.00430978	0.00008651	-0.02007226
49.82250035	0.00430715	0.00008645	-0.02007125
49.82500035	0.00430453	0.00008639	-0.02007025
49.82750034	0.00430190	0.00008634	-0.02006924
49.83000034	0.00429927	0.00008628	-0.02006823
49.83250033	0.00429665	0.00008622	-0.02006723
49.83500033	0.00429402	0.00008616	-0.02006622
49.83750032	0.00429140	0.00008611	-0.02006521
49.84000032	0.00428878	0.00008605	-0.02006421
49.84250031	0.00428616	0.00008599	-0.02006320
49.84500031	0.00428353	0.00008594	-0.02006219
49.84750030	0.00428091	0.00008588	-0.02006119
49.85000030	0.00427829	0.00008582	-0.02006018
49.85250029	0.00427567	0.00008577	-0.02005917
49.85500029	0.00427305	0.00008571	-0.02005817
49.85750028	0.00427044	0.00008565	-0.02005716
49.86000028	0.00426782	0.00008560	-0.02005616
49.86250027	0.00426520	0.00008554	-0.02005515
49.86500027	0.00426259	0.00008548	-0.02005415
49.86750026	0.00425997	0.00008543	-0.02005314
49.87000026	0.00425736	0.00008537	-0.02005214
49.87250025	0.00425474	0.00008531	-0.02005113
49.87500025	0.00425213	0.00008526	-0.02005013
49.87750024	0.00424952	0.00008520	-0.02004912
49.88000024	0.00424691	0.00008514	-0.02004812
49.88250023	0.00424430	0.00008509	-0.02004711
49.88500023	0.00424169	0.00008503	-0.02004611
49.88750022	0.00423908	0.00008497	-0.02004510
49.89000022	0.00423647	0.00008492	-0.02004410
49.89250021	0.00423386	0.00008486	-0.02004309
49.89500021	0.00423125	0.00008480	-0.02004209
49.89750020	0.00422865	0.00008475	-0.02004108
49.90000020	0.00422604	0.00008469	-0.02004008
49.90250019	0.00422344	0.00008463	-0.02003908
49.90500019	0.00422083	0.00008458	-0.02003807
49.90750018	0.00421823	0.00008452	-0.02003707
49.91000018	0.00421563	0.00008446	-0.02003606
49.91250017	0.00421302	0.00008441	-0.02003506
49.91500017	0.00421042	0.00008435	-0.02003406
49.91750016	0.00420782	0.00008430	-0.02003305
49.92000016	0.00420522	0.00008424	-0.02003205
49.92250015	0.00420262	0.00008418	-0.02003105
49.92500015	0.00420002	0.00008413	-0.02003005
49.92750014	0.00419743	0.00008407	-0.02002904
49.93000014	0.00419483	0.00008401	-0.02002804
49.93250013	0.00419223	0.00008396	-0.02002704
49.93500013	0.00418964	0.00008390	-0.02002603
49.93750012	0.00418704	0.00008385	-0.02002503
49.94000012	0.00418445	0.00008379	-0.02002403
49.94250011	0.00418185	0.00008373	-0.02002303
49.94500011	0.00417926	0.00008368	-0.02002202
49.94750010	0.00417667	0.00008362	-0.02002102
49.95000010	0.00417408	0.00008357	-0.02002002
49.95250009	0.00417149	0.00008351	-0.02001902
49.95500009	0.00416890	0.00008345	-0.02001802
49.95750008	0.00416631	0.00008340	-0.02001701
49.96000008	0.00416372	0.00008334	-0.02001601
49.96250007	0.00416113	0.00008329	-0.02001501
49.96500007	0.00415854	0.00008323	-0.02001401
49.96750006	0.00415596	0.00008317	-0.02001301
49.97000006	0.00415337	0.00008312	-0.02001201
49.97250005	0.00415079	0.00008306	-0.02001101
49.97500005	0.00414820	0.00008301	-0.02001000
49.97750004	0.00414562	0.00008295	-0.02000900
49.98000004	0.00414304	0.00008289	-0.02000800
49.98250003	0.00414045	0.00008284	-0.02000700
49.98500003	0.00413787	0.00008278	-0.02000600
49.98750002	0.00413529	0.00008273	-0.02000500
49.99000002	0.00413271	0.00008267	-0.02000400
49.99250001	0.00413013	0.00008262	-0.02000300
49.99500001	0.00412755	0.00008256	-0.02000200
49.99750000	0.00412497	0.00008250	-0.02000100
50.00000000	0.00412240	0.00008245	-0.02000000
