# l = 2
# n = 3
# E = -0.05555537
# r	u(r)	R(r)	V(r)
0.00010000	0.00000000	0.00000000	-10000.00000000
0.00259999	0.00000000	0.00000006	-384.61612426
0.00509999	0.00000000	0.00000023	-196.07881584
0.00759998	0.00000000	0.00000052	-131.57920706
0.01009998	0.00000001	0.00000092	-99.01009705
0.01259997	0.00000002	0.00000143	-79.36523684
0.01509997	0.00000003	0.00000205	-66.22529714
0.01759996	0.00000005	0.00000278	-56.81829481
0.02009996	0.00000007	0.00000362	-49.75134279
0.02259995	0.00000010	0.00000457	-44.24787571
0.02509995	0.00000014	0.00000563	-39.84071681
0.02759994	0.00000019	0.00000681	-36.23195626
0.03009994	0.00000024	0.00000809	-33.22265759
0.03259993	0.00000031	0.00000948	-30.67490779
0.03509993	0.00000039	0.00001098	-28.49008531
0.03759992	0.00000047	0.00001259	-26.59579773
0.04009992	0.00000057	0.00001431	-24.93770561
0.04259991	0.00000069	0.00001613	-23.47422524
0.04509991	0.00000081	0.00001807	-22.17299325
0.04759990	0.00000096	0.00002011	-21.00844529
0.05009990	0.00000112	0.00002226	-19.96011968
0.05259989	0.00000129	0.00002451	-19.01144479
0.05509989	0.00000148	0.00002687	-18.14885656
0.05759988	0.00000169	0.00002934	-17.36114577
0.06009988	0.00000192	0.00003192	-16.63896833
0.06259987	0.00000217	0.00003460	-15.97447279
0.06509987	0.00000243	0.00003739	-15.36101378
0.06759986	0.00000272	0.00004028	-14.79292895
0.07009986	0.00000303	0.00004328	-14.26536373
0.07259985	0.00000337	0.00004639	-13.77413219
0.07509985	0.00000372	0.00004959	-13.31560582
0.07759984	0.00000411	0.00005291	-12.88662368
0.08009984	0.00000451	0.00005632	-12.48441944
0.08259983	0.00000494	0.00005984	-12.10656171
0.08509983	0.00000540	0.00006347	-11.75090479
0.08759982	0.00000589	0.00006720	-11.41554792
0.09009982	0.00000640	0.00007103	-11.09880131
0.09259981	0.00000694	0.00007496	-10.79915764
0.09509981	0.00000751	0.00007900	-10.51526812
0.09759980	0.00000811	0.00008314	-10.24592211
0.10009980	0.00000875	0.00008738	-9.99002995
0.10259979	0.00000941	0.00009172	-9.74660817
0.10509979	0.00001011	0.00009616	-9.51476687
0.10759978	0.00001084	0.00010071	-9.29369887
0.11009978	0.00001160	0.00010535	-9.08267028
0.11259977	0.00001240	0.00011010	-8.88101242
0.11509977	0.00001323	0.00011495	-8.68811467
0.11759976	0.00001410	0.00011990	-8.50341835
0.12009976	0.00001501	0.00012494	-8.32641131
0.12259975	0.00001595	0.00013009	-8.15662315
0.12509975	0.00001693	0.00013534	-7.99362109
0.12759974	0.00001795	0.00014068	-7.83700626
0.13009974	0.00001901	0.00014613	-7.68641044
0.13259973	0.00002011	0.00015167	-7.54149320
0.13509973	0.00002125	0.00015731	-7.40193929
0.13759972	0.00002244	0.00016305	-7.26745638
0.14009972	0.00002366	0.00016889	-7.13777301
0.14259971	0.00002493	0.00017483	-7.01263674
0.14509971	0.00002624	0.00018086	-6.89181253
0.14759970	0.00002760	0.00018699	-6.77508129
0.15009970	0.00002900	0.00019322	-6.66223850
0.15259969	0.00003045	0.00019954	-6.55309305
0.15509969	0.00003194	0.00020596	-6.44746614
0.15759968	0.00003349	0.00021248	-6.34519035
0.16009968	0.00003508	0.00021909	-6.24610867
0.16259967	0.00003671	0.00022580	-6.15007379
0.16509967	0.00003840	0.00023260	-6.05694730
0.16759966	0.00004014	0.00023950	-5.96659904
0.17009966	0.00004193	0.00024649	-5.87890652
0.17259965	0.00004377	0.00025358	-5.79375434
0.17509965	0.00004566	0.00026076	-5.71103369
0.17759964	0.00004760	0.00026804	-5.63064189
0.18009964	0.00004960	0.00027540	-5.55248195
0.18259963	0.00005165	0.00028287	-5.47646221
0.18509963	0.00005376	0.00029042	-5.40249594
0.18759962	0.00005592	0.00029807	-5.33050106
0.19009962	0.00005814	0.00030582	-5.26039978
0.19259961	0.00006041	0.00031365	-5.19211837
0.19509961	0.00006274	0.00032158	-5.12558687
0.19759960	0.00006513	0.00032960	-5.06073886
0.20009960	0.00006758	0.00033771	-4.99751124
0.20259959	0.00007008	0.00034591	-4.93584402
0.20509959	0.00007265	0.00035421	-4.87568015
0.20759958	0.00007527	0.00036259	-4.81696531
0.21009958	0.00007796	0.00037107	-4.75964778
0.21259957	0.00008071	0.00037963	-4.70367826
0.21509957	0.00008352	0.00038829	-4.64900976
0.21759956	0.00008640	0.00039704	-4.59559742
0.22009956	0.00008933	0.00040588	-4.54339845
0.22259955	0.00009233	0.00041480	-4.49237196
0.22509955	0.00009540	0.00042382	-4.44247889
0.22759954	0.00009853	0.00043292	-4.39368189
0.23009954	0.00010173	0.00044212	-4.34594524
0.23259953	0.00010500	0.00045140	-4.29923473
0.23509953	0.00010833	0.00046077	-4.25351765
0.23759952	0.00011173	0.00047023	-4.20876262
0.24009952	0.00011520	0.00047978	-4.16493961
0.24259951	0.00011873	0.00048942	-4.12201978
0.24509951	0.00012234	0.00049914	-4.07997552
0.24759950	0.00012602	0.00050895	-4.03878029
0.25009950	0.00012976	0.00051885	-3.99840863
0.25259949	0.00013358	0.00052883	-3.95883610
0.25509949	0.00013747	0.00053890	-3.92003920
0.25759948	0.00014144	0.00054906	-3.88199534
0.26009948	0.00014547	0.00055930	-3.84468281
0.26259947	0.00014958	0.00056963	-3.80808073
0.26509947	0.00015377	0.00058004	-3.77216899
0.26759946	0.00015803	0.00059054	-3.73692825
0.27009946	0.00016236	0.00060112	-3.70233987
0.27259945	0.00016677	0.00061179	-3.66838591
0.27509945	0.00017126	0.00062255	-3.63504907
0.27759944	0.00017583	0.00063339	-3.60231268
0.28009944	0.00018047	0.00064431	-3.57016065
0.28259943	0.00018519	0.00065531	-3.53857749
0.28509943	0.00018999	0.00066640	-3.50754823
0.28759942	0.00019487	0.00067758	-3.47705841
0.29009942	0.00019983	0.00068884	-3.44709410
0.29259941	0.00020487	0.00070018	-3.41764183
0.29509941	0.00020999	0.00071160	-3.38868858
0.29759940	0.00021519	0.00072310	-3.36022177
0.30009940	0.00022048	0.00073469	-3.33222925
0.30259939	0.00022585	0.00074636	-3.30469927
0.30509939	0.00023130	0.00075811	-3.27762045
0.30759938	0.00023683	0.00076994	-3.25098179
0.31009938	0.00024245	0.00078186	-3.22477265
0.31259937	0.00024816	0.00079385	-3.19898272
0.31509937	0.00025395	0.00080593	-3.17360203
0.31759936	0.00025982	0.00081809	-3.14862090
0.32009936	0.00026579	0.00083033	-3.12402999
0.32259935	0.00027184	0.00084264	-3.09982021
0.32509935	0.00027797	0.00085504	-3.07598277
0.32759934	0.00028420	0.00086752	-3.05250916
0.33009934	0.00029051	0.00088008	-3.02939109
0.33259933	0.00029692	0.00089271	-3.00662056
0.33509933	0.00030341	0.00090543	-2.98418979
0.33759932	0.00030999	0.00091822	-2.96209123
0.34009932	0.00031667	0.00093110	-2.94031755
0.34259931	0.00032343	0.00094405	-2.91886164
0.34509931	0.00033029	0.00095708	-2.89771660
0.34759930	0.00033724	0.00097019	-2.87687572
0.35009930	0.00034428	0.00098337	-2.85633247
0.35259929	0.00035141	0.00099664	-2.83608054
0.35509929	0.00035864	0.00100998	-2.81611377
0.35759928	0.00036597	0.00102340	-2.79642617
0.36009928	0.00037338	0.00103689	-2.77701194
0.36259927	0.00038090	0.00105046	-2.75786541
0.36509927	0.00038851	0.00106411	-2.73898110
0.36759926	0.00039621	0.00107783	-2.72035364
0.37009926	0.00040401	0.00109163	-2.70197784
0.37259925	0.00041191	0.00110551	-2.68384863
0.37509925	0.00041991	0.00111946	-2.66596108
0.37759924	0.00042800	0.00113349	-2.64831038
0.38009924	0.00043620	0.00114759	-2.63089187
0.38259923	0.00044449	0.00116177	-2.61370099
0.38509923	0.00045288	0.00117602	-2.59673331
0.38759922	0.00046138	0.00119035	-2.57998452
0.39009922	0.00046997	0.00120475	-2.56345040
0.39259921	0.00047866	0.00121922	-2.54712685
0.39509921	0.00048746	0.00123377	-2.53100987
0.39759920	0.00049636	0.00124839	-2.51509557
0.40009920	0.00050536	0.00126309	-2.49938015
0.40259919	0.00051446	0.00127785	-2.48385991
0.40509919	0.00052367	0.00129270	-2.46853123
0.40759918	0.00053298	0.00130761	-2.45339058
0.41009918	0.00054240	0.00132260	-2.43843453
0.41259917	0.00055192	0.00133766	-2.42365972
0.41509917	0.00056154	0.00135279	-2.40906288
0.41759916	0.00057127	0.00136799	-2.39464080
0.42009916	0.00058111	0.00138327	-2.38039038
0.42259915	0.00059105	0.00139861	-2.36630856
0.42509915	0.00060110	0.00141403	-2.35239238
0.42759914	0.00061126	0.00142952	-2.33863891
0.43009914	0.00062153	0.00144508	-2.32504534
0.43259913	0.00063190	0.00146071	-2.31160888
0.43509913	0.00064239	0.00147641	-2.29832682
0.43759912	0.00065298	0.00149218	-2.28519653
0.44009912	0.00066368	0.00150802	-2.27221540
0.44259911	0.00067449	0.00152393	-2.25938093
0.44509911	0.00068541	0.00153991	-2.24669063
0.44759910	0.00069645	0.00155596	-2.23414209
0.45009910	0.00070759	0.00157208	-2.22173295
0.45259909	0.00071885	0.00158827	-2.20946089
0.45509909	0.00073022	0.00160453	-2.19732366
0.45759908	0.00074170	0.00162085	-2.18531905
0.46009908	0.00075330	0.00163725	-2.17344490
0.46259907	0.00076500	0.00165371	-2.16169909
0.46509907	0.00077683	0.00167024	-2.15007955
0.46759906	0.00078876	0.00168684	-2.13858426
0.47009906	0.00080081	0.00170350	-2.12721123
0.47259905	0.00081298	0.00172024	-2.11595853
0.47509905	0.00082526	0.00173703	-2.10482425
0.47759904	0.00083766	0.00175390	-2.09380653
0.48009904	0.00085018	0.00177083	-2.08290356
0.48259903	0.00086281	0.00178783	-2.07211355
0.48509903	0.00087556	0.00180490	-2.06143475
0.48759902	0.00088842	0.00182203	-2.05086546
0.49009902	0.00090141	0.00183923	-2.04040400
0.49259901	0.00091451	0.00185650	-2.03004872
0.49509901	0.00092773	0.00187382	-2.01979802
0.49759900	0.00094107	0.00189122	-2.00965032
0.50009900	0.00095453	0.00190868	-1.99960408
0.50259899	0.00096811	0.00192620	-1.98965778
0.50509899	0.00098181	0.00194379	-1.97980994
0.50759898	0.00099563	0.00196145	-1.97005910
0.51009898	0.00100957	0.00197917	-1.96040384
0.51259897	0.00102363	0.00199695	-1.95084276
0.51509897	0.00103782	0.00201480	-1.94137449
0.51759896	0.00105213	0.00203271	-1.93199768
0.52009896	0.00106656	0.00205068	-1.92271102
0.52259895	0.00108111	0.00206872	-1.91351320
0.52509895	0.00109579	0.00208682	-1.90440297
0.52759894	0.00111058	0.00210498	-1.89537907
0.53009894	0.00112551	0.00212321	-1.88644029
0.53259893	0.00114056	0.00214149	-1.87758543
0.53509893	0.00115573	0.00215984	-1.86881331
0.53759892	0.00117103	0.00217826	-1.86012277
0.54009892	0.00118645	0.00219673	-1.85151268
0.54259891	0.00120200	0.00221527	-1.84298194
0.54509891	0.00121768	0.00223387	-1.83452944
0.54759890	0.00123348	0.00225253	-1.82615413
0.55009890	0.00124941	0.00227125	-1.81785493
0.55259889	0.00126547	0.00229003	-1.80963084
0.55509889	0.00128165	0.00230887	-1.80148081
0.55759888	0.00129796	0.00232777	-1.79340387
0.56009888	0.00131441	0.00234674	-1.78539904
0.56259887	0.00133097	0.00236576	-1.77746534
0.56509887	0.00134767	0.00238485	-1.76960184
0.56759886	0.00136450	0.00240399	-1.76180761
0.57009886	0.00138146	0.00242319	-1.75408174
0.57259885	0.00139855	0.00244246	-1.74642333
0.57509885	0.00141577	0.00246178	-1.73883151
0.57759884	0.00143311	0.00248116	-1.73130540
0.58009884	0.00145059	0.00250060	-1.72384416
0.58259883	0.00146821	0.00252010	-1.71644696
0.58509883	0.00148595	0.00253965	-1.70911297
0.58759882	0.00150382	0.00255927	-1.70184139
0.59009882	0.00152183	0.00257894	-1.69463142
0.59259881	0.00153997	0.00259867	-1.68748228
0.59509881	0.00155824	0.00261846	-1.68039321
0.59759880	0.00157665	0.00263831	-1.67336345
0.60009880	0.00159519	0.00265822	-1.66639227
0.60259879	0.00161387	0.00267818	-1.65947892
0.60509879	0.00163267	0.00269820	-1.65262271
0.60759878	0.00165162	0.00271827	-1.64582291
0.61009878	0.00167070	0.00273840	-1.63907884
0.61259877	0.00168991	0.00275859	-1.63238981
0.61509877	0.00170926	0.00277884	-1.62575516
0.61759876	0.00172874	0.00279914	-1.61917422
0.62009876	0.00174836	0.00281949	-1.61264635
0.62259875	0.00176812	0.00283991	-1.60617090
0.62509875	0.00178802	0.00286037	-1.59974724
0.62759874	0.00180805	0.00288090	-1.59337476
0.63009874	0.00182822	0.00290148	-1.58705285
0.63259873	0.00184852	0.00292211	-1.58078090
0.63509873	0.00186897	0.00294280	-1.57455834
0.63759872	0.00188955	0.00296354	-1.56838457
0.64009872	0.00191027	0.00298434	-1.56225902
0.64259871	0.00193113	0.00300519	-1.55618114
0.64509871	0.00195213	0.00302609	-1.55015036
0.64759870	0.00197327	0.00304705	-1.54416615
0.65009870	0.00199455	0.00306807	-1.53822796
0.65259869	0.00201597	0.00308913	-1.53233527
0.65509869	0.00203752	0.00311026	-1.52648756
0.65759868	0.00205922	0.00313143	-1.52068431
0.66009868	0.00208106	0.00315266	-1.51492501
0.66259867	0.00210304	0.00317393	-1.50920918
0.66509867	0.00212517	0.00319527	-1.50353631
0.66759866	0.00214743	0.00321665	-1.49790593
0.67009866	0.00216984	0.00323809	-1.49231756
0.67259865	0.00219239	0.00325958	-1.48677074
0.67509865	0.00221508	0.00328112	-1.48126500
0.67759864	0.00223791	0.00330271	-1.47579988
0.68009864	0.00226089	0.00332435	-1.47037494
0.68259863	0.00228401	0.00334605	-1.46498974
0.68509863	0.00230727	0.00336780	-1.45964385
0.68759862	0.00233068	0.00338959	-1.45433682
0.69009862	0.00235423	0.00341144	-1.44906825
0.69259861	0.00237793	0.00343334	-1.44383771
0.69509861	0.00240177	0.00345529	-1.43864480
0.69759860	0.00242575	0.00347729	-1.43348911
0.70009860	0.00244989	0.00349934	-1.42837023
0.70259859	0.00247416	0.00352144	-1.42328779
0.70509859	0.00249858	0.00354359	-1.41824138
0.70759858	0.00252315	0.00356579	-1.41323064
0.71009858	0.00254787	0.00358804	-1.40825517
0.71259857	0.00257273	0.00361034	-1.40331462
0.71509857	0.00259773	0.00363269	-1.39840861
0.71759856	0.00262289	0.00365509	-1.39353679
0.72009856	0.00264819	0.00367753	-1.38869879
0.72259855	0.00267364	0.00370003	-1.38389427
0.72509855	0.00269923	0.00372257	-1.37912288
0.72759854	0.00272498	0.00374516	-1.37438428
0.73009854	0.00275087	0.00376780	-1.36967813
0.73259853	0.00277691	0.00379049	-1.36500409
0.73509853	0.00280310	0.00381323	-1.36036186
0.73759852	0.00282943	0.00383601	-1.35575108
0.74009852	0.00285592	0.00385884	-1.35117146
0.74259851	0.00288256	0.00388172	-1.34662268
0.74509851	0.00290934	0.00390464	-1.34210442
0.74759850	0.00293628	0.00392761	-1.33761637
0.75009850	0.00296336	0.00395063	-1.33315825
0.75259849	0.00299060	0.00397370	-1.32872974
0.75509849	0.00301798	0.00399681	-1.32433055
0.75759848	0.00304552	0.00401997	-1.31996040
0.76009848	0.00307321	0.00404317	-1.31561900
0.76259847	0.00310105	0.00406642	-1.31130606
0.76509847	0.00312904	0.00408972	-1.30702130
0.76759846	0.00315718	0.00411306	-1.30276446
0.77009846	0.00318547	0.00413644	-1.29853525
0.77259845	0.00321391	0.00415988	-1.29433342
0.77509845	0.00324251	0.00418335	-1.29015869
0.77759844	0.00327126	0.00420688	-1.28601080
0.78009844	0.00330016	0.00423044	-1.28188950
0.78259843	0.00332922	0.00425405	-1.27779453
0.78509843	0.00335842	0.00427771	-1.27372564
0.78759842	0.00338778	0.00430141	-1.26968258
0.79009842	0.00341730	0.00432516	-1.26566511
0.79259841	0.00344697	0.00434894	-1.26167297
0.79509841	0.00347679	0.00437278	-1.25770595
0.79759840	0.00350676	0.00439665	-1.25376379
0.80009840	0.00353689	0.00442057	-1.24984627
0.80259839	0.00356718	0.00444454	-1.24595315
0.80509839	0.00359762	0.00446854	-1.24208421
0.80759838	0.00362821	0.00449259	-1.23823923
0.81009838	0.00365896	0.00451668	-1.23441797
0.81259837	0.00368986	0.00454082	-1.23062023
0.81509837	0.00372092	0.00456499	-1.22684579
0.81759836	0.00375213	0.00458921	-1.22309442
0.82009836	0.00378350	0.00461348	-1.21936593
0.82259835	0.00381503	0.00463778	-1.21566010
0.82509835	0.00384671	0.00466213	-1.21197673
0.82759834	0.00387855	0.00468651	-1.20831561
0.83009834	0.00391055	0.00471094	-1.20467654
0.83259833	0.00394270	0.00473541	-1.20105933
0.83509833	0.00397501	0.00475993	-1.19746378
0.83759832	0.00400747	0.00478448	-1.19388968
0.84009832	0.00404009	0.00480907	-1.19033686
0.84259831	0.00407287	0.00483371	-1.18680513
0.84509831	0.00410581	0.00485838	-1.18329428
0.84759830	0.00413891	0.00488310	-1.17980415
0.85009830	0.00417216	0.00490786	-1.17633455
0.85259829	0.00420557	0.00493265	-1.17288529
0.85509829	0.00423914	0.00495749	-1.16945620
0.85759828	0.00427287	0.00498237	-1.16604711
0.86009828	0.00430675	0.00500728	-1.16265783
0.86259827	0.00434080	0.00503224	-1.15928820
0.86509827	0.00437500	0.00505723	-1.15593804
0.86759826	0.00440937	0.00508227	-1.15260719
0.87009826	0.00444389	0.00510734	-1.14929548
0.87259825	0.00447857	0.00513245	-1.14600275
0.87509825	0.00451341	0.00515760	-1.14272883
0.87759824	0.00454841	0.00518279	-1.13947356
0.88009824	0.00458357	0.00520802	-1.13623679
0.88259823	0.00461889	0.00523329	-1.13301835
0.88509823	0.00465437	0.00525859	-1.12981810
0.88759822	0.00469001	0.00528394	-1.12663587
0.89009822	0.00472581	0.00530932	-1.12347152
0.89259821	0.00476178	0.00533474	-1.12032489
0.89509821	0.00479790	0.00536019	-1.11719584
0.89759820	0.00483418	0.00538569	-1.11408422
0.90009820	0.00487063	0.00541122	-1.11098989
0.90259819	0.00490723	0.00543679	-1.10791270
0.90509819	0.00494400	0.00546239	-1.10485250
0.90759818	0.00498093	0.00548803	-1.10180917
0.91009818	0.00501802	0.00551371	-1.09878255
0.91259817	0.00505527	0.00553943	-1.09577252
0.91509817	0.00509269	0.00556518	-1.09277893
0.91759816	0.00513026	0.00559097	-1.08980166
0.92009816	0.00516800	0.00561679	-1.08684056
0.92259815	0.00520590	0.00564265	-1.08389551
0.92509815	0.00524396	0.00566855	-1.08096638
0.92759814	0.00528219	0.00569448	-1.07805304
0.93009814	0.00532058	0.00572045	-1.07515536
0.93259813	0.00535913	0.00574645	-1.07227321
0.93509813	0.00539784	0.00577249	-1.06940648
0.93759812	0.00543672	0.00579856	-1.06655503
0.94009812	0.00547576	0.00582467	-1.06371875
0.94259811	0.00551496	0.00585081	-1.06089752
0.94509811	0.00555433	0.00587699	-1.05809121
0.94759810	0.00559386	0.00590320	-1.05529970
0.95009810	0.00563355	0.00592944	-1.05252289
0.95259809	0.00567341	0.00595572	-1.04976065
0.95509809	0.00571343	0.00598204	-1.04701288
0.95759808	0.00575362	0.00600839	-1.04427945
0.96009808	0.00579397	0.00603477	-1.04156025
0.96259807	0.00583448	0.00606118	-1.03885518
0.96509807	0.00587516	0.00608763	-1.03616413
0.96759806	0.00591601	0.00611412	-1.03348698
0.97009806	0.00595701	0.00614063	-1.03082363
0.97259805	0.00599819	0.00616718	-1.02817397
0.97509805	0.00603952	0.00619376	-1.02553789
0.97759804	0.00608103	0.00622038	-1.02291530
0.98009804	0.00612270	0.00624702	-1.02030609
0.98259803	0.00616453	0.00627370	-1.01771016
0.98509803	0.00620653	0.00630041	-1.01512740
0.98759802	0.00624869	0.00632716	-1.01255772
0.99009802	0.00629102	0.00635394	-1.01000101
0.99259801	0.00633351	0.00638074	-1.00745718
0.99509801	0.00637617	0.00640758	-1.00492614
0.99759800	0.00641900	0.00643446	-1.00240778
1.00009800	0.00646199	0.00646136	-0.99990201
1.00259799	0.00650515	0.00648829	-0.99740874
1.00509799	0.00654848	0.00651526	-0.99492787
1.00759798	0.00659197	0.00654226	-0.99245931
1.01009798	0.00663562	0.00656929	-0.99000297
1.01259797	0.00667945	0.00659634	-0.98755876
1.01509797	0.00672343	0.00662343	-0.98512659
1.01759796	0.00676759	0.00665055	-0.98270637
1.02009796	0.00681191	0.00667771	-0.98029801
1.02259795	0.00685640	0.00670489	-0.97790143
1.02509795	0.00690106	0.00673210	-0.97551653
1.02759794	0.00694588	0.00675934	-0.97314325
1.03009794	0.00699087	0.00678661	-0.97078148
1.03259793	0.00703603	0.00681391	-0.96843114
1.03509793	0.00708135	0.00684124	-0.96609216
1.03759792	0.00712685	0.00686860	-0.96376446
1.04009792	0.00717251	0.00689599	-0.96144794
1.04259791	0.00721833	0.00692341	-0.95914253
1.04509791	0.00726433	0.00695086	-0.95684815
1.04759790	0.00731049	0.00697833	-0.95456472
1.05009790	0.00735682	0.00700584	-0.95229216
1.05259789	0.00740331	0.00703337	-0.95003040
1.05509789	0.00744998	0.00706094	-0.94777936
1.05759788	0.00749681	0.00708853	-0.94553896
1.06009788	0.00754381	0.00711615	-0.94330912
1.06259787	0.00759098	0.00714379	-0.94108978
1.06509787	0.00763832	0.00717147	-0.93888086
1.06759786	0.00768582	0.00719917	-0.93668228
1.07009786	0.00773349	0.00722690	-0.93449397
1.07259785	0.00778134	0.00725466	-0.93231587
1.07509785	0.00782934	0.00728245	-0.93014789
1.07759784	0.00787752	0.00731026	-0.92798998
1.08009784	0.00792587	0.00733810	-0.92584205
1.08259783	0.00797438	0.00736597	-0.92370405
1.08509783	0.00802307	0.00739387	-0.92157589
1.08759782	0.00807192	0.00742179	-0.91945752
1.09009782	0.00812094	0.00744974	-0.91734887
1.09259781	0.00817013	0.00747771	-0.91524986
1.09509781	0.00821949	0.00750571	-0.91316044
1.09759780	0.00826902	0.00753374	-0.91108054
1.10009780	0.00831871	0.00756180	-0.90901009
1.10259779	0.00836858	0.00758988	-0.90694903
1.10509779	0.00841861	0.00761798	-0.90489729
1.10759778	0.00846882	0.00764611	-0.90285482
1.11009778	0.00851919	0.00767427	-0.90082155
1.11259777	0.00856973	0.00770245	-0.89879741
1.11509777	0.00862045	0.00773066	-0.89678235
1.11759776	0.00867133	0.00775890	-0.89477631
1.12009776	0.00872238	0.00778716	-0.89277922
1.12259775	0.00877360	0.00781544	-0.89079102
1.12509775	0.00882499	0.00784375	-0.88881166
1.12759774	0.00887654	0.00787208	-0.88684108
1.13009774	0.00892827	0.00790044	-0.88487921
1.13259773	0.00898017	0.00792883	-0.88292601
1.13509773	0.00903224	0.00795723	-0.88098141
1.13759772	0.00908447	0.00798566	-0.87904536
1.14009772	0.00913688	0.00801412	-0.87711780
1.14259771	0.00918946	0.00804260	-0.87519867
1.14509771	0.00924220	0.00807111	-0.87328792
1.14759770	0.00929512	0.00809963	-0.87138550
1.15009770	0.00934821	0.00812818	-0.86949135
1.15259769	0.00940146	0.00815676	-0.86760541
1.15509769	0.00945489	0.00818536	-0.86572764
1.15759768	0.00950848	0.00821398	-0.86385798
1.16009768	0.00956225	0.00824263	-0.86199638
1.16259767	0.00961619	0.00827129	-0.86014278
1.16509767	0.00967029	0.00829998	-0.85829714
1.16759766	0.00972457	0.00832870	-0.85645940
1.17009766	0.00977902	0.00835744	-0.85462952
1.17259765	0.00983363	0.00838619	-0.85280744
1.17509765	0.00988842	0.00841498	-0.85099311
1.17759764	0.00994338	0.00844378	-0.84918648
1.18009764	0.00999850	0.00847261	-0.84738751
1.18259763	0.01005380	0.00850146	-0.84559614
1.18509763	0.01010927	0.00853033	-0.84381234
1.18759762	0.01016491	0.00855922	-0.84203604
1.19009762	0.01022071	0.00858813	-0.84026720
1.19259761	0.01027669	0.00861707	-0.83850579
1.19509761	0.01033284	0.00864602	-0.83675174
1.19759760	0.01038916	0.00867500	-0.83500501
1.20009760	0.01044565	0.00870400	-0.83326556
1.20259759	0.01050231	0.00873302	-0.83153334
1.20509759	0.01055914	0.00876207	-0.82980831
1.20759758	0.01061615	0.00879113	-0.82809043
1.21009758	0.01067332	0.00882021	-0.82637964
1.21259757	0.01073066	0.00884932	-0.82467590
1.21509757	0.01078817	0.00887844	-0.82297918
1.21759756	0.01084586	0.00890759	-0.82128942
1.22009756	0.01090371	0.00893675	-0.81960659
1.22259755	0.01096173	0.00896594	-0.81793064
1.22509755	0.01101993	0.00899514	-0.81626153
1.22759754	0.01107829	0.00902437	-0.81459922
1.23009754	0.01113683	0.00905362	-0.81294366
1.23259753	0.01119554	0.00908288	-0.81129482
1.23509753	0.01125441	0.00911217	-0.80965266
1.23759752	0.01131346	0.00914147	-0.80801713
1.24009752	0.01137268	0.00917079	-0.80638819
1.24259751	0.01143207	0.00920014	-0.80476581
1.24509751	0.01149163	0.00922950	-0.80314995
1.24759750	0.01155136	0.00925888	-0.80154056
1.25009750	0.01161126	0.00928828	-0.79993760
1.25259749	0.01167133	0.00931770	-0.79834105
1.25509749	0.01173157	0.00934714	-0.79675086
1.25759748	0.01179198	0.00937660	-0.79516698
1.26009748	0.01185257	0.00940607	-0.79358940
1.26259747	0.01191332	0.00943557	-0.79201806
1.26509747	0.01197424	0.00946508	-0.79045293
1.26759746	0.01203534	0.00949461	-0.78889397
1.27009746	0.01209660	0.00952415	-0.78734115
1.27259745	0.01215804	0.00955372	-0.78579444
1.27509745	0.01221965	0.00958330	-0.78425378
1.27759744	0.01228142	0.00961291	-0.78271916
1.28009744	0.01234337	0.00964252	-0.78119053
1.28259743	0.01240549	0.00967216	-0.77966786
1.28509743	0.01246778	0.00970182	-0.77815112
1.28759742	0.01253024	0.00973149	-0.77664026
1.29009742	0.01259287	0.00976117	-0.77513526
1.29259741	0.01265567	0.00979088	-0.77363608
1.29509741	0.01271864	0.00982060	-0.77214269
1.29759740	0.01278178	0.00985034	-0.77065506
1.30009740	0.01284509	0.00988010	-0.76917314
1.30259739	0.01290857	0.00990987	-0.76769691
1.30509739	0.01297222	0.00993966	-0.76622634
1.30759738	0.01303604	0.00996946	-0.76476139
1.31009738	0.01310004	0.00999928	-0.76330204
1.31259737	0.01316420	0.01002912	-0.76184824
1.31509737	0.01322853	0.01005898	-0.76039997
1.31759736	0.01329304	0.01008885	-0.75895719
1.32009736	0.01335771	0.01011873	-0.75751988
1.32259735	0.01342255	0.01014863	-0.75608801
1.32509735	0.01348757	0.01017855	-0.75466153
1.32759734	0.01355275	0.01020848	-0.75324043
1.33009734	0.01361811	0.01023843	-0.75182467
1.33259733	0.01368363	0.01026839	-0.75041423
1.33509733	0.01374933	0.01029837	-0.74900906
1.33759732	0.01381519	0.01032836	-0.74760915
1.34009732	0.01388123	0.01035837	-0.74621446
1.34259731	0.01394743	0.01038840	-0.74482497
1.34509731	0.01401381	0.01041843	-0.74344064
1.34759730	0.01408035	0.01044849	-0.74206144
1.35009730	0.01414707	0.01047855	-0.74068736
1.35259729	0.01421395	0.01050863	-0.73931835
1.35509729	0.01428101	0.01053873	-0.73795439
1.35759728	0.01434823	0.01056884	-0.73659546
1.36009728	0.01441562	0.01059897	-0.73524153
1.36259727	0.01448319	0.01062910	-0.73389256
1.36509727	0.01455092	0.01065926	-0.73254853
1.36759726	0.01461883	0.01068942	-0.73120942
1.37009726	0.01468690	0.01071960	-0.72987519
1.37259725	0.01475514	0.01074980	-0.72854583
1.37509725	0.01482355	0.01078000	-0.72722129
1.37759724	0.01489213	0.01081022	-0.72590157
1.38009724	0.01496089	0.01084046	-0.72458662
1.38259723	0.01502981	0.01087070	-0.72327644
1.38509723	0.01509890	0.01090097	-0.72197098
1.38759722	0.01516816	0.01093124	-0.72067022
1.39009722	0.01523758	0.01096152	-0.71937415
1.39259721	0.01530718	0.01099182	-0.71808272
1.39509721	0.01537695	0.01102213	-0.71679593
1.39759720	0.01544689	0.01105246	-0.71551374
1.40009720	0.01551699	0.01108280	-0.71423613
1.40259719	0.01558727	0.01111314	-0.71296307
1.40509719	0.01565771	0.01114351	-0.71169454
1.40759718	0.01572832	0.01117388	-0.71043052
1.41009718	0.01579910	0.01120427	-0.70917098
1.41259717	0.01587005	0.01123466	-0.70791590
1.41509717	0.01594117	0.01126507	-0.70666525
1.41759716	0.01601246	0.01129549	-0.70541902
1.42009716	0.01608392	0.01132593	-0.70417717
1.42259715	0.01615554	0.01135637	-0.70293969
1.42509715	0.01622734	0.01138683	-0.70170655
1.42759714	0.01629930	0.01141730	-0.70047772
1.43009714	0.01637143	0.01144778	-0.69925320
1.43259713	0.01644373	0.01147827	-0.69803295
1.43509713	0.01651620	0.01150877	-0.69681695
1.43759712	0.01658883	0.01153928	-0.69560518
1.44009712	0.01666164	0.01156980	-0.69439761
1.44259711	0.01673461	0.01160034	-0.69319423
1.44509711	0.01680775	0.01163088	-0.69199502
1.44759710	0.01688106	0.01166144	-0.69079994
1.45009710	0.01695454	0.01169200	-0.68960899
1.45259709	0.01702818	0.01172258	-0.68842214
1.45509709	0.01710200	0.01175317	-0.68723936
1.45759708	0.01717598	0.01178376	-0.68606065
1.46009708	0.01725013	0.01181437	-0.68488597
1.46259707	0.01732444	0.01184499	-0.68371530
1.46509707	0.01739893	0.01187561	-0.68254863
1.46759706	0.01747358	0.01190625	-0.68138594
1.47009706	0.01754840	0.01193690	-0.68022720
1.47259705	0.01762338	0.01196755	-0.67907239
1.47509705	0.01769854	0.01199822	-0.67792150
1.47759704	0.01777386	0.01202889	-0.67677450
1.48009704	0.01784935	0.01205958	-0.67563138
1.48259703	0.01792500	0.01209027	-0.67449211
1.48509703	0.01800083	0.01212098	-0.67335668
1.48759702	0.01807682	0.01215169	-0.67222506
1.49009702	0.01815297	0.01218241	-0.67109724
1.49259701	0.01822930	0.01221314	-0.66997320
1.49509701	0.01830579	0.01224388	-0.66885292
1.49759700	0.01838245	0.01227463	-0.66773638
1.50009700	0.01845927	0.01230538	-0.66662356
1.50259699	0.01853626	0.01233615	-0.66551444
1.50509699	0.01861342	0.01236692	-0.66440901
1.50759698	0.01869074	0.01239770	-0.66330724
1.51009698	0.01876823	0.01242849	-0.66220913
1.51259697	0.01884589	0.01245929	-0.66111464
1.51509697	0.01892371	0.01249010	-0.66002376
1.51759696	0.01900170	0.01252091	-0.65893648
1.52009696	0.01907986	0.01255174	-0.65785277
1.52259695	0.01915818	0.01258257	-0.65677263
1.52509695	0.01923666	0.01261340	-0.65569602
1.52759694	0.01931532	0.01264425	-0.65462294
1.53009694	0.01939413	0.01267510	-0.65355336
1.53259693	0.01947312	0.01270596	-0.65248728
1.53509693	0.01955227	0.01273683	-0.65142466
1.53759692	0.01963158	0.01276770	-0.65036550
1.54009692	0.01971106	0.01279859	-0.64930978
1.54259691	0.01979071	0.01282948	-0.64825749
1.54509691	0.01987052	0.01286037	-0.64720859
1.54759690	0.01995050	0.01289128	-0.64616309
1.55009690	0.02003064	0.01292219	-0.64512096
1.55259689	0.02011095	0.01295310	-0.64408218
1.55509689	0.02019142	0.01298403	-0.64304675
1.55759688	0.02027205	0.01301496	-0.64201464
1.56009688	0.02035285	0.01304589	-0.64098583
1.56259687	0.02043382	0.01307683	-0.63996032
1.56509687	0.02051495	0.01310778	-0.63893809
1.56759686	0.02059625	0.01313874	-0.63791911
1.57009686	0.02067770	0.01316970	-0.63690338
1.57259685	0.02075933	0.01320067	-0.63589088
1.57509685	0.02084111	0.01323164	-0.63488159
1.57759684	0.02092307	0.01326262	-0.63387551
1.58009684	0.02100518	0.01329360	-0.63287260
1.58259683	0.02108746	0.01332459	-0.63187287
1.58509683	0.02116990	0.01335559	-0.63087629
1.58759682	0.02125251	0.01338659	-0.62988284
1.59009682	0.02133528	0.01341760	-0.62889252
1.59259681	0.02141822	0.01344861	-0.62790531
1.59509681	0.02150131	0.01347963	-0.62692120
1.59759680	0.02158458	0.01351065	-0.62594016
1.60009680	0.02166800	0.01354168	-0.62496219
1.60259679	0.02175159	0.01357271	-0.62398727
1.60509679	0.02183534	0.01360375	-0.62301539
1.60759678	0.02191925	0.01363479	-0.62204653
1.61009678	0.02200333	0.01366584	-0.62108068
1.61259677	0.02208757	0.01369689	-0.62011782
1.61509677	0.02217197	0.01372795	-0.61915795
1.61759676	0.02225653	0.01375901	-0.61820104
1.62009676	0.02234126	0.01379008	-0.61724708
1.62259675	0.02242615	0.01382115	-0.61629607
1.62509675	0.02251120	0.01385222	-0.61534798
1.62759674	0.02259641	0.01388330	-0.61440280
1.63009674	0.02268179	0.01391438	-0.61346052
1.63259673	0.02276732	0.01394547	-0.61252113
1.63509673	0.02285302	0.01397656	-0.61158461
1.63759672	0.02293888	0.01400765	-0.61065095
1.64009672	0.02302490	0.01403875	-0.60972014
1.64259671	0.02311109	0.01406985	-0.60879216
1.64509671	0.02319743	0.01410095	-0.60786700
1.64759670	0.02328394	0.01413206	-0.60694465
1.65009670	0.02337061	0.01416317	-0.60602509
1.65259669	0.02345744	0.01419429	-0.60510831
1.65509669	0.02354443	0.01422541	-0.60419431
1.65759668	0.02363158	0.01425653	-0.60328306
1.66009668	0.02371889	0.01428765	-0.60237456
1.66259667	0.02380636	0.01431878	-0.60146878
1.66509667	0.02389399	0.01434991	-0.60056573
1.66759666	0.02398178	0.01438105	-0.59966539
1.67009666	0.02406974	0.01441218	-0.59876774
1.67259665	0.02415785	0.01444332	-0.59787277
1.67509665	0.02424612	0.01447446	-0.59698048
1.67759664	0.02433456	0.01450561	-0.59609084
1.68009664	0.02442315	0.01453675	-0.59520386
1.68259663	0.02451190	0.01456790	-0.59431951
1.68509663	0.02460081	0.01459905	-0.59343778
1.68759662	0.02468989	0.01463021	-0.59255866
1.69009662	0.02477912	0.01466136	-0.59168215
1.69259661	0.02486851	0.01469252	-0.59080822
1.69509661	0.02495806	0.01472368	-0.58993688
1.69759660	0.02504777	0.01475484	-0.58906810
1.70009660	0.02513763	0.01478600	-0.58820187
1.70259659	0.02522766	0.01481717	-0.58733819
1.70509659	0.02531784	0.01484833	-0.58647704
1.70759658	0.02540819	0.01487950	-0.58561841
1.71009658	0.02549869	0.01491067	-0.58476229
1.71259657	0.02558935	0.01494184	-0.58390868
1.71509657	0.02568017	0.01497302	-0.58305755
1.71759656	0.02577114	0.01500419	-0.58220890
1.72009656	0.02586228	0.01503536	-0.58136271
1.72259655	0.02595357	0.01506654	-0.58051898
1.72509655	0.02604502	0.01509772	-0.57967770
1.72759654	0.02613663	0.01512890	-0.57883885
1.73009654	0.02622839	0.01516007	-0.57800243
1.73259653	0.02632031	0.01519125	-0.57716842
1.73509653	0.02641239	0.01522243	-0.57633681
1.73759652	0.02650463	0.01525362	-0.57550760
1.74009652	0.02659702	0.01528480	-0.57468077
1.74259651	0.02668957	0.01531598	-0.57385631
1.74509651	0.02678228	0.01534716	-0.57303421
1.74759650	0.02687514	0.01537835	-0.57221447
1.75009650	0.02696816	0.01540953	-0.57139706
1.75259649	0.02706134	0.01544071	-0.57058199
1.75509649	0.02715467	0.01547190	-0.56976924
1.75759648	0.02724816	0.01550308	-0.56895881
1.76009648	0.02734180	0.01553426	-0.56815067
1.76259647	0.02743560	0.01556545	-0.56734483
1.76509647	0.02752956	0.01559663	-0.56654127
1.76759646	0.02762367	0.01562781	-0.56573999
1.77009646	0.02771793	0.01565900	-0.56494096
1.77259645	0.02781236	0.01569018	-0.56414419
1.77509645	0.02790693	0.01572136	-0.56334967
1.77759644	0.02800166	0.01575254	-0.56255738
1.78009644	0.02809655	0.01578372	-0.56176732
1.78259643	0.02819159	0.01581490	-0.56097947
1.78509643	0.02828679	0.01584608	-0.56019383
1.78759642	0.02838214	0.01587726	-0.55941038
1.79009642	0.02847764	0.01590844	-0.55862913
1.79259641	0.02857330	0.01593962	-0.55785005
1.79509641	0.02866911	0.01597079	-0.55707314
1.79759640	0.02876508	0.01600197	-0.55629840
1.80009640	0.02886120	0.01603314	-0.55552580
1.80259639	0.02895748	0.01606431	-0.55475535
1.80509639	0.02905390	0.01609549	-0.55398704
1.80759638	0.02915048	0.01612666	-0.55322085
1.81009638	0.02924722	0.01615782	-0.55245677
1.81259637	0.02934411	0.01618899	-0.55169480
1.81509637	0.02944115	0.01622016	-0.55093493
1.81759636	0.02953834	0.01625132	-0.55017716
1.82009636	0.02963569	0.01628248	-0.54942146
1.82259635	0.02973318	0.01631364	-0.54866784
1.82509635	0.02983083	0.01634480	-0.54791628
1.82759634	0.02992864	0.01637596	-0.54716678
1.83009634	0.03002659	0.01640711	-0.54641932
1.83259633	0.03012470	0.01643826	-0.54567391
1.83509633	0.03022296	0.01646941	-0.54493052
1.83759632	0.03032137	0.01650056	-0.54418916
1.84009632	0.03041993	0.01653171	-0.54344981
1.84259631	0.03051864	0.01656285	-0.54271247
1.84509631	0.03061751	0.01659399	-0.54197713
1.84759630	0.03071652	0.01662513	-0.54124378
1.85009630	0.03081569	0.01665626	-0.54051240
1.85259629	0.03091501	0.01668740	-0.53978301
1.85509629	0.03101448	0.01671853	-0.53905558
1.85759628	0.03111409	0.01674965	-0.53833010
1.86009628	0.03121386	0.01678078	-0.53760658
1.86259627	0.03131378	0.01681190	-0.53688500
1.86509627	0.03141385	0.01684302	-0.53616535
1.86759626	0.03151407	0.01687413	-0.53544763
1.87009626	0.03161444	0.01690525	-0.53473183
1.87259625	0.03171496	0.01693636	-0.53401794
1.87509625	0.03181563	0.01696746	-0.53330596
1.87759624	0.03191644	0.01699857	-0.53259587
1.88009624	0.03201741	0.01702967	-0.53188767
1.88259623	0.03211853	0.01706076	-0.53118134
1.88509623	0.03221979	0.01709185	-0.53047690
1.88759622	0.03232120	0.01712294	-0.52977432
1.89009622	0.03242277	0.01715403	-0.52907359
1.89259621	0.03252448	0.01718511	-0.52837472
1.89509621	0.03262633	0.01721619	-0.52767770
1.89759620	0.03272834	0.01724726	-0.52698250
1.90009620	0.03283050	0.01727833	-0.52628914
1.90259619	0.03293280	0.01730940	-0.52559760
1.90509619	0.03303525	0.01734046	-0.52490788
1.90759618	0.03313785	0.01737152	-0.52421996
1.91009618	0.03324059	0.01740257	-0.52353385
1.91259617	0.03334348	0.01743362	-0.52284952
1.91509617	0.03344652	0.01746467	-0.52216699
1.91759616	0.03354971	0.01749571	-0.52148623
1.92009616	0.03365304	0.01752675	-0.52080725
1.92259615	0.03375652	0.01755778	-0.52013003
1.92509615	0.03386015	0.01758881	-0.51945457
1.92759614	0.03396392	0.01761983	-0.51878087
1.93009614	0.03406784	0.01765085	-0.51810891
1.93259613	0.03417190	0.01768186	-0.51743868
1.93509613	0.03427611	0.01771287	-0.51677019
1.93759612	0.03438047	0.01774388	-0.51610343
1.94009612	0.03448497	0.01777488	-0.51543838
1.94259611	0.03458961	0.01780587	-0.51477504
1.94509611	0.03469441	0.01783686	-0.51411341
1.94759610	0.03479934	0.01786784	-0.51345348
1.95009610	0.03490442	0.01789882	-0.51279524
1.95259609	0.03500965	0.01792980	-0.51213869
1.95509609	0.03511502	0.01796076	-0.51148381
1.95759608	0.03522054	0.01799173	-0.51083061
1.96009608	0.03532620	0.01802269	-0.51017907
1.96259607	0.03543200	0.01805364	-0.50952920
1.96509607	0.03553795	0.01808458	-0.50888097
1.96759606	0.03564404	0.01811553	-0.50823440
1.97009606	0.03575027	0.01814646	-0.50758946
1.97259605	0.03585665	0.01817739	-0.50694616
1.97509605	0.03596317	0.01820832	-0.50630449
1.97759604	0.03606984	0.01823923	-0.50566444
1.98009604	0.03617664	0.01827015	-0.50502601
1.98259603	0.03628359	0.01830105	-0.50438919
1.98509603	0.03639069	0.01833195	-0.50375397
1.98759602	0.03649792	0.01836285	-0.50312035
1.99009602	0.03660530	0.01839373	-0.50248832
1.99259601	0.03671282	0.01842462	-0.50185787
1.99509601	0.03682048	0.01845549	-0.50122901
1.99759600	0.03692828	0.01848636	-0.50060172
2.00009600	0.03703623	0.01851722	-0.49997600
2.00259600	0.03714431	0.01854808	-0.49935184
2.00509599	0.03725254	0.01857893	-0.49872924
2.00759599	0.03736091	0.01860977	-0.49810819
2.01009598	0.03746942	0.01864061	-0.49748868
2.01259597	0.03757807	0.01867144	-0.49687071
2.01509597	0.03768686	0.01870227	-0.49625428
2.01759596	0.03779579	0.01873308	-0.49563937
2.02009596	0.03790486	0.01876389	-0.49502599
2.02259595	0.03801407	0.01879469	-0.49441412
2.02509595	0.03812342	0.01882549	-0.49380376
2.02759594	0.03823292	0.01885628	-0.49319491
2.03009594	0.03834255	0.01888706	-0.49258756
2.03259593	0.03845232	0.01891784	-0.49198170
2.03509593	0.03856223	0.01894860	-0.49137733
2.03759592	0.03867228	0.01897936	-0.49077444
2.04009592	0.03878246	0.01901012	-0.49017303
2.04259591	0.03889279	0.01904086	-0.48957309
2.04509591	0.03900325	0.01907160	-0.48897462
2.04759591	0.03911386	0.01910233	-0.48837761
2.05009590	0.03922460	0.01913306	-0.48778206
2.05259590	0.03933548	0.01916377	-0.48718796
2.05509589	0.03944650	0.01919448	-0.48659530
2.05759589	0.03955765	0.01922518	-0.48600408
2.06009588	0.03966894	0.01925587	-0.48541430
2.06259587	0.03978037	0.01928656	-0.48482595
2.06509587	0.03989194	0.01931723	-0.48423902
2.06759586	0.04000364	0.01934790	-0.48365351
2.07009586	0.04011549	0.01937856	-0.48306942
2.07259585	0.04022746	0.01940922	-0.48248673
2.07509585	0.04033958	0.01943986	-0.48190545
2.07759584	0.04045183	0.01947050	-0.48132557
2.08009584	0.04056422	0.01950113	-0.48074708
2.08259583	0.04067674	0.01953175	-0.48016998
2.08509583	0.04078940	0.01956236	-0.47959426
2.08759582	0.04090219	0.01959296	-0.47901993
2.09009582	0.04101512	0.01962356	-0.47844696
2.09259582	0.04112818	0.01965415	-0.47787537
2.09509581	0.04124138	0.01968472	-0.47730514
2.09759581	0.04135472	0.01971529	-0.47673627
2.10009580	0.04146819	0.01974586	-0.47616875
2.10259580	0.04158179	0.01977641	-0.47560259
2.10509579	0.04169553	0.01980695	-0.47503777
2.10759578	0.04180940	0.01983749	-0.47447428
2.11009578	0.04192341	0.01986801	-0.47391214
2.11259577	0.04203755	0.01989853	-0.47335132
2.11509577	0.04215183	0.01992904	-0.47279183
2.11759576	0.04226623	0.01995954	-0.47223366
2.12009576	0.04238077	0.01999003	-0.47167681
2.12259575	0.04249545	0.02002051	-0.47112127
2.12509575	0.04261026	0.02005098	-0.47056703
2.12759574	0.04272520	0.02008144	-0.47001410
2.13009574	0.04284027	0.02011190	-0.46946247
2.13259573	0.04295547	0.02014234	-0.46891213
2.13509573	0.04307081	0.02017278	-0.46836307
2.13759572	0.04318628	0.02020320	-0.46781531
2.14009572	0.04330188	0.02023362	-0.46726882
2.14259572	0.04341761	0.02026403	-0.46672361
2.14509571	0.04353348	0.02029442	-0.46617967
2.14759571	0.04364947	0.02032481	-0.46563699
2.15009570	0.04376560	0.02035519	-0.46509558
2.15259570	0.04388186	0.02038556	-0.46455542
2.15509569	0.04399825	0.02041591	-0.46401652
2.15759568	0.04411477	0.02044626	-0.46347887
2.16009568	0.04423142	0.02047660	-0.46294246
2.16259567	0.04434820	0.02050693	-0.46240729
2.16509567	0.04446511	0.02053725	-0.46187335
2.16759566	0.04458214	0.02056756	-0.46134065
2.17009566	0.04469931	0.02059785	-0.46080918
2.17259565	0.04481661	0.02062814	-0.46027893
2.17509565	0.04493404	0.02065842	-0.45974990
2.17759564	0.04505160	0.02068869	-0.45922208
2.18009564	0.04516929	0.02071895	-0.45869547
2.18259563	0.04528710	0.02074919	-0.45817007
2.18509563	0.04540504	0.02077943	-0.45764587
2.18759562	0.04552312	0.02080966	-0.45712287
2.19009562	0.04564132	0.02083987	-0.45660107
2.19259562	0.04575964	0.02087008	-0.45608045
2.19509561	0.04587810	0.02090027	-0.45556102
2.19759561	0.04599669	0.02093046	-0.45504277
2.20009560	0.04611540	0.02096063	-0.45452570
2.20259560	0.04623423	0.02099080	-0.45400981
2.20509559	0.04635320	0.02102095	-0.45349508
2.20759558	0.04647229	0.02105109	-0.45298152
2.21009558	0.04659151	0.02108122	-0.45246912
2.21259557	0.04671086	0.02111134	-0.45195788
2.21509557	0.04683033	0.02114145	-0.45144779
2.21759556	0.04694993	0.02117155	-0.45093885
2.22009556	0.04706965	0.02120163	-0.45043106
2.22259555	0.04718950	0.02123171	-0.44992441
2.22509555	0.04730948	0.02126177	-0.44941890
2.22759554	0.04742958	0.02129183	-0.44891453
2.23009554	0.04754981	0.02132187	-0.44841128
2.23259553	0.04767016	0.02135190	-0.44790916
2.23509553	0.04779063	0.02138192	-0.44740817
2.23759552	0.04791124	0.02141193	-0.44690829
2.24009552	0.04803196	0.02144193	-0.44640954
2.24259552	0.04815281	0.02147191	-0.44591189
2.24509551	0.04827378	0.02150188	-0.44541535
2.24759551	0.04839488	0.02153185	-0.44491991
2.25009550	0.04851610	0.02156180	-0.44442558
2.25259550	0.04863745	0.02159174	-0.44393234
2.25509549	0.04875892	0.02162166	-0.44344020
2.25759548	0.04888051	0.02165158	-0.44294915
2.26009548	0.04900222	0.02168148	-0.44245918
2.26259547	0.04912406	0.02171138	-0.44197030
2.26509547	0.04924602	0.02174126	-0.44148250
2.26759546	0.04936810	0.02177112	-0.44099577
2.27009546	0.04949030	0.02180098	-0.44051011
2.27259545	0.04961263	0.02183082	-0.44002552
2.27509545	0.04973508	0.02186066	-0.43954200
2.27759544	0.04985765	0.02189048	-0.43905954
2.28009544	0.04998034	0.02192028	-0.43857813
2.28259543	0.05010315	0.02195008	-0.43809778
2.28509543	0.05022608	0.02197986	-0.43761848
2.28759542	0.05034914	0.02200963	-0.43714023
2.29009542	0.05047231	0.02203939	-0.43666303
2.29259542	0.05059561	0.02206914	-0.43618686
2.29509541	0.05071902	0.02209887	-0.43571173
2.29759541	0.05084256	0.02212860	-0.43523764
2.30009540	0.05096621	0.02215830	-0.43476458
2.30259539	0.05108999	0.02218800	-0.43429254
2.30509539	0.05121388	0.02221769	-0.43382153
2.30759538	0.05133790	0.02224736	-0.43335153
2.31009538	0.05146203	0.02227702	-0.43288256
2.31259537	0.05158628	0.02230666	-0.43241460
2.31509537	0.05171065	0.02233629	-0.43194765
2.31759536	0.05183514	0.02236592	-0.43148171
2.32009536	0.05195975	0.02239552	-0.43101677
2.32259535	0.05208447	0.02242512	-0.43055283
2.32509535	0.05220932	0.02245470	-0.43008989
2.32759534	0.05233428	0.02248427	-0.42962794
2.33009534	0.05245936	0.02251382	-0.42916699
2.33259533	0.05258455	0.02254337	-0.42870702
2.33509533	0.05270987	0.02257290	-0.42824804
2.33759532	0.05283530	0.02260241	-0.42779004
2.34009532	0.05296084	0.02263192	-0.42733302
2.34259532	0.05308651	0.02266141	-0.42687697
2.34509531	0.05321229	0.02269088	-0.42642190
2.34759531	0.05333818	0.02272035	-0.42596780
2.35009530	0.05346419	0.02274980	-0.42551466
2.35259529	0.05359032	0.02277923	-0.42506248
2.35509529	0.05371656	0.02280866	-0.42461127
2.35759528	0.05384292	0.02283807	-0.42416101
2.36009528	0.05396940	0.02286747	-0.42371171
2.36259527	0.05409599	0.02289685	-0.42326335
2.36509527	0.05422269	0.02292622	-0.42281595
2.36759526	0.05434951	0.02295557	-0.42236949
2.37009526	0.05447644	0.02298492	-0.42192397
2.37259525	0.05460349	0.02301424	-0.42147939
2.37509525	0.05473065	0.02304356	-0.42103575
2.37759524	0.05485792	0.02307286	-0.42059303
2.38009524	0.05498531	0.02310215	-0.42015125
2.38259523	0.05511281	0.02313142	-0.41971040
2.38509523	0.05524042	0.02316068	-0.41927047
2.38759522	0.05536815	0.02318992	-0.41883146
2.39009522	0.05549599	0.02321916	-0.41839337
2.39259522	0.05562395	0.02324837	-0.41795620
2.39509521	0.05575201	0.02327758	-0.41751994
2.39759521	0.05588019	0.02330677	-0.41708458
2.40009520	0.05600848	0.02333594	-0.41665014
2.40259519	0.05613688	0.02336510	-0.41621660
2.40509519	0.05626539	0.02339425	-0.41578396
2.40759518	0.05639402	0.02342338	-0.41535222
2.41009518	0.05652275	0.02345250	-0.41492137
2.41259517	0.05665160	0.02348160	-0.41449142
2.41509517	0.05678056	0.02351069	-0.41406236
2.41759516	0.05690962	0.02353977	-0.41363418
2.42009516	0.05703880	0.02356883	-0.41320689
2.42259515	0.05716809	0.02359787	-0.41278048
2.42509515	0.05729749	0.02362690	-0.41235495
2.42759514	0.05742700	0.02365592	-0.41193030
2.43009514	0.05755662	0.02368492	-0.41150652
2.43259513	0.05768634	0.02371391	-0.41108361
2.43509513	0.05781618	0.02374288	-0.41066157
2.43759513	0.05794613	0.02377184	-0.41024040
2.44009512	0.05807618	0.02380079	-0.40982009
2.44259512	0.05820634	0.02382971	-0.40940064
2.44509511	0.05833662	0.02385863	-0.40898205
2.44759510	0.05846700	0.02388753	-0.40856431
2.45009510	0.05859748	0.02391641	-0.40814742
2.45259509	0.05872808	0.02394528	-0.40773139
2.45509509	0.05885878	0.02397414	-0.40731620
2.45759508	0.05898959	0.02400297	-0.40690186
2.46009508	0.05912051	0.02403180	-0.40648835
2.46259507	0.05925153	0.02406061	-0.40607569
2.46509507	0.05938267	0.02408940	-0.40566387
2.46759506	0.05951390	0.02411818	-0.40525288
2.47009506	0.05964525	0.02414694	-0.40484272
2.47259505	0.05977670	0.02417569	-0.40443339
2.47509505	0.05990825	0.02420443	-0.40402489
2.47759504	0.06003992	0.02423314	-0.40361721
2.48009504	0.06017168	0.02426185	-0.40321035
2.48259503	0.06030356	0.02429053	-0.40280432
2.48509503	0.06043554	0.02431921	-0.40239910
2.48759503	0.06056762	0.02434786	-0.40199469
2.49009502	0.06069981	0.02437650	-0.40159110
2.49259502	0.06083210	0.02440513	-0.40118832
2.49509501	0.06096450	0.02443374	-0.40078634
2.49759500	0.06109700	0.02446233	-0.40038517
2.50009500	0.06122960	0.02449091	-0.39998480
2.50259499	0.06136231	0.02451947	-0.39958523
2.50509499	0.06149512	0.02454802	-0.39918646
2.50759498	0.06162804	0.02457655	-0.39878848
2.51009498	0.06176106	0.02460507	-0.39839130
2.51259497	0.06189418	0.02463357	-0.39799491
2.51509497	0.06202740	0.02466205	-0.39759930
2.51759496	0.06216073	0.02469052	-0.39720448
2.52009496	0.06229416	0.02471897	-0.39681044
2.52259495	0.06242769	0.02474741	-0.39641719
2.52509495	0.06256132	0.02477583	-0.39602471
2.52759494	0.06269506	0.02480423	-0.39563301
2.53009494	0.06282890	0.02483262	-0.39524209
2.53259493	0.06296283	0.02486100	-0.39485193
2.53509493	0.06309687	0.02488935	-0.39446255
2.53759493	0.06323101	0.02491769	-0.39407393
2.54009492	0.06336525	0.02494602	-0.39368608
2.54259492	0.06349959	0.02497432	-0.39329899
2.54509491	0.06363403	0.02500262	-0.39291266
2.54759490	0.06376857	0.02503089	-0.39252708
2.55009490	0.06390321	0.02505915	-0.39214227
2.55259489	0.06403795	0.02508739	-0.39175821
2.55509489	0.06417279	0.02511562	-0.39137490
2.55759488	0.06430773	0.02514383	-0.39099234
2.56009488	0.06444277	0.02517202	-0.39061052
2.56259487	0.06457791	0.02520020	-0.39022945
2.56509487	0.06471314	0.02522836	-0.38984913
2.56759486	0.06484848	0.02525651	-0.38946954
2.57009486	0.06498391	0.02528464	-0.38909070
2.57259485	0.06511944	0.02531275	-0.38871259
2.57509485	0.06525507	0.02534084	-0.38833521
2.57759484	0.06539079	0.02536892	-0.38795857
2.58009484	0.06552662	0.02539698	-0.38758265
2.58259483	0.06566254	0.02542502	-0.38720747
2.58509483	0.06579855	0.02545305	-0.38683300
2.58759483	0.06593467	0.02548106	-0.38645927
2.59009482	0.06607088	0.02550906	-0.38608625
2.59259481	0.06620719	0.02553704	-0.38571396
2.59509481	0.06634359	0.02556500	-0.38534238
2.59759480	0.06648009	0.02559294	-0.38497151
2.60009480	0.06661668	0.02562087	-0.38460136
2.60259479	0.06675337	0.02564878	-0.38423192
2.60509479	0.06689016	0.02567667	-0.38386319
2.60759478	0.06702704	0.02570454	-0.38349517
2.61009478	0.06716401	0.02573240	-0.38312785
2.61259477	0.06730108	0.02576025	-0.38276123
2.61509477	0.06743825	0.02578807	-0.38239532
2.61759476	0.06757551	0.02581588	-0.38203010
2.62009476	0.06771286	0.02584367	-0.38166559
2.62259475	0.06785031	0.02587144	-0.38130176
2.62509475	0.06798785	0.02589920	-0.38093863
2.62759474	0.06812548	0.02592694	-0.38057619
2.63009474	0.06826321	0.02595466	-0.38021444
2.63259473	0.06840103	0.02598236	-0.37985338
2.63509473	0.06853894	0.02601005	-0.37949300
2.63759473	0.06867695	0.02603772	-0.37913330
2.64009472	0.06881504	0.02606537	-0.37877429
2.64259471	0.06895323	0.02609300	-0.37841595
2.64509471	0.06909152	0.02612062	-0.37805830
2.64759470	0.06922989	0.02614822	-0.37770131
2.65009470	0.06936835	0.02617580	-0.37734501
2.65259469	0.06950691	0.02620337	-0.37698937
2.65509469	0.06964556	0.02623091	-0.37663440
2.65759468	0.06978430	0.02625844	-0.37628010
2.66009468	0.06992313	0.02628595	-0.37592647
2.66259467	0.07006205	0.02631345	-0.37557350
2.66509467	0.07020106	0.02634093	-0.37522119
2.66759466	0.07034016	0.02636838	-0.37486955
2.67009466	0.07047935	0.02639582	-0.37451856
2.67259465	0.07061863	0.02642325	-0.37416823
2.67509465	0.07075800	0.02645065	-0.37381855
2.67759464	0.07089746	0.02647804	-0.37346952
2.68009464	0.07103701	0.02650541	-0.37312115
2.68259463	0.07117665	0.02653276	-0.37277343
2.68509463	0.07131637	0.02656010	-0.37242635
2.68759463	0.07145619	0.02658741	-0.37207992
2.69009462	0.07159609	0.02661471	-0.37173414
2.69259461	0.07173608	0.02664199	-0.37138899
2.69509461	0.07187616	0.02666925	-0.37104449
2.69759460	0.07201632	0.02669650	-0.37070062
2.70009460	0.07215658	0.02672372	-0.37035739
2.70259459	0.07229692	0.02675093	-0.37001480
2.70509459	0.07243735	0.02677812	-0.36967284
2.70759458	0.07257786	0.02680529	-0.36933151
2.71009458	0.07271846	0.02683244	-0.36899081
2.71259457	0.07285915	0.02685958	-0.36865074
2.71509457	0.07299992	0.02688670	-0.36831130
2.71759456	0.07314078	0.02691379	-0.36797248
2.72009456	0.07328173	0.02694087	-0.36763428
2.72259455	0.07342276	0.02696794	-0.36729670
2.72509455	0.07356387	0.02699498	-0.36695974
2.72759454	0.07370508	0.02702201	-0.36662341
2.73009454	0.07384636	0.02704901	-0.36628768
2.73259454	0.07398773	0.02707600	-0.36595257
2.73509453	0.07412919	0.02710297	-0.36561808
2.73759453	0.07427073	0.02712992	-0.36528419
2.74009452	0.07441235	0.02715686	-0.36495091
2.74259451	0.07455406	0.02718377	-0.36461825
2.74509451	0.07469585	0.02721067	-0.36428618
2.74759450	0.07483773	0.02723754	-0.36395472
2.75009450	0.07497968	0.02726440	-0.36362387
2.75259449	0.07512172	0.02729124	-0.36329361
2.75509449	0.07526385	0.02731806	-0.36296396
2.75759448	0.07540606	0.02734487	-0.36263490
2.76009448	0.07554834	0.02737165	-0.36230644
2.76259447	0.07569072	0.02739842	-0.36197857
2.76509447	0.07583317	0.02742516	-0.36165130
2.76759446	0.07597570	0.02745189	-0.36132461
2.77009446	0.07611832	0.02747860	-0.36099852
2.77259445	0.07626102	0.02750529	-0.36067301
2.77509445	0.07640380	0.02753196	-0.36034810
2.77759444	0.07654666	0.02755862	-0.36002376
2.78009444	0.07668960	0.02758525	-0.35970001
2.78259444	0.07683262	0.02761186	-0.35937684
2.78509443	0.07697572	0.02763846	-0.35905425
2.78759442	0.07711890	0.02766504	-0.35873224
2.79009442	0.07726216	0.02769159	-0.35841081
2.79259441	0.07740551	0.02771813	-0.35808995
2.79509441	0.07754893	0.02774465	-0.35776967
2.79759440	0.07769243	0.02777115	-0.35744996
2.80009440	0.07783601	0.02779764	-0.35713082
2.80259439	0.07797966	0.02782410	-0.35681225
2.80509439	0.07812340	0.02785054	-0.35649424
2.80759438	0.07826722	0.02787697	-0.35617681
2.81009438	0.07841111	0.02790337	-0.35585993
2.81259437	0.07855508	0.02792976	-0.35554363
2.81509437	0.07869913	0.02795612	-0.35522788
2.81759436	0.07884326	0.02798247	-0.35491269
2.82009436	0.07898746	0.02800880	-0.35459806
2.82259435	0.07913174	0.02803511	-0.35428399
2.82509435	0.07927610	0.02806140	-0.35397048
2.82759434	0.07942053	0.02808767	-0.35365752
2.83009434	0.07956505	0.02811392	-0.35334511
2.83259434	0.07970963	0.02814015	-0.35303326
2.83509433	0.07985430	0.02816636	-0.35272195
2.83759432	0.07999904	0.02819256	-0.35241119
2.84009432	0.08014385	0.02821873	-0.35210098
2.84259431	0.08028875	0.02824488	-0.35179132
2.84509431	0.08043371	0.02827102	-0.35148220
2.84759430	0.08057875	0.02829713	-0.35117362
2.85009430	0.08072387	0.02832323	-0.35086558
2.85259429	0.08086906	0.02834930	-0.35055809
2.85509429	0.08101433	0.02837536	-0.35025113
2.85759428	0.08115967	0.02840140	-0.34994471
2.86009428	0.08130508	0.02842741	-0.34963882
2.86259427	0.08145057	0.02845341	-0.34933347
2.86509427	0.08159613	0.02847939	-0.34902866
2.86759426	0.08174177	0.02850535	-0.34872437
2.87009426	0.08188747	0.02853128	-0.34842061
2.87259425	0.08203326	0.02855720	-0.34811738
2.87509425	0.08217911	0.02858310	-0.34781468
2.87759424	0.08232504	0.02860898	-0.34751251
2.88009424	0.08247104	0.02863484	-0.34721086
2.88259424	0.08261711	0.02866068	-0.34690973
2.88509423	0.08276325	0.02868650	-0.34660913
2.88759422	0.08290946	0.02871230	-0.34630905
2.89009422	0.08305575	0.02873808	-0.34600948
2.89259421	0.08320211	0.02876384	-0.34571043
2.89509421	0.08334854	0.02878958	-0.34541190
2.89759420	0.08349504	0.02881530	-0.34511389
2.90009420	0.08364161	0.02884100	-0.34481639
2.90259419	0.08378825	0.02886668	-0.34451940
2.90509419	0.08393496	0.02889234	-0.34422292
2.90759418	0.08408174	0.02891798	-0.34392695
2.91009418	0.08422859	0.02894360	-0.34363149
2.91259417	0.08437551	0.02896920	-0.34333654
2.91509417	0.08452250	0.02899478	-0.34304209
2.91759416	0.08466956	0.02902034	-0.34274815
2.92009416	0.08481669	0.02904588	-0.34245471
2.92259415	0.08496389	0.02907140	-0.34216177
2.92509415	0.08511116	0.02909689	-0.34186934
2.92759414	0.08525849	0.02912237	-0.34157740
2.93009414	0.08540589	0.02914783	-0.34128596
2.93259413	0.08555336	0.02917327	-0.34099502
2.93509413	0.08570090	0.02919869	-0.34070458
2.93759412	0.08584851	0.02922409	-0.34041462
2.94009412	0.08599618	0.02924947	-0.34012517
2.94259411	0.08614392	0.02927482	-0.33983620
2.94509411	0.08629173	0.02930016	-0.33954772
2.94759410	0.08643961	0.02932548	-0.33925974
2.95009410	0.08658755	0.02935077	-0.33897224
2.95259409	0.08673555	0.02937605	-0.33868523
2.95509409	0.08688363	0.02940131	-0.33839870
2.95759408	0.08703177	0.02942654	-0.33811266
2.96009408	0.08717997	0.02945176	-0.33782710
2.96259407	0.08732824	0.02947695	-0.33754202
2.96509407	0.08747658	0.02950213	-0.33725743
2.96759406	0.08762498	0.02952728	-0.33697331
2.97009406	0.08777345	0.02955241	-0.33668967
2.97259405	0.08792198	0.02957753	-0.33640651
2.97509405	0.08807057	0.02960262	-0.33612383
2.97759404	0.08821923	0.02962769	-0.33584162
2.98009404	0.08836795	0.02965274	-0.33555988
2.98259403	0.08851674	0.02967777	-0.33527862
2.98509403	0.08866559	0.02970278	-0.33499782
2.98759402	0.08881451	0.02972777	-0.33471750
2.99009402	0.08896348	0.02975274	-0.33443764
2.99259401	0.08911252	0.02977769	-0.33415826
2.99509401	0.08926163	0.02980261	-0.33387934
2.99759400	0.08941079	0.02982752	-0.33360088
3.00009400	0.08956002	0.02985240	-0.33332289
3.00259399	0.08970931	0.02987727	-0.33304536
3.00509399	0.08985866	0.02990211	-0.33276829
3.00759398	0.09000808	0.02992694	-0.33249169
3.01009398	0.09015755	0.02995174	-0.33221554
3.01259397	0.09030709	0.02997652	-0.33193985
3.01509397	0.09045669	0.03000128	-0.33166462
3.01759396	0.09060635	0.03002602	-0.33138985
3.02009396	0.09075607	0.03005074	-0.33111553
3.02259395	0.09090585	0.03007544	-0.33084166
3.02509395	0.09105569	0.03010012	-0.33056825
3.02759394	0.09120559	0.03012478	-0.33029528
3.03009394	0.09135555	0.03014941	-0.33002277
3.03259393	0.09150557	0.03017403	-0.32975071
3.03509393	0.09165565	0.03019862	-0.32947909
3.03759392	0.09180579	0.03022319	-0.32920793
3.04009392	0.09195599	0.03024775	-0.32893721
3.04259391	0.09210624	0.03027228	-0.32866693
3.04509391	0.09225656	0.03029679	-0.32839710
3.04759390	0.09240693	0.03032128	-0.32812771
3.05009390	0.09255737	0.03034574	-0.32785876
3.05259389	0.09270786	0.03037019	-0.32759025
3.05509389	0.09285841	0.03039462	-0.32732218
3.05759388	0.09300901	0.03041902	-0.32705455
3.06009388	0.09315968	0.03044340	-0.32678736
3.06259387	0.09331040	0.03046777	-0.32652060
3.06509387	0.09346117	0.03049211	-0.32625428
3.06759386	0.09361201	0.03051643	-0.32598839
3.07009386	0.09376290	0.03054073	-0.32572294
3.07259385	0.09391385	0.03056501	-0.32545792
3.07509385	0.09406485	0.03058926	-0.32519333
3.07759384	0.09421591	0.03061350	-0.32492917
3.08009384	0.09436703	0.03063771	-0.32466543
3.08259383	0.09451820	0.03066190	-0.32440213
3.08509383	0.09466942	0.03068608	-0.32413925
3.08759382	0.09482071	0.03071023	-0.32387680
3.09009382	0.09497204	0.03073436	-0.32361477
3.09259381	0.09512343	0.03075846	-0.32335317
3.09509381	0.09527488	0.03078255	-0.32309198
3.09759380	0.09542638	0.03080661	-0.32283122
3.10009380	0.09557793	0.03083066	-0.32257088
3.10259379	0.09572954	0.03085468	-0.32231096
3.10509379	0.09588120	0.03087868	-0.32205146
3.10759378	0.09603292	0.03090266	-0.32179238
3.11009378	0.09618469	0.03092662	-0.32153371
3.11259377	0.09633651	0.03095056	-0.32127546
3.11509377	0.09648838	0.03097447	-0.32101762
3.11759376	0.09664031	0.03099837	-0.32076020
3.12009376	0.09679229	0.03102224	-0.32050319
3.12259375	0.09694432	0.03104609	-0.32024659
3.12509375	0.09709641	0.03106992	-0.31999040
3.12759374	0.09724855	0.03109373	-0.31973462
3.13009374	0.09740073	0.03111751	-0.31947925
3.13259373	0.09755297	0.03114128	-0.31922429
3.13509373	0.09770526	0.03116502	-0.31896973
3.13759372	0.09785760	0.03118874	-0.31871558
3.14009372	0.09801000	0.03121244	-0.31846183
3.14259371	0.09816244	0.03123612	-0.31820849
3.14509371	0.09831493	0.03125978	-0.31795555
3.14759370	0.09846748	0.03128341	-0.31770301
3.15009370	0.09862007	0.03130703	-0.31745087
3.15259369	0.09877272	0.03133062	-0.31719914
3.15509369	0.09892541	0.03135419	-0.31694780
3.15759368	0.09907815	0.03137774	-0.31669686
3.16009368	0.09923094	0.03140127	-0.31644631
3.16259367	0.09938379	0.03142477	-0.31619617
3.16509367	0.09953668	0.03144826	-0.31594642
3.16759366	0.09968961	0.03147172	-0.31569706
3.17009366	0.09984260	0.03149516	-0.31544809
3.17259365	0.09999564	0.03151858	-0.31519952
3.17509365	0.10014872	0.03154197	-0.31495134
3.17759364	0.10030185	0.03156535	-0.31470355
3.18009364	0.10045503	0.03158870	-0.31445615
3.18259363	0.10060826	0.03161203	-0.31420914
3.18509363	0.10076153	0.03163534	-0.31396251
3.18759362	0.10091485	0.03165863	-0.31371628
3.19009362	0.10106822	0.03168190	-0.31347042
3.19259361	0.10122163	0.03170514	-0.31322496
3.19509361	0.10137509	0.03172836	-0.31297988
3.19759360	0.10152860	0.03175156	-0.31273518
3.20009360	0.10168215	0.03177474	-0.31249086
3.20259359	0.10183575	0.03179790	-0.31224692
3.20509359	0.10198939	0.03182103	-0.31200337
3.20759358	0.10214308	0.03184415	-0.31176019
3.21009358	0.10229681	0.03186724	-0.31151740
3.21259357	0.10245059	0.03189031	-0.31127498
3.21509357	0.10260442	0.03191335	-0.31103294
3.21759356	0.10275828	0.03193638	-0.31079127
3.22009356	0.10291220	0.03195938	-0.31054998
3.22259355	0.10306615	0.03198236	-0.31030907
3.22509355	0.10322015	0.03200532	-0.31006852
3.22759354	0.10337420	0.03202826	-0.30982836
3.23009354	0.10352829	0.03205117	-0.30958856
3.23259353	0.10368242	0.03207407	-0.30934913
3.23509353	0.10383659	0.03209694	-0.30911007
3.23759352	0.10399081	0.03211979	-0.30887139
3.24009352	0.10414507	0.03214261	-0.30863307
3.24259351	0.10429937	0.03216542	-0.30839512
3.24509351	0.10445372	0.03218820	-0.30815753
3.24759350	0.10460811	0.03221096	-0.30792031
3.25009350	0.10476254	0.03223370	-0.30768346
3.25259349	0.10491701	0.03225642	-0.30744697
3.25509349	0.10507152	0.03227911	-0.30721084
3.25759348	0.10522607	0.03230178	-0.30697507
3.26009348	0.10538067	0.03232443	-0.30673967
3.26259347	0.10553530	0.03234706	-0.30650463
3.26509347	0.10568998	0.03236966	-0.30626995
3.26759346	0.10584470	0.03239225	-0.30603562
3.27009346	0.10599946	0.03241481	-0.30580166
3.27259345	0.10615425	0.03243735	-0.30556805
3.27509345	0.10630909	0.03245987	-0.30533480
3.27759344	0.10646397	0.03248236	-0.30510190
3.28009344	0.10661889	0.03250483	-0.30486936
3.28259343	0.10677384	0.03252728	-0.30463718
3.28509343	0.10692884	0.03254971	-0.30440535
3.28759342	0.10708387	0.03257212	-0.30417387
3.29009342	0.10723895	0.03259450	-0.30394274
3.29259341	0.10739406	0.03261686	-0.30371196
3.29509341	0.10754921	0.03263920	-0.30348153
3.29759340	0.10770440	0.03266152	-0.30325146
3.30009340	0.10785962	0.03268381	-0.30302173
3.30259339	0.10801489	0.03270608	-0.30279235
3.30509339	0.10817019	0.03272833	-0.30256331
3.30759338	0.10832553	0.03275056	-0.30233462
3.31009338	0.10848090	0.03277276	-0.30210628
3.31259337	0.10863632	0.03279494	-0.30187828
3.31509337	0.10879177	0.03281710	-0.30165063
3.31759336	0.10894725	0.03283924	-0.30142332
3.32009336	0.10910278	0.03286136	-0.30119635
3.32259335	0.10925833	0.03288345	-0.30096972
3.32509335	0.10941393	0.03290552	-0.30074344
3.32759334	0.10956956	0.03292757	-0.30051749
3.33009334	0.10972523	0.03294959	-0.30029188
3.33259333	0.10988093	0.03297160	-0.30006661
3.33509333	0.11003666	0.03299358	-0.29984168
3.33759332	0.11019244	0.03301554	-0.29961709
3.34009332	0.11034824	0.03303747	-0.29939283
3.34259331	0.11050408	0.03305939	-0.29916891
3.34509331	0.11065996	0.03308128	-0.29894532
3.34759330	0.11081587	0.03310315	-0.29872207
3.35009330	0.11097181	0.03312499	-0.29849915
3.35259329	0.11112779	0.03314682	-0.29827656
3.35509329	0.11128380	0.03316862	-0.29805431
3.35759328	0.11143985	0.03319039	-0.29783238
3.36009328	0.11159592	0.03321215	-0.29761079
3.36259327	0.11175203	0.03323388	-0.29738952
3.36509327	0.11190818	0.03325559	-0.29716858
3.36759326	0.11206435	0.03327728	-0.29694797
3.37009326	0.11222056	0.03329895	-0.29672769
3.37259325	0.11237680	0.03332059	-0.29650774
3.37509325	0.11253307	0.03334221	-0.29628811
3.37759324	0.11268938	0.03336381	-0.29606881
3.38009324	0.11284572	0.03338539	-0.29584983
3.38259323	0.11300208	0.03340694	-0.29563117
3.38509323	0.11315848	0.03342847	-0.29541284
3.38759322	0.11331491	0.03344998	-0.29519483
3.39009322	0.11347137	0.03347146	-0.29497714
3.39259321	0.11362786	0.03349292	-0.29475977
3.39509321	0.11378439	0.03351436	-0.29454272
3.39759320	0.11394094	0.03353578	-0.29432599
3.40009320	0.11409752	0.03355717	-0.29410958
3.40259319	0.11425413	0.03357855	-0.29389349
3.40509319	0.11441077	0.03359990	-0.29367772
3.40759318	0.11456745	0.03362122	-0.29346226
3.41009318	0.11472415	0.03364253	-0.29324712
3.41259317	0.11488088	0.03366381	-0.29303229
3.41509317	0.11503763	0.03368506	-0.29281778
3.41759316	0.11519442	0.03370630	-0.29260358
3.42009316	0.11535124	0.03372751	-0.29238970
3.42259315	0.11550808	0.03374870	-0.29217612
3.42509315	0.11566495	0.03376987	-0.29196286
3.42759314	0.11582185	0.03379102	-0.29174991
3.43009314	0.11597878	0.03381214	-0.29153727
3.43259313	0.11613574	0.03383324	-0.29132494
3.43509313	0.11629272	0.03385431	-0.29111292
3.43759312	0.11644973	0.03387537	-0.29090121
3.44009312	0.11660677	0.03389640	-0.29068981
3.44259311	0.11676383	0.03391741	-0.29047871
3.44509311	0.11692092	0.03393839	-0.29026792
3.44759310	0.11707804	0.03395935	-0.29005743
3.45009310	0.11723518	0.03398029	-0.28984725
3.45259309	0.11739235	0.03400121	-0.28963737
3.45509309	0.11754954	0.03402211	-0.28942780
3.45759308	0.11770676	0.03404298	-0.28921853
3.46009308	0.11786401	0.03406383	-0.28900957
3.46259307	0.11802128	0.03408465	-0.28880090
3.46509307	0.11817858	0.03410545	-0.28859254
3.46759306	0.11833590	0.03412624	-0.28838447
3.47009306	0.11849324	0.03414699	-0.28817671
3.47259305	0.11865061	0.03416773	-0.28796924
3.47509305	0.11880801	0.03418844	-0.28776208
3.47759304	0.11896542	0.03420913	-0.28755521
3.48009304	0.11912287	0.03422979	-0.28734864
3.48259303	0.11928033	0.03425044	-0.28714236
3.48509303	0.11943782	0.03427106	-0.28693639
3.48759302	0.11959533	0.03429165	-0.28673070
3.49009302	0.11975287	0.03431223	-0.28652531
3.49259301	0.11991043	0.03433278	-0.28632022
3.49509301	0.12006801	0.03435331	-0.28611542
3.49759300	0.12022561	0.03437381	-0.28591091
3.50009300	0.12038324	0.03439430	-0.28570669
3.50259299	0.12054089	0.03441476	-0.28550277
3.50509299	0.12069856	0.03443519	-0.28529914
3.50759298	0.12085625	0.03445561	-0.28509579
3.51009298	0.12101397	0.03447600	-0.28489274
3.51259297	0.12117170	0.03449637	-0.28468997
3.51509297	0.12132946	0.03451671	-0.28448750
3.51759296	0.12148723	0.03453704	-0.28428531
3.52009296	0.12164503	0.03455734	-0.28408341
3.52259295	0.12180285	0.03457761	-0.28388179
3.52509295	0.12196069	0.03459787	-0.28368046
3.52759294	0.12211855	0.03461810	-0.28347942
3.53009294	0.12227643	0.03463830	-0.28327866
3.53259293	0.12243433	0.03465849	-0.28307819
3.53509293	0.12259225	0.03467865	-0.28287799
3.53759292	0.12275019	0.03469879	-0.28267809
3.54009292	0.12290815	0.03471890	-0.28247846
3.54259291	0.12306613	0.03473900	-0.28227912
3.54509291	0.12322412	0.03475907	-0.28208005
3.54759290	0.12338214	0.03477911	-0.28188127
3.55009290	0.12354017	0.03479914	-0.28168277
3.55259289	0.12369822	0.03481914	-0.28148455
3.55509289	0.12385629	0.03483912	-0.28128660
3.55759288	0.12401438	0.03485907	-0.28108894
3.56009288	0.12417249	0.03487900	-0.28089155
3.56259287	0.12433061	0.03489891	-0.28069444
3.56509287	0.12448875	0.03491880	-0.28049760
3.56759286	0.12464691	0.03493866	-0.28030104
3.57009286	0.12480509	0.03495850	-0.28010476
3.57259285	0.12496328	0.03497832	-0.27990875
3.57509285	0.12512149	0.03499811	-0.27971302
3.57759284	0.12527971	0.03501788	-0.27951755
3.58009284	0.12543796	0.03503763	-0.27932237
3.58259283	0.12559621	0.03505735	-0.27912745
3.58509283	0.12575449	0.03507705	-0.27893281
3.58759282	0.12591278	0.03509673	-0.27873843
3.59009282	0.12607108	0.03511639	-0.27854433
3.59259281	0.12622941	0.03513602	-0.27835050
3.59509281	0.12638774	0.03515563	-0.27815694
3.59759280	0.12654609	0.03517521	-0.27796364
3.60009280	0.12670446	0.03519478	-0.27777062
3.60259279	0.12686284	0.03521432	-0.27757786
3.60509279	0.12702123	0.03523383	-0.27738537
3.60759278	0.12717964	0.03525333	-0.27719315
3.61009278	0.12733807	0.03527280	-0.27700119
3.61259277	0.12749650	0.03529224	-0.27680950
3.61509277	0.12765496	0.03531167	-0.27661807
3.61759276	0.12781342	0.03533107	-0.27642691
3.62009276	0.12797190	0.03535045	-0.27623602
3.62259275	0.12813039	0.03536980	-0.27604538
3.62509275	0.12828889	0.03538913	-0.27585501
3.62759274	0.12844741	0.03540844	-0.27566490
3.63009274	0.12860594	0.03542773	-0.27547506
3.63259273	0.12876448	0.03544699	-0.27528547
3.63509273	0.12892304	0.03546623	-0.27509615
3.63759272	0.12908160	0.03548545	-0.27490708
3.64009272	0.12924018	0.03550464	-0.27471828
3.64259271	0.12939877	0.03552381	-0.27452973
3.64509271	0.12955737	0.03554296	-0.27434144
3.64759270	0.12971599	0.03556208	-0.27415342
3.65009270	0.12987461	0.03558118	-0.27396564
3.65259269	0.13003325	0.03560026	-0.27377813
3.65509269	0.13019189	0.03561931	-0.27359087
3.65759268	0.13035055	0.03563834	-0.27340387
3.66009268	0.13050922	0.03565735	-0.27321713
3.66259267	0.13066789	0.03567634	-0.27303063
3.66509267	0.13082658	0.03569530	-0.27284440
3.66759266	0.13098528	0.03571424	-0.27265841
3.67009266	0.13114398	0.03573315	-0.27247268
3.67259265	0.13130270	0.03575205	-0.27228721
3.67509265	0.13146143	0.03577091	-0.27210198
3.67759264	0.13162016	0.03578976	-0.27191701
3.68009264	0.13177890	0.03580858	-0.27173229
3.68259263	0.13193766	0.03582738	-0.27154782
3.68509263	0.13209642	0.03584616	-0.27136360
3.68759262	0.13225519	0.03586491	-0.27117963
3.69009262	0.13241397	0.03588364	-0.27099591
3.69259261	0.13257275	0.03590235	-0.27081244
3.69509261	0.13273155	0.03592103	-0.27062921
3.69759260	0.13289035	0.03593969	-0.27044624
3.70009260	0.13304916	0.03595833	-0.27026351
3.70259259	0.13320797	0.03597695	-0.27008102
3.70509259	0.13336680	0.03599554	-0.26989879
3.70759258	0.13352563	0.03601410	-0.26971680
3.71009258	0.13368446	0.03603265	-0.26953505
3.71259257	0.13384331	0.03605117	-0.26935355
3.71509257	0.13400216	0.03606967	-0.26917230
3.71759256	0.13416102	0.03608814	-0.26899128
3.72009256	0.13431988	0.03610660	-0.26881052
3.72259255	0.13447875	0.03612502	-0.26862999
3.72509255	0.13463762	0.03614343	-0.26844971
3.72759254	0.13479650	0.03616181	-0.26826966
3.73009254	0.13495539	0.03618017	-0.26808986
3.73259253	0.13511428	0.03619851	-0.26791030
3.73509253	0.13527317	0.03621682	-0.26773098
3.73759252	0.13543207	0.03623511	-0.26755190
3.74009252	0.13559098	0.03625338	-0.26737306
3.74259251	0.13574989	0.03627162	-0.26719446
3.74509251	0.13590880	0.03628984	-0.26701610
3.74759250	0.13606772	0.03630804	-0.26683798
3.75009250	0.13622664	0.03632621	-0.26666009
3.75259249	0.13638557	0.03634436	-0.26648244
3.75509249	0.13654450	0.03636249	-0.26630503
3.75759248	0.13670343	0.03638059	-0.26612785
3.76009248	0.13686237	0.03639867	-0.26595091
3.76259247	0.13702131	0.03641673	-0.26577420
3.76509247	0.13718025	0.03643476	-0.26559773
3.76759246	0.13733919	0.03645277	-0.26542149
3.77009246	0.13749814	0.03647076	-0.26524548
3.77259245	0.13765709	0.03648873	-0.26506971
3.77509245	0.13781604	0.03650667	-0.26489417
3.77759244	0.13797499	0.03652458	-0.26471887
3.78009244	0.13813395	0.03654248	-0.26454380
3.78259243	0.13829291	0.03656035	-0.26436895
3.78509243	0.13845187	0.03657820	-0.26419434
3.78759242	0.13861083	0.03659602	-0.26401996
3.79009242	0.13876979	0.03661383	-0.26384581
3.79259241	0.13892875	0.03663161	-0.26367189
3.79509241	0.13908771	0.03664936	-0.26349820
3.79759240	0.13924668	0.03666709	-0.26332473
3.80009240	0.13940564	0.03668480	-0.26315150
3.80259239	0.13956461	0.03670249	-0.26297849
3.80509239	0.13972357	0.03672015	-0.26280571
3.80759238	0.13988253	0.03673779	-0.26263315
3.81009238	0.14004150	0.03675541	-0.26246083
3.81259237	0.14020046	0.03677300	-0.26228873
3.81509237	0.14035943	0.03679057	-0.26211685
3.81759236	0.14051839	0.03680812	-0.26194520
3.82009236	0.14067735	0.03682564	-0.26177378
3.82259235	0.14083631	0.03684314	-0.26160257
3.82509235	0.14099527	0.03686062	-0.26143160
3.82759234	0.14115423	0.03687807	-0.26126084
3.83009234	0.14131318	0.03689550	-0.26109031
3.83259233	0.14147213	0.03691291	-0.26092000
3.83509233	0.14163109	0.03693029	-0.26074992
3.83759232	0.14179004	0.03694765	-0.26058005
3.84009232	0.14194898	0.03696499	-0.26041041
3.84259231	0.14210793	0.03698231	-0.26024098
3.84509231	0.14226687	0.03699960	-0.26007178
3.84759230	0.14242581	0.03701687	-0.25990280
3.85009230	0.14258475	0.03703411	-0.25973403
3.85259229	0.14274368	0.03705133	-0.25956549
3.85509229	0.14290261	0.03706853	-0.25939716
3.85759228	0.14306154	0.03708571	-0.25922905
3.86009228	0.14322046	0.03710286	-0.25906116
3.86259227	0.14337938	0.03711999	-0.25889349
3.86509227	0.14353829	0.03713709	-0.25872604
3.86759226	0.14369720	0.03715418	-0.25855880
3.87009226	0.14385611	0.03717123	-0.25839177
3.87259225	0.14401501	0.03718827	-0.25822497
3.87509225	0.14417391	0.03720528	-0.25805837
3.87759224	0.14433280	0.03722227	-0.25789200
3.88009224	0.14449168	0.03723924	-0.25772583
3.88259223	0.14465057	0.03725618	-0.25755988
3.88509223	0.14480944	0.03727310	-0.25739415
3.88759222	0.14496831	0.03729000	-0.25722862
3.89009222	0.14512718	0.03730687	-0.25706331
3.89259221	0.14528604	0.03732372	-0.25689822
3.89509221	0.14544489	0.03734055	-0.25673333
3.89759220	0.14560374	0.03735736	-0.25656866
3.90009220	0.14576258	0.03737414	-0.25640419
3.90259219	0.14592141	0.03739089	-0.25623994
3.90509219	0.14608024	0.03740763	-0.25607590
3.90759218	0.14623906	0.03742434	-0.25591207
3.91009218	0.14639787	0.03744103	-0.25574845
3.91259217	0.14655667	0.03745769	-0.25558503
3.91509217	0.14671547	0.03747433	-0.25542183
3.91759216	0.14687426	0.03749095	-0.25525883
3.92009216	0.14703304	0.03750755	-0.25509604
3.92259215	0.14719182	0.03752412	-0.25493346
3.92509215	0.14735059	0.03754067	-0.25477109
3.92759214	0.14750934	0.03755719	-0.25460892
3.93009214	0.14766809	0.03757370	-0.25444696
3.93259213	0.14782684	0.03759018	-0.25428521
3.93509213	0.14798557	0.03760663	-0.25412366
3.93759212	0.14814429	0.03762307	-0.25396231
3.94009212	0.14830301	0.03763948	-0.25380117
3.94259211	0.14846171	0.03765586	-0.25364024
3.94509211	0.14862041	0.03767223	-0.25347951
3.94759210	0.14877909	0.03768857	-0.25331898
3.95009210	0.14893777	0.03770489	-0.25315865
3.95259209	0.14909644	0.03772118	-0.25299853
3.95509209	0.14925509	0.03773745	-0.25283861
3.95759208	0.14941374	0.03775370	-0.25267890
3.96009208	0.14957237	0.03776992	-0.25251938
3.96259207	0.14973100	0.03778612	-0.25236007
3.96509207	0.14988961	0.03780230	-0.25220095
3.96759206	0.15004822	0.03781846	-0.25204204
3.97009206	0.15020681	0.03783459	-0.25188333
3.97259205	0.15036539	0.03785070	-0.25172481
3.97509205	0.15052396	0.03786679	-0.25156650
3.97759204	0.15068252	0.03788285	-0.25140839
3.98009204	0.15084106	0.03789889	-0.25125047
3.98259203	0.15099960	0.03791490	-0.25109275
3.98509203	0.15115812	0.03793090	-0.25093523
3.98759202	0.15131663	0.03794687	-0.25077791
3.99009202	0.15147513	0.03796282	-0.25062079
3.99259201	0.15163361	0.03797874	-0.25046386
3.99509201	0.15179208	0.03799464	-0.25030713
3.99759200	0.15195054	0.03801052	-0.25015059
4.00009200	0.15210899	0.03802637	-0.24999425
4.00259199	0.15226742	0.03804220	-0.24983811
4.00509199	0.15242584	0.03805801	-0.24968216
4.00759198	0.15258425	0.03807380	-0.24952640
4.01009198	0.15274264	0.03808956	-0.24937084
4.01259197	0.15290102	0.03810530	-0.24921547
4.01509197	0.15305939	0.03812102	-0.24906030
4.01759196	0.15321774	0.03813671	-0.24890532
4.02009196	0.15337607	0.03815238	-0.24875053
4.02259195	0.15353439	0.03816803	-0.24859593
4.02509195	0.15369270	0.03818365	-0.24844153
4.02759194	0.15385099	0.03819925	-0.24828732
4.03009194	0.15400927	0.03821483	-0.24813330
4.03259193	0.15416753	0.03823038	-0.24797947
4.03509193	0.15432578	0.03824591	-0.24782583
4.03759192	0.15448401	0.03826142	-0.24767238
4.04009192	0.15464223	0.03827691	-0.24751912
4.04259191	0.15480043	0.03829237	-0.24736605
4.04509191	0.15495861	0.03830781	-0.24721317
4.04759190	0.15511678	0.03832323	-0.24706048
4.05009190	0.15527493	0.03833862	-0.24690798
4.05259189	0.15543307	0.03835399	-0.24675566
4.05509189	0.15559118	0.03836934	-0.24660354
4.05759188	0.15574929	0.03838466	-0.24645160
4.06009188	0.15590737	0.03839996	-0.24629984
4.06259187	0.15606544	0.03841524	-0.24614828
4.06509187	0.15622349	0.03843049	-0.24599690
4.06759186	0.15638152	0.03844573	-0.24584571
4.07009186	0.15653954	0.03846094	-0.24569470
4.07259185	0.15669754	0.03847612	-0.24554388
4.07509185	0.15685552	0.03849128	-0.24539324
4.07759184	0.15701348	0.03850642	-0.24524279
4.08009184	0.15717142	0.03852154	-0.24509252
4.08259183	0.15732935	0.03853663	-0.24494244
4.08509183	0.15748726	0.03855171	-0.24479254
4.08759182	0.15764515	0.03856675	-0.24464282
4.09009182	0.15780302	0.03858178	-0.24449329
4.09259181	0.15796087	0.03859678	-0.24434394
4.09509181	0.15811870	0.03861176	-0.24419477
4.09759180	0.15827651	0.03862671	-0.24404578
4.10009180	0.15843430	0.03864165	-0.24389698
4.10259179	0.15859208	0.03865656	-0.24374835
4.10509179	0.15874983	0.03867144	-0.24359991
4.10759178	0.15890756	0.03868631	-0.24345165
4.11009178	0.15906528	0.03870115	-0.24330357
4.11259177	0.15922297	0.03871597	-0.24315567
4.11509177	0.15938065	0.03873076	-0.24300795
4.11759176	0.15953830	0.03874554	-0.24286040
4.12009176	0.15969593	0.03876028	-0.24271304
4.12259175	0.15985354	0.03877501	-0.24256586
4.12509175	0.16001113	0.03878971	-0.24241885
4.12759174	0.16016870	0.03880440	-0.24227202
4.13009174	0.16032625	0.03881905	-0.24212537
4.13259173	0.16048378	0.03883369	-0.24197890
4.13509173	0.16064128	0.03884830	-0.24183260
4.13759172	0.16079876	0.03886289	-0.24168648
4.14009172	0.16095622	0.03887745	-0.24154054
4.14259171	0.16111366	0.03889200	-0.24139478
4.14509171	0.16127108	0.03890652	-0.24124919
4.14759170	0.16142848	0.03892101	-0.24110377
4.15009170	0.16158585	0.03893549	-0.24095853
4.15259169	0.16174320	0.03894994	-0.24081347
4.15509169	0.16190052	0.03896437	-0.24066858
4.15759168	0.16205783	0.03897877	-0.24052386
4.16009168	0.16221511	0.03899316	-0.24037932
4.16259167	0.16237237	0.03900752	-0.24023495
4.16509167	0.16252960	0.03902185	-0.24009075
4.16759166	0.16268681	0.03903617	-0.23994673
4.17009166	0.16284400	0.03905046	-0.23980288
4.17259165	0.16300116	0.03906473	-0.23965921
4.17509165	0.16315830	0.03907897	-0.23951570
4.17759164	0.16331541	0.03909320	-0.23937237
4.18009164	0.16347250	0.03910740	-0.23922921
4.18259163	0.16362957	0.03912157	-0.23908621
4.18509163	0.16378661	0.03913573	-0.23894339
4.18759162	0.16394363	0.03914986	-0.23880075
4.19009162	0.16410062	0.03916397	-0.23865827
4.19259161	0.16425758	0.03917805	-0.23851596
4.19509161	0.16441452	0.03919212	-0.23837382
4.19759160	0.16457144	0.03920616	-0.23823185
4.20009160	0.16472833	0.03922018	-0.23809005
4.20259159	0.16488519	0.03923417	-0.23794841
4.20509159	0.16504203	0.03924814	-0.23780695
4.20759158	0.16519885	0.03926209	-0.23766565
4.21009158	0.16535563	0.03927602	-0.23752452
4.21259157	0.16551239	0.03928992	-0.23738356
4.21509157	0.16566913	0.03930380	-0.23724277
4.21759156	0.16582583	0.03931766	-0.23710214
4.22009156	0.16598251	0.03933150	-0.23696168
4.22259155	0.16613917	0.03934531	-0.23682139
4.22509155	0.16629579	0.03935910	-0.23668126
4.22759154	0.16645239	0.03937287	-0.23654130
4.23009154	0.16660896	0.03938661	-0.23640150
4.23259153	0.16676551	0.03940033	-0.23626187
4.23509153	0.16692203	0.03941403	-0.23612241
4.23759152	0.16707852	0.03942771	-0.23598310
4.24009152	0.16723498	0.03944136	-0.23584397
4.24259151	0.16739141	0.03945499	-0.23570499
4.24509151	0.16754781	0.03946860	-0.23556618
4.24759150	0.16770419	0.03948218	-0.23542754
4.25009150	0.16786054	0.03949575	-0.23528905
4.25259149	0.16801686	0.03950929	-0.23515073
4.25509149	0.16817315	0.03952280	-0.23501257
4.25759148	0.16832941	0.03953630	-0.23487458
4.26009148	0.16848564	0.03954977	-0.23473674
4.26259147	0.16864185	0.03956322	-0.23459907
4.26509147	0.16879802	0.03957665	-0.23446156
4.26759146	0.16895417	0.03959005	-0.23432421
4.27009146	0.16911028	0.03960343	-0.23418702
4.27259145	0.16926637	0.03961679	-0.23404999
4.27509145	0.16942242	0.03963013	-0.23391312
4.27759144	0.16957845	0.03964344	-0.23377642
4.28009144	0.16973444	0.03965673	-0.23363987
4.28259143	0.16989041	0.03967000	-0.23350348
4.28509143	0.17004634	0.03968325	-0.23336725
4.28759142	0.17020224	0.03969647	-0.23323118
4.29009142	0.17035812	0.03970967	-0.23309527
4.29259141	0.17051396	0.03972285	-0.23295951
4.29509141	0.17066977	0.03973600	-0.23282392
4.29759140	0.17082555	0.03974914	-0.23268848
4.30009140	0.17098129	0.03976225	-0.23255320
4.30259139	0.17113701	0.03977533	-0.23241807
4.30509139	0.17129269	0.03978840	-0.23228311
4.30759138	0.17144835	0.03980144	-0.23214830
4.31009138	0.17160397	0.03981446	-0.23201364
4.31259137	0.17175956	0.03982746	-0.23187914
4.31509137	0.17191511	0.03984043	-0.23174480
4.31759136	0.17207064	0.03985339	-0.23161062
4.32009136	0.17222613	0.03986632	-0.23147659
4.32259135	0.17238159	0.03987922	-0.23134271
4.32509135	0.17253701	0.03989211	-0.23120899
4.32759134	0.17269241	0.03990497	-0.23107542
4.33009134	0.17284777	0.03991781	-0.23094201
4.33259133	0.17300309	0.03993063	-0.23080875
4.33509133	0.17315839	0.03994342	-0.23067565
4.33759132	0.17331365	0.03995620	-0.23054270
4.34009132	0.17346887	0.03996895	-0.23040990
4.34259131	0.17362406	0.03998167	-0.23027725
4.34509131	0.17377922	0.03999438	-0.23014476
4.34759130	0.17393435	0.04000706	-0.23001242
4.35009130	0.17408944	0.04001972	-0.22988023
4.35259129	0.17424449	0.04003236	-0.22974820
4.35509129	0.17439951	0.04004497	-0.22961631
4.35759128	0.17455450	0.04005757	-0.22948458
4.36009128	0.17470945	0.04007014	-0.22935300
4.36259127	0.17486437	0.04008268	-0.22922157
4.36509127	0.17501925	0.04009521	-0.22909028
4.36759126	0.17517410	0.04010771	-0.22895915
4.37009126	0.17532891	0.04012019	-0.22882817
4.37259125	0.17548368	0.04013265	-0.22869734
4.37509125	0.17563843	0.04014509	-0.22856666
4.37759124	0.17579313	0.04015750	-0.22843613
4.38009124	0.17594780	0.04016989	-0.22830575
4.38259123	0.17610243	0.04018226	-0.22817551
4.38509123	0.17625703	0.04019461	-0.22804543
4.38759122	0.17641159	0.04020693	-0.22791549
4.39009122	0.17656611	0.04021924	-0.22778570
4.39259121	0.17672060	0.04023151	-0.22765606
4.39509121	0.17687505	0.04024377	-0.22752656
4.39759120	0.17702946	0.04025601	-0.22739722
4.40009120	0.17718384	0.04026822	-0.22726802
4.40259119	0.17733818	0.04028041	-0.22713896
4.40509119	0.17749248	0.04029258	-0.22701006
4.40759118	0.17764674	0.04030472	-0.22688130
4.41009118	0.17780097	0.04031685	-0.22675268
4.41259117	0.17795516	0.04032895	-0.22662421
4.41509117	0.17810931	0.04034103	-0.22649589
4.41759116	0.17826343	0.04035308	-0.22636771
4.42009116	0.17841750	0.04036512	-0.22623968
4.42259115	0.17857154	0.04037713	-0.22611179
4.42509115	0.17872554	0.04038912	-0.22598405
4.42759114	0.17887950	0.04040109	-0.22585645
4.43009114	0.17903342	0.04041303	-0.22572899
4.43259113	0.17918731	0.04042496	-0.22560168
4.43509113	0.17934115	0.04043686	-0.22547451
4.43759112	0.17949496	0.04044874	-0.22534749
4.44009112	0.17964872	0.04046059	-0.22522060
4.44259111	0.17980245	0.04047243	-0.22509386
4.44509111	0.17995614	0.04048424	-0.22496727
4.44759110	0.18010978	0.04049603	-0.22484081
4.45009110	0.18026339	0.04050780	-0.22471450
4.45259109	0.18041696	0.04051954	-0.22458833
4.45509109	0.18057049	0.04053127	-0.22446230
4.45759108	0.18072398	0.04054297	-0.22433641
4.46009108	0.18087743	0.04055465	-0.22421067
4.46259107	0.18103084	0.04056631	-0.22408506
4.46509107	0.18118420	0.04057794	-0.22395960
4.46759106	0.18133753	0.04058955	-0.22383427
4.47009106	0.18149082	0.04060115	-0.22370909
4.47259105	0.18164406	0.04061271	-0.22358405
4.47509105	0.18179727	0.04062426	-0.22345914
4.47759104	0.18195043	0.04063579	-0.22333438
4.48009104	0.18210355	0.04064729	-0.22320975
4.48259103	0.18225663	0.04065877	-0.22308526
4.48509103	0.18240967	0.04067023	-0.22296092
4.48759102	0.18256267	0.04068166	-0.22283671
4.49009102	0.18271562	0.04069308	-0.22271263
4.49259101	0.18286854	0.04070447	-0.22258870
4.49509101	0.18302141	0.04071584	-0.22246491
4.49759100	0.18317424	0.04072719	-0.22234125
4.50009100	0.18332702	0.04073851	-0.22221773
4.50259099	0.18347977	0.04074982	-0.22209435
4.50509099	0.18363247	0.04076110	-0.22197110
4.50759098	0.18378513	0.04077236	-0.22184799
4.51009098	0.18393775	0.04078360	-0.22172502
4.51259097	0.18409032	0.04079482	-0.22160218
4.51509097	0.18424285	0.04080601	-0.22147948
4.51759096	0.18439534	0.04081718	-0.22135692
4.52009096	0.18454778	0.04082833	-0.22123449
4.52259095	0.18470018	0.04083946	-0.22111219
4.52509095	0.18485254	0.04085057	-0.22099003
4.52759094	0.18500485	0.04086165	-0.22086801
4.53009094	0.18515712	0.04087272	-0.22074612
4.53259093	0.18530935	0.04088376	-0.22062437
4.53509093	0.18546153	0.04089478	-0.22050275
4.53759092	0.18561367	0.04090577	-0.22038126
4.54009092	0.18576576	0.04091675	-0.22025991
4.54259091	0.18591781	0.04092770	-0.22013869
4.54509091	0.18606981	0.04093863	-0.22001760
4.54759090	0.18622177	0.04094954	-0.21989665
4.55009090	0.18637368	0.04096043	-0.21977583
4.55259089	0.18652555	0.04097130	-0.21965514
4.55509089	0.18667737	0.04098214	-0.21953459
4.55759088	0.18682915	0.04099296	-0.21941417
4.56009088	0.18698089	0.04100376	-0.21929388
4.56259087	0.18713257	0.04101454	-0.21917372
4.56509087	0.18728422	0.04102530	-0.21905369
4.56759086	0.18743581	0.04103603	-0.21893379
4.57009086	0.18758736	0.04104675	-0.21881403
4.57259085	0.18773887	0.04105744	-0.21869440
4.57509085	0.18789032	0.04106811	-0.21857489
4.57759084	0.18804174	0.04107876	-0.21845552
4.58009084	0.18819310	0.04108938	-0.21833628
4.58259083	0.18834442	0.04109999	-0.21821717
4.58509083	0.18849569	0.04111057	-0.21809819
4.58759082	0.18864692	0.04112113	-0.21797934
4.59009082	0.18879810	0.04113167	-0.21786061
4.59259081	0.18894923	0.04114219	-0.21774202
4.59509081	0.18910031	0.04115268	-0.21762356
4.59759080	0.18925135	0.04116316	-0.21750522
4.60009080	0.18940234	0.04117361	-0.21738701
4.60259079	0.18955328	0.04118404	-0.21726893
4.60509079	0.18970418	0.04119445	-0.21715098
4.60759078	0.18985503	0.04120484	-0.21703316
4.61009078	0.19000583	0.04121520	-0.21691547
4.61259077	0.19015658	0.04122555	-0.21679790
4.61509077	0.19030728	0.04123587	-0.21668046
4.61759076	0.19045793	0.04124617	-0.21656315
4.62009076	0.19060854	0.04125645	-0.21644596
4.62259075	0.19075910	0.04126671	-0.21632891
4.62509075	0.19090961	0.04127694	-0.21621197
4.62759074	0.19106007	0.04128716	-0.21609517
4.63009074	0.19121048	0.04129735	-0.21597849
4.63259073	0.19136085	0.04130752	-0.21586193
4.63509073	0.19151116	0.04131767	-0.21574551
4.63759072	0.19166142	0.04132780	-0.21562920
4.64009072	0.19181164	0.04133791	-0.21551303
4.64259071	0.19196181	0.04134799	-0.21539698
4.64509071	0.19211192	0.04135806	-0.21528105
4.64759070	0.19226199	0.04136810	-0.21516525
4.65009070	0.19241201	0.04137812	-0.21504957
4.65259069	0.19256197	0.04138812	-0.21493402
4.65509069	0.19271189	0.04139810	-0.21481859
4.65759068	0.19286176	0.04140805	-0.21470328
4.66009068	0.19301157	0.04141799	-0.21458810
4.66259067	0.19316134	0.04142790	-0.21447304
4.66509067	0.19331106	0.04143779	-0.21435811
4.66759066	0.19346072	0.04144766	-0.21424329
4.67009066	0.19361033	0.04145751	-0.21412861
4.67259065	0.19375990	0.04146734	-0.21401404
4.67509065	0.19390941	0.04147714	-0.21389960
4.67759064	0.19405887	0.04148693	-0.21378527
4.68009064	0.19420828	0.04149669	-0.21367108
4.68259063	0.19435764	0.04150643	-0.21355700
4.68509063	0.19450695	0.04151615	-0.21344304
4.68759062	0.19465620	0.04152585	-0.21332921
4.69009062	0.19480541	0.04153553	-0.21321550
4.69259061	0.19495456	0.04154519	-0.21310191
4.69509061	0.19510366	0.04155482	-0.21298843
4.69759060	0.19525271	0.04156444	-0.21287509
4.70009060	0.19540170	0.04157403	-0.21276186
4.70259059	0.19555065	0.04158360	-0.21264875
4.70509059	0.19569954	0.04159315	-0.21253576
4.70759058	0.19584838	0.04160268	-0.21242289
4.71009058	0.19599717	0.04161219	-0.21231014
4.71259057	0.19614590	0.04162167	-0.21219751
4.71509057	0.19629458	0.04163114	-0.21208500
4.71759056	0.19644321	0.04164058	-0.21197261
4.72009056	0.19659178	0.04165000	-0.21186034
4.72259055	0.19674030	0.04165940	-0.21174819
4.72509055	0.19688877	0.04166878	-0.21163616
4.72759054	0.19703719	0.04167814	-0.21152424
4.73009054	0.19718555	0.04168748	-0.21141244
4.73259053	0.19733385	0.04169679	-0.21130076
4.73509053	0.19748211	0.04170609	-0.21118920
4.73759052	0.19763031	0.04171536	-0.21107776
4.74009052	0.19777845	0.04172462	-0.21096644
4.74259051	0.19792655	0.04173385	-0.21085523
4.74509051	0.19807458	0.04174306	-0.21074414
4.74759050	0.19822257	0.04175225	-0.21063316
4.75009050	0.19837049	0.04176141	-0.21052230
4.75259049	0.19851837	0.04177056	-0.21041156
4.75509049	0.19866619	0.04177969	-0.21030094
4.75759048	0.19881395	0.04178879	-0.21019043
4.76009048	0.19896166	0.04179787	-0.21008004
4.76259047	0.19910932	0.04180694	-0.20996976
4.76509047	0.19925692	0.04181598	-0.20985960
4.76759046	0.19940446	0.04182500	-0.20974956
4.77009046	0.19955195	0.04183400	-0.20963963
4.77259045	0.19969938	0.04184297	-0.20952982
4.77509045	0.19984676	0.04185193	-0.20942012
4.77759044	0.19999408	0.04186087	-0.20931053
4.78009044	0.20014135	0.04186978	-0.20920106
4.78259043	0.20028856	0.04187868	-0.20909171
4.78509043	0.20043571	0.04188755	-0.20898247
4.78759042	0.20058281	0.04189640	-0.20887334
4.79009042	0.20072985	0.04190523	-0.20876433
4.79259041	0.20087684	0.04191404	-0.20865543
4.79509041	0.20102377	0.04192283	-0.20854664
4.79759040	0.20117064	0.04193160	-0.20843797
4.80009040	0.20131746	0.04194035	-0.20832941
4.80259039	0.20146422	0.04194907	-0.20822096
4.80509039	0.20161092	0.04195778	-0.20811263
4.80759038	0.20175756	0.04196646	-0.20800441
4.81009038	0.20190415	0.04197513	-0.20789630
4.81259037	0.20205068	0.04198377	-0.20778831
4.81509037	0.20219716	0.04199239	-0.20768042
4.81759036	0.20234357	0.04200099	-0.20757265
4.82009036	0.20248993	0.04200957	-0.20746499
4.82259035	0.20263623	0.04201813	-0.20735744
4.82509035	0.20278248	0.04202667	-0.20725001
4.82759034	0.20292866	0.04203519	-0.20714268
4.83009034	0.20307479	0.04204368	-0.20703547
4.83259033	0.20322086	0.04205216	-0.20692836
4.83509033	0.20336687	0.04206061	-0.20682137
4.83759032	0.20351282	0.04206905	-0.20671449
4.84009032	0.20365871	0.04207746	-0.20660771
4.84259031	0.20380455	0.04208585	-0.20650105
4.84509031	0.20395033	0.04209423	-0.20639450
4.84759030	0.20409604	0.04210258	-0.20628806
4.85009030	0.20424170	0.04211091	-0.20618173
4.85259029	0.20438730	0.04211922	-0.20607551
4.85509029	0.20453285	0.04212751	-0.20596939
4.85759028	0.20467833	0.04213577	-0.20586339
4.86009028	0.20482375	0.04214402	-0.20575749
4.86259027	0.20496911	0.04215225	-0.20565171
4.86509027	0.20511442	0.04216045	-0.20554603
4.86759026	0.20525966	0.04216864	-0.20544046
4.87009026	0.20540485	0.04217681	-0.20533500
4.87259025	0.20554997	0.04218495	-0.20522965
4.87509025	0.20569504	0.04219307	-0.20512441
4.87759024	0.20584004	0.04220118	-0.20501927
4.88009024	0.20598499	0.04220926	-0.20491424
4.88259023	0.20612987	0.04221732	-0.20480932
4.88509023	0.20627470	0.04222536	-0.20470451
4.88759022	0.20641946	0.04223338	-0.20459980
4.89009022	0.20656416	0.04224138	-0.20449520
4.89259021	0.20670881	0.04224936	-0.20439071
4.89509021	0.20685339	0.04225732	-0.20428633
4.89759020	0.20699791	0.04226526	-0.20418205
4.90009020	0.20714237	0.04227317	-0.20407788
4.90259019	0.20728677	0.04228107	-0.20397381
4.90509019	0.20743111	0.04228895	-0.20386985
4.90759018	0.20757538	0.04229680	-0.20376600
4.91009018	0.20771960	0.04230464	-0.20366225
4.91259017	0.20786375	0.04231246	-0.20355860
4.91509017	0.20800784	0.04232025	-0.20345507
4.91759016	0.20815188	0.04232802	-0.20335163
4.92009016	0.20829584	0.04233578	-0.20324831
4.92259015	0.20843975	0.04234351	-0.20314509
4.92509015	0.20858360	0.04235122	-0.20304197
4.92759014	0.20872738	0.04235892	-0.20293896
4.93009014	0.20887110	0.04236659	-0.20283605
4.93259013	0.20901476	0.04237424	-0.20273324
4.93509013	0.20915835	0.04238187	-0.20263054
4.93759012	0.20930189	0.04238948	-0.20252795
4.94009012	0.20944536	0.04239707	-0.20242546
4.94259011	0.20958877	0.04240464	-0.20232307
4.94509011	0.20973211	0.04241219	-0.20222078
4.94759010	0.20987540	0.04241972	-0.20211860
4.95009010	0.21001862	0.04242723	-0.20201652
4.95259009	0.21016177	0.04243472	-0.20191455
4.95509009	0.21030487	0.04244219	-0.20181268
4.95759008	0.21044790	0.04244964	-0.20171091
4.96009008	0.21059086	0.04245706	-0.20160924
4.96259007	0.21073377	0.04246447	-0.20150768
4.96509007	0.21087661	0.04247186	-0.20140622
4.96759006	0.21101938	0.04247923	-0.20130486
4.97009006	0.21116209	0.04248657	-0.20120360
4.97259005	0.21130474	0.04249390	-0.20110244
4.97509005	0.21144733	0.04250121	-0.20100139
4.97759004	0.21158985	0.04250849	-0.20090043
4.98009004	0.21173230	0.04251576	-0.20079958
4.98259003	0.21187470	0.04252300	-0.20069883
4.98509003	0.21201702	0.04253023	-0.20059818
4.98759002	0.21215929	0.04253743	-0.20049763
4.99009002	0.21230148	0.04254462	-0.20039719
4.99259001	0.21244362	0.04255179	-0.20029684
4.99509001	0.21258569	0.04255893	-0.20019659
4.99759000	0.21272769	0.04256606	-0.20009645
5.00009000	0.21286963	0.04257316	-0.19999640
5.00258999	0.21301151	0.04258024	-0.19989645
5.00508999	0.21315331	0.04258731	-0.19979661
5.00758998	0.21329506	0.04259435	-0.19969686
5.01008998	0.21343674	0.04260138	-0.19959721
5.01258997	0.21357835	0.04260838	-0.19949767
5.01508997	0.21371990	0.04261537	-0.19939822
5.01758996	0.21386138	0.04262233	-0.19929887
5.02008996	0.21400280	0.04262928	-0.19919962
5.02258995	0.21414415	0.04263620	-0.19910047
5.02508995	0.21428543	0.04264310	-0.19900141
5.02758994	0.21442665	0.04264999	-0.19890246
5.03008994	0.21456780	0.04265685	-0.19880360
5.03258993	0.21470889	0.04266370	-0.19870484
5.03508993	0.21484991	0.04267052	-0.19860618
5.03758992	0.21499086	0.04267732	-0.19850762
5.04008992	0.21513175	0.04268411	-0.19840916
5.04258991	0.21527257	0.04269087	-0.19831079
5.04508991	0.21541332	0.04269762	-0.19821252
5.04758990	0.21555401	0.04270434	-0.19811435
5.05008990	0.21569463	0.04271105	-0.19801628
5.05258989	0.21583518	0.04271773	-0.19791830
5.05508989	0.21597567	0.04272440	-0.19782042
5.05758988	0.21611609	0.04273104	-0.19772264
5.06008988	0.21625644	0.04273767	-0.19762495
5.06258987	0.21639673	0.04274427	-0.19752736
5.06508987	0.21653694	0.04275086	-0.19742986
5.06758986	0.21667709	0.04275742	-0.19733247
5.07008986	0.21681718	0.04276397	-0.19723516
5.07258985	0.21695719	0.04277050	-0.19713796
5.07508985	0.21709714	0.04277700	-0.19704085
5.07758984	0.21723702	0.04278349	-0.19694383
5.08008984	0.21737683	0.04278996	-0.19684691
5.08258983	0.21751657	0.04279640	-0.19675009
5.08508983	0.21765624	0.04280283	-0.19665336
5.08758982	0.21779585	0.04280924	-0.19655673
5.09008982	0.21793539	0.04281563	-0.19646019
5.09258981	0.21807486	0.04282200	-0.19636374
5.09508981	0.21821426	0.04282834	-0.19626739
5.09758980	0.21835359	0.04283467	-0.19617114
5.10008980	0.21849285	0.04284098	-0.19607498
5.10258979	0.21863205	0.04284727	-0.19597891
5.10508979	0.21877118	0.04285354	-0.19588294
5.10758978	0.21891023	0.04285979	-0.19578706
5.11008978	0.21904922	0.04286602	-0.19569128
5.11258977	0.21918814	0.04287223	-0.19559559
5.11508977	0.21932699	0.04287842	-0.19549999
5.11758976	0.21946577	0.04288460	-0.19540449
5.12008976	0.21960448	0.04289075	-0.19530908
5.12258975	0.21974312	0.04289688	-0.19521376
5.12508975	0.21988170	0.04290299	-0.19511853
5.12758974	0.22002020	0.04290909	-0.19502340
5.13008974	0.22015863	0.04291516	-0.19492836
5.13258973	0.22029699	0.04292122	-0.19483342
5.13508973	0.22043529	0.04292725	-0.19473856
5.13758972	0.22057351	0.04293327	-0.19464380
5.14008972	0.22071166	0.04293926	-0.19454913
5.14258971	0.22084974	0.04294524	-0.19445456
5.14508971	0.22098776	0.04295120	-0.19436007
5.14758970	0.22112570	0.04295713	-0.19426568
5.15008970	0.22126357	0.04296305	-0.19417138
5.15258969	0.22140137	0.04296895	-0.19407716
5.15508969	0.22153910	0.04297483	-0.19398305
5.15758968	0.22167676	0.04298069	-0.19388902
5.16008968	0.22181435	0.04298653	-0.19379508
5.16258967	0.22195187	0.04299235	-0.19370124
5.16508967	0.22208931	0.04299815	-0.19360748
5.16758966	0.22222669	0.04300393	-0.19351382
5.17008966	0.22236399	0.04300970	-0.19342024
5.17258965	0.22250123	0.04301544	-0.19332676
5.17508965	0.22263839	0.04302117	-0.19323337
5.17758964	0.22277548	0.04302687	-0.19314006
5.18008964	0.22291250	0.04303256	-0.19304685
5.18258963	0.22304944	0.04303822	-0.19295373
5.18508963	0.22318632	0.04304387	-0.19286070
5.18758962	0.22332312	0.04304950	-0.19276775
5.19008962	0.22345986	0.04305511	-0.19267490
5.19258961	0.22359652	0.04306069	-0.19258214
5.19508961	0.22373310	0.04306626	-0.19248946
5.19758960	0.22386962	0.04307182	-0.19239688
5.20008960	0.22400606	0.04307735	-0.19230438
5.20258959	0.22414244	0.04308286	-0.19221197
5.20508959	0.22427874	0.04308835	-0.19211965
5.20758958	0.22441496	0.04309383	-0.19202742
5.21008958	0.22455112	0.04309928	-0.19193528
5.21258957	0.22468720	0.04310472	-0.19184323
5.21508957	0.22482321	0.04311013	-0.19175126
5.21758956	0.22495914	0.04311553	-0.19165938
5.22008956	0.22509501	0.04312091	-0.19156759
5.22258955	0.22523080	0.04312627	-0.19147589
5.22508955	0.22536652	0.04313161	-0.19138428
5.22758954	0.22550216	0.04313693	-0.19129275
5.23008954	0.22563773	0.04314223	-0.19120132
5.23258953	0.22577323	0.04314751	-0.19110996
5.23508953	0.22590866	0.04315278	-0.19101870
5.23758952	0.22604401	0.04315802	-0.19092752
5.24008952	0.22617928	0.04316325	-0.19083643
5.24258951	0.22631449	0.04316845	-0.19074543
5.24508951	0.22644962	0.04317364	-0.19065452
5.24758950	0.22658468	0.04317881	-0.19056369
5.25008950	0.22671966	0.04318396	-0.19047294
5.25258949	0.22685457	0.04318909	-0.19038229
5.25508949	0.22698940	0.04319420	-0.19029172
5.25758948	0.22712416	0.04319930	-0.19020123
5.26008948	0.22725885	0.04320437	-0.19011083
5.26258947	0.22739346	0.04320942	-0.19002052
5.26508947	0.22752800	0.04321446	-0.18993030
5.26758946	0.22766247	0.04321948	-0.18984015
5.27008946	0.22779686	0.04322448	-0.18975010
5.27258945	0.22793117	0.04322946	-0.18966013
5.27508945	0.22806541	0.04323442	-0.18957025
5.27758944	0.22819958	0.04323936	-0.18948045
5.28008944	0.22833367	0.04324428	-0.18939073
5.28258943	0.22846768	0.04324918	-0.18930110
5.28508943	0.22860163	0.04325407	-0.18921156
5.28758942	0.22873549	0.04325894	-0.18912210
5.29008942	0.22886928	0.04326378	-0.18903272
5.29258941	0.22900300	0.04326861	-0.18894343
5.29508941	0.22913664	0.04327342	-0.18885422
5.29758940	0.22927020	0.04327821	-0.18876510
5.30008940	0.22940369	0.04328299	-0.18867606
5.30258939	0.22953711	0.04328774	-0.18858711
5.30508939	0.22967045	0.04329247	-0.18849824
5.30758938	0.22980371	0.04329719	-0.18840945
5.31008938	0.22993690	0.04330189	-0.18832075
5.31258937	0.23007001	0.04330657	-0.18823213
5.31508937	0.23020305	0.04331123	-0.18814359
5.31758936	0.23033601	0.04331587	-0.18805514
5.32008936	0.23046889	0.04332049	-0.18796677
5.32258935	0.23060170	0.04332510	-0.18787848
5.32508935	0.23073443	0.04332968	-0.18779028
5.32758934	0.23086708	0.04333425	-0.18770215
5.33008934	0.23099966	0.04333880	-0.18761412
5.33258933	0.23113216	0.04334333	-0.18752616
5.33508933	0.23126459	0.04334784	-0.18743829
5.33758932	0.23139694	0.04335233	-0.18735049
5.34008932	0.23152921	0.04335681	-0.18726279
5.34258931	0.23166141	0.04336126	-0.18717516
5.34508931	0.23179353	0.04336570	-0.18708761
5.34758930	0.23192557	0.04337012	-0.18700015
5.35008930	0.23205754	0.04337452	-0.18691277
5.35258929	0.23218942	0.04337890	-0.18682547
5.35508929	0.23232124	0.04338326	-0.18673825
5.35758928	0.23245297	0.04338761	-0.18665111
5.36008928	0.23258463	0.04339193	-0.18656406
5.36258927	0.23271621	0.04339624	-0.18647708
5.36508927	0.23284771	0.04340053	-0.18639019
5.36758926	0.23297913	0.04340480	-0.18630338
5.37008926	0.23311048	0.04340905	-0.18621664
5.37258925	0.23324175	0.04341329	-0.18612999
5.37508925	0.23337294	0.04341750	-0.18604342
5.37758924	0.23350406	0.04342170	-0.18595693
5.38008924	0.23363509	0.04342588	-0.18587052
5.38258923	0.23376605	0.04343004	-0.18578419
5.38508923	0.23389693	0.04343418	-0.18569794
5.38758922	0.23402774	0.04343830	-0.18561178
5.39008922	0.23415846	0.04344241	-0.18552569
5.39258921	0.23428911	0.04344650	-0.18543968
5.39508921	0.23441968	0.04345057	-0.18535375
5.39758920	0.23455017	0.04345462	-0.18526790
5.40008920	0.23468058	0.04345865	-0.18518213
5.40258919	0.23481091	0.04346266	-0.18509644
5.40508919	0.23494116	0.04346666	-0.18501082
5.40758918	0.23507134	0.04347064	-0.18492529
5.41008918	0.23520144	0.04347460	-0.18483984
5.41258917	0.23533146	0.04347854	-0.18475446
5.41508917	0.23546139	0.04348246	-0.18466917
5.41758916	0.23559126	0.04348636	-0.18458395
5.42008916	0.23572104	0.04349025	-0.18449881
5.42258915	0.23585074	0.04349412	-0.18441375
5.42508915	0.23598036	0.04349797	-0.18432877
5.42758914	0.23610991	0.04350180	-0.18424386
5.43008914	0.23623937	0.04350562	-0.18415904
5.43258913	0.23636876	0.04350941	-0.18407429
5.43508913	0.23649806	0.04351319	-0.18398962
5.43758912	0.23662729	0.04351695	-0.18390503
5.44008912	0.23675644	0.04352069	-0.18382052
5.44258911	0.23688551	0.04352441	-0.18373608
5.44508911	0.23701449	0.04352812	-0.18365172
5.44758910	0.23714340	0.04353181	-0.18356744
5.45008910	0.23727223	0.04353548	-0.18348324
5.45258909	0.23740098	0.04353913	-0.18339911
5.45508909	0.23752965	0.04354276	-0.18331506
5.45758908	0.23765824	0.04354638	-0.18323109
5.46008908	0.23778675	0.04354998	-0.18314720
5.46258907	0.23791518	0.04355356	-0.18306338
5.46508907	0.23804352	0.04355712	-0.18297963
5.46758906	0.23817179	0.04356066	-0.18289597
5.47008906	0.23829998	0.04356419	-0.18281238
5.47258905	0.23842809	0.04356769	-0.18272887
5.47508905	0.23855611	0.04357118	-0.18264543
5.47758904	0.23868406	0.04357466	-0.18256207
5.48008904	0.23881193	0.04357811	-0.18247879
5.48258903	0.23893971	0.04358155	-0.18239558
5.48508903	0.23906741	0.04358497	-0.18231245
5.48758902	0.23919504	0.04358837	-0.18222939
5.49008902	0.23932258	0.04359175	-0.18214641
5.49258901	0.23945004	0.04359511	-0.18206350
5.49508901	0.23957742	0.04359846	-0.18198067
5.49758900	0.23970472	0.04360179	-0.18189792
5.50008900	0.23983194	0.04360510	-0.18181524
5.50258899	0.23995908	0.04360840	-0.18173264
5.50508899	0.24008613	0.04361167	-0.18165011
5.50758898	0.24021311	0.04361493	-0.18156765
5.51008898	0.24034000	0.04361817	-0.18148527
5.51258897	0.24046681	0.04362139	-0.18140297
5.51508897	0.24059354	0.04362460	-0.18132074
5.51758896	0.24072019	0.04362779	-0.18123858
5.52008896	0.24084676	0.04363096	-0.18115650
5.52258895	0.24097324	0.04363411	-0.18107449
5.52508895	0.24109965	0.04363724	-0.18099256
5.52758894	0.24122597	0.04364036	-0.18091070
5.53008894	0.24135221	0.04364346	-0.18082892
5.53258893	0.24147837	0.04364654	-0.18074721
5.53508893	0.24160444	0.04364960	-0.18066557
5.53758892	0.24173043	0.04365265	-0.18058401
5.54008892	0.24185635	0.04365568	-0.18050252
5.54258891	0.24198217	0.04365869	-0.18042110
5.54508891	0.24210792	0.04366168	-0.18033976
5.54758890	0.24223359	0.04366466	-0.18025849
5.55008890	0.24235917	0.04366762	-0.18017729
5.55258889	0.24248467	0.04367056	-0.18009617
5.55508889	0.24261008	0.04367348	-0.18001512
5.55758888	0.24273542	0.04367639	-0.17993414
5.56008888	0.24286067	0.04367928	-0.17985324
5.56258887	0.24298584	0.04368215	-0.17977241
5.56508887	0.24311092	0.04368500	-0.17969165
5.56758886	0.24323593	0.04368784	-0.17961096
5.57008886	0.24336085	0.04369066	-0.17953035
5.57258885	0.24348568	0.04369346	-0.17944981
5.57508885	0.24361044	0.04369624	-0.17936934
5.57758884	0.24373511	0.04369901	-0.17928894
5.58008884	0.24385970	0.04370176	-0.17920862
5.58258883	0.24398420	0.04370449	-0.17912836
5.58508883	0.24410862	0.04370721	-0.17904818
5.58758882	0.24423296	0.04370990	-0.17896807
5.59008882	0.24435722	0.04371258	-0.17888803
5.59258881	0.24448139	0.04371524	-0.17880807
5.59508881	0.24460547	0.04371789	-0.17872817
5.59758880	0.24472948	0.04372052	-0.17864835
5.60008880	0.24485340	0.04372313	-0.17856860
5.60258879	0.24497723	0.04372572	-0.17848892
5.60508879	0.24510099	0.04372830	-0.17840931
5.60758878	0.24522466	0.04373086	-0.17832977
5.61008878	0.24534824	0.04373340	-0.17825030
5.61258877	0.24547174	0.04373592	-0.17817090
5.61508877	0.24559516	0.04373843	-0.17809157
5.61758876	0.24571849	0.04374092	-0.17801232
5.62008876	0.24584174	0.04374339	-0.17793313
5.62258875	0.24596491	0.04374585	-0.17785402
5.62508875	0.24608799	0.04374828	-0.17777497
5.62758874	0.24621098	0.04375071	-0.17769600
5.63008874	0.24633389	0.04375311	-0.17761709
5.63258873	0.24645672	0.04375550	-0.17753826
5.63508873	0.24657946	0.04375787	-0.17745949
5.63758872	0.24670212	0.04376022	-0.17738080
5.64008872	0.24682470	0.04376256	-0.17730218
5.64258871	0.24694718	0.04376487	-0.17722362
5.64508871	0.24706959	0.04376718	-0.17714513
5.64758870	0.24719191	0.04376946	-0.17706672
5.65008870	0.24731414	0.04377173	-0.17698837
5.65258869	0.24743629	0.04377398	-0.17691009
5.65508869	0.24755836	0.04377621	-0.17683189
5.65758868	0.24768034	0.04377843	-0.17675375
5.66008868	0.24780223	0.04378063	-0.17667568
5.66258867	0.24792404	0.04378281	-0.17659768
5.66508867	0.24804577	0.04378498	-0.17651974
5.66758866	0.24816741	0.04378712	-0.17644188
5.67008866	0.24828896	0.04378926	-0.17636409
5.67258865	0.24841043	0.04379137	-0.17628636
5.67508865	0.24853181	0.04379347	-0.17620870
5.67758864	0.24865311	0.04379555	-0.17613111
5.68008864	0.24877432	0.04379761	-0.17605359
5.68258863	0.24889545	0.04379966	-0.17597614
5.68508863	0.24901649	0.04380169	-0.17589875
5.68758862	0.24913745	0.04380370	-0.17582144
5.69008862	0.24925832	0.04380570	-0.17574419
5.69258861	0.24937910	0.04380768	-0.17566701
5.69508861	0.24949980	0.04380964	-0.17558989
5.69758860	0.24962041	0.04381159	-0.17551285
5.70008860	0.24974094	0.04381352	-0.17543587
5.70258859	0.24986138	0.04381543	-0.17535896
5.70508859	0.24998173	0.04381733	-0.17528212
5.70758858	0.25010200	0.04381921	-0.17520534
5.71008858	0.25022218	0.04382107	-0.17512863
5.71258857	0.25034228	0.04382291	-0.17505199
5.71508857	0.25046229	0.04382474	-0.17497542
5.71758856	0.25058221	0.04382656	-0.17489891
5.72008856	0.25070205	0.04382835	-0.17482247
5.72258855	0.25082180	0.04383013	-0.17474609
5.72508855	0.25094146	0.04383189	-0.17466979
5.72758854	0.25106104	0.04383364	-0.17459355
5.73008854	0.25118053	0.04383537	-0.17451737
5.73258853	0.25129993	0.04383708	-0.17444127
5.73508853	0.25141925	0.04383877	-0.17436522
5.73758852	0.25153848	0.04384045	-0.17428925
5.74008852	0.25165763	0.04384212	-0.17421334
5.74258851	0.25177668	0.04384376	-0.17413750
5.74508851	0.25189565	0.04384539	-0.17406172
5.74758850	0.25201454	0.04384700	-0.17398601
5.75008850	0.25213333	0.04384860	-0.17391037
5.75258849	0.25225204	0.04385018	-0.17383479
5.75508849	0.25237066	0.04385174	-0.17375927
5.75758848	0.25248920	0.04385329	-0.17368383
5.76008848	0.25260765	0.04385482	-0.17360844
5.76258847	0.25272601	0.04385633	-0.17353313
5.76508847	0.25284428	0.04385783	-0.17345788
5.76758846	0.25296247	0.04385931	-0.17338269
5.77008846	0.25308057	0.04386078	-0.17330757
5.77258845	0.25319858	0.04386223	-0.17323251
5.77508845	0.25331650	0.04386366	-0.17315752
5.77758844	0.25343434	0.04386507	-0.17308259
5.78008844	0.25355208	0.04386647	-0.17300773
5.78258843	0.25366975	0.04386785	-0.17293294
5.78508843	0.25378732	0.04386922	-0.17285820
5.78758842	0.25390480	0.04387057	-0.17278354
5.79008842	0.25402220	0.04387190	-0.17270893
5.79258841	0.25413951	0.04387322	-0.17263440
5.79508841	0.25425673	0.04387452	-0.17255992
5.79758840	0.25437387	0.04387581	-0.17248551
5.80008840	0.25449091	0.04387707	-0.17241117
5.80258839	0.25460787	0.04387833	-0.17233688
5.80508839	0.25472474	0.04387956	-0.17226267
5.80758838	0.25484152	0.04388078	-0.17218851
5.81008838	0.25495821	0.04388199	-0.17211442
5.81258837	0.25507482	0.04388317	-0.17204039
5.81508837	0.25519134	0.04388434	-0.17196643
5.81758836	0.25530776	0.04388550	-0.17189253
5.82008836	0.25542410	0.04388664	-0.17181870
5.82258835	0.25554035	0.04388776	-0.17174492
5.82508835	0.25565652	0.04388887	-0.17167122
5.82758834	0.25577259	0.04388996	-0.17159757
5.83008834	0.25588858	0.04389103	-0.17152399
5.83258833	0.25600448	0.04389209	-0.17145047
5.83508833	0.25612028	0.04389313	-0.17137701
5.83758832	0.25623600	0.04389415	-0.17130362
5.84008832	0.25635164	0.04389516	-0.17123029
5.84258831	0.25646718	0.04389616	-0.17115702
5.84508831	0.25658263	0.04389714	-0.17108381
5.84758830	0.25669800	0.04389810	-0.17101067
5.85008830	0.25681327	0.04389904	-0.17093759
5.85258829	0.25692846	0.04389997	-0.17086457
5.85508829	0.25704356	0.04390088	-0.17079162
5.85758828	0.25715856	0.04390178	-0.17071872
5.86008828	0.25727348	0.04390266	-0.17064589
5.86258827	0.25738831	0.04390353	-0.17057312
5.86508827	0.25750305	0.04390438	-0.17050042
5.86758826	0.25761771	0.04390521	-0.17042777
5.87008826	0.25773227	0.04390603	-0.17035519
5.87258825	0.25784674	0.04390683	-0.17028267
5.87508825	0.25796113	0.04390762	-0.17021021
5.87758824	0.25807542	0.04390839	-0.17013781
5.88008824	0.25818962	0.04390914	-0.17006548
5.88258823	0.25830374	0.04390988	-0.16999320
5.88508823	0.25841777	0.04391060	-0.16992099
5.88758822	0.25853170	0.04391131	-0.16984883
5.89008822	0.25864555	0.04391200	-0.16977674
5.89258821	0.25875930	0.04391267	-0.16970471
5.89508821	0.25887297	0.04391333	-0.16963275
5.89758820	0.25898655	0.04391398	-0.16956084
5.90008820	0.25910004	0.04391460	-0.16948899
5.90258819	0.25921343	0.04391522	-0.16941721
5.90508819	0.25932674	0.04391581	-0.16934548
5.90758818	0.25943996	0.04391639	-0.16927382
5.91008818	0.25955308	0.04391696	-0.16920221
5.91258817	0.25966612	0.04391751	-0.16913067
5.91508817	0.25977907	0.04391804	-0.16905919
5.91758816	0.25989193	0.04391856	-0.16898777
5.92008816	0.26000469	0.04391906	-0.16891640
5.92258815	0.26011737	0.04391954	-0.16884510
5.92508815	0.26022996	0.04392001	-0.16877386
5.92758814	0.26034245	0.04392047	-0.16870268
5.93008814	0.26045486	0.04392091	-0.16863156
5.93258813	0.26056717	0.04392133	-0.16856050
5.93508813	0.26067940	0.04392174	-0.16848949
5.93758812	0.26079153	0.04392213	-0.16841855
5.94008812	0.26090358	0.04392251	-0.16834767
5.94258811	0.26101553	0.04392287	-0.16827685
5.94508811	0.26112739	0.04392322	-0.16820609
5.94758810	0.26123916	0.04392355	-0.16813538
5.95008810	0.26135085	0.04392386	-0.16806474
5.95258809	0.26146244	0.04392416	-0.16799415
5.95508809	0.26157394	0.04392444	-0.16792363
5.95758808	0.26168534	0.04392471	-0.16785316
5.96008808	0.26179666	0.04392497	-0.16778276
5.96258807	0.26190789	0.04392520	-0.16771241
5.96508807	0.26201903	0.04392542	-0.16764212
5.96758806	0.26213007	0.04392563	-0.16757189
5.97008806	0.26224103	0.04392582	-0.16750172
5.97258805	0.26235189	0.04392600	-0.16743160
5.97508805	0.26246266	0.04392616	-0.16736155
5.97758804	0.26257334	0.04392630	-0.16729156
5.98008804	0.26268393	0.04392643	-0.16722162
5.98258803	0.26279443	0.04392655	-0.16715174
5.98508803	0.26290484	0.04392665	-0.16708192
5.98758802	0.26301516	0.04392673	-0.16701216
5.99008802	0.26312538	0.04392680	-0.16694246
5.99258801	0.26323551	0.04392685	-0.16687281
5.99508801	0.26334556	0.04392689	-0.16680322
5.99758800	0.26345551	0.04392691	-0.16673369
6.00008800	0.26356537	0.04392692	-0.16666422
6.00258799	0.26367513	0.04392691	-0.16659481
6.00508799	0.26378481	0.04392689	-0.16652545
6.00758798	0.26389439	0.04392685	-0.16645616
6.01008798	0.26400389	0.04392679	-0.16638692
6.01258797	0.26411329	0.04392672	-0.16631773
6.01508797	0.26422260	0.04392664	-0.16624861
6.01758796	0.26433182	0.04392654	-0.16617954
6.02008796	0.26444094	0.04392642	-0.16611053
6.02258795	0.26454998	0.04392630	-0.16604158
6.02508795	0.26465892	0.04392615	-0.16597268
6.02758794	0.26476777	0.04392599	-0.16590384
6.03008794	0.26487653	0.04392582	-0.16583506
6.03258793	0.26498519	0.04392562	-0.16576634
6.03508793	0.26509377	0.04392542	-0.16569767
6.03758792	0.26520225	0.04392520	-0.16562906
6.04008792	0.26531064	0.04392496	-0.16556050
6.04258791	0.26541894	0.04392471	-0.16549201
6.04508791	0.26552715	0.04392445	-0.16542357
6.04758790	0.26563526	0.04392417	-0.16535518
6.05008790	0.26574328	0.04392387	-0.16528685
6.05258789	0.26585121	0.04392356	-0.16521858
6.05508789	0.26595905	0.04392324	-0.16515037
6.05758788	0.26606679	0.04392289	-0.16508221
6.06008788	0.26617445	0.04392254	-0.16501411
6.06258787	0.26628201	0.04392217	-0.16494606
6.06508787	0.26638947	0.04392178	-0.16487807
6.06758786	0.26649685	0.04392138	-0.16481014
6.07008786	0.26660413	0.04392097	-0.16474226
6.07258785	0.26671132	0.04392054	-0.16467444
6.07508785	0.26681842	0.04392009	-0.16460667
6.07758784	0.26692543	0.04391963	-0.16453896
6.08008784	0.26703234	0.04391916	-0.16447131
6.08258783	0.26713916	0.04391867	-0.16440371
6.08508783	0.26724588	0.04391816	-0.16433617
6.08758782	0.26735252	0.04391764	-0.16426868
6.09008782	0.26745906	0.04391711	-0.16420124
6.09258781	0.26756551	0.04391656	-0.16413387
6.09508781	0.26767186	0.04391600	-0.16406655
6.09758780	0.26777813	0.04391542	-0.16399928
6.10008780	0.26788430	0.04391483	-0.16393207
6.10258779	0.26799038	0.04391422	-0.16386491
6.10508779	0.26809636	0.04391360	-0.16379781
6.10758778	0.26820225	0.04391296	-0.16373076
6.11008778	0.26830805	0.04391231	-0.16366377
6.11258777	0.26841375	0.04391164	-0.16359683
6.11508777	0.26851937	0.04391096	-0.16352995
6.11758776	0.26862488	0.04391026	-0.16346312
6.12008776	0.26873031	0.04390955	-0.16339635
6.12258775	0.26883564	0.04390883	-0.16332963
6.12508775	0.26894088	0.04390809	-0.16326297
6.12758774	0.26904603	0.04390733	-0.16319636
6.13008774	0.26915108	0.04390656	-0.16312980
6.13258773	0.26925604	0.04390578	-0.16306330
6.13508773	0.26936091	0.04390498	-0.16299685
6.13758772	0.26946568	0.04390417	-0.16293046
6.14008772	0.26957036	0.04390334	-0.16286412
6.14258771	0.26967494	0.04390250	-0.16279784
6.14508771	0.26977944	0.04390164	-0.16273161
6.14758770	0.26988383	0.04390077	-0.16266543
6.15008770	0.26998814	0.04389988	-0.16259931
6.15258769	0.27009235	0.04389898	-0.16253324
6.15508769	0.27019647	0.04389807	-0.16246722
6.15758768	0.27030049	0.04389714	-0.16240126
6.16008768	0.27040442	0.04389620	-0.16233535
6.16258767	0.27050826	0.04389524	-0.16226950
6.16508767	0.27061200	0.04389427	-0.16220369
6.16758766	0.27071565	0.04389328	-0.16213795
6.17008766	0.27081921	0.04389228	-0.16207225
6.17258765	0.27092267	0.04389126	-0.16200661
6.17508765	0.27102604	0.04389023	-0.16194102
6.17758764	0.27112931	0.04388919	-0.16187549
6.18008764	0.27123249	0.04388813	-0.16181000
6.18258763	0.27133558	0.04388706	-0.16174457
6.18508763	0.27143857	0.04388597	-0.16167920
6.18758762	0.27154147	0.04388487	-0.16161387
6.19008762	0.27164428	0.04388375	-0.16154860
6.19258761	0.27174699	0.04388262	-0.16148338
6.19508761	0.27184960	0.04388148	-0.16141822
6.19758760	0.27195212	0.04388032	-0.16135310
6.20008760	0.27205455	0.04387915	-0.16128804
6.20258759	0.27215689	0.04387796	-0.16122304
6.20508759	0.27225912	0.04387676	-0.16115808
6.20758758	0.27236127	0.04387554	-0.16109318
6.21008758	0.27246332	0.04387431	-0.16102832
6.21258757	0.27256528	0.04387307	-0.16096353
6.21508757	0.27266714	0.04387181	-0.16089878
6.21758756	0.27276891	0.04387054	-0.16083408
6.22008756	0.27287058	0.04386925	-0.16076944
6.22258755	0.27297216	0.04386795	-0.16070485
6.22508755	0.27307365	0.04386664	-0.16064031
6.22758754	0.27317504	0.04386531	-0.16057582
6.23008754	0.27327633	0.04386396	-0.16051139
6.23258753	0.27337754	0.04386261	-0.16044700
6.23508753	0.27347864	0.04386124	-0.16038267
6.23758752	0.27357965	0.04385985	-0.16031839
6.24008752	0.27368057	0.04385845	-0.16025416
6.24258751	0.27378140	0.04385704	-0.16018998
6.24508751	0.27388212	0.04385561	-0.16012586
6.24758750	0.27398276	0.04385417	-0.16006178
6.25008750	0.27408330	0.04385271	-0.15999776
6.25258749	0.27418374	0.04385124	-0.15993379
6.25508749	0.27428409	0.04384976	-0.15986987
6.25758748	0.27438435	0.04384826	-0.15980600
6.26008748	0.27448451	0.04384675	-0.15974218
6.26258747	0.27458457	0.04384523	-0.15967841
6.26508747	0.27468454	0.04384369	-0.15961469
6.26758746	0.27478442	0.04384214	-0.15955102
6.27008746	0.27488420	0.04384057	-0.15948741
6.27258745	0.27498389	0.04383899	-0.15942384
6.27508745	0.27508348	0.04383739	-0.15936033
6.27758744	0.27518297	0.04383579	-0.15929687
6.28008744	0.27528237	0.04383416	-0.15923345
6.28258743	0.27538168	0.04383253	-0.15917009
6.28508743	0.27548089	0.04383088	-0.15910678
6.28758742	0.27558001	0.04382921	-0.15904351
6.29008742	0.27567903	0.04382754	-0.15898030
6.29258741	0.27577795	0.04382584	-0.15891714
6.29508741	0.27587679	0.04382414	-0.15885403
6.29758740	0.27597552	0.04382242	-0.15879097
6.30008740	0.27607416	0.04382069	-0.15872796
6.30258739	0.27617271	0.04381894	-0.15866500
6.30508739	0.27627116	0.04381718	-0.15860208
6.30758738	0.27636951	0.04381541	-0.15853922
6.31008738	0.27646777	0.04381362	-0.15847641
6.31258737	0.27656593	0.04381182	-0.15841365
6.31508737	0.27666400	0.04381000	-0.15835094
6.31758736	0.27676198	0.04380818	-0.15828827
6.32008736	0.27685985	0.04380633	-0.15822566
6.32258735	0.27695764	0.04380448	-0.15816310
6.32508735	0.27705532	0.04380261	-0.15810058
6.32758734	0.27715292	0.04380073	-0.15803812
6.33008734	0.27725041	0.04379883	-0.15797570
6.33258733	0.27734781	0.04379692	-0.15791334
6.33508733	0.27744512	0.04379499	-0.15785102
6.33758732	0.27754233	0.04379306	-0.15778875
6.34008732	0.27763944	0.04379111	-0.15772653
6.34258731	0.27773646	0.04378914	-0.15766436
6.34508731	0.27783338	0.04378716	-0.15760224
6.34758730	0.27793021	0.04378517	-0.15754017
6.35008730	0.27802694	0.04378317	-0.15747815
6.35258729	0.27812358	0.04378115	-0.15741618
6.35508729	0.27822012	0.04377912	-0.15735425
6.35758728	0.27831656	0.04377707	-0.15729237
6.36008728	0.27841291	0.04377501	-0.15723055
6.36258727	0.27850917	0.04377294	-0.15716877
6.36508727	0.27860532	0.04377086	-0.15710704
6.36758726	0.27870139	0.04376876	-0.15704535
6.37008726	0.27879735	0.04376665	-0.15698372
6.37258725	0.27889322	0.04376452	-0.15692214
6.37508725	0.27898900	0.04376238	-0.15686060
6.37758724	0.27908467	0.04376023	-0.15679911
6.38008724	0.27918026	0.04375806	-0.15673767
6.38258723	0.27927574	0.04375588	-0.15667628
6.38508723	0.27937113	0.04375369	-0.15661493
6.38758722	0.27946643	0.04375149	-0.15655364
6.39008722	0.27956163	0.04374927	-0.15649239
6.39258721	0.27965673	0.04374703	-0.15643119
6.39508721	0.27975174	0.04374479	-0.15637003
6.39758720	0.27984665	0.04374253	-0.15630893
6.40008720	0.27994146	0.04374026	-0.15624787
6.40258719	0.28003618	0.04373797	-0.15618686
6.40508719	0.28013080	0.04373567	-0.15612590
6.40758718	0.28022533	0.04373336	-0.15606499
6.41008718	0.28031976	0.04373104	-0.15600412
6.41258717	0.28041410	0.04372870	-0.15594330
6.41508717	0.28050833	0.04372635	-0.15588253
6.41758716	0.28060248	0.04372398	-0.15582180
6.42008716	0.28069652	0.04372161	-0.15576113
6.42258715	0.28079047	0.04371922	-0.15570050
6.42508715	0.28088432	0.04371681	-0.15563991
6.42758714	0.28097808	0.04371439	-0.15557938
6.43008714	0.28107174	0.04371196	-0.15551889
6.43258713	0.28116531	0.04370952	-0.15545845
6.43508713	0.28125877	0.04370707	-0.15539805
6.43758712	0.28135215	0.04370460	-0.15533770
6.44008712	0.28144542	0.04370211	-0.15527740
6.44258711	0.28153860	0.04369962	-0.15521715
6.44508711	0.28163168	0.04369711	-0.15515694
6.44758710	0.28172467	0.04369459	-0.15509678
6.45008710	0.28181756	0.04369206	-0.15503667
6.45258709	0.28191035	0.04368951	-0.15497660
6.45508709	0.28200305	0.04368695	-0.15491658
6.45758708	0.28209565	0.04368437	-0.15485660
6.46008708	0.28218816	0.04368179	-0.15479667
6.46258707	0.28228056	0.04367919	-0.15473679
6.46508707	0.28237288	0.04367658	-0.15467696
6.46758706	0.28246509	0.04367395	-0.15461717
6.47008706	0.28255721	0.04367131	-0.15455743
6.47258705	0.28264923	0.04366866	-0.15449773
6.47508705	0.28274115	0.04366600	-0.15443808
6.47758704	0.28283298	0.04366332	-0.15437847
6.48008704	0.28292471	0.04366063	-0.15431891
6.48258703	0.28301635	0.04365793	-0.15425940
6.48508703	0.28310789	0.04365522	-0.15419994
6.48758702	0.28319933	0.04365249	-0.15414051
6.49008702	0.28329068	0.04364975	-0.15408114
6.49258701	0.28338192	0.04364700	-0.15402181
6.49508701	0.28347308	0.04364423	-0.15396253
6.49758700	0.28356413	0.04364145	-0.15390329
6.50008700	0.28365509	0.04363866	-0.15384409
6.50258699	0.28374595	0.04363586	-0.15378495
6.50508699	0.28383672	0.04363304	-0.15372585
6.50758698	0.28392738	0.04363021	-0.15366679
6.51008698	0.28401796	0.04362737	-0.15360778
6.51258697	0.28410843	0.04362451	-0.15354881
6.51508697	0.28419881	0.04362164	-0.15348989
6.51758696	0.28428909	0.04361876	-0.15343102
6.52008696	0.28437927	0.04361587	-0.15337219
6.52258695	0.28446936	0.04361297	-0.15331340
6.52508695	0.28455935	0.04361005	-0.15325466
6.52758694	0.28464924	0.04360712	-0.15319597
6.53008694	0.28473904	0.04360417	-0.15313732
6.53258693	0.28482874	0.04360122	-0.15307871
6.53508693	0.28491834	0.04359825	-0.15302015
6.53758692	0.28500785	0.04359527	-0.15296164
6.54008692	0.28509726	0.04359227	-0.15290317
6.54258691	0.28518657	0.04358927	-0.15284474
6.54508691	0.28527578	0.04358625	-0.15278636
6.54758690	0.28536490	0.04358322	-0.15272802
6.55008690	0.28545392	0.04358017	-0.15266973
6.55258689	0.28554285	0.04357712	-0.15261148
6.55508689	0.28563167	0.04357405	-0.15255328
6.55758688	0.28572040	0.04357097	-0.15249512
6.56008688	0.28580904	0.04356787	-0.15243701
6.56258687	0.28589757	0.04356477	-0.15237894
6.56508687	0.28598601	0.04356165	-0.15232091
6.56758686	0.28607435	0.04355852	-0.15226293
6.57008686	0.28616260	0.04355537	-0.15220499
6.57258685	0.28625074	0.04355222	-0.15214710
6.57508685	0.28633879	0.04354905	-0.15208925
6.57758684	0.28642675	0.04354587	-0.15203144
6.58008684	0.28651460	0.04354268	-0.15197368
6.58258683	0.28660236	0.04353947	-0.15191596
6.58508683	0.28669002	0.04353626	-0.15185829
6.58758682	0.28677759	0.04353303	-0.15180066
6.59008682	0.28686505	0.04352978	-0.15174307
6.59258681	0.28695242	0.04352653	-0.15168553
6.59508681	0.28703970	0.04352326	-0.15162803
6.59758680	0.28712687	0.04351998	-0.15157057
6.60008680	0.28721395	0.04351669	-0.15151316
6.60258679	0.28730093	0.04351339	-0.15145579
6.60508679	0.28738781	0.04351007	-0.15139846
6.60758678	0.28747460	0.04350675	-0.15134118
6.61008678	0.28756129	0.04350341	-0.15128394
6.61258677	0.28764788	0.04350005	-0.15122675
6.61508677	0.28773438	0.04349669	-0.15116960
6.61758676	0.28782077	0.04349331	-0.15111249
6.62008676	0.28790707	0.04348992	-0.15105542
6.62258675	0.28799328	0.04348652	-0.15099840
6.62508675	0.28807938	0.04348311	-0.15094142
6.62758674	0.28816539	0.04347969	-0.15088448
6.63008674	0.28825130	0.04347625	-0.15082759
6.63258673	0.28833711	0.04347280	-0.15077074
6.63508673	0.28842283	0.04346934	-0.15071393
6.63758672	0.28850845	0.04346586	-0.15065717
6.64008672	0.28859397	0.04346238	-0.15060044
6.64258671	0.28867939	0.04345888	-0.15054376
6.64508671	0.28876472	0.04345537	-0.15048713
6.64758670	0.28884994	0.04345185	-0.15043053
6.65008670	0.28893508	0.04344832	-0.15037398
6.65258669	0.28902011	0.04344477	-0.15031747
6.65508669	0.28910505	0.04344121	-0.15026100
6.65758668	0.28918988	0.04343764	-0.15020458
6.66008668	0.28927463	0.04343406	-0.15014820
6.66258667	0.28935927	0.04343047	-0.15009186
6.66508667	0.28944382	0.04342686	-0.15003556
6.66758666	0.28952827	0.04342325	-0.14997930
6.67008666	0.28961262	0.04341962	-0.14992309
6.67258665	0.28969687	0.04341598	-0.14986692
6.67508665	0.28978103	0.04341232	-0.14981079
6.67758664	0.28986509	0.04340866	-0.14975470
6.68008664	0.28994905	0.04340498	-0.14969866
6.68258663	0.29003291	0.04340129	-0.14964265
6.68508663	0.29011668	0.04339759	-0.14958669
6.68758662	0.29020035	0.04339388	-0.14953077
6.69008662	0.29028392	0.04339016	-0.14947490
6.69258661	0.29036739	0.04338642	-0.14941906
6.69508661	0.29045077	0.04338267	-0.14936327
6.69758660	0.29053404	0.04337892	-0.14930751
6.70008660	0.29061722	0.04337514	-0.14925180
6.70258659	0.29070031	0.04337136	-0.14919613
6.70508659	0.29078329	0.04336757	-0.14914050
6.70758658	0.29086618	0.04336376	-0.14908492
6.71008658	0.29094897	0.04335994	-0.14902937
6.71258657	0.29103166	0.04335611	-0.14897387
6.71508657	0.29111426	0.04335227	-0.14891841
6.71758656	0.29119676	0.04334842	-0.14886299
6.72008656	0.29127916	0.04334455	-0.14880761
6.72258655	0.29136146	0.04334068	-0.14875227
6.72508655	0.29144366	0.04333679	-0.14869697
6.72758654	0.29152577	0.04333289	-0.14864171
6.73008654	0.29160778	0.04332898	-0.14858650
6.73258653	0.29168969	0.04332506	-0.14853133
6.73508653	0.29177150	0.04332112	-0.14847619
6.73758652	0.29185322	0.04331718	-0.14842110
6.74008652	0.29193484	0.04331322	-0.14836605
6.74258651	0.29201636	0.04330925	-0.14831104
6.74508651	0.29209778	0.04330527	-0.14825607
6.74758650	0.29217910	0.04330128	-0.14820114
6.75008650	0.29226033	0.04329727	-0.14814625
6.75258649	0.29234146	0.04329326	-0.14809140
6.75508649	0.29242249	0.04328923	-0.14803659
6.75758648	0.29250343	0.04328519	-0.14798183
6.76008648	0.29258426	0.04328114	-0.14792710
6.76258647	0.29266500	0.04327708	-0.14787242
6.76508647	0.29274564	0.04327301	-0.14781777
6.76758646	0.29282619	0.04326892	-0.14776317
6.77008646	0.29290663	0.04326483	-0.14770860
6.77258645	0.29298698	0.04326072	-0.14765408
6.77508645	0.29306723	0.04325660	-0.14759959
6.77758644	0.29314738	0.04325247	-0.14754515
6.78008644	0.29322744	0.04324833	-0.14749074
6.78258643	0.29330739	0.04324418	-0.14743638
6.78508643	0.29338725	0.04324002	-0.14738206
6.78758642	0.29346701	0.04323584	-0.14732777
6.79008642	0.29354668	0.04323166	-0.14727353
6.79258641	0.29362624	0.04322746	-0.14721933
6.79508641	0.29370571	0.04322325	-0.14716516
6.79758640	0.29378508	0.04321903	-0.14711104
6.80008640	0.29386435	0.04321480	-0.14705696
6.80258639	0.29394353	0.04321055	-0.14700291
6.80508639	0.29402260	0.04320630	-0.14694891
6.80758638	0.29410158	0.04320203	-0.14689494
6.81008638	0.29418046	0.04319776	-0.14684102
6.81258637	0.29425925	0.04319347	-0.14678713
6.81508637	0.29433793	0.04318917	-0.14673328
6.81758636	0.29441652	0.04318486	-0.14667948
6.82008636	0.29449501	0.04318054	-0.14662571
6.82258635	0.29457340	0.04317621	-0.14657198
6.82508635	0.29465170	0.04317186	-0.14651829
6.82758634	0.29472989	0.04316751	-0.14646464
6.83008634	0.29480799	0.04316314	-0.14641103
6.83258633	0.29488599	0.04315877	-0.14635746
6.83508633	0.29496389	0.04315438	-0.14630393
6.83758632	0.29504170	0.04314998	-0.14625044
6.84008632	0.29511941	0.04314557	-0.14619699
6.84258631	0.29519702	0.04314115	-0.14614357
6.84508631	0.29527453	0.04313671	-0.14609020
6.84758630	0.29535194	0.04313227	-0.14603686
6.85008630	0.29542926	0.04312782	-0.14598356
6.85258629	0.29550647	0.04312335	-0.14593030
6.85508629	0.29558359	0.04311887	-0.14587708
6.85758628	0.29566062	0.04311439	-0.14582390
6.86008628	0.29573754	0.04310989	-0.14577076
6.86258627	0.29581437	0.04310538	-0.14571766
6.86508627	0.29589110	0.04310086	-0.14566459
6.86758626	0.29596773	0.04309632	-0.14561157
6.87008626	0.29604426	0.04309178	-0.14555858
6.87258625	0.29612070	0.04308723	-0.14550563
6.87508625	0.29619703	0.04308266	-0.14545272
6.87758624	0.29627327	0.04307809	-0.14539985
6.88008624	0.29634941	0.04307350	-0.14534702
6.88258623	0.29642546	0.04306891	-0.14529422
6.88508623	0.29650140	0.04306430	-0.14524146
6.88758622	0.29657725	0.04305968	-0.14518874
6.89008622	0.29665300	0.04305505	-0.14513606
6.89258621	0.29672865	0.04305041	-0.14508342
6.89508621	0.29680421	0.04304576	-0.14503082
6.89758620	0.29687967	0.04304110	-0.14497825
6.90008620	0.29695502	0.04303642	-0.14492573
6.90258619	0.29703029	0.04303174	-0.14487324
6.90508619	0.29710545	0.04302704	-0.14482078
6.90758618	0.29718051	0.04302234	-0.14476837
6.91008618	0.29725548	0.04301762	-0.14471600
6.91258617	0.29733035	0.04301290	-0.14466366
6.91508617	0.29740512	0.04300816	-0.14461136
6.91758616	0.29747980	0.04300341	-0.14455910
6.92008616	0.29755437	0.04299865	-0.14450687
6.92258615	0.29762885	0.04299388	-0.14445468
6.92508615	0.29770323	0.04298910	-0.14440254
6.92758614	0.29777751	0.04298431	-0.14435042
6.93008614	0.29785170	0.04297951	-0.14429835
6.93258613	0.29792579	0.04297470	-0.14424631
6.93508613	0.29799977	0.04296987	-0.14419432
6.93758612	0.29807367	0.04296504	-0.14414235
6.94008612	0.29814746	0.04296020	-0.14409043
6.94258611	0.29822116	0.04295534	-0.14403854
6.94508611	0.29829475	0.04295048	-0.14398670
6.94758610	0.29836825	0.04294560	-0.14393488
6.95008610	0.29844165	0.04294071	-0.14388311
6.95258609	0.29851496	0.04293582	-0.14383137
6.95508609	0.29858817	0.04293091	-0.14377967
6.95758608	0.29866127	0.04292599	-0.14372801
6.96008608	0.29873429	0.04292106	-0.14367638
6.96258607	0.29880720	0.04291612	-0.14362480
6.96508607	0.29888001	0.04291117	-0.14357324
6.96758606	0.29895273	0.04290621	-0.14352173
6.97008606	0.29902535	0.04290124	-0.14347025
6.97258605	0.29909787	0.04289626	-0.14341881
6.97508605	0.29917030	0.04289127	-0.14336741
6.97758604	0.29924262	0.04288627	-0.14331604
6.98008604	0.29931485	0.04288126	-0.14326471
6.98258603	0.29938698	0.04287623	-0.14321342
6.98508603	0.29945902	0.04287120	-0.14316216
6.98758602	0.29953095	0.04286616	-0.14311094
6.99008602	0.29960279	0.04286110	-0.14305976
6.99258601	0.29967453	0.04285604	-0.14300861
6.99508601	0.29974617	0.04285096	-0.14295750
6.99758600	0.29981771	0.04284588	-0.14290643
7.00008600	0.29988916	0.04284078	-0.14285539
7.00258599	0.29996051	0.04283568	-0.14280439
7.00508599	0.30003176	0.04283056	-0.14275342
7.00758598	0.30010291	0.04282543	-0.14270249
7.01008598	0.30017397	0.04282030	-0.14265160
7.01258597	0.30024493	0.04281515	-0.14260075
7.01508597	0.30031579	0.04280999	-0.14254993
7.01758596	0.30038655	0.04280483	-0.14249915
7.02008596	0.30045721	0.04279965	-0.14244840
7.02258595	0.30052778	0.04279446	-0.14239769
7.02508595	0.30059825	0.04278926	-0.14234701
7.02758594	0.30066862	0.04278405	-0.14229637
7.03008594	0.30073889	0.04277884	-0.14224577
7.03258593	0.30080907	0.04277361	-0.14219521
7.03508593	0.30087915	0.04276837	-0.14214467
7.03758592	0.30094913	0.04276312	-0.14209418
7.04008592	0.30101901	0.04275786	-0.14204372
7.04258591	0.30108880	0.04275259	-0.14199330
7.04508591	0.30115848	0.04274731	-0.14194291
7.04758590	0.30122807	0.04274202	-0.14189256
7.05008590	0.30129757	0.04273672	-0.14184224
7.05258589	0.30136696	0.04273141	-0.14179196
7.05508589	0.30143626	0.04272609	-0.14174172
7.05758588	0.30150546	0.04272076	-0.14169151
7.06008588	0.30157456	0.04271542	-0.14164134
7.06258587	0.30164356	0.04271007	-0.14159120
7.06508587	0.30171247	0.04270471	-0.14154110
7.06758586	0.30178128	0.04269934	-0.14149103
7.07008586	0.30184999	0.04269396	-0.14144100
7.07258585	0.30191860	0.04268857	-0.14139100
7.07508585	0.30198712	0.04268317	-0.14134104
7.07758584	0.30205554	0.04267776	-0.14129112
7.08008584	0.30212386	0.04267234	-0.14124123
7.08258583	0.30219208	0.04266691	-0.14119137
7.08508583	0.30226021	0.04266147	-0.14114155
7.08758582	0.30232823	0.04265602	-0.14109177
7.09008582	0.30239616	0.04265056	-0.14104202
7.09258581	0.30246400	0.04264510	-0.14099230
7.09508581	0.30253173	0.04263962	-0.14094262
7.09758580	0.30259937	0.04263413	-0.14089298
7.10008580	0.30266691	0.04262863	-0.14084337
7.10258579	0.30273435	0.04262312	-0.14079379
7.10508579	0.30280170	0.04261760	-0.14074425
7.10758578	0.30286895	0.04261207	-0.14069475
7.11008578	0.30293610	0.04260653	-0.14064528
7.11258577	0.30300315	0.04260098	-0.14059584
7.11508577	0.30307010	0.04259543	-0.14054644
7.11758576	0.30313696	0.04258986	-0.14049708
7.12008576	0.30320372	0.04258428	-0.14044775
7.12258575	0.30327038	0.04257869	-0.14039845
7.12508575	0.30333695	0.04257309	-0.14034919
7.12758574	0.30340342	0.04256749	-0.14029996
7.13008574	0.30346979	0.04256187	-0.14025077
7.13258573	0.30353606	0.04255624	-0.14020161
7.13508573	0.30360224	0.04255061	-0.14015249
7.13758572	0.30366832	0.04254496	-0.14010340
7.14008572	0.30373430	0.04253931	-0.14005434
7.14258571	0.30380018	0.04253364	-0.14000532
7.14508571	0.30386597	0.04252797	-0.13995633
7.14758570	0.30393165	0.04252228	-0.13990738
7.15008570	0.30399725	0.04251659	-0.13985846
7.15258569	0.30406274	0.04251088	-0.13980958
7.15508569	0.30412814	0.04250517	-0.13976073
7.15758568	0.30419344	0.04249945	-0.13971191
7.16008568	0.30425864	0.04249371	-0.13966313
7.16258567	0.30432374	0.04248797	-0.13961439
7.16508567	0.30438875	0.04248222	-0.13956567
7.16758566	0.30445366	0.04247646	-0.13951699
7.17008566	0.30451847	0.04247069	-0.13946835
7.17258565	0.30458319	0.04246491	-0.13941974
7.17508565	0.30464781	0.04245912	-0.13937116
7.17758564	0.30471233	0.04245332	-0.13932261
7.18008564	0.30477675	0.04244751	-0.13927410
7.18258563	0.30484108	0.04244169	-0.13922563
7.18508563	0.30490531	0.04243586	-0.13917719
7.18758562	0.30496944	0.04243002	-0.13912878
7.19008562	0.30503347	0.04242418	-0.13908040
7.19258561	0.30509741	0.04241832	-0.13903206
7.19508561	0.30516125	0.04241246	-0.13898375
7.19758560	0.30522499	0.04240658	-0.13893548
7.20008560	0.30528864	0.04240070	-0.13888724
7.20258559	0.30535219	0.04239480	-0.13883903
7.20508559	0.30541564	0.04238890	-0.13879086
7.20758558	0.30547899	0.04238299	-0.13874272
7.21008558	0.30554225	0.04237706	-0.13869461
7.21258557	0.30560541	0.04237113	-0.13864654
7.21508557	0.30566847	0.04236519	-0.13859849
7.21758556	0.30573144	0.04235924	-0.13855049
7.22008556	0.30579431	0.04235328	-0.13850251
7.22258555	0.30585708	0.04234731	-0.13845457
7.22508555	0.30591975	0.04234133	-0.13840667
7.22758554	0.30598233	0.04233535	-0.13835879
7.23008554	0.30604481	0.04232935	-0.13831095
7.23258553	0.30610720	0.04232334	-0.13826314
7.23508553	0.30616948	0.04231733	-0.13821537
7.23758552	0.30623167	0.04231130	-0.13816762
7.24008552	0.30629376	0.04230527	-0.13811992
7.24258551	0.30635576	0.04229923	-0.13807224
7.24508551	0.30641766	0.04229317	-0.13802460
7.24758550	0.30647946	0.04228711	-0.13797699
7.25008550	0.30654116	0.04228104	-0.13792941
7.25258549	0.30660277	0.04227496	-0.13788186
7.25508549	0.30666428	0.04226887	-0.13783435
7.25758548	0.30672570	0.04226277	-0.13778687
7.26008548	0.30678701	0.04225667	-0.13773943
7.26258547	0.30684823	0.04225055	-0.13769201
7.26508547	0.30690936	0.04224442	-0.13764463
7.26758546	0.30697038	0.04223829	-0.13759728
7.27008546	0.30703131	0.04223215	-0.13754996
7.27258545	0.30709214	0.04222599	-0.13750268
7.27508545	0.30715288	0.04221983	-0.13745543
7.27758544	0.30721352	0.04221366	-0.13740821
7.28008544	0.30727406	0.04220748	-0.13736103
7.28258543	0.30733450	0.04220129	-0.13731387
7.28508543	0.30739485	0.04219509	-0.13726675
7.28758542	0.30745510	0.04218889	-0.13721966
7.29008542	0.30751526	0.04218267	-0.13717260
7.29258541	0.30757532	0.04217644	-0.13712558
7.29508541	0.30763528	0.04217021	-0.13707859
7.29758540	0.30769514	0.04216397	-0.13703163
7.30008540	0.30775491	0.04215771	-0.13698470
7.30258539	0.30781458	0.04215145	-0.13693780
7.30508539	0.30787416	0.04214518	-0.13689094
7.30758538	0.30793364	0.04213890	-0.13684411
7.31008538	0.30799302	0.04213262	-0.13679731
7.31258537	0.30805230	0.04212632	-0.13675054
7.31508537	0.30811149	0.04212001	-0.13670380
7.31758536	0.30817058	0.04211370	-0.13665710
7.32008536	0.30822958	0.04210737	-0.13661043
7.32258535	0.30828847	0.04210104	-0.13656379
7.32508535	0.30834728	0.04209470	-0.13651718
7.32758534	0.30840598	0.04208835	-0.13647060
7.33008534	0.30846459	0.04208199	-0.13642406
7.33258533	0.30852310	0.04207562	-0.13637755
7.33508533	0.30858152	0.04206925	-0.13633107
7.33758532	0.30863984	0.04206286	-0.13628462
7.34008532	0.30869806	0.04205647	-0.13623820
7.34258531	0.30875619	0.04205006	-0.13619181
7.34508531	0.30881421	0.04204365	-0.13614546
7.34758530	0.30887215	0.04203723	-0.13609913
7.35008530	0.30892998	0.04203080	-0.13605284
7.35258529	0.30898773	0.04202436	-0.13600658
7.35508529	0.30904537	0.04201792	-0.13596035
7.35758528	0.30910292	0.04201146	-0.13591416
7.36008528	0.30916037	0.04200500	-0.13586799
7.36258527	0.30921772	0.04199853	-0.13582186
7.36508527	0.30927498	0.04199204	-0.13577575
7.36758526	0.30933214	0.04198555	-0.13572968
7.37008526	0.30938921	0.04197905	-0.13568364
7.37258525	0.30944618	0.04197255	-0.13563763
7.37508525	0.30950305	0.04196603	-0.13559165
7.37758524	0.30955983	0.04195951	-0.13554571
7.38008524	0.30961651	0.04195297	-0.13549979
7.38258523	0.30967310	0.04194643	-0.13545391
7.38508523	0.30972958	0.04193988	-0.13540805
7.38758522	0.30978598	0.04193332	-0.13536223
7.39008522	0.30984227	0.04192675	-0.13531644
7.39258521	0.30989847	0.04192018	-0.13527068
7.39508521	0.30995458	0.04191359	-0.13522495
7.39758520	0.31001058	0.04190700	-0.13517925
7.40008520	0.31006649	0.04190040	-0.13513358
7.40258519	0.31012231	0.04189378	-0.13508794
7.40508519	0.31017803	0.04188717	-0.13504234
7.40758518	0.31023365	0.04188054	-0.13499676
7.41008518	0.31028918	0.04187390	-0.13495122
7.41258517	0.31034461	0.04186726	-0.13490570
7.41508517	0.31039995	0.04186060	-0.13486022
7.41758516	0.31045518	0.04185394	-0.13481476
7.42008516	0.31051033	0.04184727	-0.13476934
7.42258515	0.31056537	0.04184059	-0.13472395
7.42508515	0.31062033	0.04183391	-0.13467859
7.42758514	0.31067518	0.04182721	-0.13463326
7.43008514	0.31072994	0.04182051	-0.13458796
7.43258513	0.31078460	0.04181380	-0.13454269
7.43508513	0.31083917	0.04180708	-0.13449745
7.43758512	0.31089364	0.04180035	-0.13445224
7.44008512	0.31094802	0.04179361	-0.13440706
7.44258511	0.31100230	0.04178686	-0.13436192
7.44508511	0.31105648	0.04178011	-0.13431680
7.44758510	0.31111057	0.04177335	-0.13427171
7.45008510	0.31116456	0.04176658	-0.13422665
7.45258509	0.31121846	0.04175980	-0.13418163
7.45508509	0.31127226	0.04175301	-0.13413663
7.45758508	0.31132597	0.04174622	-0.13409166
7.46008508	0.31137958	0.04173941	-0.13404673
7.46258507	0.31143309	0.04173260	-0.13400182
7.46508507	0.31148651	0.04172578	-0.13395695
7.46758506	0.31153983	0.04171895	-0.13391210
7.47008506	0.31159306	0.04171212	-0.13386728
7.47258505	0.31164619	0.04170527	-0.13382250
7.47508505	0.31169923	0.04169842	-0.13377774
7.47758504	0.31175217	0.04169156	-0.13373302
7.48008504	0.31180501	0.04168469	-0.13368832
7.48258503	0.31185776	0.04167781	-0.13364365
7.48508503	0.31191041	0.04167092	-0.13359902
7.48758502	0.31196297	0.04166403	-0.13355441
7.49008502	0.31201543	0.04165713	-0.13350983
7.49258501	0.31206780	0.04165022	-0.13346529
7.49508501	0.31212007	0.04164330	-0.13342077
7.49758500	0.31217225	0.04163637	-0.13337628
7.50008500	0.31222433	0.04162944	-0.13333182
7.50258499	0.31227632	0.04162250	-0.13328739
7.50508499	0.31232821	0.04161555	-0.13324299
7.50758498	0.31238000	0.04160859	-0.13319863
7.51008498	0.31243170	0.04160162	-0.13315429
7.51258497	0.31248330	0.04159464	-0.13310998
7.51508497	0.31253481	0.04158766	-0.13306569
7.51758496	0.31258622	0.04158067	-0.13302144
7.52008496	0.31263754	0.04157367	-0.13297722
7.52258495	0.31268877	0.04156666	-0.13293303
7.52508495	0.31273989	0.04155965	-0.13288887
7.52758494	0.31279093	0.04155263	-0.13284473
7.53008494	0.31284186	0.04154560	-0.13280063
7.53258493	0.31289270	0.04153856	-0.13275655
7.53508493	0.31294345	0.04153151	-0.13271251
7.53758492	0.31299410	0.04152445	-0.13266849
7.54008492	0.31304466	0.04151739	-0.13262450
7.54258491	0.31309512	0.04151032	-0.13258054
7.54508491	0.31314549	0.04150324	-0.13253661
7.54758490	0.31319576	0.04149616	-0.13249271
7.55008490	0.31324594	0.04148906	-0.13244884
7.55258489	0.31329602	0.04148196	-0.13240500
7.55508489	0.31334600	0.04147485	-0.13236119
7.55758488	0.31339589	0.04146773	-0.13231740
7.56008488	0.31344569	0.04146060	-0.13227365
7.56258487	0.31349539	0.04145347	-0.13222992
7.56508487	0.31354500	0.04144633	-0.13218622
7.56758486	0.31359451	0.04143918	-0.13214256
7.57008486	0.31364393	0.04143202	-0.13209892
7.57258485	0.31369325	0.04142486	-0.13205530
7.57508485	0.31374248	0.04141768	-0.13201172
7.57758484	0.31379161	0.04141050	-0.13196817
7.58008484	0.31384065	0.04140332	-0.13192464
7.58258483	0.31388959	0.04139612	-0.13188115
7.58508483	0.31393844	0.04138892	-0.13183768
7.58758482	0.31398719	0.04138170	-0.13179424
7.59008482	0.31403585	0.04137448	-0.13175083
7.59258481	0.31408441	0.04136726	-0.13170745
7.59508481	0.31413288	0.04136002	-0.13166410
7.59758480	0.31418126	0.04135278	-0.13162077
7.60008480	0.31422954	0.04134553	-0.13157748
7.60258479	0.31427772	0.04133827	-0.13153421
7.60508479	0.31432581	0.04133101	-0.13149097
7.60758478	0.31437381	0.04132373	-0.13144776
7.61008478	0.31442171	0.04131645	-0.13140458
7.61258477	0.31446952	0.04130916	-0.13136143
7.61508477	0.31451723	0.04130187	-0.13131830
7.61758476	0.31456485	0.04129457	-0.13127520
7.62008476	0.31461237	0.04128725	-0.13123214
7.62258475	0.31465980	0.04127993	-0.13118910
7.62508475	0.31470714	0.04127261	-0.13114608
7.62758474	0.31475438	0.04126527	-0.13110310
7.63008474	0.31480152	0.04125793	-0.13106014
7.63258473	0.31484858	0.04125058	-0.13101722
7.63508473	0.31489553	0.04124323	-0.13097432
7.63758472	0.31494240	0.04123586	-0.13093144
7.64008472	0.31498917	0.04122849	-0.13088860
7.64258471	0.31503584	0.04122111	-0.13084579
7.64508471	0.31508242	0.04121373	-0.13080300
7.64758470	0.31512891	0.04120633	-0.13076024
7.65008470	0.31517530	0.04119893	-0.13071751
7.65258469	0.31522160	0.04119152	-0.13067480
7.65508469	0.31526780	0.04118410	-0.13063213
7.65758468	0.31531391	0.04117668	-0.13058948
7.66008468	0.31535993	0.04116925	-0.13054686
7.66258467	0.31540585	0.04116181	-0.13050427
7.66508467	0.31545168	0.04115436	-0.13046170
7.66758466	0.31549741	0.04114691	-0.13041917
7.67008466	0.31554305	0.04113945	-0.13037666
7.67258465	0.31558859	0.04113198	-0.13033418
7.67508465	0.31563405	0.04112450	-0.13029172
7.67758464	0.31567940	0.04111702	-0.13024930
7.68008464	0.31572467	0.04110953	-0.13020690
7.68258463	0.31576984	0.04110203	-0.13016453
7.68508463	0.31581491	0.04109453	-0.13012218
7.68758462	0.31585990	0.04108701	-0.13007987
7.69008462	0.31590478	0.04107949	-0.13003758
7.69258461	0.31594958	0.04107197	-0.12999532
7.69508461	0.31599428	0.04106443	-0.12995309
7.69758460	0.31603889	0.04105689	-0.12991088
7.70008460	0.31608340	0.04104934	-0.12986870
7.70258459	0.31612782	0.04104178	-0.12982655
7.70508459	0.31617214	0.04103422	-0.12978443
7.70758458	0.31621638	0.04102665	-0.12974233
7.71008458	0.31626052	0.04101907	-0.12970026
7.71258457	0.31630456	0.04101149	-0.12965822
7.71508457	0.31634851	0.04100389	-0.12961621
7.71758456	0.31639237	0.04099629	-0.12957422
7.72008456	0.31643613	0.04098869	-0.12953226
7.72258455	0.31647980	0.04098107	-0.12949033
7.72508455	0.31652338	0.04097345	-0.12944842
7.72758454	0.31656687	0.04096582	-0.12940654
7.73008454	0.31661026	0.04095819	-0.12936469
7.73258453	0.31665355	0.04095055	-0.12932287
7.73508453	0.31669676	0.04094290	-0.12928107
7.73758452	0.31673987	0.04093524	-0.12923930
7.74008452	0.31678288	0.04092757	-0.12919756
7.74258451	0.31682581	0.04091990	-0.12915584
7.74508451	0.31686864	0.04091222	-0.12911415
7.74758450	0.31691137	0.04090454	-0.12907249
7.75008450	0.31695402	0.04089685	-0.12903085
7.75258449	0.31699657	0.04088915	-0.12898924
7.75508449	0.31703903	0.04088144	-0.12894766
7.75758448	0.31708139	0.04087373	-0.12890610
7.76008448	0.31712366	0.04086601	-0.12886458
7.76258447	0.31716584	0.04085828	-0.12882307
7.76508447	0.31720792	0.04085054	-0.12878160
7.76758446	0.31724992	0.04084280	-0.12874015
7.77008446	0.31729181	0.04083505	-0.12869873
7.77258445	0.31733362	0.04082730	-0.12865733
7.77508445	0.31737533	0.04081954	-0.12861597
7.77758444	0.31741695	0.04081177	-0.12857462
7.78008444	0.31745848	0.04080399	-0.12853331
7.78258443	0.31749991	0.04079621	-0.12849202
7.78508443	0.31754125	0.04078841	-0.12845076
7.78758442	0.31758250	0.04078062	-0.12840952
7.79008442	0.31762366	0.04077281	-0.12836831
7.79258441	0.31766472	0.04076500	-0.12832713
7.79508441	0.31770569	0.04075718	-0.12828597
7.79758440	0.31774657	0.04074936	-0.12824484
7.80008440	0.31778735	0.04074153	-0.12820374
7.80258439	0.31782804	0.04073369	-0.12816266
7.80508439	0.31786864	0.04072584	-0.12812161
7.80758438	0.31790915	0.04071799	-0.12808059
7.81008438	0.31794956	0.04071013	-0.12803959
7.81258437	0.31798988	0.04070227	-0.12799862
7.81508437	0.31803011	0.04069439	-0.12795767
7.81758436	0.31807024	0.04068651	-0.12791675
7.82008436	0.31811029	0.04067863	-0.12787586
7.82258435	0.31815024	0.04067073	-0.12783499
7.82508435	0.31819010	0.04066283	-0.12779415
7.82758434	0.31822986	0.04065493	-0.12775333
7.83008434	0.31826954	0.04064701	-0.12771255
7.83258433	0.31830912	0.04063909	-0.12767178
7.83508433	0.31834861	0.04063117	-0.12763104
7.83758432	0.31838800	0.04062323	-0.12759033
7.84008432	0.31842731	0.04061529	-0.12754965
7.84258431	0.31846652	0.04060734	-0.12750899
7.84508431	0.31850564	0.04059939	-0.12746836
7.84758430	0.31854466	0.04059143	-0.12742775
7.85008430	0.31858360	0.04058346	-0.12738717
7.85258429	0.31862244	0.04057549	-0.12734661
7.85508429	0.31866119	0.04056751	-0.12730608
7.85758428	0.31869985	0.04055952	-0.12726558
7.86008428	0.31873842	0.04055153	-0.12722510
7.86258427	0.31877689	0.04054353	-0.12718465
7.86508427	0.31881527	0.04053552	-0.12714422
7.86758426	0.31885356	0.04052751	-0.12710382
7.87008426	0.31889176	0.04051948	-0.12706344
7.87258425	0.31892987	0.04051146	-0.12702309
7.87508425	0.31896788	0.04050342	-0.12698277
7.87758424	0.31900580	0.04049538	-0.12694247
7.88008424	0.31904363	0.04048734	-0.12690220
7.88258423	0.31908137	0.04047928	-0.12686195
7.88508423	0.31911902	0.04047123	-0.12682173
7.88758422	0.31915657	0.04046316	-0.12678153
7.89008422	0.31919404	0.04045509	-0.12674136
7.89258421	0.31923141	0.04044701	-0.12670121
7.89508421	0.31926869	0.04043892	-0.12666109
7.89758420	0.31930588	0.04043083	-0.12662100
7.90008420	0.31934297	0.04042273	-0.12658093
7.90258419	0.31937998	0.04041462	-0.12654089
7.90508419	0.31941689	0.04040651	-0.12650087
7.90758418	0.31945371	0.04039840	-0.12646087
7.91008418	0.31949044	0.04039027	-0.12642090
7.91258417	0.31952708	0.04038214	-0.12638096
7.91508417	0.31956363	0.04037400	-0.12634104
7.91758416	0.31960008	0.04036586	-0.12630115
7.92008416	0.31963645	0.04035771	-0.12626128
7.92258415	0.31967272	0.04034955	-0.12622144
7.92508415	0.31970890	0.04034139	-0.12618163
7.92758414	0.31974499	0.04033322	-0.12614183
7.93008414	0.31978099	0.04032504	-0.12610207
7.93258413	0.31981689	0.04031686	-0.12606233
7.93508413	0.31985271	0.04030867	-0.12602261
7.93758412	0.31988843	0.04030048	-0.12598292
7.94008412	0.31992407	0.04029228	-0.12594325
7.94258411	0.31995961	0.04028407	-0.12590361
7.94508411	0.31999506	0.04027586	-0.12586399
7.94758410	0.32003042	0.04026764	-0.12582440
7.95008410	0.32006569	0.04025941	-0.12578483
7.95258409	0.32010087	0.04025118	-0.12574529
7.95508409	0.32013595	0.04024294	-0.12570577
7.95758408	0.32017095	0.04023469	-0.12566628
7.96008408	0.32020585	0.04022644	-0.12562681
7.96258407	0.32024067	0.04021818	-0.12558737
7.96508407	0.32027539	0.04020992	-0.12554795
7.96758406	0.32031002	0.04020165	-0.12550856
7.97008406	0.32034456	0.04019337	-0.12546919
7.97258405	0.32037901	0.04018509	-0.12542985
7.97508405	0.32041337	0.04017680	-0.12539053
7.97758404	0.32044764	0.04016851	-0.12535123
7.98008404	0.32048182	0.04016021	-0.12531196
7.98258403	0.32051591	0.04015190	-0.12527272
7.98508403	0.32054990	0.04014359	-0.12523350
7.98758402	0.32058381	0.04013527	-0.12519430
7.99008402	0.32061762	0.04012694	-0.12515513
7.99258401	0.32065135	0.04011861	-0.12511598
7.99508401	0.32068498	0.04011027	-0.12507686
7.99758400	0.32071853	0.04010193	-0.12503776
8.00008400	0.32075198	0.04009358	-0.12499869
8.00258399	0.32078534	0.04008522	-0.12495964
8.00508399	0.32081861	0.04007686	-0.12492061
8.00758398	0.32085179	0.04006849	-0.12488161
8.01008398	0.32088489	0.04006012	-0.12484264
8.01258397	0.32091789	0.04005173	-0.12480368
8.01508397	0.32095080	0.04004335	-0.12476476
8.01758396	0.32098362	0.04003496	-0.12472585
8.02008396	0.32101635	0.04002656	-0.12468697
8.02258395	0.32104899	0.04001815	-0.12464812
8.02508395	0.32108154	0.04000974	-0.12460929
8.02758394	0.32111399	0.04000133	-0.12457048
8.03008394	0.32114636	0.03999290	-0.12453170
8.03258393	0.32117864	0.03998447	-0.12449294
8.03508393	0.32121083	0.03997604	-0.12445421
8.03758392	0.32124293	0.03996760	-0.12441550
8.04008392	0.32127494	0.03995915	-0.12437681
8.04258391	0.32130686	0.03995070	-0.12433815
8.04508391	0.32133869	0.03994224	-0.12429951
8.04758390	0.32137042	0.03993378	-0.12426090
8.05008390	0.32140207	0.03992531	-0.12422231
8.05258389	0.32143363	0.03991683	-0.12418374
8.05508389	0.32146510	0.03990835	-0.12414520
8.05758388	0.32149648	0.03989986	-0.12410668
8.06008388	0.32152777	0.03989137	-0.12406819
8.06258387	0.32155897	0.03988287	-0.12402972
8.06508387	0.32159008	0.03987436	-0.12399127
8.06758386	0.32162110	0.03986585	-0.12395285
8.07008386	0.32165203	0.03985733	-0.12391445
8.07258385	0.32168287	0.03984881	-0.12387607
8.07508385	0.32171362	0.03984028	-0.12383772
8.07758384	0.32174428	0.03983175	-0.12379940
8.08008384	0.32177486	0.03982321	-0.12376109
8.08258383	0.32180534	0.03981466	-0.12372281
8.08508383	0.32183573	0.03980611	-0.12368456
8.08758382	0.32186604	0.03979755	-0.12364632
8.09008382	0.32189625	0.03978899	-0.12360811
8.09258381	0.32192637	0.03978042	-0.12356993
8.09508381	0.32195641	0.03977184	-0.12353177
8.09758380	0.32198636	0.03976326	-0.12349363
8.10008380	0.32201621	0.03975468	-0.12345551
8.10258379	0.32204598	0.03974608	-0.12341742
8.10508379	0.32207566	0.03973749	-0.12337935
8.10758378	0.32210525	0.03972888	-0.12334131
8.11008378	0.32213475	0.03972027	-0.12330329
8.11258377	0.32216416	0.03971166	-0.12326529
8.11508377	0.32219348	0.03970304	-0.12322732
8.11758376	0.32222271	0.03969441	-0.12318937
8.12008376	0.32225186	0.03968578	-0.12315144
8.12258375	0.32228091	0.03967714	-0.12311354
8.12508375	0.32230988	0.03966850	-0.12307565
8.12758374	0.32233876	0.03965985	-0.12303780
8.13008374	0.32236754	0.03965120	-0.12299996
8.13258373	0.32239624	0.03964254	-0.12296215
8.13508373	0.32242485	0.03963387	-0.12292436
8.13758372	0.32245337	0.03962520	-0.12288660
8.14008372	0.32248181	0.03961652	-0.12284886
8.14258371	0.32251015	0.03960784	-0.12281114
8.14508371	0.32253841	0.03959915	-0.12277345
8.14758370	0.32256657	0.03959046	-0.12273577
8.15008370	0.32259465	0.03958176	-0.12269813
8.15258369	0.32262264	0.03957305	-0.12266050
8.15508369	0.32265054	0.03956434	-0.12262290
8.15758368	0.32267835	0.03955563	-0.12258532
8.16008368	0.32270607	0.03954691	-0.12254776
8.16258367	0.32273371	0.03953818	-0.12251023
8.16508367	0.32276126	0.03952945	-0.12247272
8.16758366	0.32278871	0.03952071	-0.12243523
8.17008366	0.32281608	0.03951197	-0.12239777
8.17258365	0.32284336	0.03950322	-0.12236033
8.17508365	0.32287056	0.03949447	-0.12232291
8.17758364	0.32289766	0.03948571	-0.12228551
8.18008364	0.32292468	0.03947694	-0.12224814
8.18258363	0.32295161	0.03946817	-0.12221079
8.18508363	0.32297845	0.03945939	-0.12217346
8.18758362	0.32300520	0.03945061	-0.12213616
8.19008362	0.32303186	0.03944183	-0.12209888
8.19258361	0.32305844	0.03943304	-0.12206162
8.19508361	0.32308492	0.03942424	-0.12202438
8.19758360	0.32311132	0.03941543	-0.12198717
8.20008360	0.32313763	0.03940663	-0.12194998
8.20258359	0.32316386	0.03939781	-0.12191281
8.20508359	0.32318999	0.03938899	-0.12187566
8.20758358	0.32321604	0.03938017	-0.12183854
8.21008358	0.32324200	0.03937134	-0.12180144
8.21258357	0.32326787	0.03936251	-0.12176436
8.21508357	0.32329366	0.03935367	-0.12172731
8.21758356	0.32331935	0.03934482	-0.12169027
8.22008356	0.32334496	0.03933597	-0.12165326
8.22258355	0.32337048	0.03932711	-0.12161628
8.22508355	0.32339592	0.03931825	-0.12157931
8.22758354	0.32342126	0.03930939	-0.12154237
8.23008354	0.32344652	0.03930051	-0.12150545
8.23258353	0.32347169	0.03929164	-0.12146855
8.23508353	0.32349677	0.03928276	-0.12143168
8.23758352	0.32352177	0.03927387	-0.12139482
8.24008352	0.32354668	0.03926498	-0.12135799
8.24258351	0.32357150	0.03925608	-0.12132119
8.24508351	0.32359623	0.03924717	-0.12128440
8.24758350	0.32362087	0.03923827	-0.12124764
8.25008350	0.32364543	0.03922935	-0.12121089
8.25258349	0.32366990	0.03922043	-0.12117418
8.25508349	0.32369429	0.03921151	-0.12113748
8.25758348	0.32371858	0.03920258	-0.12110080
8.26008348	0.32374279	0.03919365	-0.12106415
8.26258347	0.32376692	0.03918471	-0.12102752
8.26508347	0.32379095	0.03917576	-0.12099091
8.26758346	0.32381490	0.03916681	-0.12095433
8.27008346	0.32383876	0.03915786	-0.12091776
8.27258345	0.32386253	0.03914890	-0.12088122
8.27508345	0.32388622	0.03913993	-0.12084470
8.27758344	0.32390982	0.03913096	-0.12080821
8.28008344	0.32393333	0.03912199	-0.12077173
8.28258343	0.32395676	0.03911301	-0.12073528
8.28508343	0.32398010	0.03910402	-0.12069884
8.28758342	0.32400335	0.03909503	-0.12066244
8.29008342	0.32402652	0.03908604	-0.12062605
8.29258341	0.32404960	0.03907704	-0.12058968
8.29508341	0.32407259	0.03906803	-0.12055334
8.29758340	0.32409549	0.03905902	-0.12051702
8.30008340	0.32411831	0.03905001	-0.12048072
8.30258339	0.32414104	0.03904099	-0.12044444
8.30508339	0.32416369	0.03903196	-0.12040818
8.30758338	0.32418625	0.03902293	-0.12037195
8.31008338	0.32420872	0.03901390	-0.12033574
8.31258337	0.32423111	0.03900485	-0.12029955
8.31508337	0.32425341	0.03899581	-0.12026338
8.31758336	0.32427562	0.03898676	-0.12022723
8.32008336	0.32429775	0.03897770	-0.12019110
8.32258335	0.32431979	0.03896864	-0.12015500
8.32508335	0.32434174	0.03895958	-0.12011892
8.32758334	0.32436361	0.03895051	-0.12008286
8.33008334	0.32438539	0.03894143	-0.12004682
8.33258333	0.32440709	0.03893235	-0.12001080
8.33508333	0.32442870	0.03892327	-0.11997481
8.33758332	0.32445022	0.03891418	-0.11993883
8.34008332	0.32447166	0.03890509	-0.11990288
8.34258331	0.32449301	0.03889599	-0.11986695
8.34508331	0.32451427	0.03888688	-0.11983104
8.34758330	0.32453545	0.03887777	-0.11979515
8.35008330	0.32455654	0.03886866	-0.11975928
8.35258329	0.32457755	0.03885954	-0.11972344
8.35508329	0.32459847	0.03885042	-0.11968762
8.35758328	0.32461931	0.03884129	-0.11965181
8.36008328	0.32464006	0.03883216	-0.11961603
8.36258327	0.32466072	0.03882302	-0.11958027
8.36508327	0.32468130	0.03881388	-0.11954454
8.36758326	0.32470179	0.03880473	-0.11950882
8.37008326	0.32472220	0.03879558	-0.11947312
8.37258325	0.32474252	0.03878642	-0.11943745
8.37508325	0.32476276	0.03877726	-0.11940180
8.37758324	0.32478291	0.03876809	-0.11936617
8.38008324	0.32480297	0.03875892	-0.11933056
8.38258323	0.32482295	0.03874974	-0.11929497
8.38508323	0.32484284	0.03874056	-0.11925940
8.38758322	0.32486265	0.03873138	-0.11922385
8.39008322	0.32488237	0.03872219	-0.11918833
8.39258321	0.32490201	0.03871299	-0.11915283
8.39508321	0.32492156	0.03870379	-0.11911734
8.39758320	0.32494103	0.03869459	-0.11908188
8.40008320	0.32496041	0.03868538	-0.11904644
8.40258319	0.32497971	0.03867617	-0.11901102
8.40508319	0.32499892	0.03866695	-0.11897562
8.40758318	0.32501805	0.03865773	-0.11894024
8.41008318	0.32503709	0.03864850	-0.11890489
8.41258317	0.32505604	0.03863927	-0.11886955
8.41508317	0.32507491	0.03863003	-0.11883424
8.41758316	0.32509370	0.03862079	-0.11879895
8.42008316	0.32511240	0.03861154	-0.11876367
8.42258315	0.32513102	0.03860229	-0.11872842
8.42508315	0.32514955	0.03859304	-0.11869319
8.42758314	0.32516800	0.03858378	-0.11865798
8.43008314	0.32518636	0.03857451	-0.11862279
8.43258313	0.32520463	0.03856524	-0.11858762
8.43508313	0.32522283	0.03855597	-0.11855248
8.43758312	0.32524093	0.03854669	-0.11851735
8.44008312	0.32525896	0.03853741	-0.11848225
8.44258311	0.32527689	0.03852812	-0.11844716
8.44508311	0.32529475	0.03851883	-0.11841210
8.44758310	0.32531252	0.03850954	-0.11837705
8.45008310	0.32533020	0.03850024	-0.11834203
8.45258309	0.32534780	0.03849093	-0.11830703
8.45508309	0.32536532	0.03848162	-0.11827205
8.45758308	0.32538275	0.03847231	-0.11823709
8.46008308	0.32540010	0.03846299	-0.11820215
8.46258307	0.32541736	0.03845367	-0.11816723
8.46508307	0.32543454	0.03844434	-0.11813233
8.46758306	0.32545163	0.03843501	-0.11809745
8.47008306	0.32546864	0.03842567	-0.11806260
8.47258305	0.32548557	0.03841633	-0.11802776
8.47508305	0.32550241	0.03840699	-0.11799294
8.47758304	0.32551916	0.03839764	-0.11795815
8.48008304	0.32553584	0.03838828	-0.11792337
8.48258303	0.32555243	0.03837893	-0.11788862
8.48508303	0.32556893	0.03836956	-0.11785389
8.48758302	0.32558535	0.03836020	-0.11781917
8.49008302	0.32560169	0.03835083	-0.11778448
8.49258301	0.32561794	0.03834145	-0.11774981
8.49508301	0.32563411	0.03833207	-0.11771515
8.49758300	0.32565020	0.03832269	-0.11768052
8.50008300	0.32566620	0.03831330	-0.11764591
8.50258299	0.32568212	0.03830390	-0.11761132
8.50508299	0.32569795	0.03829451	-0.11757675
8.50758298	0.32571371	0.03828510	-0.11754220
8.51008298	0.32572937	0.03827570	-0.11750767
8.51258297	0.32574496	0.03826629	-0.11747316
8.51508297	0.32576046	0.03825687	-0.11743867
8.51758296	0.32577587	0.03824746	-0.11740420
8.52008296	0.32579121	0.03823803	-0.11736975
8.52258295	0.32580646	0.03822860	-0.11733532
8.52508295	0.32582162	0.03821917	-0.11730091
8.52758294	0.32583671	0.03820974	-0.11726652
8.53008294	0.32585171	0.03820030	-0.11723215
8.53258293	0.32586662	0.03819085	-0.11719781
8.53508293	0.32588146	0.03818140	-0.11716348
8.53758292	0.32589621	0.03817195	-0.11712917
8.54008292	0.32591087	0.03816250	-0.11709488
8.54258291	0.32592546	0.03815303	-0.11706061
8.54508291	0.32593996	0.03814357	-0.11702637
8.54758290	0.32595437	0.03813410	-0.11699214
8.55008290	0.32596871	0.03812463	-0.11695793
8.55258289	0.32598296	0.03811515	-0.11692374
8.55508289	0.32599713	0.03810567	-0.11688957
8.55758288	0.32601122	0.03809618	-0.11685543
8.56008288	0.32602522	0.03808669	-0.11682130
8.56258287	0.32603914	0.03807720	-0.11678719
8.56508287	0.32605298	0.03806770	-0.11675310
8.56758286	0.32606673	0.03805819	-0.11671903
8.57008286	0.32608040	0.03804869	-0.11668499
8.57258285	0.32609399	0.03803918	-0.11665096
8.57508285	0.32610750	0.03802966	-0.11661695
8.57758284	0.32612092	0.03802014	-0.11658296
8.58008284	0.32613426	0.03801062	-0.11654899
8.58258283	0.32614752	0.03800109	-0.11651504
8.58508283	0.32616070	0.03799156	-0.11648111
8.58758282	0.32617379	0.03798203	-0.11644720
8.59008282	0.32618680	0.03797249	-0.11641331
8.59258281	0.32619973	0.03796294	-0.11637944
8.59508281	0.32621258	0.03795340	-0.11634559
8.59758280	0.32622534	0.03794384	-0.11631176
8.60008280	0.32623803	0.03793429	-0.11627795
8.60258279	0.32625063	0.03792473	-0.11624416
8.60508279	0.32626314	0.03791517	-0.11621039
8.60758278	0.32627558	0.03790560	-0.11617663
8.61008278	0.32628793	0.03789603	-0.11614290
8.61258277	0.32630020	0.03788645	-0.11610919
8.61508277	0.32631239	0.03787687	-0.11607550
8.61758276	0.32632450	0.03786729	-0.11604182
8.62008276	0.32633653	0.03785770	-0.11600817
8.62258275	0.32634847	0.03784811	-0.11597453
8.62508275	0.32636033	0.03783852	-0.11594092
8.62758274	0.32637211	0.03782892	-0.11590732
8.63008274	0.32638381	0.03781931	-0.11587374
8.63258273	0.32639543	0.03780971	-0.11584019
8.63508273	0.32640696	0.03780010	-0.11580665
8.63758272	0.32641841	0.03779048	-0.11577313
8.64008272	0.32642979	0.03778086	-0.11573963
8.64258271	0.32644108	0.03777124	-0.11570615
8.64508271	0.32645228	0.03776161	-0.11567269
8.64758270	0.32646341	0.03775198	-0.11563925
8.65008270	0.32647446	0.03774235	-0.11560583
8.65258269	0.32648542	0.03773271	-0.11557243
8.65508269	0.32649630	0.03772307	-0.11553905
8.65758268	0.32650710	0.03771343	-0.11550568
8.66008268	0.32651782	0.03770378	-0.11547234
8.66258267	0.32652846	0.03769412	-0.11543901
8.66508267	0.32653902	0.03768447	-0.11540571
8.66758266	0.32654950	0.03767481	-0.11537242
8.67008266	0.32655989	0.03766514	-0.11533915
8.67258265	0.32657020	0.03765547	-0.11530591
8.67508265	0.32658044	0.03764580	-0.11527268
8.67758264	0.32659059	0.03763613	-0.11523947
8.68008264	0.32660066	0.03762645	-0.11520628
8.68258263	0.32661065	0.03761676	-0.11517310
8.68508263	0.32662056	0.03760708	-0.11513995
8.68758262	0.32663038	0.03759738	-0.11510682
8.69008262	0.32664013	0.03758769	-0.11507370
8.69258261	0.32664980	0.03757799	-0.11504061
8.69508261	0.32665938	0.03756829	-0.11500753
8.69758260	0.32666889	0.03755858	-0.11497448
8.70008260	0.32667831	0.03754887	-0.11494144
8.70258259	0.32668765	0.03753916	-0.11490842
8.70508259	0.32669692	0.03752944	-0.11487542
8.70758258	0.32670610	0.03751972	-0.11484244
8.71008258	0.32671520	0.03751000	-0.11480947
8.71258257	0.32672422	0.03750027	-0.11477653
8.71508257	0.32673316	0.03749054	-0.11474361
8.71758256	0.32674202	0.03748081	-0.11471070
8.72008256	0.32675080	0.03747107	-0.11467781
8.72258255	0.32675950	0.03746133	-0.11464495
8.72508255	0.32676812	0.03745158	-0.11461210
8.72758254	0.32677666	0.03744183	-0.11457927
8.73008254	0.32678512	0.03743208	-0.11454645
8.73258253	0.32679350	0.03742232	-0.11451366
8.73508253	0.32680180	0.03741256	-0.11448089
8.73758252	0.32681001	0.03740280	-0.11444813
8.74008252	0.32681815	0.03739303	-0.11441540
8.74258251	0.32682621	0.03738326	-0.11438268
8.74508251	0.32683419	0.03737348	-0.11434998
8.74758250	0.32684209	0.03736370	-0.11431730
8.75008250	0.32684990	0.03735392	-0.11428464
8.75258249	0.32685764	0.03734414	-0.11425199
8.75508249	0.32686530	0.03733435	-0.11421937
8.75758248	0.32687288	0.03732456	-0.11418676
8.76008248	0.32688038	0.03731476	-0.11415418
8.76258247	0.32688780	0.03730496	-0.11412161
8.76508247	0.32689514	0.03729516	-0.11408906
8.76758246	0.32690240	0.03728535	-0.11405653
8.77008246	0.32690958	0.03727554	-0.11402401
8.77258245	0.32691668	0.03726573	-0.11399152
8.77508245	0.32692370	0.03725591	-0.11395904
8.77758244	0.32693064	0.03724609	-0.11392659
8.78008244	0.32693751	0.03723627	-0.11389415
8.78258243	0.32694429	0.03722644	-0.11386173
8.78508243	0.32695099	0.03721661	-0.11382932
8.78758242	0.32695762	0.03720678	-0.11379694
8.79008242	0.32696417	0.03719694	-0.11376458
8.79258241	0.32697063	0.03718710	-0.11373223
8.79508241	0.32697702	0.03717725	-0.11369990
8.79758240	0.32698333	0.03716741	-0.11366759
8.80008240	0.32698956	0.03715756	-0.11363530
8.80258239	0.32699570	0.03714770	-0.11360303
8.80508239	0.32700178	0.03713784	-0.11357077
8.80758238	0.32700777	0.03712798	-0.11353853
8.81008238	0.32701368	0.03711812	-0.11350632
8.81258237	0.32701951	0.03710825	-0.11347412
8.81508237	0.32702527	0.03709838	-0.11344193
8.81758236	0.32703095	0.03708850	-0.11340977
8.82008236	0.32703654	0.03707863	-0.11337763
8.82258235	0.32704206	0.03706875	-0.11334550
8.82508235	0.32704750	0.03705886	-0.11331339
8.82758234	0.32705286	0.03704897	-0.11328130
8.83008234	0.32705815	0.03703908	-0.11324923
8.83258233	0.32706335	0.03702919	-0.11321717
8.83508233	0.32706848	0.03701929	-0.11318514
8.83758232	0.32707352	0.03700939	-0.11315312
8.84008232	0.32707849	0.03699948	-0.11312112
8.84258231	0.32708338	0.03698958	-0.11308914
8.84508231	0.32708820	0.03697967	-0.11305717
8.84758230	0.32709293	0.03696975	-0.11302523
8.85008230	0.32709758	0.03695984	-0.11299330
8.85258229	0.32710216	0.03694991	-0.11296139
8.85508229	0.32710666	0.03693999	-0.11292950
8.85758228	0.32711108	0.03693006	-0.11289762
8.86008228	0.32711542	0.03692013	-0.11286577
8.86258227	0.32711969	0.03691020	-0.11283393
8.86508227	0.32712388	0.03690026	-0.11280211
8.86758226	0.32712798	0.03689032	-0.11277031
8.87008226	0.32713202	0.03688038	-0.11273853
8.87258225	0.32713597	0.03687044	-0.11270676
8.87508225	0.32713984	0.03686049	-0.11267501
8.87758224	0.32714364	0.03685053	-0.11264328
8.88008224	0.32714736	0.03684058	-0.11261157
8.88258223	0.32715100	0.03683062	-0.11257988
8.88508223	0.32715456	0.03682066	-0.11254820
8.88758222	0.32715805	0.03681069	-0.11251654
8.89008222	0.32716146	0.03680072	-0.11248490
8.89258221	0.32716479	0.03679075	-0.11245328
8.89508221	0.32716804	0.03678078	-0.11242167
8.89758220	0.32717122	0.03677080	-0.11239008
8.90008220	0.32717432	0.03676082	-0.11235851
8.90258219	0.32717734	0.03675084	-0.11232696
8.90508219	0.32718028	0.03674085	-0.11229543
8.90758218	0.32718315	0.03673086	-0.11226391
8.91008218	0.32718594	0.03672087	-0.11223241
8.91258217	0.32718865	0.03671087	-0.11220093
8.91508217	0.32719128	0.03670087	-0.11216947
8.91758216	0.32719384	0.03669087	-0.11213802
8.92008216	0.32719632	0.03668086	-0.11210659
8.92258215	0.32719873	0.03667086	-0.11207518
8.92508215	0.32720105	0.03666084	-0.11204379
8.92758214	0.32720330	0.03665083	-0.11201241
8.93008214	0.32720547	0.03664081	-0.11198105
8.93258213	0.32720757	0.03663079	-0.11194971
8.93508213	0.32720959	0.03662077	-0.11191839
8.93758212	0.32721153	0.03661074	-0.11188708
8.94008212	0.32721339	0.03660071	-0.11185580
8.94258211	0.32721518	0.03659068	-0.11182453
8.94508211	0.32721689	0.03658065	-0.11179327
8.94758210	0.32721853	0.03657061	-0.11176204
8.95008210	0.32722009	0.03656057	-0.11173082
8.95258209	0.32722157	0.03655052	-0.11169962
8.95508209	0.32722297	0.03654048	-0.11166843
8.95758208	0.32722430	0.03653043	-0.11163727
8.96008208	0.32722555	0.03652037	-0.11160612
8.96258207	0.32722673	0.03651032	-0.11157499
8.96508207	0.32722783	0.03650026	-0.11154388
8.96758206	0.32722885	0.03649020	-0.11151278
8.97008206	0.32722980	0.03648013	-0.11148170
8.97258205	0.32723067	0.03647007	-0.11145064
8.97508205	0.32723146	0.03646000	-0.11141959
8.97758204	0.32723218	0.03644992	-0.11138857
8.98008204	0.32723282	0.03643985	-0.11135756
8.98258203	0.32723339	0.03642977	-0.11132656
8.98508203	0.32723388	0.03641969	-0.11129559
8.98758202	0.32723429	0.03640960	-0.11126463
8.99008202	0.32723463	0.03639952	-0.11123369
8.99258201	0.32723489	0.03638942	-0.11120277
8.99508201	0.32723507	0.03637933	-0.11117186
8.99758200	0.32723518	0.03636924	-0.11114097
9.00008200	0.32723522	0.03635914	-0.11111010
9.00258199	0.32723518	0.03634904	-0.11107924
9.00508199	0.32723506	0.03633893	-0.11104841
9.00758198	0.32723487	0.03632882	-0.11101759
9.01008198	0.32723460	0.03631871	-0.11098678
9.01258197	0.32723425	0.03630860	-0.11095599
9.01508197	0.32723384	0.03629849	-0.11092523
9.01758196	0.32723334	0.03628837	-0.11089447
9.02008196	0.32723277	0.03627825	-0.11086374
9.02258195	0.32723212	0.03626812	-0.11083302
9.02508195	0.32723140	0.03625800	-0.11080232
9.02758194	0.32723061	0.03624787	-0.11077163
9.03008194	0.32722973	0.03623774	-0.11074097
9.03258193	0.32722879	0.03622760	-0.11071032
9.03508193	0.32722776	0.03621747	-0.11067968
9.03758192	0.32722667	0.03620733	-0.11064907
9.04008192	0.32722549	0.03619718	-0.11061847
9.04258191	0.32722425	0.03618704	-0.11058788
9.04508191	0.32722292	0.03617689	-0.11055732
9.04758190	0.32722153	0.03616674	-0.11052677
9.05008190	0.32722005	0.03615658	-0.11049624
9.05258189	0.32721851	0.03614643	-0.11046572
9.05508189	0.32721688	0.03613627	-0.11043522
9.05758188	0.32721519	0.03612611	-0.11040474
9.06008188	0.32721341	0.03611594	-0.11037428
9.06258187	0.32721157	0.03610578	-0.11034383
9.06508187	0.32720965	0.03609561	-0.11031340
9.06758186	0.32720765	0.03608544	-0.11028299
9.07008186	0.32720558	0.03607526	-0.11025259
9.07258185	0.32720343	0.03606508	-0.11022221
9.07508185	0.32720121	0.03605490	-0.11019184
9.07758184	0.32719892	0.03604472	-0.11016150
9.08008184	0.32719655	0.03603454	-0.11013117
9.08258183	0.32719411	0.03602435	-0.11010085
9.08508183	0.32719159	0.03601416	-0.11007056
9.08758182	0.32718900	0.03600397	-0.11004027
9.09008182	0.32718633	0.03599377	-0.11001001
9.09258181	0.32718359	0.03598357	-0.10997976
9.09508181	0.32718078	0.03597337	-0.10994953
9.09758180	0.32717789	0.03596317	-0.10991932
9.10008180	0.32717493	0.03595297	-0.10988912
9.10258179	0.32717189	0.03594276	-0.10985894
9.10508179	0.32716878	0.03593255	-0.10982878
9.10758178	0.32716559	0.03592233	-0.10979863
9.11008178	0.32716234	0.03591212	-0.10976850
9.11258177	0.32715900	0.03590190	-0.10973838
9.11508177	0.32715560	0.03589168	-0.10970829
9.11758176	0.32715212	0.03588146	-0.10967820
9.12008176	0.32714856	0.03587123	-0.10964814
9.12258175	0.32714494	0.03586100	-0.10961809
9.12508175	0.32714123	0.03585077	-0.10958806
9.12758174	0.32713746	0.03584054	-0.10955804
9.13008174	0.32713361	0.03583030	-0.10952804
9.13258173	0.32712969	0.03582007	-0.10949806
9.13508173	0.32712569	0.03580983	-0.10946810
9.13758172	0.32712162	0.03579958	-0.10943815
9.14008172	0.32711748	0.03578934	-0.10940821
9.14258171	0.32711327	0.03577909	-0.10937830
9.14508171	0.32710898	0.03576884	-0.10934839
9.14758170	0.32710462	0.03575859	-0.10931851
9.15008170	0.32710018	0.03574833	-0.10928864
9.15258169	0.32709567	0.03573808	-0.10925879
9.15508169	0.32709109	0.03572782	-0.10922895
9.15758168	0.32708643	0.03571756	-0.10919914
9.16008168	0.32708171	0.03570729	-0.10916933
9.16258167	0.32707690	0.03569702	-0.10913955
9.16508167	0.32707203	0.03568676	-0.10910978
9.16758166	0.32706708	0.03567648	-0.10908002
9.17008166	0.32706206	0.03566621	-0.10905028
9.17258165	0.32705697	0.03565593	-0.10902056
9.17508165	0.32705181	0.03564566	-0.10899086
9.17758164	0.32704657	0.03563538	-0.10896117
9.18008164	0.32704126	0.03562509	-0.10893149
9.18258163	0.32703587	0.03561481	-0.10890184
9.18508163	0.32703042	0.03560452	-0.10887220
9.18758162	0.32702489	0.03559423	-0.10884257
9.19008162	0.32701929	0.03558394	-0.10881296
9.19258161	0.32701361	0.03557364	-0.10878337
9.19508161	0.32700787	0.03556335	-0.10875379
9.19758160	0.32700205	0.03555305	-0.10872423
9.20008160	0.32699616	0.03554275	-0.10869469
9.20258159	0.32699019	0.03553244	-0.10866516
9.20508159	0.32698416	0.03552214	-0.10863565
9.20758158	0.32697805	0.03551183	-0.10860615
9.21008158	0.32697187	0.03550152	-0.10857667
9.21258157	0.32696562	0.03549120	-0.10854721
9.21508157	0.32695929	0.03548089	-0.10851776
9.21758156	0.32695289	0.03547057	-0.10848833
9.22008156	0.32694643	0.03546025	-0.10845891
9.22258155	0.32693988	0.03544993	-0.10842951
9.22508155	0.32693327	0.03543961	-0.10840013
9.22758154	0.32692659	0.03542928	-0.10837076
9.23008154	0.32691983	0.03541895	-0.10834140
9.23258153	0.32691300	0.03540862	-0.10831207
9.23508153	0.32690610	0.03539829	-0.10828275
9.23758152	0.32689913	0.03538796	-0.10825344
9.24008152	0.32689209	0.03537762	-0.10822415
9.24258151	0.32688497	0.03536728	-0.10819488
9.24508151	0.32687779	0.03535694	-0.10816562
9.24758150	0.32687053	0.03534660	-0.10813638
9.25008150	0.32686320	0.03533625	-0.10810716
9.25258149	0.32685580	0.03532590	-0.10807795
9.25508149	0.32684833	0.03531555	-0.10804875
9.25758148	0.32684078	0.03530520	-0.10801957
9.26008148	0.32683317	0.03529485	-0.10799041
9.26258147	0.32682548	0.03528449	-0.10796126
9.26508147	0.32681772	0.03527413	-0.10793213
9.26758146	0.32680989	0.03526377	-0.10790302
9.27008146	0.32680199	0.03525341	-0.10787392
9.27258145	0.32679402	0.03524305	-0.10784483
9.27508145	0.32678598	0.03523268	-0.10781576
9.27758144	0.32677787	0.03522231	-0.10778671
9.28008144	0.32676968	0.03521194	-0.10775768
9.28258143	0.32676143	0.03520157	-0.10772865
9.28508143	0.32675310	0.03519119	-0.10769965
9.28758142	0.32674470	0.03518082	-0.10767066
9.29008142	0.32673624	0.03517044	-0.10764168
9.29258141	0.32672770	0.03516006	-0.10761272
9.29508141	0.32671909	0.03514967	-0.10758378
9.29758140	0.32671041	0.03513929	-0.10755485
9.30008140	0.32670166	0.03512890	-0.10752594
9.30258139	0.32669284	0.03511851	-0.10749704
9.30508139	0.32668395	0.03510812	-0.10746816
9.30758138	0.32667498	0.03509773	-0.10743930
9.31008138	0.32666595	0.03508734	-0.10741045
9.31258137	0.32665685	0.03507694	-0.10738161
9.31508137	0.32664768	0.03506654	-0.10735279
9.31758136	0.32663843	0.03505614	-0.10732399
9.32008136	0.32662912	0.03504574	-0.10729520
9.32258135	0.32661973	0.03503533	-0.10726643
9.32508135	0.32661028	0.03502493	-0.10723767
9.32758134	0.32660075	0.03501452	-0.10720893
9.33008134	0.32659116	0.03500411	-0.10718020
9.33258133	0.32658149	0.03499369	-0.10715149
9.33508133	0.32657176	0.03498328	-0.10712279
9.33758132	0.32656196	0.03497286	-0.10709411
9.34008132	0.32655208	0.03496245	-0.10706545
9.34258131	0.32654214	0.03495203	-0.10703680
9.34508131	0.32653212	0.03494160	-0.10700816
9.34758130	0.32652204	0.03493118	-0.10697955
9.35008130	0.32651188	0.03492075	-0.10695094
9.35258129	0.32650166	0.03491033	-0.10692235
9.35508129	0.32649137	0.03489990	-0.10689378
9.35758128	0.32648100	0.03488946	-0.10686522
9.36008128	0.32647057	0.03487903	-0.10683668
9.36258127	0.32646007	0.03486860	-0.10680815
9.36508127	0.32644950	0.03485816	-0.10677964
9.36758126	0.32643886	0.03484772	-0.10675114
9.37008126	0.32642815	0.03483728	-0.10672266
9.37258125	0.32641737	0.03482684	-0.10669419
9.37508125	0.32640652	0.03481639	-0.10666574
9.37758124	0.32639560	0.03480595	-0.10663731
9.38008124	0.32638461	0.03479550	-0.10660888
9.38258123	0.32637355	0.03478505	-0.10658048
9.38508123	0.32636243	0.03477460	-0.10655209
9.38758122	0.32635123	0.03476414	-0.10652371
9.39008122	0.32633997	0.03475369	-0.10649535
9.39258121	0.32632864	0.03474323	-0.10646701
9.39508121	0.32631723	0.03473277	-0.10643868
9.39758120	0.32630576	0.03472231	-0.10641036
9.40008120	0.32629422	0.03471185	-0.10638206
9.40258119	0.32628262	0.03470139	-0.10635377
9.40508119	0.32627094	0.03469092	-0.10632550
9.40758118	0.32625919	0.03468045	-0.10629725
9.41008118	0.32624738	0.03466999	-0.10626901
9.41258117	0.32623549	0.03465951	-0.10624078
9.41508117	0.32622354	0.03464904	-0.10621257
9.41758116	0.32621152	0.03463857	-0.10618438
9.42008116	0.32619943	0.03462809	-0.10615620
9.42258115	0.32618727	0.03461761	-0.10612803
9.42508115	0.32617505	0.03460713	-0.10609988
9.42758114	0.32616275	0.03459665	-0.10607175
9.43008114	0.32615039	0.03458617	-0.10604363
9.43258113	0.32613796	0.03457569	-0.10601552
9.43508113	0.32612546	0.03456520	-0.10598743
9.43758112	0.32611289	0.03455471	-0.10595935
9.44008112	0.32610026	0.03454422	-0.10593129
9.44258111	0.32608755	0.03453373	-0.10590325
9.44508111	0.32607478	0.03452324	-0.10587522
9.44758110	0.32606194	0.03451274	-0.10584720
9.45008110	0.32604903	0.03450225	-0.10581920
9.45258109	0.32603606	0.03449175	-0.10579121
9.45508109	0.32602301	0.03448125	-0.10576324
9.45758108	0.32600990	0.03447075	-0.10573528
9.46008108	0.32599672	0.03446025	-0.10570734
9.46258107	0.32598348	0.03444974	-0.10567941
9.46508107	0.32597016	0.03443924	-0.10565150
9.46758106	0.32595678	0.03442873	-0.10562360
9.47008106	0.32594333	0.03441822	-0.10559572
9.47258105	0.32592981	0.03440771	-0.10556785
9.47508105	0.32591622	0.03439720	-0.10553999
9.47758104	0.32590257	0.03438668	-0.10551215
9.48008104	0.32588885	0.03437617	-0.10548433
9.48258103	0.32587506	0.03436565	-0.10545652
9.48508103	0.32586121	0.03435513	-0.10542873
9.48758102	0.32584729	0.03434461	-0.10540094
9.49008102	0.32583330	0.03433409	-0.10537318
9.49258101	0.32581924	0.03432357	-0.10534543
9.49508101	0.32580512	0.03431304	-0.10531769
9.49758100	0.32579092	0.03430252	-0.10528997
9.50008100	0.32577667	0.03429199	-0.10526226
9.50258099	0.32576234	0.03428146	-0.10523457
9.50508099	0.32574795	0.03427093	-0.10520689
9.50758098	0.32573349	0.03426040	-0.10517923
9.51008098	0.32571896	0.03424986	-0.10515158
9.51258097	0.32570437	0.03423933	-0.10512394
9.51508097	0.32568971	0.03422879	-0.10509632
9.51758096	0.32567498	0.03421825	-0.10506871
9.52008096	0.32566019	0.03420771	-0.10504112
9.52258095	0.32564533	0.03419717	-0.10501355
9.52508095	0.32563040	0.03418663	-0.10498598
9.52758094	0.32561541	0.03417608	-0.10495844
9.53008094	0.32560035	0.03416554	-0.10493090
9.53258093	0.32558522	0.03415499	-0.10490338
9.53508093	0.32557003	0.03414444	-0.10487588
9.53758092	0.32555477	0.03413389	-0.10484839
9.54008092	0.32553944	0.03412334	-0.10482091
9.54258091	0.32552405	0.03411279	-0.10479345
9.54508091	0.32550859	0.03410223	-0.10476601
9.54758090	0.32549307	0.03409168	-0.10473857
9.55008090	0.32547748	0.03408112	-0.10471115
9.55258089	0.32546182	0.03407056	-0.10468375
9.55508089	0.32544610	0.03406000	-0.10465636
9.55758088	0.32543031	0.03404944	-0.10462899
9.56008088	0.32541445	0.03403888	-0.10460163
9.56258087	0.32539853	0.03402832	-0.10457428
9.56508087	0.32538254	0.03401775	-0.10454695
9.56758086	0.32536649	0.03400718	-0.10451963
9.57008086	0.32535037	0.03399662	-0.10449233
9.57258085	0.32533418	0.03398605	-0.10446504
9.57508085	0.32531793	0.03397548	-0.10443776
9.57758084	0.32530162	0.03396490	-0.10441050
9.58008084	0.32528524	0.03395433	-0.10438325
9.58258083	0.32526879	0.03394376	-0.10435602
9.58508083	0.32525228	0.03393318	-0.10432880
9.58758082	0.32523570	0.03392260	-0.10430160
9.59008082	0.32521905	0.03391202	-0.10427441
9.59258081	0.32520234	0.03390144	-0.10424723
9.59508081	0.32518557	0.03389086	-0.10422007
9.59758080	0.32516873	0.03388028	-0.10419292
9.60008080	0.32515182	0.03386970	-0.10416579
9.60258079	0.32513485	0.03385911	-0.10413867
9.60508079	0.32511781	0.03384852	-0.10411157
9.60758078	0.32510071	0.03383794	-0.10408447
9.61008078	0.32508355	0.03382735	-0.10405740
9.61258077	0.32506631	0.03381676	-0.10403034
9.61508077	0.32504902	0.03380617	-0.10400329
9.61758076	0.32503166	0.03379557	-0.10397625
9.62008076	0.32501423	0.03378498	-0.10394923
9.62258075	0.32499674	0.03377438	-0.10392222
9.62508075	0.32497918	0.03376379	-0.10389523
9.62758074	0.32496156	0.03375319	-0.10386825
9.63008074	0.32494387	0.03374259	-0.10384129
9.63258073	0.32492612	0.03373199	-0.10381434
9.63508073	0.32490831	0.03372139	-0.10378740
9.63758072	0.32489043	0.03371079	-0.10376048
9.64008072	0.32487248	0.03370018	-0.10373357
9.64258071	0.32485447	0.03368958	-0.10370668
9.64508071	0.32483640	0.03367897	-0.10367980
9.64758070	0.32481826	0.03366836	-0.10365293
9.65008070	0.32480006	0.03365776	-0.10362608
9.65258069	0.32478179	0.03364715	-0.10359924
9.65508069	0.32476346	0.03363654	-0.10357241
9.65758068	0.32474506	0.03362592	-0.10354560
9.66008068	0.32472660	0.03361531	-0.10351880
9.66258067	0.32470808	0.03360470	-0.10349202
9.66508067	0.32468949	0.03359408	-0.10346525
9.66758066	0.32467084	0.03358346	-0.10343850
9.67008066	0.32465212	0.03357285	-0.10341175
9.67258065	0.32463334	0.03356223	-0.10338503
9.67508065	0.32461450	0.03355161	-0.10335831
9.67758064	0.32459559	0.03354099	-0.10333161
9.68008064	0.32457662	0.03353036	-0.10330492
9.68258063	0.32455758	0.03351974	-0.10327825
9.68508063	0.32453848	0.03350912	-0.10325159
9.68758062	0.32451932	0.03349849	-0.10322495
9.69008062	0.32450009	0.03348786	-0.10319832
9.69258061	0.32448080	0.03347724	-0.10317170
9.69508061	0.32446145	0.03346661	-0.10314509
9.69758060	0.32444203	0.03345598	-0.10311850
9.70008060	0.32442255	0.03344535	-0.10309193
9.70258059	0.32440300	0.03343471	-0.10306536
9.70508059	0.32438339	0.03342408	-0.10303881
9.70758058	0.32436372	0.03341345	-0.10301228
9.71008058	0.32434399	0.03340281	-0.10298576
9.71258057	0.32432419	0.03339217	-0.10295925
9.71508057	0.32430433	0.03338154	-0.10293275
9.71758056	0.32428440	0.03337090	-0.10290627
9.72008056	0.32426441	0.03336026	-0.10287981
9.72258055	0.32424436	0.03334962	-0.10285335
9.72508055	0.32422425	0.03333898	-0.10282691
9.72758054	0.32420407	0.03332834	-0.10280049
9.73008054	0.32418383	0.03331769	-0.10277407
9.73258053	0.32416353	0.03330705	-0.10274767
9.73508053	0.32414316	0.03329640	-0.10272129
9.73758052	0.32412273	0.03328576	-0.10269491
9.74008052	0.32410224	0.03327511	-0.10266856
9.74258051	0.32408168	0.03326446	-0.10264221
9.74508051	0.32406107	0.03325381	-0.10261588
9.74758050	0.32404039	0.03324316	-0.10258956
9.75008050	0.32401964	0.03323251	-0.10256326
9.75258049	0.32399884	0.03322186	-0.10253696
9.75508049	0.32397797	0.03321120	-0.10251069
9.75758048	0.32395704	0.03320055	-0.10248442
9.76008048	0.32393605	0.03318990	-0.10245817
9.76258047	0.32391499	0.03317924	-0.10243193
9.76508047	0.32389388	0.03316858	-0.10240571
9.76758046	0.32387270	0.03315792	-0.10237950
9.77008046	0.32385145	0.03314727	-0.10235330
9.77258045	0.32383015	0.03313661	-0.10232712
9.77508045	0.32380878	0.03312595	-0.10230095
9.77758044	0.32378736	0.03311528	-0.10227479
9.78008044	0.32376587	0.03310462	-0.10224865
9.78258043	0.32374431	0.03309396	-0.10222252
9.78508043	0.32372270	0.03308329	-0.10219640
9.78758042	0.32370102	0.03307263	-0.10217030
9.79008042	0.32367928	0.03306196	-0.10214421
9.79258041	0.32365748	0.03305130	-0.10211813
9.79508041	0.32363562	0.03304063	-0.10209207
9.79758040	0.32361370	0.03302996	-0.10206602
9.80008040	0.32359171	0.03301929	-0.10203998
9.80258039	0.32356966	0.03300862	-0.10201396
9.80508039	0.32354756	0.03299795	-0.10198795
9.80758038	0.32352538	0.03298728	-0.10196195
9.81008038	0.32350315	0.03297661	-0.10193596
9.81258037	0.32348086	0.03296593	-0.10190999
9.81508037	0.32345850	0.03295526	-0.10188404
9.81758036	0.32343609	0.03294458	-0.10185809
9.82008036	0.32341361	0.03293391	-0.10183216
9.82258035	0.32339107	0.03292323	-0.10180624
9.82508035	0.32336847	0.03291255	-0.10178034
9.82758034	0.32334581	0.03290187	-0.10175445
9.83008034	0.32332309	0.03289119	-0.10172857
9.83258033	0.32330030	0.03288051	-0.10170270
9.83508033	0.32327746	0.03286983	-0.10167685
9.83758032	0.32325455	0.03285915	-0.10165101
9.84008032	0.32323158	0.03284847	-0.10162519
9.84258031	0.32320856	0.03283779	-0.10159937
9.84508031	0.32318547	0.03282710	-0.10157357
9.84758030	0.32316232	0.03281642	-0.10154779
9.85008030	0.32313911	0.03280573	-0.10152202
9.85258029	0.32311584	0.03279505	-0.10149625
9.85508029	0.32309250	0.03278436	-0.10147051
9.85758028	0.32306911	0.03277367	-0.10144477
9.86008028	0.32304566	0.03276298	-0.10141905
9.86258027	0.32302214	0.03275230	-0.10139334
9.86508027	0.32299857	0.03274161	-0.10136765
9.86758026	0.32297493	0.03273092	-0.10134197
9.87008026	0.32295124	0.03272022	-0.10131630
9.87258025	0.32292748	0.03270953	-0.10129064
9.87508025	0.32290367	0.03269884	-0.10126500
9.87758024	0.32287979	0.03268815	-0.10123937
9.88008024	0.32285585	0.03267745	-0.10121375
9.88258023	0.32283186	0.03266676	-0.10118815
9.88508023	0.32280780	0.03265606	-0.10116256
9.88758022	0.32278368	0.03264537	-0.10113698
9.89008022	0.32275950	0.03263467	-0.10111141
9.89258021	0.32273527	0.03262397	-0.10108586
9.89508021	0.32271097	0.03261327	-0.10106032
9.89758020	0.32268661	0.03260258	-0.10103480
9.90008020	0.32266219	0.03259188	-0.10100928
9.90258019	0.32263772	0.03258118	-0.10098378
9.90508019	0.32261318	0.03257048	-0.10095829
9.90758018	0.32258858	0.03255978	-0.10093282
9.91008018	0.32256392	0.03254907	-0.10090736
9.91258017	0.32253921	0.03253837	-0.10088191
9.91508017	0.32251443	0.03252767	-0.10085647
9.91758016	0.32248960	0.03251696	-0.10083105
9.92008016	0.32246470	0.03250626	-0.10080564
9.92258015	0.32243975	0.03249555	-0.10078024
9.92508015	0.32241473	0.03248485	-0.10075485
9.92758014	0.32238966	0.03247414	-0.10072948
9.93008014	0.32236453	0.03246344	-0.10070412
9.93258013	0.32233933	0.03245273	-0.10067877
9.93508013	0.32231408	0.03244202	-0.10065344
9.93758012	0.32228877	0.03243131	-0.10062812
9.94008012	0.32226340	0.03242060	-0.10060281
9.94258011	0.32223797	0.03240989	-0.10057751
9.94508011	0.32221248	0.03239918	-0.10055223
9.94758010	0.32218694	0.03238847	-0.10052696
9.95008010	0.32216133	0.03237776	-0.10050170
9.95258009	0.32213566	0.03236705	-0.10047646
9.95508009	0.32210994	0.03235634	-0.10045123
9.95758008	0.32208416	0.03234563	-0.10042601
9.96008008	0.32205831	0.03233491	-0.10040080
9.96258007	0.32203241	0.03232420	-0.10037560
9.96508007	0.32200645	0.03231348	-0.10035042
9.96758006	0.32198044	0.03230277	-0.10032525
9.97008006	0.32195436	0.03229205	-0.10030010
9.97258005	0.32192822	0.03228134	-0.10027495
9.97508005	0.32190203	0.03227062	-0.10024982
9.97758004	0.32187578	0.03225990	-0.10022470
9.98008004	0.32184946	0.03224919	-0.10019960
9.98258003	0.32182309	0.03223847	-0.10017450
9.98508003	0.32179667	0.03222775	-0.10014942
9.98758002	0.32177018	0.03221703	-0.10012435
9.99008002	0.32174364	0.03220631	-0.10009930
9.99258001	0.32171703	0.03219559	-0.10007425
9.99508001	0.32169037	0.03218487	-0.10004922
9.99758000	0.32166365	0.03217415	-0.10002421
10.00008000	0.32163688	0.03216343	-0.09999920
10.00257999	0.32161004	0.03215271	-0.09997421
10.00507999	0.32158315	0.03214199	-0.09994923
10.00757998	0.32155620	0.03213126	-0.09992426
10.01007998	0.32152919	0.03212054	-0.09989930
10.01257997	0.32150212	0.03210982	-0.09987436
10.01507997	0.32147499	0.03209909	-0.09984943
10.01757996	0.32144781	0.03208837	-0.09982451
10.02007996	0.32142057	0.03207765	-0.09979960
10.02257995	0.32139327	0.03206692	-0.09977471
10.02507995	0.32136592	0.03205619	-0.09974983
10.02757994	0.32133850	0.03204547	-0.09972496
10.03007994	0.32131103	0.03203474	-0.09970010
10.03257993	0.32128350	0.03202402	-0.09967526
10.03507993	0.32125592	0.03201329	-0.09965043
10.03757992	0.32122827	0.03200256	-0.09962561
10.04007992	0.32120057	0.03199183	-0.09960080
10.04257991	0.32117281	0.03198111	-0.09957601
10.04507991	0.32114500	0.03197038	-0.09955122
10.04757990	0.32111712	0.03195965	-0.09952645
10.05007990	0.32108919	0.03194892	-0.09950170
10.05257989	0.32106121	0.03193819	-0.09947695
10.05507989	0.32103316	0.03192746	-0.09945222
10.05757988	0.32100506	0.03191673	-0.09942750
10.06007988	0.32097690	0.03190600	-0.09940279
10.06257987	0.32094868	0.03189527	-0.09937809
10.06507987	0.32092041	0.03188454	-0.09935341
10.06757986	0.32089208	0.03187381	-0.09932874
10.07007986	0.32086370	0.03186307	-0.09930408
10.07257985	0.32083525	0.03185234	-0.09927943
10.07507985	0.32080675	0.03184161	-0.09925480
10.07757984	0.32077820	0.03183088	-0.09923017
10.08007984	0.32074958	0.03182014	-0.09920556
10.08257983	0.32072091	0.03180941	-0.09918097
10.08507983	0.32069219	0.03179868	-0.09915638
10.08757982	0.32066340	0.03178794	-0.09913181
10.09007982	0.32063456	0.03177721	-0.09910724
10.09257981	0.32060567	0.03176647	-0.09908269
10.09507981	0.32057672	0.03175574	-0.09905816
10.09757980	0.32054771	0.03174500	-0.09903363
10.10007980	0.32051864	0.03173427	-0.09900912
10.10257979	0.32048952	0.03172353	-0.09898462
10.10507979	0.32046034	0.03171280	-0.09896013
10.10757978	0.32043111	0.03170206	-0.09893565
10.11007978	0.32040182	0.03169132	-0.09891119
10.11257977	0.32037247	0.03168059	-0.09888674
10.11507977	0.32034307	0.03166985	-0.09886229
10.11757976	0.32031361	0.03165911	-0.09883787
10.12007976	0.32028410	0.03164838	-0.09881345
10.12257975	0.32025453	0.03163764	-0.09878905
10.12507975	0.32022490	0.03162690	-0.09876465
10.12757974	0.32019522	0.03161616	-0.09874027
10.13007974	0.32016548	0.03160543	-0.09871591
10.13257973	0.32013569	0.03159469	-0.09869155
10.13507973	0.32010584	0.03158395	-0.09866721
10.13757972	0.32007594	0.03157321	-0.09864287
10.14007972	0.32004598	0.03156247	-0.09861855
10.14257971	0.32001596	0.03155173	-0.09859425
10.14507971	0.31998589	0.03154099	-0.09856995
10.14757970	0.31995576	0.03153025	-0.09854567
10.15007970	0.31992558	0.03151951	-0.09852139
10.15257969	0.31989534	0.03150877	-0.09849713
10.15507969	0.31986505	0.03149803	-0.09847289
10.15757968	0.31983470	0.03148729	-0.09844865
10.16007968	0.31980430	0.03147655	-0.09842442
10.16257967	0.31977384	0.03146581	-0.09840021
10.16507967	0.31974333	0.03145507	-0.09837601
10.16757966	0.31971276	0.03144433	-0.09835182
10.17007966	0.31968213	0.03143359	-0.09832765
10.17257965	0.31965146	0.03142285	-0.09830348
10.17507965	0.31962072	0.03141211	-0.09827933
10.17757964	0.31958993	0.03140137	-0.09825519
10.18007964	0.31955909	0.03139063	-0.09823106
10.18257963	0.31952819	0.03137989	-0.09820694
10.18507963	0.31949724	0.03136914	-0.09818284
10.18757962	0.31946623	0.03135840	-0.09815874
10.19007962	0.31943517	0.03134766	-0.09813466
10.19257961	0.31940405	0.03133692	-0.09811059
10.19507961	0.31937288	0.03132618	-0.09808653
10.19757960	0.31934165	0.03131544	-0.09806249
10.20007960	0.31931037	0.03130469	-0.09803845
10.20257959	0.31927904	0.03129395	-0.09801443
10.20507959	0.31924765	0.03128321	-0.09799042
10.20757958	0.31921620	0.03127247	-0.09796642
10.21007958	0.31918470	0.03126173	-0.09794243
10.21257957	0.31915315	0.03125098	-0.09791845
10.21507957	0.31912154	0.03124024	-0.09789449
10.21757956	0.31908988	0.03122950	-0.09787054
10.22007956	0.31905817	0.03121876	-0.09784660
10.22257955	0.31902640	0.03120801	-0.09782267
10.22507955	0.31899457	0.03119727	-0.09779875
10.22757954	0.31896269	0.03118653	-0.09777484
10.23007954	0.31893076	0.03117579	-0.09775095
10.23257953	0.31889878	0.03116504	-0.09772707
10.23507953	0.31886674	0.03115430	-0.09770320
10.23757952	0.31883464	0.03114356	-0.09767934
10.24007952	0.31880250	0.03113281	-0.09765549
10.24257951	0.31877030	0.03112207	-0.09763166
10.24507951	0.31873804	0.03111133	-0.09760783
10.24757950	0.31870573	0.03110059	-0.09758402
10.25007950	0.31867337	0.03108984	-0.09756022
10.25257949	0.31864096	0.03107910	-0.09753643
10.25507949	0.31860849	0.03106836	-0.09751265
10.25757948	0.31857596	0.03105762	-0.09748889
10.26007948	0.31854339	0.03104687	-0.09746513
10.26257947	0.31851076	0.03103613	-0.09744139
10.26507947	0.31847808	0.03102539	-0.09741766
10.26757946	0.31844534	0.03101465	-0.09739394
10.27007946	0.31841255	0.03100390	-0.09737023
10.27257945	0.31837971	0.03099316	-0.09734653
10.27507945	0.31834681	0.03098242	-0.09732285
10.27757944	0.31831386	0.03097168	-0.09729917
10.28007944	0.31828086	0.03096093	-0.09727551
10.28257943	0.31824781	0.03095019	-0.09725186
10.28507943	0.31821470	0.03093945	-0.09722822
10.28757942	0.31818154	0.03092871	-0.09720460
10.29007942	0.31814832	0.03091797	-0.09718098
10.29257941	0.31811506	0.03090722	-0.09715738
10.29507941	0.31808174	0.03089648	-0.09713378
10.29757940	0.31804836	0.03088574	-0.09711020
10.30007940	0.31801494	0.03087500	-0.09708663
10.30257939	0.31798146	0.03086426	-0.09706307
10.30507939	0.31794793	0.03085352	-0.09703952
10.30757938	0.31791435	0.03084277	-0.09701599
10.31007938	0.31788071	0.03083203	-0.09699246
10.31257937	0.31784702	0.03082129	-0.09696895
10.31507937	0.31781328	0.03081055	-0.09694545
10.31757936	0.31777949	0.03079981	-0.09692196
10.32007936	0.31774564	0.03078907	-0.09689848
10.32257935	0.31771175	0.03077833	-0.09687501
10.32507935	0.31767780	0.03076759	-0.09685156
10.32757934	0.31764379	0.03075685	-0.09682811
10.33007934	0.31760974	0.03074611	-0.09680468
10.33257933	0.31757563	0.03073537	-0.09678126
10.33507933	0.31754148	0.03072463	-0.09675784
10.33757932	0.31750726	0.03071389	-0.09673445
10.34007932	0.31747300	0.03070315	-0.09671106
10.34257931	0.31743869	0.03069241	-0.09668768
10.34507931	0.31740432	0.03068167	-0.09666431
10.34757930	0.31736990	0.03067093	-0.09664096
10.35007930	0.31733543	0.03066019	-0.09661762
10.35257929	0.31730091	0.03064945	-0.09659429
10.35507929	0.31726634	0.03063872	-0.09657097
10.35757928	0.31723171	0.03062798	-0.09654766
10.36007928	0.31719703	0.03061724	-0.09652436
10.36257927	0.31716230	0.03060650	-0.09650107
10.36507927	0.31712752	0.03059576	-0.09647780
10.36757926	0.31709269	0.03058503	-0.09645453
10.37007926	0.31705781	0.03057429	-0.09643128
10.37257925	0.31702287	0.03056355	-0.09640804
10.37507925	0.31698789	0.03055282	-0.09638481
10.37757924	0.31695285	0.03054208	-0.09636159
10.38007924	0.31691776	0.03053134	-0.09633838
10.38257923	0.31688262	0.03052061	-0.09631518
10.38507923	0.31684743	0.03050987	-0.09629200
10.38757922	0.31681219	0.03049914	-0.09626882
10.39007922	0.31677689	0.03048840	-0.09624566
10.39257921	0.31674155	0.03047766	-0.09622250
10.39507921	0.31670615	0.03046693	-0.09619936
10.39757920	0.31667070	0.03045620	-0.09617623
10.40007920	0.31663521	0.03044546	-0.09615311
10.40257919	0.31659966	0.03043473	-0.09613001
10.40507919	0.31656406	0.03042399	-0.09610691
10.40757918	0.31652841	0.03041326	-0.09608382
10.41007918	0.31649271	0.03040253	-0.09606075
10.41257917	0.31645696	0.03039179	-0.09603769
10.41507917	0.31642115	0.03038106	-0.09601463
10.41757916	0.31638530	0.03037033	-0.09599159
10.42007916	0.31634940	0.03035960	-0.09596856
10.42257915	0.31631344	0.03034886	-0.09594554
10.42507915	0.31627744	0.03033813	-0.09592253
10.42757914	0.31624138	0.03032740	-0.09589954
10.43007914	0.31620528	0.03031667	-0.09587655
10.43257913	0.31616912	0.03030594	-0.09585357
10.43507913	0.31613291	0.03029521	-0.09583061
10.43757912	0.31609666	0.03028448	-0.09580766
10.44007912	0.31606035	0.03027375	-0.09578471
10.44257911	0.31602399	0.03026302	-0.09576178
10.44507911	0.31598758	0.03025229	-0.09573886
10.44757910	0.31595113	0.03024156	-0.09571595
10.45007910	0.31591462	0.03023084	-0.09569306
10.45257909	0.31587806	0.03022011	-0.09567017
10.45507909	0.31584146	0.03020938	-0.09564729
10.45757908	0.31580480	0.03019865	-0.09562443
10.46007908	0.31576809	0.03018793	-0.09560157
10.46257907	0.31573133	0.03017720	-0.09557873
10.46507907	0.31569453	0.03016647	-0.09555590
10.46757906	0.31565767	0.03015575	-0.09553307
10.47007906	0.31562076	0.03014502	-0.09551026
10.47257905	0.31558381	0.03013430	-0.09548746
10.47507905	0.31554680	0.03012357	-0.09546467
10.47757904	0.31550975	0.03011285	-0.09544190
10.48007904	0.31547264	0.03010212	-0.09541913
10.48257903	0.31543549	0.03009140	-0.09539637
10.48507903	0.31539828	0.03008068	-0.09537363
10.48757902	0.31536103	0.03006996	-0.09535089
10.49007902	0.31532373	0.03005923	-0.09532817
10.49257901	0.31528638	0.03004851	-0.09530545
10.49507901	0.31524898	0.03003779	-0.09528275
10.49757900	0.31521153	0.03002707	-0.09526006
10.50007900	0.31517403	0.03001635	-0.09523738
10.50257899	0.31513648	0.03000563	-0.09521471
10.50507899	0.31509888	0.02999491	-0.09519205
10.50757898	0.31506123	0.02998419	-0.09516940
10.51007898	0.31502354	0.02997347	-0.09514676
10.51257897	0.31498579	0.02996275	-0.09512414
10.51507897	0.31494800	0.02995203	-0.09510152
10.51757896	0.31491016	0.02994132	-0.09507892
10.52007896	0.31487227	0.02993060	-0.09505632
10.52257895	0.31483433	0.02991988	-0.09503374
10.52507895	0.31479634	0.02990917	-0.09501116
10.52757894	0.31475830	0.02989845	-0.09498860
10.53007894	0.31472021	0.02988774	-0.09496605
10.53257893	0.31468208	0.02987702	-0.09494351
10.53507893	0.31464390	0.02986631	-0.09492098
10.53757892	0.31460566	0.02985559	-0.09489846
10.54007892	0.31456738	0.02984488	-0.09487595
10.54257891	0.31452905	0.02983417	-0.09485345
10.54507891	0.31449068	0.02982345	-0.09483096
10.54757890	0.31445225	0.02981274	-0.09480849
10.55007890	0.31441378	0.02980203	-0.09478602
10.55257889	0.31437526	0.02979132	-0.09476357
10.55507889	0.31433669	0.02978061	-0.09474112
10.55757888	0.31429807	0.02976990	-0.09471869
10.56007888	0.31425940	0.02975919	-0.09469626
10.56257887	0.31422069	0.02974848	-0.09467385
10.56507887	0.31418192	0.02973777	-0.09465145
10.56757886	0.31414311	0.02972707	-0.09462905
10.57007886	0.31410426	0.02971636	-0.09460667
10.57257885	0.31406535	0.02970565	-0.09458430
10.57507885	0.31402640	0.02969495	-0.09456194
10.57757884	0.31398739	0.02968424	-0.09453959
10.58007884	0.31394834	0.02967354	-0.09451725
10.58257883	0.31390925	0.02966283	-0.09449493
10.58507883	0.31387010	0.02965213	-0.09447261
10.58757882	0.31383091	0.02964142	-0.09445030
10.59007882	0.31379167	0.02963072	-0.09442800
10.59257881	0.31375238	0.02962002	-0.09440572
10.59507881	0.31371304	0.02960932	-0.09438344
10.59757880	0.31367366	0.02959862	-0.09436118
10.60007880	0.31363423	0.02958791	-0.09433892
10.60257879	0.31359475	0.02957721	-0.09431668
10.60507879	0.31355523	0.02956652	-0.09429444
10.60757878	0.31351565	0.02955582	-0.09427222
10.61007878	0.31347604	0.02954512	-0.09425001
10.61257877	0.31343637	0.02953442	-0.09422780
10.61507877	0.31339665	0.02952372	-0.09420561
10.61757876	0.31335689	0.02951303	-0.09418343
10.62007876	0.31331709	0.02950233	-0.09416126
10.62257875	0.31327723	0.02949164	-0.09413910
10.62507875	0.31323733	0.02948094	-0.09411695
10.62757874	0.31319738	0.02947025	-0.09409481
10.63007874	0.31315738	0.02945955	-0.09407268
10.63257873	0.31311734	0.02944886	-0.09405056
10.63507873	0.31307725	0.02943817	-0.09402845
10.63757872	0.31303711	0.02942748	-0.09400635
10.64007872	0.31299693	0.02941679	-0.09398427
10.64257871	0.31295670	0.02940610	-0.09396219
10.64507871	0.31291642	0.02939541	-0.09394012
10.64757870	0.31287610	0.02938472	-0.09391807
10.65007870	0.31283573	0.02937403	-0.09389602
10.65257869	0.31279532	0.02936334	-0.09387398
10.65507869	0.31275485	0.02935266	-0.09385196
10.65757868	0.31271434	0.02934197	-0.09382994
10.66007868	0.31267379	0.02933128	-0.09380794
10.66257867	0.31263319	0.02932060	-0.09378594
10.66507867	0.31259254	0.02930991	-0.09376396
10.66757866	0.31255184	0.02929923	-0.09374199
10.67007866	0.31251110	0.02928855	-0.09372002
10.67257865	0.31247032	0.02927787	-0.09369807
10.67507865	0.31242949	0.02926718	-0.09367612
10.67757864	0.31238861	0.02925650	-0.09365419
10.68007864	0.31234768	0.02924582	-0.09363227
10.68257863	0.31230671	0.02923514	-0.09361036
10.68507863	0.31226569	0.02922446	-0.09358845
10.68757862	0.31222463	0.02921379	-0.09356656
10.69007862	0.31218352	0.02920311	-0.09354468
10.69257861	0.31214237	0.02919243	-0.09352281
10.69507861	0.31210117	0.02918176	-0.09350095
10.69757860	0.31205992	0.02917108	-0.09347910
10.70007860	0.31201863	0.02916041	-0.09345726
10.70257859	0.31197730	0.02914973	-0.09343543
10.70507859	0.31193591	0.02913906	-0.09341361
10.70757858	0.31189449	0.02912839	-0.09339180
10.71007858	0.31185301	0.02911771	-0.09337000
10.71257857	0.31181149	0.02910704	-0.09334821
10.71507857	0.31176993	0.02909637	-0.09332643
10.71757856	0.31172832	0.02908570	-0.09330466
10.72007856	0.31168666	0.02907504	-0.09328290
10.72257855	0.31164496	0.02906437	-0.09326115
10.72507855	0.31160322	0.02905370	-0.09323941
10.72757854	0.31156143	0.02904303	-0.09321768
10.73007854	0.31151959	0.02903237	-0.09319596
10.73257853	0.31147771	0.02902170	-0.09317425
10.73507853	0.31143578	0.02901104	-0.09315256
10.73757852	0.31139381	0.02900038	-0.09313087
10.74007852	0.31135180	0.02898971	-0.09310919
10.74257851	0.31130974	0.02897905	-0.09308752
10.74507851	0.31126763	0.02896839	-0.09306586
10.74757850	0.31122548	0.02895773	-0.09304421
10.75007850	0.31118328	0.02894707	-0.09302258
10.75257849	0.31114104	0.02893641	-0.09300095
10.75507849	0.31109876	0.02892575	-0.09297933
10.75757848	0.31105643	0.02891510	-0.09295772
10.76007848	0.31101405	0.02890444	-0.09293613
10.76257847	0.31097163	0.02889379	-0.09291454
10.76507847	0.31092917	0.02888313	-0.09289296
10.76757846	0.31088666	0.02887248	-0.09287139
10.77007846	0.31084411	0.02886182	-0.09284983
10.77257845	0.31080151	0.02885117	-0.09282829
10.77507845	0.31075887	0.02884052	-0.09280675
10.77757844	0.31071619	0.02882987	-0.09278522
10.78007844	0.31067346	0.02881922	-0.09276370
10.78257843	0.31063068	0.02880857	-0.09274220
10.78507843	0.31058786	0.02879792	-0.09272070
10.78757842	0.31054500	0.02878728	-0.09269921
10.79007842	0.31050209	0.02877663	-0.09267773
10.79257841	0.31045914	0.02876598	-0.09265626
10.79507841	0.31041615	0.02875534	-0.09263481
10.79757840	0.31037311	0.02874470	-0.09261336
10.80007840	0.31033003	0.02873405	-0.09259192
10.80257839	0.31028690	0.02872341	-0.09257049
10.80507839	0.31024373	0.02871277	-0.09254907
10.80757838	0.31020052	0.02870213	-0.09252767
10.81007838	0.31015726	0.02869149	-0.09250627
10.81257837	0.31011396	0.02868085	-0.09248488
10.81507837	0.31007061	0.02867021	-0.09246350
10.81757836	0.31002722	0.02865958	-0.09244213
10.82007836	0.30998379	0.02864894	-0.09242077
10.82257835	0.30994031	0.02863831	-0.09239942
10.82507835	0.30989679	0.02862767	-0.09237808
10.82757834	0.30985323	0.02861704	-0.09235675
10.83007834	0.30980962	0.02860641	-0.09233544
10.83257833	0.30976597	0.02859578	-0.09231413
10.83507833	0.30972228	0.02858514	-0.09229283
10.83757832	0.30967854	0.02857451	-0.09227154
10.84007832	0.30963476	0.02856389	-0.09225026
10.84257831	0.30959094	0.02855326	-0.09222899
10.84507831	0.30954707	0.02854263	-0.09220773
10.84757830	0.30950316	0.02853201	-0.09218647
10.85007830	0.30945921	0.02852138	-0.09216523
10.85257829	0.30941522	0.02851076	-0.09214400
10.85507829	0.30937118	0.02850013	-0.09212278
10.85757828	0.30932710	0.02848951	-0.09210157
10.86007828	0.30928297	0.02847889	-0.09208037
10.86257827	0.30923881	0.02846827	-0.09205918
10.86507827	0.30919460	0.02845765	-0.09203799
10.86757826	0.30915034	0.02844703	-0.09201682
10.87007826	0.30910605	0.02843641	-0.09199566
10.87257825	0.30906171	0.02842580	-0.09197450
10.87507825	0.30901733	0.02841518	-0.09195336
10.87757824	0.30897290	0.02840457	-0.09193223
10.88007824	0.30892844	0.02839395	-0.09191110
10.88257823	0.30888393	0.02838334	-0.09188999
10.88507823	0.30883938	0.02837273	-0.09186888
10.88757822	0.30879478	0.02836212	-0.09184779
10.89007822	0.30875015	0.02835151	-0.09182670
10.89257821	0.30870547	0.02834090	-0.09180563
10.89507821	0.30866075	0.02833029	-0.09178456
10.89757820	0.30861599	0.02831969	-0.09176351
10.90007820	0.30857118	0.02830908	-0.09174246
10.90257819	0.30852633	0.02829847	-0.09172142
10.90507819	0.30848144	0.02828787	-0.09170040
10.90757818	0.30843651	0.02827727	-0.09167938
10.91007818	0.30839154	0.02826667	-0.09165837
10.91257817	0.30834652	0.02825607	-0.09163737
10.91507817	0.30830147	0.02824547	-0.09161638
10.91757816	0.30825637	0.02823487	-0.09159541
10.92007816	0.30821122	0.02822427	-0.09157444
10.92257815	0.30816604	0.02821367	-0.09155348
10.92507815	0.30812082	0.02820308	-0.09153253
10.92757814	0.30807555	0.02819248	-0.09151159
10.93007814	0.30803024	0.02818189	-0.09149065
10.93257813	0.30798489	0.02817130	-0.09146973
10.93507813	0.30793950	0.02816070	-0.09144882
10.93757812	0.30789407	0.02815011	-0.09142792
10.94007812	0.30784859	0.02813952	-0.09140703
10.94257811	0.30780307	0.02812894	-0.09138614
10.94507811	0.30775752	0.02811835	-0.09136527
10.94757810	0.30771192	0.02810776	-0.09134440
10.95007810	0.30766628	0.02809718	-0.09132355
10.95257809	0.30762059	0.02808659	-0.09130270
10.95507809	0.30757487	0.02807601	-0.09128187
10.95757808	0.30752911	0.02806543	-0.09126104
10.96007808	0.30748330	0.02805485	-0.09124023
10.96257807	0.30743745	0.02804427	-0.09121942
10.96507807	0.30739156	0.02803369	-0.09119862
10.96757806	0.30734563	0.02802311	-0.09117783
10.97007806	0.30729966	0.02801253	-0.09115705
10.97257805	0.30725365	0.02800196	-0.09113628
10.97507805	0.30720760	0.02799138	-0.09111553
10.97757804	0.30716151	0.02798081	-0.09109477
10.98007804	0.30711537	0.02797024	-0.09107403
10.98257803	0.30706920	0.02795966	-0.09105330
10.98507803	0.30702298	0.02794909	-0.09103258
10.98757802	0.30697673	0.02793853	-0.09101187
10.99007802	0.30693043	0.02792796	-0.09099116
10.99257801	0.30688409	0.02791739	-0.09097047
10.99507801	0.30683771	0.02790682	-0.09094979
10.99757800	0.30679130	0.02789626	-0.09092911
11.00007800	0.30674484	0.02788570	-0.09090845
11.00257799	0.30669834	0.02787513	-0.09088779
11.00507799	0.30665180	0.02786457	-0.09086714
11.00757798	0.30660521	0.02785401	-0.09084651
11.01007798	0.30655859	0.02784345	-0.09082588
11.01257797	0.30651193	0.02783290	-0.09080526
11.01507797	0.30646523	0.02782234	-0.09078465
11.01757796	0.30641849	0.02781178	-0.09076405
11.02007796	0.30637171	0.02780123	-0.09074346
11.02257795	0.30632488	0.02779068	-0.09072288
11.02507795	0.30627802	0.02778012	-0.09070231
11.02757794	0.30623112	0.02776957	-0.09068174
11.03007794	0.30618418	0.02775902	-0.09066119
11.03257793	0.30613719	0.02774847	-0.09064065
11.03507793	0.30609017	0.02773793	-0.09062011
11.03757792	0.30604311	0.02772738	-0.09059959
11.04007792	0.30599601	0.02771683	-0.09057907
11.04257791	0.30594886	0.02770629	-0.09055856
11.04507791	0.30590168	0.02769575	-0.09053807
11.04757790	0.30585446	0.02768521	-0.09051758
11.05007790	0.30580720	0.02767466	-0.09049710
11.05257789	0.30575990	0.02766413	-0.09047663
11.05507789	0.30571256	0.02765359	-0.09045617
11.05757788	0.30566518	0.02764305	-0.09043572
11.06007788	0.30561776	0.02763251	-0.09041528
11.06257787	0.30557030	0.02762198	-0.09039484
11.06507787	0.30552280	0.02761145	-0.09037442
11.06757786	0.30547526	0.02760091	-0.09035401
11.07007786	0.30542769	0.02759038	-0.09033360
11.07257785	0.30538007	0.02757985	-0.09031321
11.07507785	0.30533241	0.02756932	-0.09029282
11.07757784	0.30528472	0.02755880	-0.09027244
11.08007784	0.30523698	0.02754827	-0.09025207
11.08257783	0.30518921	0.02753775	-0.09023171
11.08507783	0.30514140	0.02752722	-0.09021136
11.08757782	0.30509355	0.02751670	-0.09019102
11.09007782	0.30504565	0.02750618	-0.09017069
11.09257781	0.30499773	0.02749566	-0.09015037
11.09507781	0.30494976	0.02748514	-0.09013006
11.09757780	0.30490175	0.02747462	-0.09010975
11.10007780	0.30485370	0.02746411	-0.09008946
11.10257779	0.30480562	0.02745359	-0.09006917
11.10507779	0.30475749	0.02744308	-0.09004890
11.10757778	0.30470933	0.02743256	-0.09002863
11.11007778	0.30466113	0.02742205	-0.09000837
11.11257777	0.30461289	0.02741154	-0.08998812
11.11507777	0.30456461	0.02740103	-0.08996788
11.11757776	0.30451629	0.02739053	-0.08994765
11.12007776	0.30446794	0.02738002	-0.08992743
11.12257775	0.30441954	0.02736951	-0.08990722
11.12507775	0.30437111	0.02735901	-0.08988701
11.12757774	0.30432264	0.02734851	-0.08986682
11.13007774	0.30427413	0.02733801	-0.08984663
11.13257773	0.30422558	0.02732751	-0.08982646
11.13507773	0.30417700	0.02731701	-0.08980629
11.13757772	0.30412837	0.02730651	-0.08978613
11.14007772	0.30407971	0.02729601	-0.08976598
11.14257771	0.30403101	0.02728552	-0.08974584
11.14507771	0.30398227	0.02727502	-0.08972571
11.14757770	0.30393350	0.02726453	-0.08970559
11.15007770	0.30388468	0.02725404	-0.08968547
11.15257769	0.30383583	0.02724355	-0.08966537
11.15507769	0.30378694	0.02723306	-0.08964527
11.15757768	0.30373801	0.02722258	-0.08962519
11.16007768	0.30368904	0.02721209	-0.08960511
11.16257767	0.30364004	0.02720161	-0.08958504
11.16507767	0.30359100	0.02719112	-0.08956498
11.16757766	0.30354192	0.02718064	-0.08954493
11.17007766	0.30349280	0.02717016	-0.08952489
11.17257765	0.30344364	0.02715968	-0.08950486
11.17507765	0.30339445	0.02714920	-0.08948484
11.17757764	0.30334522	0.02713873	-0.08946482
11.18007764	0.30329595	0.02712825	-0.08944482
11.18257763	0.30324665	0.02711778	-0.08942482
11.18507763	0.30319730	0.02710730	-0.08940483
11.18757762	0.30314792	0.02709683	-0.08938485
11.19007762	0.30309851	0.02708636	-0.08936489
11.19257761	0.30304905	0.02707589	-0.08934492
11.19507761	0.30299956	0.02706543	-0.08932497
11.19757760	0.30295003	0.02705496	-0.08930503
11.20007760	0.30290046	0.02704450	-0.08928510
11.20257759	0.30285086	0.02703403	-0.08926517
11.20507759	0.30280122	0.02702357	-0.08924525
11.20757758	0.30275154	0.02701311	-0.08922535
11.21007758	0.30270183	0.02700265	-0.08920545
11.21257757	0.30265208	0.02699219	-0.08918556
11.21507757	0.30260229	0.02698174	-0.08916568
11.21757756	0.30255246	0.02697128	-0.08914581
11.22007756	0.30250260	0.02696083	-0.08912594
11.22257755	0.30245270	0.02695038	-0.08910609
11.22507755	0.30240276	0.02693993	-0.08908624
11.22757754	0.30235279	0.02692948	-0.08906641
11.23007754	0.30230278	0.02691903	-0.08904658
11.23257753	0.30225273	0.02690858	-0.08902676
11.23507753	0.30220265	0.02689814	-0.08900695
11.23757752	0.30215253	0.02688769	-0.08898715
11.24007752	0.30210237	0.02687725	-0.08896736
11.24257751	0.30205218	0.02686681	-0.08894757
11.24507751	0.30200195	0.02685637	-0.08892780
11.24757750	0.30195169	0.02684593	-0.08890803
11.25007750	0.30190138	0.02683549	-0.08888828
11.25257749	0.30185105	0.02682506	-0.08886853
11.25507749	0.30180067	0.02681462	-0.08884879
11.25757748	0.30175026	0.02680419	-0.08882906
11.26007748	0.30169981	0.02679376	-0.08880934
11.26257747	0.30164933	0.02678333	-0.08878962
11.26507747	0.30159881	0.02677290	-0.08876992
11.26757746	0.30154826	0.02676247	-0.08875022
11.27007746	0.30149766	0.02675205	-0.08873053
11.27257745	0.30144704	0.02674162	-0.08871086
11.27507745	0.30139637	0.02673120	-0.08869119
11.27757744	0.30134567	0.02672078	-0.08867153
11.28007744	0.30129494	0.02671036	-0.08865187
11.28257743	0.30124417	0.02669994	-0.08863223
11.28507743	0.30119336	0.02668953	-0.08861260
11.28757742	0.30114252	0.02667911	-0.08859297
11.29007742	0.30109164	0.02666870	-0.08857335
11.29257741	0.30104072	0.02665828	-0.08855374
11.29507741	0.30098977	0.02664787	-0.08853414
11.29757740	0.30093879	0.02663746	-0.08851455
11.30007740	0.30088777	0.02662705	-0.08849497
11.30257739	0.30083671	0.02661665	-0.08847540
11.30507739	0.30078562	0.02660624	-0.08845583
11.30757738	0.30073449	0.02659584	-0.08843627
11.31007738	0.30068333	0.02658544	-0.08841672
11.31257737	0.30063213	0.02657503	-0.08839719
11.31507737	0.30058090	0.02656463	-0.08837765
11.31757736	0.30052963	0.02655424	-0.08835813
11.32007736	0.30047833	0.02654384	-0.08833862
11.32257735	0.30042699	0.02653345	-0.08831911
11.32507735	0.30037561	0.02652305	-0.08829962
11.32757734	0.30032420	0.02651266	-0.08828013
11.33007734	0.30027276	0.02650227	-0.08826065
11.33257733	0.30022128	0.02649188	-0.08824118
11.33507733	0.30016976	0.02648149	-0.08822172
11.33757732	0.30011821	0.02647111	-0.08820227
11.34007732	0.30006663	0.02646072	-0.08818282
11.34257731	0.30001501	0.02645034	-0.08816338
11.34507731	0.29996336	0.02643996	-0.08814396
11.34757730	0.29991167	0.02642958	-0.08812454
11.35007730	0.29985994	0.02641920	-0.08810513
11.35257729	0.29980818	0.02640882	-0.08808572
11.35507729	0.29975639	0.02639845	-0.08806633
11.35757728	0.29970456	0.02638807	-0.08804695
11.36007728	0.29965270	0.02637770	-0.08802757
11.36257727	0.29960080	0.02636733	-0.08800820
11.36507727	0.29954887	0.02635696	-0.08798884
11.36757726	0.29949691	0.02634659	-0.08796949
11.37007726	0.29944491	0.02633622	-0.08795015
11.37257725	0.29939287	0.02632586	-0.08793082
11.37507725	0.29934080	0.02631550	-0.08791149
11.37757724	0.29928870	0.02630513	-0.08789217
11.38007724	0.29923656	0.02629477	-0.08787287
11.38257723	0.29918439	0.02628442	-0.08785357
11.38507723	0.29913218	0.02627406	-0.08783427
11.38757722	0.29907994	0.02626370	-0.08781499
11.39007722	0.29902767	0.02625335	-0.08779572
11.39257721	0.29897536	0.02624300	-0.08777645
11.39507721	0.29892302	0.02623265	-0.08775719
11.39757720	0.29887064	0.02622230	-0.08773794
11.40007720	0.29881823	0.02621195	-0.08771870
11.40257719	0.29876578	0.02620160	-0.08769947
11.40507719	0.29871331	0.02619126	-0.08768025
11.40757718	0.29866079	0.02618091	-0.08766103
11.41007718	0.29860825	0.02617057	-0.08764183
11.41257717	0.29855567	0.02616023	-0.08762263
11.41507717	0.29850306	0.02614989	-0.08760344
11.41757716	0.29845041	0.02613956	-0.08758426
11.42007716	0.29839773	0.02612922	-0.08756508
11.42257715	0.29834501	0.02611889	-0.08754592
11.42507715	0.29829227	0.02610856	-0.08752676
11.42757714	0.29823948	0.02609823	-0.08750761
11.43007714	0.29818667	0.02608790	-0.08748847
11.43257713	0.29813382	0.02607757	-0.08746934
11.43507713	0.29808094	0.02606724	-0.08745022
11.43757712	0.29802802	0.02605692	-0.08743110
11.44007712	0.29797508	0.02604660	-0.08741200
11.44257711	0.29792209	0.02603628	-0.08739290
11.44507711	0.29786908	0.02602596	-0.08737381
11.44757710	0.29781603	0.02601564	-0.08735473
11.45007710	0.29776295	0.02600532	-0.08733566
11.45257709	0.29770984	0.02599501	-0.08731659
11.45507709	0.29765669	0.02598470	-0.08729754
11.45757708	0.29760351	0.02597438	-0.08727849
11.46007708	0.29755029	0.02596407	-0.08725945
11.46257707	0.29749705	0.02595377	-0.08724042
11.46507707	0.29744377	0.02594346	-0.08722139
11.46757706	0.29739046	0.02593316	-0.08720238
11.47007706	0.29733711	0.02592285	-0.08718337
11.47257705	0.29728373	0.02591255	-0.08716437
11.47507705	0.29723032	0.02590225	-0.08714538
11.47757704	0.29717688	0.02589195	-0.08712640
11.48007704	0.29712340	0.02588166	-0.08710743
11.48257703	0.29706989	0.02587136	-0.08708846
11.48507703	0.29701635	0.02586107	-0.08706951
11.48757702	0.29696278	0.02585078	-0.08705056
11.49007702	0.29690917	0.02584049	-0.08703162
11.49257701	0.29685553	0.02583020	-0.08701269
11.49507701	0.29680186	0.02581991	-0.08699376
11.49757700	0.29674816	0.02580963	-0.08697485
11.50007700	0.29669442	0.02579934	-0.08695594
11.50257699	0.29664065	0.02578906	-0.08693704
11.50507699	0.29658685	0.02577878	-0.08691815
11.50757698	0.29653302	0.02576850	-0.08689927
11.51007698	0.29647916	0.02575823	-0.08688039
11.51257697	0.29642526	0.02574795	-0.08686153
11.51507697	0.29637133	0.02573768	-0.08684267
11.51757696	0.29631737	0.02572741	-0.08682382
11.52007696	0.29626337	0.02571714	-0.08680498
11.52257695	0.29620935	0.02570687	-0.08678614
11.52507695	0.29615529	0.02569660	-0.08676732
11.52757694	0.29610120	0.02568633	-0.08674850
11.53007694	0.29604708	0.02567607	-0.08672969
11.53257693	0.29599293	0.02566581	-0.08671089
11.53507693	0.29593874	0.02565555	-0.08669210
11.53757692	0.29588453	0.02564529	-0.08667331
11.54007692	0.29583028	0.02563504	-0.08665454
11.54257691	0.29577600	0.02562478	-0.08663577
11.54507691	0.29572168	0.02561453	-0.08661701
11.54757690	0.29566734	0.02560428	-0.08659825
11.55007690	0.29561297	0.02559403	-0.08657951
11.55257689	0.29555856	0.02558378	-0.08656077
11.55507689	0.29550412	0.02557353	-0.08654205
11.55757688	0.29544965	0.02556329	-0.08652333
11.56007688	0.29539515	0.02555304	-0.08650462
11.56257687	0.29534062	0.02554280	-0.08648591
11.56507687	0.29528605	0.02553256	-0.08646722
11.56757686	0.29523146	0.02552233	-0.08644853
11.57007686	0.29517683	0.02551209	-0.08642985
11.57257685	0.29512218	0.02550185	-0.08641118
11.57507685	0.29506749	0.02549162	-0.08639251
11.57757684	0.29501277	0.02548139	-0.08637386
11.58007684	0.29495802	0.02547116	-0.08635521
11.58257683	0.29490323	0.02546093	-0.08633657
11.58507683	0.29484842	0.02545071	-0.08631794
11.58757682	0.29479358	0.02544049	-0.08629932
11.59007682	0.29473870	0.02543026	-0.08628071
11.59257681	0.29468379	0.02542004	-0.08626210
11.59507681	0.29462886	0.02540982	-0.08624350
11.59757680	0.29457389	0.02539961	-0.08622491
11.60007680	0.29451889	0.02538939	-0.08620633
11.60257679	0.29446386	0.02537918	-0.08618775
11.60507679	0.29440880	0.02536897	-0.08616918
11.60757678	0.29435371	0.02535876	-0.08615063
11.61007678	0.29429859	0.02534855	-0.08613207
11.61257677	0.29424344	0.02533834	-0.08611353
11.61507677	0.29418826	0.02532814	-0.08609500
11.61757676	0.29413304	0.02531793	-0.08607647
11.62007676	0.29407780	0.02530773	-0.08605795
11.62257675	0.29402252	0.02529753	-0.08603944
11.62507675	0.29396722	0.02528734	-0.08602094
11.62757674	0.29391189	0.02527714	-0.08600244
11.63007674	0.29385652	0.02526695	-0.08598396
11.63257673	0.29380112	0.02525675	-0.08596548
11.63507673	0.29374570	0.02524656	-0.08594701
11.63757672	0.29369024	0.02523637	-0.08592854
11.64007672	0.29363476	0.02522619	-0.08591009
11.64257671	0.29357924	0.02521600	-0.08589164
11.64507671	0.29352369	0.02520582	-0.08587320
11.64757670	0.29346812	0.02519564	-0.08585477
11.65007670	0.29341251	0.02518546	-0.08583634
11.65257669	0.29335687	0.02517528	-0.08581793
11.65507669	0.29330121	0.02516510	-0.08579952
11.65757668	0.29324551	0.02515493	-0.08578112
11.66007668	0.29318979	0.02514476	-0.08576273
11.66257667	0.29313403	0.02513459	-0.08574435
11.66507667	0.29307824	0.02512442	-0.08572597
11.66757666	0.29302243	0.02511425	-0.08570760
11.67007666	0.29296658	0.02510408	-0.08568924
11.67257665	0.29291071	0.02509392	-0.08567089
11.67507665	0.29285480	0.02508376	-0.08565254
11.67757664	0.29279887	0.02507360	-0.08563421
11.68007664	0.29274291	0.02506344	-0.08561588
11.68257663	0.29268691	0.02505328	-0.08559756
11.68507663	0.29263089	0.02504313	-0.08557924
11.68757662	0.29257484	0.02503298	-0.08556094
11.69007662	0.29251875	0.02502283	-0.08554264
11.69257661	0.29246264	0.02501268	-0.08552435
11.69507661	0.29240650	0.02500253	-0.08550607
11.69757660	0.29235033	0.02499238	-0.08548779
11.70007660	0.29229413	0.02498224	-0.08546953
11.70257659	0.29223791	0.02497210	-0.08545127
11.70507659	0.29218165	0.02496196	-0.08543302
11.70757658	0.29212536	0.02495182	-0.08541477
11.71007658	0.29206905	0.02494169	-0.08539654
11.71257657	0.29201270	0.02493155	-0.08537831
11.71507657	0.29195633	0.02492142	-0.08536009
11.71757656	0.29189992	0.02491129	-0.08534188
11.72007656	0.29184349	0.02490116	-0.08532367
11.72257655	0.29178703	0.02489103	-0.08530548
11.72507655	0.29173054	0.02488091	-0.08528729
11.72757654	0.29167402	0.02487078	-0.08526911
11.73007654	0.29161748	0.02486066	-0.08525094
11.73257653	0.29156090	0.02485054	-0.08523277
11.73507653	0.29150430	0.02484043	-0.08521461
11.73757652	0.29144766	0.02483031	-0.08519646
11.74007652	0.29139100	0.02482020	-0.08517832
11.74257651	0.29133431	0.02481008	-0.08516019
11.74507651	0.29127759	0.02479997	-0.08514206
11.74757650	0.29122084	0.02478987	-0.08512394
11.75007650	0.29116407	0.02477976	-0.08510583
11.75257649	0.29110726	0.02476965	-0.08508773
11.75507649	0.29105043	0.02475955	-0.08506963
11.75757648	0.29099357	0.02474945	-0.08505154
11.76007648	0.29093668	0.02473935	-0.08503346
11.76257647	0.29087976	0.02472926	-0.08501539
11.76507647	0.29082281	0.02471916	-0.08499732
11.76757646	0.29076584	0.02470907	-0.08497927
11.77007646	0.29070883	0.02469898	-0.08496122
11.77257645	0.29065180	0.02468889	-0.08494317
11.77507645	0.29059474	0.02467880	-0.08492514
11.77757644	0.29053766	0.02466871	-0.08490711
11.78007644	0.29048054	0.02465863	-0.08488909
11.78257643	0.29042340	0.02464855	-0.08487108
11.78507643	0.29036623	0.02463847	-0.08485308
11.78757642	0.29030903	0.02462839	-0.08483508
11.79007642	0.29025180	0.02461831	-0.08481709
11.79257641	0.29019454	0.02460824	-0.08479911
11.79507641	0.29013726	0.02459817	-0.08478114
11.79757640	0.29007995	0.02458810	-0.08476317
11.80007640	0.29002261	0.02457803	-0.08474521
11.80257639	0.28996525	0.02456796	-0.08472726
11.80507639	0.28990785	0.02455790	-0.08470932
11.80757638	0.28985043	0.02454783	-0.08469139
11.81007638	0.28979298	0.02453777	-0.08467346
11.81257637	0.28973551	0.02452771	-0.08465554
11.81507637	0.28967800	0.02451766	-0.08463762
11.81757636	0.28962047	0.02450760	-0.08461972
11.82007636	0.28956291	0.02449755	-0.08460182
11.82257635	0.28950532	0.02448750	-0.08458393
11.82507635	0.28944771	0.02447745	-0.08456605
11.82757634	0.28939007	0.02446740	-0.08454818
11.83007634	0.28933240	0.02445736	-0.08453031
11.83257633	0.28927470	0.02444731	-0.08451245
11.83507633	0.28921698	0.02443727	-0.08449460
11.83757632	0.28915923	0.02442723	-0.08447675
11.84007632	0.28910145	0.02441720	-0.08445892
11.84257631	0.28904365	0.02440716	-0.08444109
11.84507631	0.28898582	0.02439713	-0.08442326
11.84757630	0.28892796	0.02438709	-0.08440545
11.85007630	0.28887007	0.02437706	-0.08438764
11.85257629	0.28881216	0.02436704	-0.08436984
11.85507629	0.28875422	0.02435701	-0.08435205
11.85757628	0.28869625	0.02434699	-0.08433427
11.86007628	0.28863826	0.02433696	-0.08431649
11.86257627	0.28858024	0.02432694	-0.08429872
11.86507627	0.28852219	0.02431693	-0.08428096
11.86757626	0.28846412	0.02430691	-0.08426320
11.87007626	0.28840602	0.02429690	-0.08424546
11.87257625	0.28834789	0.02428688	-0.08422772
11.87507625	0.28828974	0.02427687	-0.08420999
11.87757624	0.28823156	0.02426687	-0.08419226
11.88007624	0.28817335	0.02425686	-0.08417454
11.88257623	0.28811512	0.02424686	-0.08415683
11.88507623	0.28805686	0.02423685	-0.08413913
11.88757622	0.28799857	0.02422685	-0.08412144
11.89007622	0.28794026	0.02421686	-0.08410375
11.89257621	0.28788192	0.02420686	-0.08408607
11.89507621	0.28782356	0.02419687	-0.08406840
11.89757620	0.28776516	0.02418687	-0.08405073
11.90007620	0.28770675	0.02417688	-0.08403308
11.90257619	0.28764830	0.02416689	-0.08401543
11.90507619	0.28758983	0.02415691	-0.08399778
11.90757618	0.28753133	0.02414692	-0.08398015
11.91007618	0.28747281	0.02413694	-0.08396252
11.91257617	0.28741426	0.02412696	-0.08394490
11.91507617	0.28735569	0.02411698	-0.08392729
11.91757616	0.28729709	0.02410701	-0.08390968
11.92007616	0.28723846	0.02409703	-0.08389208
11.92257615	0.28717981	0.02408706	-0.08387449
11.92507615	0.28712113	0.02407709	-0.08385691
11.92757614	0.28706242	0.02406712	-0.08383933
11.93007614	0.28700369	0.02405716	-0.08382176
11.93257613	0.28694494	0.02404719	-0.08380420
11.93507613	0.28688616	0.02403723	-0.08378665
11.93757612	0.28682735	0.02402727	-0.08376910
11.94007612	0.28676852	0.02401731	-0.08375156
11.94257611	0.28670966	0.02400735	-0.08373403
11.94507611	0.28665077	0.02399740	-0.08371650
11.94757610	0.28659186	0.02398745	-0.08369899
11.95007610	0.28653293	0.02397750	-0.08368148
11.95257609	0.28647397	0.02396755	-0.08366397
11.95507609	0.28641498	0.02395760	-0.08364648
11.95757608	0.28635597	0.02394766	-0.08362899
11.96007608	0.28629693	0.02393772	-0.08361151
11.96257607	0.28623787	0.02392778	-0.08359403
11.96507607	0.28617878	0.02391784	-0.08357657
11.96757606	0.28611967	0.02390790	-0.08355911
11.97007606	0.28606053	0.02389797	-0.08354166
11.97257605	0.28600136	0.02388804	-0.08352421
11.97507605	0.28594217	0.02387811	-0.08350678
11.97757604	0.28588296	0.02386818	-0.08348935
11.98007604	0.28582372	0.02385826	-0.08347192
11.98257603	0.28576446	0.02384833	-0.08345451
11.98507603	0.28570517	0.02383841	-0.08343710
11.98757602	0.28564585	0.02382849	-0.08341970
11.99007602	0.28558651	0.02381857	-0.08340231
11.99257601	0.28552715	0.02380866	-0.08338492
11.99507601	0.28546776	0.02379875	-0.08336754
11.99757600	0.28540835	0.02378883	-0.08335017
12.00007600	0.28534891	0.02377893	-0.08333281
12.00257599	0.28528945	0.02376902	-0.08331545
12.00507599	0.28522996	0.02375911	-0.08329810
12.00757598	0.28517045	0.02374921	-0.08328076
12.01007598	0.28511091	0.02373931	-0.08326342
12.01257597	0.28505135	0.02372941	-0.08324609
12.01507597	0.28499176	0.02371951	-0.08322877
12.01757596	0.28493215	0.02370962	-0.08321146
12.02007596	0.28487251	0.02369973	-0.08319415
12.02257595	0.28481285	0.02368984	-0.08317685
12.02507595	0.28475317	0.02367995	-0.08315956
12.02757594	0.28469346	0.02367006	-0.08314227
12.03007594	0.28463372	0.02366018	-0.08312499
12.03257593	0.28457397	0.02365029	-0.08310772
12.03507593	0.28451419	0.02364041	-0.08309046
12.03757592	0.28445438	0.02363054	-0.08307320
12.04007592	0.28439455	0.02362066	-0.08305595
12.04257591	0.28433469	0.02361079	-0.08303871
12.04507591	0.28427481	0.02360092	-0.08302148
12.04757590	0.28421491	0.02359105	-0.08300425
12.05007590	0.28415498	0.02358118	-0.08298703
12.05257589	0.28409503	0.02357131	-0.08296982
12.05507589	0.28403506	0.02356145	-0.08295261
12.05757588	0.28397506	0.02355159	-0.08293541
12.06007588	0.28391504	0.02354173	-0.08291822
12.06257587	0.28385499	0.02353187	-0.08290103
12.06507587	0.28379492	0.02352202	-0.08288386
12.06757586	0.28373482	0.02351216	-0.08286668
12.07007586	0.28367470	0.02350231	-0.08284952
12.07257585	0.28361456	0.02349246	-0.08283236
12.07507585	0.28355440	0.02348262	-0.08281521
12.07757584	0.28349421	0.02347277	-0.08279807
12.08007584	0.28343399	0.02346293	-0.08278094
12.08257583	0.28337376	0.02345309	-0.08276381
12.08507583	0.28331350	0.02344325	-0.08274669
12.08757582	0.28325321	0.02343342	-0.08272957
12.09007582	0.28319290	0.02342358	-0.08271247
12.09257581	0.28313257	0.02341375	-0.08269537
12.09507581	0.28307222	0.02340392	-0.08267827
12.09757580	0.28301184	0.02339410	-0.08266119
12.10007580	0.28295144	0.02338427	-0.08264411
12.10257579	0.28289101	0.02337445	-0.08262704
12.10507579	0.28283057	0.02336463	-0.08260997
12.10757578	0.28277009	0.02335481	-0.08259292
12.11007578	0.28270960	0.02334499	-0.08257587
12.11257577	0.28264908	0.02333518	-0.08255882
12.11507577	0.28258854	0.02332536	-0.08254179
12.11757576	0.28252798	0.02331555	-0.08252476
12.12007576	0.28246739	0.02330574	-0.08250774
12.12257575	0.28240678	0.02329594	-0.08249072
12.12507575	0.28234615	0.02328613	-0.08247371
12.12757574	0.28228549	0.02327633	-0.08245671
12.13007574	0.28222481	0.02326653	-0.08243972
12.13257573	0.28216411	0.02325674	-0.08242273
12.13507573	0.28210339	0.02324694	-0.08240575
12.13757572	0.28204264	0.02323715	-0.08238878
12.14007572	0.28198187	0.02322736	-0.08237181
12.14257571	0.28192107	0.02321757	-0.08235485
12.14507571	0.28186026	0.02320778	-0.08233790
12.14757570	0.28179942	0.02319800	-0.08232095
12.15007570	0.28173856	0.02318821	-0.08230401
12.15257569	0.28167767	0.02317843	-0.08228708
12.15507569	0.28161677	0.02316866	-0.08227016
12.15757568	0.28155584	0.02315888	-0.08225324
12.16007568	0.28149489	0.02314911	-0.08223633
12.16257567	0.28143391	0.02313933	-0.08221943
12.16507567	0.28137292	0.02312957	-0.08220253
12.16757566	0.28131190	0.02311980	-0.08218564
12.17007566	0.28125085	0.02311003	-0.08216876
12.17257565	0.28118979	0.02310027	-0.08215188
12.17507565	0.28112870	0.02309051	-0.08213501
12.17757564	0.28106760	0.02308075	-0.08211815
12.18007564	0.28100647	0.02307100	-0.08210130
12.18257563	0.28094531	0.02306124	-0.08208445
12.18507563	0.28088414	0.02305149	-0.08206761
12.18757562	0.28082294	0.02304174	-0.08205077
12.19007562	0.28076172	0.02303199	-0.08203395
12.19257561	0.28070048	0.02302225	-0.08201713
12.19507561	0.28063922	0.02301250	-0.08200031
12.19757560	0.28057793	0.02300276	-0.08198350
12.20007560	0.28051662	0.02299302	-0.08196671
12.20257559	0.28045529	0.02298329	-0.08194991
12.20507559	0.28039394	0.02297355	-0.08193313
12.20757558	0.28033257	0.02296382	-0.08191635
12.21007558	0.28027117	0.02295409	-0.08189957
12.21257557	0.28020976	0.02294436	-0.08188281
12.21507557	0.28014832	0.02293464	-0.08186605
12.21757556	0.28008686	0.02292491	-0.08184930
12.22007556	0.28002538	0.02291519	-0.08183255
12.22257555	0.27996387	0.02290547	-0.08181582
12.22507555	0.27990235	0.02289576	-0.08179909
12.22757554	0.27984080	0.02288604	-0.08178236
12.23007554	0.27977923	0.02287633	-0.08176564
12.23257553	0.27971764	0.02286662	-0.08174893
12.23507553	0.27965603	0.02285691	-0.08173223
12.23757552	0.27959440	0.02284721	-0.08171553
12.24007552	0.27953274	0.02283750	-0.08169884
12.24257551	0.27947107	0.02282780	-0.08168216
12.24507551	0.27940937	0.02281810	-0.08166548
12.24757550	0.27934765	0.02280840	-0.08164881
12.25007550	0.27928591	0.02279871	-0.08163215
12.25257549	0.27922415	0.02278902	-0.08161549
12.25507549	0.27916237	0.02277933	-0.08159884
12.25757548	0.27910057	0.02276964	-0.08158220
12.26007548	0.27903874	0.02275995	-0.08156557
12.26257547	0.27897690	0.02275027	-0.08154894
12.26507547	0.27891503	0.02274059	-0.08153232
12.26757546	0.27885314	0.02273091	-0.08151570
12.27007546	0.27879124	0.02272123	-0.08149909
12.27257545	0.27872931	0.02271156	-0.08148249
12.27507545	0.27866736	0.02270189	-0.08146589
12.27757544	0.27860538	0.02269222	-0.08144931
12.28007544	0.27854339	0.02268255	-0.08143272
12.28257543	0.27848138	0.02267288	-0.08141615
12.28507543	0.27841934	0.02266322	-0.08139958
12.28757542	0.27835729	0.02265356	-0.08138302
12.29007542	0.27829521	0.02264390	-0.08136647
12.29257541	0.27823312	0.02263424	-0.08134992
12.29507541	0.27817100	0.02262459	-0.08133338
12.29757540	0.27810886	0.02261493	-0.08131684
12.30007540	0.27804671	0.02260528	-0.08130031
12.30257539	0.27798453	0.02259564	-0.08128379
12.30507539	0.27792233	0.02258599	-0.08126728
12.30757538	0.27786011	0.02257635	-0.08125077
12.31007538	0.27779787	0.02256671	-0.08123427
12.31257537	0.27773561	0.02255707	-0.08121778
12.31507537	0.27767333	0.02254743	-0.08120129
12.31757536	0.27761103	0.02253780	-0.08118481
12.32007536	0.27754871	0.02252817	-0.08116833
12.32257535	0.27748636	0.02251854	-0.08115187
12.32507535	0.27742400	0.02250891	-0.08113541
12.32757534	0.27736162	0.02249928	-0.08111895
12.33007534	0.27729922	0.02248966	-0.08110251
12.33257533	0.27723679	0.02248004	-0.08108606
12.33507533	0.27717435	0.02247042	-0.08106963
12.33757532	0.27711189	0.02246081	-0.08105320
12.34007532	0.27704941	0.02245119	-0.08103678
12.34257531	0.27698690	0.02244158	-0.08102037
12.34507531	0.27692438	0.02243197	-0.08100396
12.34757530	0.27686184	0.02242236	-0.08098756
12.35007530	0.27679928	0.02241276	-0.08097117
12.35257529	0.27673669	0.02240316	-0.08095478
12.35507529	0.27667409	0.02239356	-0.08093840
12.35757528	0.27661147	0.02238396	-0.08092202
12.36007528	0.27654883	0.02237436	-0.08090566
12.36257527	0.27648616	0.02236477	-0.08088930
12.36507527	0.27642348	0.02235518	-0.08087294
12.36757526	0.27636078	0.02234559	-0.08085659
12.37007526	0.27629806	0.02233600	-0.08084025
12.37257525	0.27623532	0.02232642	-0.08082392
12.37507525	0.27617256	0.02231684	-0.08080759
12.37757524	0.27610978	0.02230726	-0.08079127
12.38007524	0.27604698	0.02229768	-0.08077495
12.38257523	0.27598416	0.02228811	-0.08075865
12.38507523	0.27592132	0.02227853	-0.08074234
12.38757522	0.27585847	0.02226896	-0.08072605
12.39007522	0.27579559	0.02225940	-0.08070976
12.39257521	0.27573269	0.02224983	-0.08069348
12.39507521	0.27566978	0.02224027	-0.08067720
12.39757520	0.27560684	0.02223071	-0.08066093
12.40007520	0.27554389	0.02222115	-0.08064467
12.40257519	0.27548092	0.02221159	-0.08062842
12.40507519	0.27541792	0.02220204	-0.08061217
12.40757518	0.27535491	0.02219248	-0.08059593
12.41007518	0.27529188	0.02218293	-0.08057969
12.41257517	0.27522883	0.02217339	-0.08056346
12.41507517	0.27516576	0.02216384	-0.08054724
12.41757516	0.27510268	0.02215430	-0.08053102
12.42007516	0.27503957	0.02214476	-0.08051481
12.42257515	0.27497644	0.02213522	-0.08049861
12.42507515	0.27491330	0.02212568	-0.08048241
12.42757514	0.27485013	0.02211615	-0.08046622
12.43007514	0.27478695	0.02210662	-0.08045004
12.43257513	0.27472375	0.02209709	-0.08043386
12.43507513	0.27466053	0.02208757	-0.08041769
12.43757512	0.27459729	0.02207804	-0.08040152
12.44007512	0.27453404	0.02206852	-0.08038537
12.44257511	0.27447076	0.02205900	-0.08036922
12.44507511	0.27440746	0.02204948	-0.08035307
12.44757510	0.27434415	0.02203997	-0.08033693
12.45007510	0.27428082	0.02203045	-0.08032080
12.45257509	0.27421747	0.02202094	-0.08030468
12.45507509	0.27415410	0.02201144	-0.08028856
12.45757508	0.27409071	0.02200193	-0.08027244
12.46007508	0.27402731	0.02199243	-0.08025634
12.46257507	0.27396388	0.02198293	-0.08024024
12.46507507	0.27390044	0.02197343	-0.08022415
12.46757506	0.27383698	0.02196393	-0.08020806
12.47007506	0.27377350	0.02195444	-0.08019198
12.47257505	0.27371000	0.02194495	-0.08017591
12.47507505	0.27364648	0.02193546	-0.08015984
12.47757504	0.27358295	0.02192597	-0.08014378
12.48007504	0.27351940	0.02191649	-0.08012772
12.48257503	0.27345583	0.02190700	-0.08011168
12.48507503	0.27339224	0.02189752	-0.08009563
12.48757502	0.27332863	0.02188805	-0.08007960
12.49007502	0.27326501	0.02187857	-0.08006357
12.49257501	0.27320136	0.02186910	-0.08004755
12.49507501	0.27313770	0.02185963	-0.08003153
12.49757500	0.27307402	0.02185016	-0.08001552
12.50007500	0.27301033	0.02184070	-0.07999952
12.50257499	0.27294661	0.02183123	-0.07998352
12.50507499	0.27288288	0.02182177	-0.07996753
12.50757498	0.27281913	0.02181231	-0.07995155
12.51007498	0.27275536	0.02180286	-0.07993557
12.51257497	0.27269157	0.02179340	-0.07991960
12.51507497	0.27262777	0.02178395	-0.07990364
12.51757496	0.27256395	0.02177450	-0.07988768
12.52007496	0.27250011	0.02176505	-0.07987173
12.52257495	0.27243625	0.02175561	-0.07985578
12.52507495	0.27237238	0.02174617	-0.07983984
12.52757494	0.27230849	0.02173673	-0.07982391
12.53007494	0.27224458	0.02172729	-0.07980798
12.53257493	0.27218065	0.02171786	-0.07979206
12.53507493	0.27211671	0.02170842	-0.07977615
12.53757492	0.27205274	0.02169899	-0.07976024
12.54007492	0.27198877	0.02168956	-0.07974434
12.54257491	0.27192477	0.02168014	-0.07972845
12.54507491	0.27186075	0.02167072	-0.07971256
12.54757490	0.27179672	0.02166130	-0.07969668
12.55007490	0.27173267	0.02165188	-0.07968080
12.55257489	0.27166861	0.02164246	-0.07966493
12.55507489	0.27160453	0.02163305	-0.07964907
12.55757488	0.27154043	0.02162364	-0.07963321
12.56007488	0.27147631	0.02161423	-0.07961736
12.56257487	0.27141217	0.02160482	-0.07960152
12.56507487	0.27134802	0.02159542	-0.07958568
12.56757486	0.27128385	0.02158601	-0.07956985
12.57007486	0.27121967	0.02157662	-0.07955402
12.57257485	0.27115547	0.02156722	-0.07953820
12.57507485	0.27109125	0.02155782	-0.07952239
12.57757484	0.27102701	0.02154843	-0.07950658
12.58007484	0.27096276	0.02153904	-0.07949078
12.58257483	0.27089849	0.02152965	-0.07947499
12.58507483	0.27083420	0.02152027	-0.07945920
12.58757482	0.27076989	0.02151089	-0.07944342
12.59007482	0.27070557	0.02150151	-0.07942765
12.59257481	0.27064124	0.02149213	-0.07941188
12.59507481	0.27057688	0.02148275	-0.07939611
12.59757480	0.27051251	0.02147338	-0.07938036
12.60007480	0.27044812	0.02146401	-0.07936461
12.60257479	0.27038372	0.02145464	-0.07934886
12.60507479	0.27031930	0.02144528	-0.07933313
12.60757478	0.27025486	0.02143591	-0.07931740
12.61007478	0.27019041	0.02142655	-0.07930167
12.61257477	0.27012594	0.02141719	-0.07928595
12.61507477	0.27006145	0.02140784	-0.07927024
12.61757476	0.26999695	0.02139848	-0.07925453
12.62007476	0.26993243	0.02138913	-0.07923883
12.62257475	0.26986789	0.02137978	-0.07922314
12.62507475	0.26980334	0.02137044	-0.07920745
12.62757474	0.26973877	0.02136109	-0.07919177
12.63007474	0.26967419	0.02135175	-0.07917610
12.63257473	0.26960959	0.02134241	-0.07916043
12.63507473	0.26954497	0.02133307	-0.07914476
12.63757472	0.26948034	0.02132374	-0.07912911
12.64007472	0.26941569	0.02131441	-0.07911346
12.64257471	0.26935102	0.02130508	-0.07909781
12.64507471	0.26928634	0.02129575	-0.07908217
12.64757470	0.26922164	0.02128642	-0.07906654
12.65007470	0.26915693	0.02127710	-0.07905092
12.65257469	0.26909220	0.02126778	-0.07903530
12.65507469	0.26902745	0.02125846	-0.07901968
12.65757468	0.26896269	0.02124915	-0.07900408
12.66007468	0.26889791	0.02123984	-0.07898848
12.66257467	0.26883312	0.02123053	-0.07897288
12.66507467	0.26876831	0.02122122	-0.07895729
12.66757466	0.26870349	0.02121191	-0.07894171
12.67007466	0.26863865	0.02120261	-0.07892613
12.67257465	0.26857379	0.02119331	-0.07891056
12.67507465	0.26850892	0.02118401	-0.07889500
12.67757464	0.26844403	0.02117472	-0.07887944
12.68007464	0.26837913	0.02116542	-0.07886389
12.68257463	0.26831421	0.02115613	-0.07884834
12.68507463	0.26824927	0.02114684	-0.07883280
12.68757462	0.26818432	0.02113756	-0.07881727
12.69007462	0.26811936	0.02112827	-0.07880174
12.69257461	0.26805438	0.02111899	-0.07878622
12.69507461	0.26798938	0.02110971	-0.07877071
12.69757460	0.26792437	0.02110044	-0.07875520
12.70007460	0.26785934	0.02109116	-0.07873969
12.70257459	0.26779430	0.02108189	-0.07872420
12.70507459	0.26772924	0.02107262	-0.07870871
12.70757458	0.26766417	0.02106336	-0.07869322
12.71007458	0.26759908	0.02105409	-0.07867774
12.71257457	0.26753398	0.02104483	-0.07866227
12.71507457	0.26746886	0.02103557	-0.07864681
12.71757456	0.26740372	0.02102631	-0.07863135
12.72007456	0.26733858	0.02101706	-0.07861589
12.72257455	0.26727341	0.02100781	-0.07860044
12.72507455	0.26720823	0.02099856	-0.07858500
12.72757454	0.26714304	0.02098931	-0.07856957
12.73007454	0.26707783	0.02098007	-0.07855414
12.73257453	0.26701260	0.02097083	-0.07853871
12.73507453	0.26694736	0.02096159	-0.07852329
12.73757452	0.26688211	0.02095235	-0.07850788
12.74007452	0.26681684	0.02094311	-0.07849248
12.74257451	0.26675156	0.02093388	-0.07847708
12.74507451	0.26668626	0.02092465	-0.07846168
12.74757450	0.26662094	0.02091543	-0.07844630
12.75007450	0.26655562	0.02090620	-0.07843091
12.75257449	0.26649027	0.02089698	-0.07841554
12.75507449	0.26642492	0.02088776	-0.07840017
12.75757448	0.26635954	0.02087854	-0.07838481
12.76007448	0.26629416	0.02086933	-0.07836945
12.76257447	0.26622875	0.02086011	-0.07835410
12.76507447	0.26616334	0.02085090	-0.07833875
12.76757446	0.26609791	0.02084170	-0.07832341
12.77007446	0.26603246	0.02083249	-0.07830808
12.77257445	0.26596700	0.02082329	-0.07829275
12.77507445	0.26590153	0.02081409	-0.07827743
12.77757444	0.26583604	0.02080489	-0.07826211
12.78007444	0.26577054	0.02079570	-0.07824681
12.78257443	0.26570502	0.02078650	-0.07823150
12.78507443	0.26563949	0.02077731	-0.07821620
12.78757442	0.26557394	0.02076812	-0.07820091
12.79007442	0.26550838	0.02075894	-0.07818563
12.79257441	0.26544281	0.02074976	-0.07817035
12.79507441	0.26537722	0.02074058	-0.07815507
12.79757440	0.26531161	0.02073140	-0.07813981
12.80007440	0.26524600	0.02072222	-0.07812455
12.80257439	0.26518037	0.02071305	-0.07810929
12.80507439	0.26511472	0.02070388	-0.07809404
12.80757438	0.26504906	0.02069471	-0.07807880
12.81007438	0.26498339	0.02068555	-0.07806356
12.81257437	0.26491770	0.02067638	-0.07804833
12.81507437	0.26485200	0.02066722	-0.07803310
12.81757436	0.26478628	0.02065807	-0.07801788
12.82007436	0.26472056	0.02064891	-0.07800267
12.82257435	0.26465481	0.02063976	-0.07798746
12.82507435	0.26458906	0.02063061	-0.07797226
12.82757434	0.26452328	0.02062146	-0.07795706
12.83007434	0.26445750	0.02061231	-0.07794187
12.83257433	0.26439170	0.02060317	-0.07792669
12.83507433	0.26432589	0.02059403	-0.07791151
12.83757432	0.26426006	0.02058489	-0.07789634
12.84007432	0.26419422	0.02057576	-0.07788117
12.84257431	0.26412837	0.02056662	-0.07786601
12.84507431	0.26406250	0.02055749	-0.07785085
12.84757430	0.26399662	0.02054836	-0.07783570
12.85007430	0.26393073	0.02053924	-0.07782056
12.85257429	0.26386482	0.02053011	-0.07780542
12.85507429	0.26379890	0.02052099	-0.07779029
12.85757428	0.26373297	0.02051188	-0.07777517
12.86007428	0.26366702	0.02050276	-0.07776005
12.86257427	0.26360106	0.02049365	-0.07774493
12.86507427	0.26353509	0.02048454	-0.07772983
12.86757426	0.26346910	0.02047543	-0.07771473
12.87007426	0.26340310	0.02046632	-0.07769963
12.87257425	0.26333708	0.02045722	-0.07768454
12.87507425	0.26327105	0.02044812	-0.07766945
12.87757424	0.26320501	0.02043902	-0.07765438
12.88007424	0.26313896	0.02042993	-0.07763930
12.88257423	0.26307289	0.02042083	-0.07762424
12.88507423	0.26300681	0.02041174	-0.07760918
12.88757422	0.26294072	0.02040265	-0.07759412
12.89007422	0.26287461	0.02039357	-0.07757907
12.89257421	0.26280849	0.02038449	-0.07756403
12.89507421	0.26274236	0.02037541	-0.07754899
12.89757420	0.26267621	0.02036633	-0.07753396
12.90007420	0.26261006	0.02035725	-0.07751893
12.90257419	0.26254389	0.02034818	-0.07750391
12.90507419	0.26247770	0.02033911	-0.07748890
12.90757418	0.26241150	0.02033004	-0.07747389
12.91007418	0.26234529	0.02032097	-0.07745889
12.91257417	0.26227907	0.02031191	-0.07744389
12.91507417	0.26221284	0.02030285	-0.07742890
12.91757416	0.26214659	0.02029379	-0.07741392
12.92007416	0.26208033	0.02028474	-0.07739894
12.92257415	0.26201405	0.02027569	-0.07738396
12.92507415	0.26194777	0.02026664	-0.07736900
12.92757414	0.26188147	0.02025759	-0.07735403
12.93007414	0.26181516	0.02024854	-0.07733908
12.93257413	0.26174883	0.02023950	-0.07732413
12.93507413	0.26168250	0.02023046	-0.07730918
12.93757412	0.26161615	0.02022142	-0.07729424
12.94007412	0.26154978	0.02021239	-0.07727931
12.94257411	0.26148341	0.02020335	-0.07726438
12.94507411	0.26141702	0.02019432	-0.07724946
12.94757410	0.26135062	0.02018530	-0.07723455
12.95007410	0.26128421	0.02017627	-0.07721964
12.95257409	0.26121779	0.02016725	-0.07720473
12.95507409	0.26115135	0.02015823	-0.07718983
12.95757408	0.26108491	0.02014921	-0.07717494
12.96007408	0.26101845	0.02014020	-0.07716005
12.96257407	0.26095197	0.02013118	-0.07714517
12.96507407	0.26088549	0.02012217	-0.07713030
12.96757406	0.26081899	0.02011317	-0.07711543
12.97007406	0.26075248	0.02010416	-0.07710056
12.97257405	0.26068596	0.02009516	-0.07708570
12.97507405	0.26061943	0.02008616	-0.07707085
12.97757404	0.26055288	0.02007716	-0.07705600
12.98007404	0.26048633	0.02006817	-0.07704116
12.98257403	0.26041976	0.02005918	-0.07702633
12.98507403	0.26035318	0.02005019	-0.07701150
12.98757402	0.26028658	0.02004120	-0.07699667
12.99007402	0.26021998	0.02003222	-0.07698186
12.99257401	0.26015336	0.02002323	-0.07696704
12.99507401	0.26008673	0.02001426	-0.07695224
12.99757400	0.26002009	0.02000528	-0.07693743
13.00007400	0.25995344	0.01999630	-0.07692264
13.00257399	0.25988677	0.01998733	-0.07690785
13.00507399	0.25982010	0.01997836	-0.07689307
13.00757398	0.25975341	0.01996940	-0.07687829
13.01007398	0.25968671	0.01996043	-0.07686351
13.01257397	0.25962000	0.01995147	-0.07684875
13.01507397	0.25955328	0.01994251	-0.07683399
13.01757396	0.25948654	0.01993356	-0.07681923
13.02007396	0.25941980	0.01992460	-0.07680448
13.02257395	0.25935304	0.01991565	-0.07678973
13.02507395	0.25928627	0.01990670	-0.07677500
13.02757394	0.25921949	0.01989776	-0.07676026
13.03007394	0.25915270	0.01988881	-0.07674554
13.03257393	0.25908590	0.01987987	-0.07673081
13.03507393	0.25901909	0.01987093	-0.07671610
13.03757392	0.25895226	0.01986200	-0.07670139
13.04007392	0.25888542	0.01985306	-0.07668668
13.04257391	0.25881857	0.01984413	-0.07667198
13.04507391	0.25875172	0.01983520	-0.07665729
13.04757390	0.25868484	0.01982628	-0.07664260
13.05007390	0.25861796	0.01981736	-0.07662792
13.05257389	0.25855107	0.01980844	-0.07661324
13.05507389	0.25848417	0.01979952	-0.07659857
13.05757388	0.25841725	0.01979060	-0.07658391
13.06007388	0.25835032	0.01978169	-0.07656925
13.06257387	0.25828339	0.01977278	-0.07655459
13.06507387	0.25821644	0.01976387	-0.07653994
13.06757386	0.25814948	0.01975497	-0.07652530
13.07007386	0.25808251	0.01974606	-0.07651066
13.07257385	0.25801553	0.01973716	-0.07649603
13.07507385	0.25794853	0.01972827	-0.07648140
13.07757384	0.25788153	0.01971937	-0.07646678
13.08007384	0.25781452	0.01971048	-0.07645217
13.08257383	0.25774749	0.01970159	-0.07643756
13.08507383	0.25768046	0.01969270	-0.07642295
13.08757382	0.25761341	0.01968382	-0.07640836
13.09007382	0.25754635	0.01967494	-0.07639376
13.09257381	0.25747928	0.01966606	-0.07637918
13.09507381	0.25741221	0.01965718	-0.07636459
13.09757380	0.25734512	0.01964830	-0.07635002
13.10007380	0.25727802	0.01963943	-0.07633545
13.10257379	0.25721091	0.01963056	-0.07632088
13.10507379	0.25714378	0.01962170	-0.07630632
13.10757378	0.25707665	0.01961283	-0.07629177
13.11007378	0.25700951	0.01960397	-0.07627722
13.11257377	0.25694236	0.01959511	-0.07626268
13.11507377	0.25687520	0.01958626	-0.07624814
13.11757376	0.25680802	0.01957740	-0.07623361
13.12007376	0.25674084	0.01956855	-0.07621908
13.12257375	0.25667364	0.01955970	-0.07620456
13.12507375	0.25660644	0.01955086	-0.07619005
13.12757374	0.25653922	0.01954201	-0.07617554
13.13007374	0.25647200	0.01953317	-0.07616103
13.13257373	0.25640476	0.01952433	-0.07614654
13.13507373	0.25633752	0.01951550	-0.07613204
13.13757372	0.25627026	0.01950667	-0.07611756
13.14007372	0.25620299	0.01949784	-0.07610307
13.14257371	0.25613572	0.01948901	-0.07608860
13.14507371	0.25606843	0.01948018	-0.07607413
13.14757370	0.25600113	0.01947136	-0.07605966
13.15007370	0.25593383	0.01946254	-0.07604520
13.15257369	0.25586651	0.01945372	-0.07603075
13.15507369	0.25579918	0.01944491	-0.07601630
13.15757368	0.25573185	0.01943609	-0.07600185
13.16007368	0.25566450	0.01942728	-0.07598742
13.16257367	0.25559714	0.01941848	-0.07597298
13.16507367	0.25552978	0.01940967	-0.07595856
13.16757366	0.25546240	0.01940087	-0.07594414
13.17007366	0.25539501	0.01939207	-0.07592972
13.17257365	0.25532762	0.01938327	-0.07591531
13.17507365	0.25526021	0.01937448	-0.07590090
13.17757364	0.25519279	0.01936569	-0.07588650
13.18007364	0.25512537	0.01935690	-0.07587211
13.18257363	0.25505793	0.01934811	-0.07585772
13.18507363	0.25499049	0.01933933	-0.07584334
13.18757362	0.25492303	0.01933055	-0.07582896
13.19007362	0.25485557	0.01932177	-0.07581459
13.19257361	0.25478810	0.01931299	-0.07580022
13.19507361	0.25472061	0.01930422	-0.07578586
13.19757360	0.25465312	0.01929545	-0.07577150
13.20007360	0.25458562	0.01928668	-0.07575715
13.20257359	0.25451810	0.01927792	-0.07574281
13.20507359	0.25445058	0.01926915	-0.07572847
13.20757358	0.25438305	0.01926039	-0.07571413
13.21007358	0.25431551	0.01925163	-0.07569981
13.21257357	0.25424796	0.01924288	-0.07568548
13.21507357	0.25418040	0.01923413	-0.07567116
13.21757356	0.25411283	0.01922538	-0.07565685
13.22007356	0.25404526	0.01921663	-0.07564254
13.22257355	0.25397767	0.01920788	-0.07562824
13.22507355	0.25391007	0.01919914	-0.07561395
13.22757354	0.25384247	0.01919040	-0.07559966
13.23007354	0.25377485	0.01918167	-0.07558537
13.23257353	0.25370723	0.01917293	-0.07557109
13.23507353	0.25363960	0.01916420	-0.07555681
13.23757352	0.25357195	0.01915547	-0.07554255
13.24007352	0.25350430	0.01914674	-0.07552828
13.24257351	0.25343664	0.01913802	-0.07551402
13.24507351	0.25336897	0.01912930	-0.07549977
13.24757350	0.25330130	0.01912058	-0.07548552
13.25007350	0.25323361	0.01911186	-0.07547128
13.25257349	0.25316591	0.01910315	-0.07545704
13.25507349	0.25309821	0.01909444	-0.07544281
13.25757348	0.25303049	0.01908573	-0.07542858
13.26007348	0.25296277	0.01907703	-0.07541436
13.26257347	0.25289504	0.01906832	-0.07540015
13.26507347	0.25282730	0.01905962	-0.07538594
13.26757346	0.25275955	0.01905093	-0.07537173
13.27007346	0.25269179	0.01904223	-0.07535753
13.27257345	0.25262402	0.01903354	-0.07534334
13.27507345	0.25255625	0.01902485	-0.07532915
13.27757344	0.25248846	0.01901616	-0.07531497
13.28007344	0.25242067	0.01900748	-0.07530079
13.28257343	0.25235287	0.01899879	-0.07528662
13.28507343	0.25228506	0.01899011	-0.07527245
13.28757342	0.25221724	0.01898144	-0.07525829
13.29007342	0.25214941	0.01897276	-0.07524413
13.29257341	0.25208158	0.01896409	-0.07522998
13.29507341	0.25201373	0.01895542	-0.07521583
13.29757340	0.25194588	0.01894676	-0.07520169
13.30007340	0.25187802	0.01893809	-0.07518755
13.30257339	0.25181015	0.01892943	-0.07517342
13.30507339	0.25174227	0.01892077	-0.07515930
13.30757338	0.25167438	0.01891212	-0.07514518
13.31007338	0.25160649	0.01890346	-0.07513107
13.31257337	0.25153859	0.01889481	-0.07511696
13.31507337	0.25147067	0.01888617	-0.07510285
13.31757336	0.25140276	0.01887752	-0.07508875
13.32007336	0.25133483	0.01886888	-0.07507466
13.32257335	0.25126689	0.01886024	-0.07506057
13.32507335	0.25119895	0.01885160	-0.07504649
13.32757334	0.25113100	0.01884296	-0.07503241
13.33007334	0.25106303	0.01883433	-0.07501834
13.33257333	0.25099507	0.01882570	-0.07500428
13.33507333	0.25092709	0.01881708	-0.07499021
13.33757332	0.25085910	0.01880845	-0.07497616
13.34007332	0.25079111	0.01879983	-0.07496211
13.34257331	0.25072311	0.01879121	-0.07494806
13.34507331	0.25065510	0.01878259	-0.07493402
13.34757330	0.25058709	0.01877398	-0.07491999
13.35007330	0.25051906	0.01876537	-0.07490596
13.35257329	0.25045103	0.01875676	-0.07489193
13.35507329	0.25038299	0.01874816	-0.07487791
13.35757328	0.25031494	0.01873955	-0.07486390
13.36007328	0.25024689	0.01873095	-0.07484989
13.36257327	0.25017882	0.01872235	-0.07483589
13.36507327	0.25011075	0.01871376	-0.07482189
13.36757326	0.25004267	0.01870517	-0.07480789
13.37007326	0.24997458	0.01869658	-0.07479391
13.37257325	0.24990649	0.01868799	-0.07477992
13.37507325	0.24983839	0.01867940	-0.07476595
13.37757324	0.24977028	0.01867082	-0.07475197
13.38007324	0.24970216	0.01866224	-0.07473801
13.38257323	0.24963404	0.01865366	-0.07472404
13.38507323	0.24956590	0.01864509	-0.07471009
13.38757322	0.24949776	0.01863652	-0.07469614
13.39007322	0.24942962	0.01862795	-0.07468219
13.39257321	0.24936146	0.01861938	-0.07466825
13.39507321	0.24929330	0.01861082	-0.07465431
13.39757320	0.24922513	0.01860226	-0.07464038
13.40007320	0.24915695	0.01859370	-0.07462646
13.40257319	0.24908877	0.01858515	-0.07461254
13.40507319	0.24902058	0.01857659	-0.07459862
13.40757318	0.24895238	0.01856804	-0.07458471
13.41007318	0.24888417	0.01855949	-0.07457081
13.41257317	0.24881596	0.01855095	-0.07455691
13.41507317	0.24874773	0.01854241	-0.07454301
13.41757316	0.24867951	0.01853387	-0.07452913
13.42007316	0.24861127	0.01852533	-0.07451524
13.42257315	0.24854303	0.01851679	-0.07450136
13.42507315	0.24847478	0.01850826	-0.07448749
13.42757314	0.24840652	0.01849973	-0.07447362
13.43007314	0.24833826	0.01849121	-0.07445976
13.43257313	0.24826999	0.01848268	-0.07444590
13.43507313	0.24820171	0.01847416	-0.07443205
13.43757312	0.24813342	0.01846564	-0.07441820
13.44007312	0.24806513	0.01845713	-0.07440436
13.44257311	0.24799683	0.01844861	-0.07439052
13.44507311	0.24792853	0.01844010	-0.07437669
13.44757310	0.24786022	0.01843159	-0.07436286
13.45007310	0.24779190	0.01842309	-0.07434904
13.45257309	0.24772357	0.01841459	-0.07433522
13.45507309	0.24765524	0.01840609	-0.07432141
13.45757308	0.24758690	0.01839759	-0.07430760
13.46007308	0.24751855	0.01838909	-0.07429380
13.46257307	0.24745020	0.01838060	-0.07428001
13.46507307	0.24738184	0.01837211	-0.07426621
13.46757306	0.24731347	0.01836363	-0.07425243
13.47007306	0.24724510	0.01835514	-0.07423865
13.47257305	0.24717672	0.01834666	-0.07422487
13.47507305	0.24710833	0.01833818	-0.07421110
13.47757304	0.24703994	0.01832970	-0.07419733
13.48007304	0.24697154	0.01832123	-0.07418357
13.48257303	0.24690313	0.01831276	-0.07416982
13.48507303	0.24683472	0.01830429	-0.07415607
13.48757302	0.24676630	0.01829583	-0.07414232
13.49007302	0.24669787	0.01828736	-0.07412858
13.49257301	0.24662944	0.01827890	-0.07411485
13.49507301	0.24656100	0.01827045	-0.07410112
13.49757300	0.24649255	0.01826199	-0.07408739
13.50007300	0.24642410	0.01825354	-0.07407367
13.50257299	0.24635564	0.01824509	-0.07405996
13.50507299	0.24628718	0.01823664	-0.07404625
13.50757298	0.24621871	0.01822820	-0.07403254
13.51007298	0.24615023	0.01821976	-0.07401885
13.51257297	0.24608175	0.01821132	-0.07400515
13.51507297	0.24601326	0.01820288	-0.07399146
13.51757296	0.24594476	0.01819445	-0.07397778
13.52007296	0.24587626	0.01818602	-0.07396410
13.52257295	0.24580776	0.01817759	-0.07395042
13.52507295	0.24573924	0.01816916	-0.07393675
13.52757294	0.24567072	0.01816074	-0.07392309
13.53007294	0.24560220	0.01815232	-0.07390943
13.53257293	0.24553366	0.01814390	-0.07389578
13.53507293	0.24546513	0.01813549	-0.07388213
13.53757292	0.24539658	0.01812707	-0.07386848
13.54007292	0.24532803	0.01811866	-0.07385485
13.54257291	0.24525948	0.01811026	-0.07384121
13.54507291	0.24519091	0.01810185	-0.07382758
13.54757290	0.24512235	0.01809345	-0.07381396
13.55007290	0.24505377	0.01808505	-0.07380034
13.55257289	0.24498519	0.01807666	-0.07378673
13.55507289	0.24491661	0.01806826	-0.07377312
13.55757288	0.24484802	0.01805987	-0.07375951
13.56007288	0.24477942	0.01805148	-0.07374592
13.56257287	0.24471082	0.01804310	-0.07373232
13.56507287	0.24464221	0.01803471	-0.07371873
13.56757286	0.24457360	0.01802633	-0.07370515
13.57007286	0.24450498	0.01801796	-0.07369157
13.57257285	0.24443635	0.01800958	-0.07367800
13.57507285	0.24436772	0.01800121	-0.07366443
13.57757284	0.24429908	0.01799284	-0.07365087
13.58007284	0.24423044	0.01798447	-0.07363731
13.58257283	0.24416179	0.01797611	-0.07362375
13.58507283	0.24409314	0.01796775	-0.07361021
13.58757282	0.24402448	0.01795939	-0.07359666
13.59007282	0.24395582	0.01795103	-0.07358312
13.59257281	0.24388715	0.01794268	-0.07356959
13.59507281	0.24381847	0.01793433	-0.07355606
13.59757280	0.24374979	0.01792598	-0.07354254
13.60007280	0.24368111	0.01791763	-0.07352902
13.60257279	0.24361242	0.01790929	-0.07351550
13.60507279	0.24354372	0.01790095	-0.07350200
13.60757278	0.24347502	0.01789261	-0.07348849
13.61007278	0.24340631	0.01788428	-0.07347499
13.61257277	0.24333760	0.01787594	-0.07346150
13.61507277	0.24326888	0.01786762	-0.07344801
13.61757276	0.24320016	0.01785929	-0.07343453
13.62007276	0.24313143	0.01785096	-0.07342105
13.62257275	0.24306270	0.01784264	-0.07340757
13.62507275	0.24299396	0.01783432	-0.07339410
13.62757274	0.24292522	0.01782601	-0.07338064
13.63007274	0.24285647	0.01781769	-0.07336718
13.63257273	0.24278772	0.01780938	-0.07335373
13.63507273	0.24271896	0.01780108	-0.07334028
13.63757272	0.24265020	0.01779277	-0.07332683
13.64007272	0.24258143	0.01778447	-0.07331339
13.64257271	0.24251266	0.01777617	-0.07329996
13.64507271	0.24244388	0.01776787	-0.07328653
13.64757270	0.24237509	0.01775958	-0.07327310
13.65007270	0.24230631	0.01775128	-0.07325968
13.65257269	0.24223751	0.01774299	-0.07324627
13.65507269	0.24216872	0.01773471	-0.07323286
13.65757268	0.24209991	0.01772642	-0.07321945
13.66007268	0.24203111	0.01771814	-0.07320605
13.66257267	0.24196229	0.01770986	-0.07319266
13.66507267	0.24189348	0.01770159	-0.07317927
13.66757266	0.24182466	0.01769331	-0.07316588
13.67007266	0.24175583	0.01768504	-0.07315250
13.67257265	0.24168700	0.01767678	-0.07313912
13.67507265	0.24161816	0.01766851	-0.07312575
13.67757264	0.24154932	0.01766025	-0.07311239
13.68007264	0.24148048	0.01765199	-0.07309903
13.68257263	0.24141163	0.01764373	-0.07308567
13.68507263	0.24134278	0.01763548	-0.07307232
13.68757262	0.24127392	0.01762722	-0.07305897
13.69007262	0.24120506	0.01761898	-0.07304563
13.69257261	0.24113619	0.01761073	-0.07303229
13.69507261	0.24106732	0.01760249	-0.07301896
13.69757260	0.24099844	0.01759424	-0.07300564
13.70007260	0.24092956	0.01758601	-0.07299231
13.70257259	0.24086068	0.01757777	-0.07297900
13.70507259	0.24079179	0.01756954	-0.07296568
13.70757258	0.24072289	0.01756131	-0.07295238
13.71007258	0.24065400	0.01755308	-0.07293907
13.71257257	0.24058509	0.01754485	-0.07292578
13.71507257	0.24051619	0.01753663	-0.07291248
13.71757256	0.24044728	0.01752841	-0.07289920
13.72007256	0.24037836	0.01752020	-0.07288591
13.72257255	0.24030944	0.01751198	-0.07287263
13.72507255	0.24024052	0.01750377	-0.07285936
13.72757254	0.24017159	0.01749556	-0.07284609
13.73007254	0.24010266	0.01748736	-0.07283283
13.73257253	0.24003373	0.01747915	-0.07281957
13.73507253	0.23996479	0.01747095	-0.07280631
13.73757252	0.23989584	0.01746275	-0.07279306
13.74007252	0.23982690	0.01745456	-0.07277982
13.74257251	0.23975794	0.01744637	-0.07276658
13.74507251	0.23968899	0.01743818	-0.07275334
13.74757250	0.23962003	0.01742999	-0.07274011
13.75007250	0.23955107	0.01742180	-0.07272689
13.75257249	0.23948210	0.01741362	-0.07271367
13.75507249	0.23941313	0.01740544	-0.07270045
13.75757248	0.23934415	0.01739727	-0.07268724
13.76007248	0.23927517	0.01738909	-0.07267404
13.76257247	0.23920619	0.01738092	-0.07266083
13.76507247	0.23913720	0.01737275	-0.07264764
13.76757246	0.23906821	0.01736459	-0.07263445
13.77007246	0.23899922	0.01735642	-0.07262126
13.77257245	0.23893022	0.01734826	-0.07260808
13.77507245	0.23886122	0.01734011	-0.07259490
13.77757244	0.23879222	0.01733195	-0.07258173
13.78007244	0.23872321	0.01732380	-0.07256856
13.78257243	0.23865419	0.01731565	-0.07255540
13.78507243	0.23858518	0.01730750	-0.07254224
13.78757242	0.23851616	0.01729936	-0.07252908
13.79007242	0.23844714	0.01729122	-0.07251594
13.79257241	0.23837811	0.01728308	-0.07250279
13.79507241	0.23830908	0.01727494	-0.07248965
13.79757240	0.23824005	0.01726681	-0.07247652
13.80007240	0.23817101	0.01725868	-0.07246339
13.80257239	0.23810197	0.01725055	-0.07245026
13.80507239	0.23803292	0.01724242	-0.07243714
13.80757238	0.23796388	0.01723430	-0.07242403
13.81007238	0.23789483	0.01722618	-0.07241092
13.81257237	0.23782577	0.01721807	-0.07239781
13.81507237	0.23775671	0.01720995	-0.07238471
13.81757236	0.23768765	0.01720184	-0.07237161
13.82007236	0.23761859	0.01719373	-0.07235852
13.82257235	0.23754952	0.01718562	-0.07234543
13.82507235	0.23748045	0.01717752	-0.07233235
13.82757234	0.23741138	0.01716942	-0.07231927
13.83007234	0.23734230	0.01716132	-0.07230620
13.83257233	0.23727322	0.01715322	-0.07229313
13.83507233	0.23720414	0.01714513	-0.07228007
13.83757232	0.23713505	0.01713704	-0.07226701
13.84007232	0.23706596	0.01712895	-0.07225396
13.84257231	0.23699687	0.01712087	-0.07224091
13.84507231	0.23692777	0.01711279	-0.07222786
13.84757230	0.23685868	0.01710471	-0.07221482
13.85007230	0.23678957	0.01709663	-0.07220179
13.85257229	0.23672047	0.01708856	-0.07218876
13.85507229	0.23665136	0.01708049	-0.07217573
13.85757228	0.23658225	0.01707242	-0.07216271
13.86007228	0.23651314	0.01706435	-0.07214970
13.86257227	0.23644402	0.01705629	-0.07213668
13.86507227	0.23637490	0.01704823	-0.07212368
13.86757226	0.23630578	0.01704017	-0.07211068
13.87007226	0.23623666	0.01703211	-0.07209768
13.87257225	0.23616753	0.01702406	-0.07208468
13.87507225	0.23609840	0.01701601	-0.07207170
13.87757224	0.23602927	0.01700797	-0.07205871
13.88007224	0.23596013	0.01699992	-0.07204573
13.88257223	0.23589099	0.01699188	-0.07203276
13.88507223	0.23582185	0.01698384	-0.07201979
13.88757222	0.23575271	0.01697580	-0.07200683
13.89007222	0.23568356	0.01696777	-0.07199387
13.89257221	0.23561441	0.01695974	-0.07198091
13.89507221	0.23554526	0.01695171	-0.07196796
13.89757220	0.23547611	0.01694369	-0.07195501
13.90007220	0.23540695	0.01693566	-0.07194207
13.90257219	0.23533779	0.01692764	-0.07192914
13.90507219	0.23526863	0.01691963	-0.07191620
13.90757218	0.23519946	0.01691161	-0.07190328
13.91007218	0.23513030	0.01690360	-0.07189035
13.91257217	0.23506113	0.01689559	-0.07187743
13.91507217	0.23499196	0.01688758	-0.07186452
13.91757216	0.23492278	0.01687958	-0.07185161
13.92007216	0.23485360	0.01687158	-0.07183871
13.92257215	0.23478443	0.01686358	-0.07182581
13.92507215	0.23471524	0.01685559	-0.07181291
13.92757214	0.23464606	0.01684759	-0.07180002
13.93007214	0.23457688	0.01683960	-0.07178714
13.93257213	0.23450769	0.01683161	-0.07177426
13.93507213	0.23443850	0.01682363	-0.07176138
13.93757212	0.23436931	0.01681565	-0.07174851
13.94007212	0.23430011	0.01680767	-0.07173564
13.94257211	0.23423091	0.01679969	-0.07172278
13.94507211	0.23416171	0.01679172	-0.07170992
13.94757210	0.23409251	0.01678375	-0.07169707
13.95007210	0.23402331	0.01677578	-0.07168422
13.95257209	0.23395411	0.01676781	-0.07167137
13.95507209	0.23388490	0.01675985	-0.07165853
13.95757208	0.23381569	0.01675189	-0.07164570
13.96007208	0.23374648	0.01674393	-0.07163287
13.96257207	0.23367726	0.01673598	-0.07162004
13.96507207	0.23360805	0.01672802	-0.07160722
13.96757206	0.23353883	0.01672007	-0.07159440
13.97007206	0.23346961	0.01671213	-0.07158159
13.97257205	0.23340039	0.01670418	-0.07156878
13.97507205	0.23333117	0.01669624	-0.07155598
13.97757204	0.23326194	0.01668830	-0.07154318
13.98007204	0.23319272	0.01668037	-0.07153039
13.98257203	0.23312349	0.01667243	-0.07151760
13.98507203	0.23305426	0.01666450	-0.07150482
13.98757202	0.23298502	0.01665657	-0.07149204
13.99007202	0.23291579	0.01664865	-0.07147926
13.99257201	0.23284655	0.01664073	-0.07146649
13.99507201	0.23277732	0.01663281	-0.07145372
13.99757200	0.23270808	0.01662489	-0.07144096
14.00007200	0.23263884	0.01661697	-0.07142820
14.00257199	0.23256960	0.01660906	-0.07141545
14.00507199	0.23250035	0.01660115	-0.07140270
14.00757198	0.23243111	0.01659325	-0.07138996
14.01007198	0.23236186	0.01658534	-0.07137722
14.01257197	0.23229261	0.01657744	-0.07136449
14.01507197	0.23222336	0.01656954	-0.07135176
14.01757196	0.23215411	0.01656165	-0.07133903
14.02007196	0.23208485	0.01655376	-0.07132631
14.02257195	0.23201560	0.01654587	-0.07131359
14.02507195	0.23194634	0.01653798	-0.07130088
14.02757194	0.23187709	0.01653009	-0.07128817
14.03007194	0.23180783	0.01652221	-0.07127547
14.03257193	0.23173857	0.01651433	-0.07126277
14.03507193	0.23166930	0.01650646	-0.07125008
14.03757192	0.23160004	0.01649858	-0.07123739
14.04007192	0.23153078	0.01649071	-0.07122471
14.04257191	0.23146151	0.01648284	-0.07121203
14.04507191	0.23139224	0.01647498	-0.07119935
14.04757190	0.23132297	0.01646711	-0.07118668
14.05007190	0.23125371	0.01645925	-0.07117401
14.05257189	0.23118443	0.01645140	-0.07116135
14.05507189	0.23111516	0.01644354	-0.07114869
14.05757188	0.23104589	0.01643569	-0.07113604
14.06007188	0.23097661	0.01642784	-0.07112339
14.06257187	0.23090734	0.01641999	-0.07111075
14.06507187	0.23083806	0.01641215	-0.07109811
14.06757186	0.23076879	0.01640431	-0.07108547
14.07007186	0.23069951	0.01639647	-0.07107284
14.07257185	0.23063023	0.01638863	-0.07106022
14.07507185	0.23056095	0.01638080	-0.07104759
14.07757184	0.23049166	0.01637297	-0.07103498
14.08007184	0.23042238	0.01636514	-0.07102236
14.08257183	0.23035310	0.01635732	-0.07100976
14.08507183	0.23028381	0.01634950	-0.07099715
14.08757182	0.23021453	0.01634168	-0.07098455
14.09007182	0.23014524	0.01633386	-0.07097196
14.09257181	0.23007595	0.01632604	-0.07095937
14.09507181	0.23000666	0.01631823	-0.07094678
14.09757180	0.22993738	0.01631042	-0.07093420
14.10007180	0.22986809	0.01630262	-0.07092162
14.10257179	0.22979879	0.01629481	-0.07090905
14.10507179	0.22972950	0.01628701	-0.07089648
14.10757178	0.22966021	0.01627922	-0.07088392
14.11007178	0.22959092	0.01627142	-0.07087136
14.11257177	0.22952162	0.01626363	-0.07085881
14.11507177	0.22945233	0.01625584	-0.07084626
14.11757176	0.22938303	0.01624805	-0.07083371
14.12007176	0.22931374	0.01624027	-0.07082117
14.12257175	0.22924444	0.01623249	-0.07080863
14.12507175	0.22917515	0.01622471	-0.07079610
14.12757174	0.22910585	0.01621693	-0.07078357
14.13007174	0.22903655	0.01620916	-0.07077105
14.13257173	0.22896725	0.01620139	-0.07075853
14.13507173	0.22889795	0.01619362	-0.07074602
14.13757172	0.22882865	0.01618585	-0.07073350
14.14007172	0.22875935	0.01617809	-0.07072100
14.14257171	0.22869005	0.01617033	-0.07070850
14.14507171	0.22862075	0.01616257	-0.07069600
14.14757170	0.22855145	0.01615482	-0.07068351
14.15007170	0.22848215	0.01614707	-0.07067102
14.15257169	0.22841285	0.01613932	-0.07065854
14.15507169	0.22834354	0.01613157	-0.07064606
14.15757168	0.22827424	0.01612383	-0.07063358
14.16007168	0.22820494	0.01611609	-0.07062111
14.16257167	0.22813563	0.01610835	-0.07060865
14.16507167	0.22806633	0.01610061	-0.07059618
14.16757166	0.22799702	0.01609288	-0.07058373
14.17007166	0.22792772	0.01608515	-0.07057127
14.17257165	0.22785842	0.01607742	-0.07055882
14.17507165	0.22778911	0.01606970	-0.07054638
14.17757164	0.22771981	0.01606198	-0.07053394
14.18007164	0.22765050	0.01605426	-0.07052151
14.18257163	0.22758120	0.01604654	-0.07050907
14.18507163	0.22751189	0.01603883	-0.07049665
14.18757162	0.22744259	0.01603111	-0.07048423
14.19007162	0.22737328	0.01602341	-0.07047181
14.19257161	0.22730397	0.01601570	-0.07045939
14.19507161	0.22723467	0.01600800	-0.07044699
14.19757160	0.22716537	0.01600030	-0.07043458
14.20007160	0.22709607	0.01599260	-0.07042218
14.20257159	0.22702676	0.01598491	-0.07040978
14.20507159	0.22695746	0.01597721	-0.07039739
14.20757158	0.22688816	0.01596952	-0.07038501
14.21007158	0.22681886	0.01596184	-0.07037262
14.21257157	0.22674956	0.01595415	-0.07036024
14.21507157	0.22668026	0.01594647	-0.07034787
14.21757156	0.22661096	0.01593879	-0.07033550
14.22007156	0.22654166	0.01593112	-0.07032313
14.22257155	0.22647236	0.01592345	-0.07031077
14.22507155	0.22640306	0.01591578	-0.07029842
14.22757154	0.22633376	0.01590811	-0.07028606
14.23007154	0.22626446	0.01590044	-0.07027372
14.23257153	0.22619516	0.01589278	-0.07026137
14.23507153	0.22612586	0.01588512	-0.07024903
14.23757152	0.22605656	0.01587747	-0.07023670
14.24007152	0.22598726	0.01586981	-0.07022437
14.24257151	0.22591796	0.01586216	-0.07021204
14.24507151	0.22584867	0.01585451	-0.07019972
14.24757150	0.22577937	0.01584687	-0.07018740
14.25007150	0.22571007	0.01583922	-0.07017509
14.25257149	0.22564077	0.01583158	-0.07016278
14.25507149	0.22557148	0.01582395	-0.07015047
14.25757148	0.22550218	0.01581631	-0.07013817
14.26007148	0.22543289	0.01580868	-0.07012588
14.26257147	0.22536359	0.01580105	-0.07011358
14.26507147	0.22529430	0.01579342	-0.07010130
14.26757146	0.22522501	0.01578580	-0.07008901
14.27007146	0.22515571	0.01577818	-0.07007673
14.27257145	0.22508642	0.01577056	-0.07006446
14.27507145	0.22501713	0.01576294	-0.07005219
14.27757144	0.22494784	0.01575533	-0.07003992
14.28007144	0.22487855	0.01574772	-0.07002766
14.28257143	0.22480926	0.01574011	-0.07001540
14.28507143	0.22473997	0.01573251	-0.07000315
14.28757142	0.22467068	0.01572490	-0.06999090
14.29007142	0.22460139	0.01571730	-0.06997866
14.29257141	0.22453211	0.01570971	-0.06996642
14.29507141	0.22446282	0.01570211	-0.06995418
14.29757140	0.22439353	0.01569452	-0.06994195
14.30007140	0.22432425	0.01568693	-0.06992972
14.30257139	0.22425497	0.01567935	-0.06991750
14.30507139	0.22418568	0.01567176	-0.06990528
14.30757138	0.22411640	0.01566418	-0.06989306
14.31007138	0.22404712	0.01565660	-0.06988085
14.31257137	0.22397784	0.01564903	-0.06986865
14.31507137	0.22390856	0.01564146	-0.06985645
14.31757136	0.22383928	0.01563389	-0.06984425
14.32007136	0.22377001	0.01562632	-0.06983205
14.32257135	0.22370073	0.01561875	-0.06981987
14.32507135	0.22363145	0.01561119	-0.06980768
14.32757134	0.22356218	0.01560363	-0.06979550
14.33007134	0.22349291	0.01559608	-0.06978332
14.33257133	0.22342363	0.01558852	-0.06977115
14.33507133	0.22335436	0.01558097	-0.06975898
14.33757132	0.22328509	0.01557343	-0.06974682
14.34007132	0.22321582	0.01556588	-0.06973466
14.34257131	0.22314656	0.01555834	-0.06972250
14.34507131	0.22307729	0.01555080	-0.06971035
14.34757130	0.22300803	0.01554326	-0.06969821
14.35007130	0.22293876	0.01553572	-0.06968606
14.35257129	0.22286950	0.01552819	-0.06967393
14.35507129	0.22280024	0.01552066	-0.06966179
14.35757128	0.22273098	0.01551314	-0.06964966
14.36007128	0.22266172	0.01550561	-0.06963754
14.36257127	0.22259246	0.01549809	-0.06962542
14.36507127	0.22252320	0.01549057	-0.06961330
14.36757126	0.22245395	0.01548306	-0.06960119
14.37007126	0.22238469	0.01547555	-0.06958908
14.37257125	0.22231544	0.01546804	-0.06957697
14.37507125	0.22224619	0.01546053	-0.06956487
14.37757124	0.22217694	0.01545302	-0.06955278
14.38007124	0.22210769	0.01544552	-0.06954068
14.38257123	0.22203844	0.01543802	-0.06952860
14.38507123	0.22196920	0.01543052	-0.06951651
14.38757122	0.22189996	0.01542303	-0.06950443
14.39007122	0.22183071	0.01541554	-0.06949236
14.39257121	0.22176147	0.01540805	-0.06948029
14.39507121	0.22169223	0.01540057	-0.06946822
14.39757120	0.22162300	0.01539308	-0.06945616
14.40007120	0.22155376	0.01538560	-0.06944410
14.40257119	0.22148453	0.01537812	-0.06943205
14.40507119	0.22141529	0.01537065	-0.06942000
14.40757118	0.22134606	0.01536318	-0.06940795
14.41007118	0.22127683	0.01535571	-0.06939591
14.41257117	0.22120760	0.01534824	-0.06938387
14.41507117	0.22113838	0.01534078	-0.06937184
14.41757116	0.22106915	0.01533331	-0.06935981
14.42007116	0.22099993	0.01532586	-0.06934779
14.42257115	0.22093071	0.01531840	-0.06933576
14.42507115	0.22086149	0.01531095	-0.06932375
14.42757114	0.22079227	0.01530350	-0.06931174
14.43007114	0.22072306	0.01529605	-0.06929973
14.43257113	0.22065384	0.01528860	-0.06928772
14.43507113	0.22058463	0.01528116	-0.06927572
14.43757112	0.22051542	0.01527372	-0.06926373
14.44007112	0.22044621	0.01526628	-0.06925174
14.44257111	0.22037701	0.01525885	-0.06923975
14.44507111	0.22030780	0.01525142	-0.06922777
14.44757110	0.22023860	0.01524399	-0.06921579
14.45007110	0.22016940	0.01523656	-0.06920381
14.45257109	0.22010020	0.01522914	-0.06919184
14.45507109	0.22003100	0.01522172	-0.06917987
14.45757108	0.21996181	0.01521430	-0.06916791
14.46007108	0.21989262	0.01520688	-0.06915595
14.46257107	0.21982343	0.01519947	-0.06914400
14.46507107	0.21975424	0.01519206	-0.06913205
14.46757106	0.21968505	0.01518465	-0.06912010
14.47007106	0.21961587	0.01517725	-0.06910816
14.47257105	0.21954669	0.01516985	-0.06909622
14.47507105	0.21947751	0.01516245	-0.06908429
14.47757104	0.21940833	0.01515505	-0.06907236
14.48007104	0.21933915	0.01514766	-0.06906043
14.48257103	0.21926998	0.01514027	-0.06904851
14.48507103	0.21920081	0.01513288	-0.06903660
14.48757102	0.21913164	0.01512549	-0.06902468
14.49007102	0.21906247	0.01511811	-0.06901277
14.49257101	0.21899331	0.01511073	-0.06900087
14.49507101	0.21892415	0.01510335	-0.06898897
14.49757100	0.21885499	0.01509598	-0.06897707
14.50007100	0.21878583	0.01508860	-0.06896518
14.50257099	0.21871667	0.01508123	-0.06895329
14.50507099	0.21864752	0.01507387	-0.06894141
14.50757098	0.21857837	0.01506650	-0.06892953
14.51007098	0.21850922	0.01505914	-0.06891765
14.51257097	0.21844008	0.01505178	-0.06890578
14.51507097	0.21837094	0.01504443	-0.06889391
14.51757096	0.21830179	0.01503707	-0.06888205
14.52007096	0.21823266	0.01502972	-0.06887019
14.52257095	0.21816352	0.01502238	-0.06885833
14.52507095	0.21809439	0.01501503	-0.06884648
14.52757094	0.21802526	0.01500769	-0.06883463
14.53007094	0.21795613	0.01500035	-0.06882279
14.53257093	0.21788700	0.01499301	-0.06881095
14.53507093	0.21781788	0.01498568	-0.06879911
14.53757092	0.21774876	0.01497835	-0.06878728
14.54007092	0.21767964	0.01497102	-0.06877546
14.54257091	0.21761053	0.01496369	-0.06876363
14.54507091	0.21754142	0.01495637	-0.06875181
14.54757090	0.21747231	0.01494905	-0.06874000
14.55007090	0.21740320	0.01494173	-0.06872819
14.55257089	0.21733410	0.01493441	-0.06871638
14.55507089	0.21726499	0.01492710	-0.06870458
14.55757088	0.21719590	0.01491979	-0.06869278
14.56007088	0.21712680	0.01491248	-0.06868098
14.56257087	0.21705771	0.01490518	-0.06866919
14.56507087	0.21698862	0.01489788	-0.06865741
14.56757086	0.21691953	0.01489058	-0.06864562
14.57007086	0.21685044	0.01488328	-0.06863385
14.57257085	0.21678136	0.01487599	-0.06862207
14.57507085	0.21671228	0.01486869	-0.06861030
14.57757084	0.21664321	0.01486141	-0.06859853
14.58007084	0.21657413	0.01485412	-0.06858677
14.58257083	0.21650506	0.01484684	-0.06857501
14.58507083	0.21643600	0.01483956	-0.06856326
14.58757082	0.21636693	0.01483228	-0.06855151
14.59007082	0.21629787	0.01482500	-0.06853976
14.59257081	0.21622881	0.01481773	-0.06852802
14.59507081	0.21615976	0.01481046	-0.06851628
14.59757080	0.21609070	0.01480320	-0.06850455
14.60007080	0.21602165	0.01479593	-0.06849282
14.60257079	0.21595261	0.01478867	-0.06848109
14.60507079	0.21588356	0.01478141	-0.06846937
14.60757078	0.21581452	0.01477416	-0.06845765
14.61007078	0.21574549	0.01476690	-0.06844594
14.61257077	0.21567645	0.01475965	-0.06843423
14.61507077	0.21560742	0.01475240	-0.06842252
14.61757076	0.21553840	0.01474516	-0.06841082
14.62007076	0.21546937	0.01473792	-0.06839912
14.62257075	0.21540035	0.01473068	-0.06838743
14.62507075	0.21533133	0.01472344	-0.06837574
14.62757074	0.21526232	0.01471620	-0.06836405
14.63007074	0.21519331	0.01470897	-0.06835237
14.63257073	0.21512430	0.01470174	-0.06834069
14.63507073	0.21505529	0.01469452	-0.06832902
14.63757072	0.21498629	0.01468729	-0.06831735
14.64007072	0.21491729	0.01468007	-0.06830568
14.64257071	0.21484830	0.01467285	-0.06829402
14.64507071	0.21477931	0.01466564	-0.06828236
14.64757070	0.21471032	0.01465843	-0.06827071
14.65007070	0.21464134	0.01465122	-0.06825906
14.65257069	0.21457235	0.01464401	-0.06824741
14.65507069	0.21450338	0.01463680	-0.06823577
14.65757068	0.21443440	0.01462960	-0.06822413
14.66007068	0.21436543	0.01462240	-0.06821250
14.66257067	0.21429646	0.01461520	-0.06820086
14.66507067	0.21422750	0.01460801	-0.06818924
14.66757066	0.21415854	0.01460082	-0.06817762
14.67007066	0.21408958	0.01459363	-0.06816600
14.67257065	0.21402063	0.01458644	-0.06815438
14.67507065	0.21395168	0.01457926	-0.06814277
14.67757064	0.21388273	0.01457208	-0.06813117
14.68007064	0.21381379	0.01456490	-0.06811956
14.68257063	0.21374485	0.01455773	-0.06810796
14.68507063	0.21367592	0.01455055	-0.06809637
14.68757062	0.21360699	0.01454338	-0.06808478
14.69007062	0.21353806	0.01453622	-0.06807319
14.69257061	0.21346913	0.01452905	-0.06806161
14.69507061	0.21340021	0.01452189	-0.06805003
14.69757060	0.21333130	0.01451473	-0.06803846
14.70007060	0.21326238	0.01450758	-0.06802688
14.70257059	0.21319348	0.01450042	-0.06801532
14.70507059	0.21312457	0.01449327	-0.06800375
14.70757058	0.21305567	0.01448612	-0.06799219
14.71007058	0.21298677	0.01447898	-0.06798064
14.71257057	0.21291788	0.01447183	-0.06796909
14.71507057	0.21284899	0.01446469	-0.06795754
14.71757056	0.21278010	0.01445756	-0.06794600
14.72007056	0.21271122	0.01445042	-0.06793446
14.72257055	0.21264234	0.01444329	-0.06792292
14.72507055	0.21257346	0.01443616	-0.06791139
14.72757054	0.21250459	0.01442903	-0.06789986
14.73007054	0.21243573	0.01442191	-0.06788834
14.73257053	0.21236686	0.01441479	-0.06787682
14.73507053	0.21229801	0.01440767	-0.06786530
14.73757052	0.21222915	0.01440055	-0.06785379
14.74007052	0.21216030	0.01439344	-0.06784228
14.74257051	0.21209145	0.01438633	-0.06783078
14.74507051	0.21202261	0.01437922	-0.06781928
14.74757050	0.21195377	0.01437211	-0.06780778
14.75007050	0.21188494	0.01436501	-0.06779629
14.75257049	0.21181611	0.01435791	-0.06778480
14.75507049	0.21174728	0.01435081	-0.06777331
14.75757048	0.21167846	0.01434372	-0.06776183
14.76007048	0.21160964	0.01433663	-0.06775035
14.76257047	0.21154083	0.01432954	-0.06773888
14.76507047	0.21147202	0.01432245	-0.06772741
14.76757046	0.21140321	0.01431537	-0.06771595
14.77007046	0.21133441	0.01430829	-0.06770448
14.77257045	0.21126561	0.01430121	-0.06769303
14.77507045	0.21119682	0.01429413	-0.06768157
14.77757044	0.21112803	0.01428706	-0.06767012
14.78007044	0.21105925	0.01427999	-0.06765868
14.78257043	0.21099047	0.01427292	-0.06764723
14.78507043	0.21092169	0.01426586	-0.06763580
14.78757042	0.21085292	0.01425879	-0.06762436
14.79007042	0.21078416	0.01425173	-0.06761293
14.79257041	0.21071539	0.01424468	-0.06760150
14.79507041	0.21064664	0.01423762	-0.06759008
14.79757040	0.21057788	0.01423057	-0.06757866
14.80007040	0.21050913	0.01422352	-0.06756725
14.80257039	0.21044039	0.01421648	-0.06755583
14.80507039	0.21037165	0.01420943	-0.06754443
14.80757038	0.21030291	0.01420239	-0.06753302
14.81007038	0.21023418	0.01419535	-0.06752162
14.81257037	0.21016545	0.01418832	-0.06751023
14.81507037	0.21009673	0.01418128	-0.06749884
14.81757036	0.21002801	0.01417425	-0.06748745
14.82007036	0.20995930	0.01416723	-0.06747606
14.82257035	0.20989059	0.01416020	-0.06746468
14.82507035	0.20982189	0.01415318	-0.06745331
14.82757034	0.20975319	0.01414616	-0.06744193
14.83007034	0.20968449	0.01413914	-0.06743056
14.83257033	0.20961580	0.01413213	-0.06741920
14.83507033	0.20954711	0.01412512	-0.06740784
14.83757032	0.20947843	0.01411811	-0.06739648
14.84007032	0.20940976	0.01411110	-0.06738513
14.84257031	0.20934109	0.01410410	-0.06737378
14.84507031	0.20927242	0.01409710	-0.06736243
14.84757030	0.20920376	0.01409010	-0.06735109
14.85007030	0.20913510	0.01408310	-0.06733975
14.85257029	0.20906645	0.01407611	-0.06732841
14.85507029	0.20899780	0.01406912	-0.06731708
14.85757028	0.20892915	0.01406213	-0.06730576
14.86007028	0.20886052	0.01405515	-0.06729443
14.86257027	0.20879188	0.01404817	-0.06728311
14.86507027	0.20872325	0.01404119	-0.06727180
14.86757026	0.20865463	0.01403421	-0.06726049
14.87007026	0.20858601	0.01402724	-0.06724918
14.87257025	0.20851740	0.01402027	-0.06723787
14.87507025	0.20844879	0.01401330	-0.06722657
14.87757024	0.20838018	0.01400633	-0.06721528
14.88007024	0.20831158	0.01399937	-0.06720398
14.88257023	0.20824299	0.01399241	-0.06719269
14.88507023	0.20817440	0.01398545	-0.06718141
14.88757022	0.20810581	0.01397849	-0.06717013
14.89007022	0.20803723	0.01397154	-0.06715885
14.89257021	0.20796866	0.01396459	-0.06714758
14.89507021	0.20790009	0.01395764	-0.06713631
14.89757020	0.20783153	0.01395070	-0.06712504
14.90007020	0.20776297	0.01394376	-0.06711378
14.90257019	0.20769441	0.01393682	-0.06710252
14.90507019	0.20762586	0.01392988	-0.06709126
14.90757018	0.20755732	0.01392295	-0.06708001
14.91007018	0.20748878	0.01391602	-0.06706877
14.91257017	0.20742025	0.01390909	-0.06705752
14.91507017	0.20735172	0.01390216	-0.06704628
14.91757016	0.20728319	0.01389524	-0.06703505
14.92007016	0.20721468	0.01388832	-0.06702381
14.92257015	0.20714616	0.01388140	-0.06701258
14.92507015	0.20707765	0.01387448	-0.06700136
14.92757014	0.20700915	0.01386757	-0.06699014
14.93007014	0.20694065	0.01386066	-0.06697892
14.93257013	0.20687216	0.01385375	-0.06696771
14.93507013	0.20680367	0.01384685	-0.06695650
14.93757012	0.20673519	0.01383995	-0.06694529
14.94007012	0.20666672	0.01383305	-0.06693409
14.94257011	0.20659825	0.01382615	-0.06692289
14.94507011	0.20652978	0.01381926	-0.06691170
14.94757010	0.20646132	0.01381237	-0.06690051
14.95007010	0.20639286	0.01380548	-0.06688932
14.95257009	0.20632442	0.01379859	-0.06687813
14.95507009	0.20625597	0.01379171	-0.06686696
14.95757008	0.20618753	0.01378483	-0.06685578
14.96007008	0.20611910	0.01377795	-0.06684461
14.96257007	0.20605067	0.01377107	-0.06683344
14.96507007	0.20598225	0.01376420	-0.06682227
14.96757006	0.20591383	0.01375733	-0.06681111
14.97007006	0.20584542	0.01375046	-0.06679995
14.97257005	0.20577701	0.01374360	-0.06678880
14.97507005	0.20570861	0.01373674	-0.06677765
14.97757004	0.20564022	0.01372988	-0.06676650
14.98007004	0.20557183	0.01372302	-0.06675536
14.98257003	0.20550345	0.01371617	-0.06674422
14.98507003	0.20543507	0.01370932	-0.06673309
14.98757002	0.20536670	0.01370247	-0.06672196
14.99007002	0.20529833	0.01369562	-0.06671083
14.99257001	0.20522997	0.01368878	-0.06669971
14.99507001	0.20516161	0.01368194	-0.06668858
14.99757000	0.20509326	0.01367510	-0.06667747
15.00007000	0.20502492	0.01366826	-0.06666636
15.00256999	0.20495658	0.01366143	-0.06665525
15.00506999	0.20488825	0.01365460	-0.06664414
15.00756998	0.20481992	0.01364777	-0.06663304
15.01006998	0.20475160	0.01364095	-0.06662194
15.01256997	0.20468328	0.01363413	-0.06661085
15.01506997	0.20461497	0.01362731	-0.06659976
15.01756996	0.20454667	0.01362049	-0.06658867
15.02006996	0.20447837	0.01361368	-0.06657759
15.02256995	0.20441008	0.01360686	-0.06656651
15.02506995	0.20434179	0.01360006	-0.06655543
15.02756994	0.20427351	0.01359325	-0.06654436
15.03006994	0.20420524	0.01358645	-0.06653329
15.03256993	0.20413697	0.01357965	-0.06652223
15.03506993	0.20406870	0.01357285	-0.06651116
15.03756992	0.20400045	0.01356605	-0.06650011
15.04006992	0.20393220	0.01355926	-0.06648905
15.04256991	0.20386395	0.01355247	-0.06647800
15.04506991	0.20379571	0.01354568	-0.06646696
15.04756990	0.20372748	0.01353890	-0.06645591
15.05006990	0.20365925	0.01353211	-0.06644487
15.05256989	0.20359103	0.01352533	-0.06643384
15.05506989	0.20352281	0.01351856	-0.06642281
15.05756988	0.20345460	0.01351178	-0.06641178
15.06006988	0.20338640	0.01350501	-0.06640075
15.06256987	0.20331820	0.01349824	-0.06638973
15.06506987	0.20325001	0.01349147	-0.06637872
15.06756986	0.20318183	0.01348471	-0.06636770
15.07006986	0.20311365	0.01347795	-0.06635669
15.07256985	0.20304547	0.01347119	-0.06634569
15.07506985	0.20297731	0.01346444	-0.06633468
15.07756984	0.20290915	0.01345768	-0.06632369
15.08006984	0.20284099	0.01345093	-0.06631269
15.08256983	0.20277284	0.01344418	-0.06630170
15.08506983	0.20270470	0.01343744	-0.06629071
15.08756982	0.20263657	0.01343070	-0.06627973
15.09006982	0.20256844	0.01342396	-0.06626875
15.09256981	0.20250031	0.01341722	-0.06625777
15.09506981	0.20243220	0.01341048	-0.06624680
15.09756980	0.20236408	0.01340375	-0.06623583
15.10006980	0.20229598	0.01339702	-0.06622486
15.10256979	0.20222788	0.01339030	-0.06621390
15.10506979	0.20215979	0.01338357	-0.06620294
15.10756978	0.20209170	0.01337685	-0.06619198
15.11006978	0.20202362	0.01337013	-0.06618103
15.11256977	0.20195555	0.01336342	-0.06617008
15.11506977	0.20188748	0.01335670	-0.06615914
15.11756976	0.20181942	0.01334999	-0.06614820
15.12006976	0.20175137	0.01334328	-0.06613726
15.12256975	0.20168332	0.01333658	-0.06612633
15.12506975	0.20161528	0.01332987	-0.06611540
15.12756974	0.20154725	0.01332317	-0.06610447
15.13006974	0.20147922	0.01331648	-0.06609355
15.13256973	0.20141120	0.01330978	-0.06608263
15.13506973	0.20134318	0.01330309	-0.06607171
15.13756972	0.20127517	0.01329640	-0.06606080
15.14006972	0.20120717	0.01328971	-0.06604989
15.14256971	0.20113917	0.01328303	-0.06603899
15.14506971	0.20107118	0.01327635	-0.06602809
15.14756970	0.20100320	0.01326967	-0.06601719
15.15006970	0.20093523	0.01326299	-0.06600630
15.15256969	0.20086726	0.01325632	-0.06599541
15.15506969	0.20079929	0.01324964	-0.06598452
15.15756968	0.20073134	0.01324298	-0.06597364
15.16006968	0.20066339	0.01323631	-0.06596276
15.16256967	0.20059544	0.01322965	-0.06595188
15.16506967	0.20052751	0.01322299	-0.06594101
15.16756966	0.20045958	0.01321633	-0.06593014
15.17006966	0.20039165	0.01320967	-0.06591928
15.17256965	0.20032374	0.01320302	-0.06590841
15.17506965	0.20025583	0.01319637	-0.06589756
15.17756964	0.20018792	0.01318972	-0.06588670
15.18006964	0.20012003	0.01318308	-0.06587585
15.18256963	0.20005214	0.01317643	-0.06586500
15.18506963	0.19998426	0.01316980	-0.06585416
15.18756962	0.19991638	0.01316316	-0.06584332
15.19006962	0.19984851	0.01315652	-0.06583248
15.19256961	0.19978065	0.01314989	-0.06582165
15.19506961	0.19971279	0.01314326	-0.06581082
15.19756960	0.19964494	0.01313664	-0.06579999
15.20006960	0.19957710	0.01313001	-0.06578917
15.20256959	0.19950927	0.01312339	-0.06577835
15.20506959	0.19944144	0.01311677	-0.06576754
15.20756958	0.19937362	0.01311016	-0.06575673
15.21006958	0.19930580	0.01310354	-0.06574592
15.21256957	0.19923800	0.01309693	-0.06573511
15.21506957	0.19917020	0.01309032	-0.06572431
15.21756956	0.19910240	0.01308372	-0.06571352
15.22006956	0.19903462	0.01307712	-0.06570272
15.22256955	0.19896684	0.01307052	-0.06569193
15.22506955	0.19889906	0.01306392	-0.06568114
15.22756954	0.19883130	0.01305732	-0.06567036
15.23006954	0.19876354	0.01305073	-0.06565958
15.23256953	0.19869579	0.01304414	-0.06564881
15.23506953	0.19862804	0.01303755	-0.06563803
15.23756952	0.19856031	0.01303097	-0.06562726
15.24006952	0.19849258	0.01302439	-0.06561650
15.24256951	0.19842485	0.01301781	-0.06560574
15.24506951	0.19835714	0.01301123	-0.06559498
15.24756950	0.19828943	0.01300466	-0.06558422
15.25006950	0.19822172	0.01299809	-0.06557347
15.25256949	0.19815403	0.01299152	-0.06556272
15.25506949	0.19808634	0.01298495	-0.06555198
15.25756948	0.19801866	0.01297839	-0.06554124
15.26006948	0.19795099	0.01297183	-0.06553050
15.26256947	0.19788332	0.01296527	-0.06551977
15.26506947	0.19781566	0.01295871	-0.06550904
15.26756946	0.19774801	0.01295216	-0.06549831
15.27006946	0.19768037	0.01294561	-0.06548759
15.27256945	0.19761273	0.01293906	-0.06547687
15.27506945	0.19754510	0.01293252	-0.06546615
15.27756944	0.19747748	0.01292597	-0.06545544
15.28006944	0.19740986	0.01291943	-0.06544473
15.28256943	0.19734225	0.01291290	-0.06543402
15.28506943	0.19727465	0.01290636	-0.06542332
15.28756942	0.19720706	0.01289983	-0.06541262
15.29006942	0.19713947	0.01289330	-0.06540193
15.29256941	0.19707189	0.01288677	-0.06539123
15.29506941	0.19700432	0.01288025	-0.06538055
15.29756940	0.19693676	0.01287373	-0.06536986
15.30006940	0.19686920	0.01286721	-0.06535918
15.30256939	0.19680165	0.01286069	-0.06534850
15.30506939	0.19673411	0.01285418	-0.06533783
15.30756938	0.19666658	0.01284767	-0.06532716
15.31006938	0.19659905	0.01284116	-0.06531649
15.31256937	0.19653153	0.01283465	-0.06530583
15.31506937	0.19646402	0.01282815	-0.06529517
15.31756936	0.19639651	0.01282165	-0.06528451
15.32006936	0.19632902	0.01281515	-0.06527386
15.32256935	0.19626153	0.01280866	-0.06526321
15.32506935	0.19619405	0.01280216	-0.06525256
15.32756934	0.19612657	0.01279567	-0.06524192
15.33006934	0.19605910	0.01278919	-0.06523128
15.33256933	0.19599165	0.01278270	-0.06522064
15.33506933	0.19592419	0.01277622	-0.06521001
15.33756932	0.19585675	0.01276974	-0.06519938
15.34006932	0.19578931	0.01276326	-0.06518875
15.34256931	0.19572188	0.01275679	-0.06517813
15.34506931	0.19565446	0.01275031	-0.06516751
15.34756930	0.19558705	0.01274385	-0.06515690
15.35006930	0.19551964	0.01273738	-0.06514629
15.35256929	0.19545225	0.01273091	-0.06513568
15.35506929	0.19538486	0.01272445	-0.06512507
15.35756928	0.19531747	0.01271799	-0.06511447
15.36006928	0.19525010	0.01271154	-0.06510387
15.36256927	0.19518273	0.01270508	-0.06509328
15.36506927	0.19511537	0.01269863	-0.06508269
15.36756926	0.19504802	0.01269218	-0.06507210
15.37006926	0.19498068	0.01268574	-0.06506152
15.37256925	0.19491334	0.01267929	-0.06505093
15.37506925	0.19484601	0.01267285	-0.06504036
15.37756924	0.19477869	0.01266642	-0.06502978
15.38006924	0.19471138	0.01265998	-0.06501921
15.38256923	0.19464407	0.01265355	-0.06500865
15.38506923	0.19457677	0.01264712	-0.06499808
15.38756922	0.19450949	0.01264069	-0.06498752
15.39006922	0.19444220	0.01263426	-0.06497697
15.39256921	0.19437493	0.01262784	-0.06496641
15.39506921	0.19430766	0.01262142	-0.06495586
15.39756920	0.19424041	0.01261500	-0.06494532
15.40006920	0.19417316	0.01260859	-0.06493477
15.40256919	0.19410592	0.01260218	-0.06492423
15.40506919	0.19403868	0.01259577	-0.06491370
15.40756918	0.19397146	0.01258936	-0.06490316
15.41006918	0.19390424	0.01258296	-0.06489264
15.41256917	0.19383703	0.01257656	-0.06488211
15.41506917	0.19376983	0.01257016	-0.06487159
15.41756916	0.19370263	0.01256376	-0.06486107
15.42006916	0.19363545	0.01255737	-0.06485055
15.42256915	0.19356827	0.01255097	-0.06484004
15.42506915	0.19350110	0.01254459	-0.06482953
15.42756914	0.19343394	0.01253820	-0.06481903
15.43006914	0.19336678	0.01253182	-0.06480852
15.43256913	0.19329964	0.01252543	-0.06479802
15.43506913	0.19323250	0.01251906	-0.06478753
15.43756912	0.19316537	0.01251268	-0.06477704
15.44006912	0.19309825	0.01250631	-0.06476655
15.44256911	0.19303113	0.01249994	-0.06475606
15.44506911	0.19296403	0.01249357	-0.06474558
15.44756910	0.19289693	0.01248720	-0.06473510
15.45006910	0.19282984	0.01248084	-0.06472463
15.45256909	0.19276276	0.01247448	-0.06471416
15.45506909	0.19269569	0.01246812	-0.06470369
15.45756908	0.19262863	0.01246177	-0.06469323
15.46006908	0.19256157	0.01245541	-0.06468276
15.46256907	0.19249452	0.01244906	-0.06467231
15.46506907	0.19242748	0.01244272	-0.06466185
15.46756906	0.19236045	0.01243637	-0.06465140
15.47006906	0.19229343	0.01243003	-0.06464095
15.47256905	0.19222642	0.01242369	-0.06463051
15.47506905	0.19215941	0.01241735	-0.06462007
15.47756904	0.19209241	0.01241102	-0.06460963
15.48006904	0.19202542	0.01240469	-0.06459920
15.48256903	0.19195844	0.01239836	-0.06458876
15.48506903	0.19189147	0.01239203	-0.06457834
15.48756902	0.19182450	0.01238571	-0.06456791
15.49006902	0.19175755	0.01237939	-0.06455749
15.49256901	0.19169060	0.01237307	-0.06454707
15.49506901	0.19162366	0.01236675	-0.06453666
15.49756900	0.19155673	0.01236044	-0.06452625
15.50006900	0.19148981	0.01235413	-0.06451584
15.50256899	0.19142289	0.01234782	-0.06450544
15.50506899	0.19135599	0.01234151	-0.06449504
15.50756898	0.19128909	0.01233521	-0.06448464
15.51006898	0.19122220	0.01232891	-0.06447425
15.51256897	0.19115532	0.01232261	-0.06446386
15.51506897	0.19108845	0.01231631	-0.06445347
15.51756896	0.19102159	0.01231002	-0.06444308
15.52006896	0.19095473	0.01230373	-0.06443270
15.52256895	0.19088789	0.01229744	-0.06442233
15.52506895	0.19082105	0.01229116	-0.06441195
15.52756894	0.19075422	0.01228487	-0.06440158
15.53006894	0.19068740	0.01227859	-0.06439121
15.53256893	0.19062059	0.01227232	-0.06438085
15.53506893	0.19055379	0.01226604	-0.06437049
15.53756892	0.19048699	0.01225977	-0.06436013
15.54006892	0.19042021	0.01225350	-0.06434978
15.54256891	0.19035343	0.01224723	-0.06433943
15.54506891	0.19028666	0.01224097	-0.06432908
15.54756890	0.19021990	0.01223470	-0.06431874
15.55006890	0.19015315	0.01222844	-0.06430840
15.55256889	0.19008641	0.01222219	-0.06429806
15.55506889	0.19001967	0.01221593	-0.06428773
15.55756888	0.18995295	0.01220968	-0.06427739
15.56006888	0.18988623	0.01220343	-0.06426707
15.56256887	0.18981952	0.01219718	-0.06425674
15.56506887	0.18975282	0.01219094	-0.06424642
15.56756886	0.18968613	0.01218470	-0.06423611
15.57006886	0.18961945	0.01217846	-0.06422579
15.57256885	0.18955278	0.01217222	-0.06421548
15.57506885	0.18948612	0.01216599	-0.06420517
15.57756884	0.18941946	0.01215976	-0.06419487
15.58006884	0.18935281	0.01215353	-0.06418457
15.58256883	0.18928618	0.01214730	-0.06417427
15.58506883	0.18921955	0.01214108	-0.06416398
15.58756882	0.18915293	0.01213486	-0.06415369
15.59006882	0.18908632	0.01212864	-0.06414340
15.59256881	0.18901971	0.01212242	-0.06413311
15.59506881	0.18895312	0.01211621	-0.06412283
15.59756880	0.18888654	0.01211000	-0.06411256
15.60006880	0.18881996	0.01210379	-0.06410228
15.60256879	0.18875340	0.01209758	-0.06409201
15.60506879	0.18868684	0.01209138	-0.06408174
15.60756878	0.18862029	0.01208518	-0.06407148
15.61006878	0.18855375	0.01207898	-0.06406122
15.61256877	0.18848722	0.01207279	-0.06405096
15.61506877	0.18842070	0.01206659	-0.06404070
15.61756876	0.18835419	0.01206040	-0.06403045
15.62006876	0.18828768	0.01205422	-0.06402020
15.62256875	0.18822119	0.01204803	-0.06400996
15.62506875	0.18815470	0.01204185	-0.06399972
15.62756874	0.18808822	0.01203567	-0.06398948
15.63006874	0.18802176	0.01202949	-0.06397925
15.63256873	0.18795530	0.01202332	-0.06396901
15.63506873	0.18788885	0.01201714	-0.06395879
15.63756872	0.18782241	0.01201097	-0.06394856
15.64006872	0.18775598	0.01200481	-0.06393834
15.64256871	0.18768956	0.01199864	-0.06392812
15.64506871	0.18762314	0.01199248	-0.06391790
15.64756870	0.18755674	0.01198632	-0.06390769
15.65006870	0.18749034	0.01198016	-0.06389748
15.65256869	0.18742396	0.01197401	-0.06388728
15.65506869	0.18735758	0.01196785	-0.06387708
15.65756868	0.18729122	0.01196170	-0.06386688
15.66006868	0.18722486	0.01195556	-0.06385668
15.66256867	0.18715851	0.01194941	-0.06384649
15.66506867	0.18709217	0.01194327	-0.06383630
15.66756866	0.18702584	0.01193713	-0.06382611
15.67006866	0.18695952	0.01193100	-0.06381593
15.67256865	0.18689321	0.01192486	-0.06380575
15.67506865	0.18682690	0.01191873	-0.06379557
15.67756864	0.18676061	0.01191260	-0.06378540
15.68006864	0.18669433	0.01190647	-0.06377523
15.68256863	0.18662805	0.01190035	-0.06376506
15.68506863	0.18656179	0.01189423	-0.06375490
15.68756862	0.18649553	0.01188811	-0.06374474
15.69006862	0.18642928	0.01188199	-0.06373458
15.69256861	0.18636305	0.01187588	-0.06372443
15.69506861	0.18629682	0.01186977	-0.06371428
15.69756860	0.18623060	0.01186366	-0.06370413
15.70006860	0.18616439	0.01185755	-0.06369399
15.70256859	0.18609819	0.01185145	-0.06368385
15.70506859	0.18603200	0.01184535	-0.06367371
15.70756858	0.18596582	0.01183925	-0.06366358
15.71006858	0.18589965	0.01183315	-0.06365345
15.71256857	0.18583348	0.01182706	-0.06364332
15.71506857	0.18576733	0.01182097	-0.06363319
15.71756856	0.18570119	0.01181488	-0.06362307
15.72006856	0.18563505	0.01180879	-0.06361295
15.72256855	0.18556893	0.01180271	-0.06360284
15.72506855	0.18550281	0.01179663	-0.06359273
15.72756854	0.18543671	0.01179055	-0.06358262
15.73006854	0.18537061	0.01178448	-0.06357251
15.73256853	0.18530453	0.01177840	-0.06356241
15.73506853	0.18523845	0.01177233	-0.06355231
15.73756852	0.18517238	0.01176626	-0.06354222
15.74006852	0.18510632	0.01176020	-0.06353212
15.74256851	0.18504027	0.01175413	-0.06352204
15.74506851	0.18497424	0.01174807	-0.06351195
15.74756850	0.18490821	0.01174202	-0.06350187
15.75006850	0.18484219	0.01173596	-0.06349179
15.75256849	0.18477618	0.01172991	-0.06348171
15.75506849	0.18471018	0.01172386	-0.06347164
15.75756848	0.18464419	0.01171781	-0.06346157
15.76006848	0.18457820	0.01171176	-0.06345150
15.76256847	0.18451223	0.01170572	-0.06344144
15.76506847	0.18444627	0.01169968	-0.06343138
15.76756846	0.18438032	0.01169364	-0.06342132
15.77006846	0.18431438	0.01168761	-0.06341127
15.77256845	0.18424844	0.01168158	-0.06340121
15.77506845	0.18418252	0.01167554	-0.06339117
15.77756844	0.18411661	0.01166952	-0.06338112
15.78006844	0.18405070	0.01166349	-0.06337108
15.78256843	0.18398481	0.01165747	-0.06336104
15.78506843	0.18391893	0.01165145	-0.06335101
15.78756842	0.18385305	0.01164543	-0.06334098
15.79006842	0.18378719	0.01163942	-0.06333095
15.79256841	0.18372133	0.01163340	-0.06332092
15.79506841	0.18365549	0.01162739	-0.06331090
15.79756840	0.18358965	0.01162139	-0.06330088
15.80006840	0.18352383	0.01161538	-0.06329087
15.80256839	0.18345801	0.01160938	-0.06328085
15.80506839	0.18339221	0.01160338	-0.06327084
15.80756838	0.18332641	0.01159738	-0.06326084
15.81006838	0.18326062	0.01159139	-0.06325083
15.81256837	0.18319485	0.01158539	-0.06324083
15.81506837	0.18312908	0.01157940	-0.06323084
15.81756836	0.18306332	0.01157342	-0.06322084
15.82006836	0.18299758	0.01156743	-0.06321085
15.82256835	0.18293184	0.01156145	-0.06320086
15.82506835	0.18286611	0.01155547	-0.06319088
15.82756834	0.18280040	0.01154949	-0.06318090
15.83006834	0.18273469	0.01154352	-0.06317092
15.83256833	0.18266899	0.01153755	-0.06316095
15.83506833	0.18260331	0.01153158	-0.06315097
15.83756832	0.18253763	0.01152561	-0.06314101
15.84006832	0.18247196	0.01151964	-0.06313104
15.84256831	0.18240631	0.01151368	-0.06312108
15.84506831	0.18234066	0.01150772	-0.06311112
15.84756830	0.18227502	0.01150177	-0.06310116
15.85006830	0.18220939	0.01149581	-0.06309121
15.85256829	0.18214378	0.01148986	-0.06308126
15.85506829	0.18207817	0.01148391	-0.06307131
15.85756828	0.18201257	0.01147796	-0.06306137
15.86006828	0.18194699	0.01147202	-0.06305143
15.86256827	0.18188141	0.01146608	-0.06304149
15.86506827	0.18181584	0.01146014	-0.06303156
15.86756826	0.18175029	0.01145420	-0.06302163
15.87006826	0.18168474	0.01144826	-0.06301170
15.87256825	0.18161920	0.01144233	-0.06300178
15.87506825	0.18155368	0.01143640	-0.06299186
15.87756824	0.18148816	0.01143048	-0.06298194
15.88006824	0.18142266	0.01142455	-0.06297202
15.88256823	0.18135716	0.01141863	-0.06296211
15.88506823	0.18129168	0.01141271	-0.06295220
15.88756822	0.18122620	0.01140679	-0.06294229
15.89006822	0.18116074	0.01140088	-0.06293239
15.89256821	0.18109528	0.01139497	-0.06292249
15.89506821	0.18102984	0.01138906	-0.06291260
15.89756820	0.18096440	0.01138315	-0.06290270
15.90006820	0.18089898	0.01137725	-0.06289281
15.90256819	0.18083356	0.01137134	-0.06288292
15.90506819	0.18076816	0.01136544	-0.06287304
15.90756818	0.18070277	0.01135955	-0.06286316
15.91006818	0.18063738	0.01135365	-0.06285328
15.91256817	0.18057201	0.01134776	-0.06284341
15.91506817	0.18050665	0.01134187	-0.06283354
15.91756816	0.18044129	0.01133598	-0.06282367
15.92006816	0.18037595	0.01133010	-0.06281380
15.92256815	0.18031062	0.01132422	-0.06280394
15.92506815	0.18024530	0.01131834	-0.06279408
15.92756814	0.18017999	0.01131246	-0.06278422
15.93006814	0.18011469	0.01130659	-0.06277437
15.93256813	0.18004940	0.01130071	-0.06276452
15.93506813	0.17998412	0.01129484	-0.06275467
15.93756812	0.17991885	0.01128898	-0.06274483
15.94006812	0.17985359	0.01128311	-0.06273499
15.94256811	0.17978834	0.01127725	-0.06272515
15.94506811	0.17972310	0.01127139	-0.06271532
15.94756810	0.17965787	0.01126553	-0.06270549
15.95006810	0.17959265	0.01125968	-0.06269566
15.95256809	0.17952745	0.01125383	-0.06268583
15.95506809	0.17946225	0.01124798	-0.06267601
15.95756808	0.17939706	0.01124213	-0.06266619
15.96006808	0.17933189	0.01123629	-0.06265637
15.96256807	0.17926672	0.01123044	-0.06264656
15.96506807	0.17920157	0.01122460	-0.06263675
15.96756806	0.17913643	0.01121877	-0.06262694
15.97006806	0.17907129	0.01121293	-0.06261714
15.97256805	0.17900617	0.01120710	-0.06260734
15.97506805	0.17894106	0.01120127	-0.06259754
15.97756804	0.17887595	0.01119544	-0.06258775
15.98006804	0.17881086	0.01118962	-0.06257796
15.98256803	0.17874578	0.01118380	-0.06256817
15.98506803	0.17868071	0.01117798	-0.06255838
15.98756802	0.17861565	0.01117216	-0.06254860
15.99006802	0.17855060	0.01116634	-0.06253882
15.99256801	0.17848556	0.01116053	-0.06252904
15.99506801	0.17842053	0.01115472	-0.06251927
15.99756800	0.17835552	0.01114891	-0.06250950
16.00006800	0.17829051	0.01114311	-0.06249973
16.00256799	0.17822551	0.01113731	-0.06248997
16.00506799	0.17816053	0.01113151	-0.06248021
16.00756798	0.17809555	0.01112571	-0.06247045
16.01006798	0.17803059	0.01111991	-0.06246070
16.01256797	0.17796564	0.01111412	-0.06245094
16.01506797	0.17790069	0.01110833	-0.06244120
16.01756796	0.17783576	0.01110254	-0.06243145
16.02006796	0.17777084	0.01109676	-0.06242171
16.02256795	0.17770593	0.01109098	-0.06241197
16.02506795	0.17764103	0.01108520	-0.06240223
16.02756794	0.17757614	0.01107942	-0.06239250
16.03006794	0.17751126	0.01107364	-0.06238277
16.03256793	0.17744639	0.01106787	-0.06237304
16.03506793	0.17738154	0.01106210	-0.06236332
16.03756792	0.17731669	0.01105633	-0.06235359
16.04006792	0.17725186	0.01105057	-0.06234388
16.04256791	0.17718703	0.01104480	-0.06233416
16.04506791	0.17712222	0.01103904	-0.06232445
16.04756790	0.17705741	0.01103329	-0.06231474
16.05006790	0.17699262	0.01102753	-0.06230503
16.05256789	0.17692784	0.01102178	-0.06229533
16.05506789	0.17686307	0.01101603	-0.06228563
16.05756788	0.17679831	0.01101028	-0.06227593
16.06006788	0.17673356	0.01100453	-0.06226624
16.06256787	0.17666882	0.01099879	-0.06225655
16.06506787	0.17660410	0.01099305	-0.06224686
16.06756786	0.17653938	0.01098731	-0.06223717
16.07006786	0.17647467	0.01098158	-0.06222749
16.07256785	0.17640998	0.01097584	-0.06221781
16.07506785	0.17634530	0.01097011	-0.06220814
16.07756784	0.17628062	0.01096438	-0.06219846
16.08006784	0.17621596	0.01095866	-0.06218879
16.08256783	0.17615131	0.01095293	-0.06217913
16.08506783	0.17608667	0.01094721	-0.06216946
16.08756782	0.17602204	0.01094150	-0.06215980
16.09006782	0.17595743	0.01093578	-0.06215014
16.09256781	0.17589282	0.01093007	-0.06214049
16.09506781	0.17582822	0.01092435	-0.06213083
16.09756780	0.17576364	0.01091865	-0.06212119
16.10006780	0.17569907	0.01091294	-0.06211154
16.10256779	0.17563450	0.01090724	-0.06210190
16.10506779	0.17556995	0.01090153	-0.06209226
16.10756778	0.17550541	0.01089584	-0.06208262
16.11006778	0.17544088	0.01089014	-0.06207299
16.11256777	0.17537636	0.01088445	-0.06206335
16.11506777	0.17531185	0.01087875	-0.06205373
16.11756776	0.17524736	0.01087306	-0.06204410
16.12006776	0.17518287	0.01086738	-0.06203448
16.12256775	0.17511840	0.01086169	-0.06202486
16.12506775	0.17505394	0.01085601	-0.06201524
16.12756774	0.17498948	0.01085033	-0.06200563
16.13006774	0.17492504	0.01084466	-0.06199602
16.13256773	0.17486061	0.01083898	-0.06198641
16.13506773	0.17479619	0.01083331	-0.06197681
16.13756772	0.17473179	0.01082764	-0.06196721
16.14006772	0.17466739	0.01082197	-0.06195761
16.14256771	0.17460301	0.01081631	-0.06194801
16.14506771	0.17453863	0.01081065	-0.06193842
16.14756770	0.17447427	0.01080499	-0.06192883
16.15006770	0.17440992	0.01079933	-0.06191925
16.15256769	0.17434558	0.01079368	-0.06190966
16.15506769	0.17428125	0.01078802	-0.06190008
16.15756768	0.17421693	0.01078237	-0.06189050
16.16006768	0.17415262	0.01077673	-0.06188093
16.16256767	0.17408833	0.01077108	-0.06187136
16.16506767	0.17402404	0.01076544	-0.06186179
16.16756766	0.17395977	0.01075980	-0.06185222
16.17006766	0.17389551	0.01075416	-0.06184266
16.17256765	0.17383126	0.01074853	-0.06183310
16.17506765	0.17376702	0.01074289	-0.06182354
16.17756764	0.17370279	0.01073726	-0.06181399
16.18006764	0.17363857	0.01073163	-0.06180444
16.18256763	0.17357437	0.01072601	-0.06179489
16.18506763	0.17351017	0.01072039	-0.06178535
16.18756762	0.17344599	0.01071477	-0.06177580
16.19006762	0.17338182	0.01070915	-0.06176626
16.19256761	0.17331766	0.01070353	-0.06175673
16.19506761	0.17325351	0.01069792	-0.06174720
16.19756760	0.17318937	0.01069231	-0.06173766
16.20006760	0.17312525	0.01068670	-0.06172814
16.20256759	0.17306113	0.01068109	-0.06171861
16.20506759	0.17299703	0.01067549	-0.06170909
16.20756758	0.17293294	0.01066989	-0.06169957
16.21006758	0.17286886	0.01066429	-0.06169006
16.21256757	0.17280479	0.01065869	-0.06168054
16.21506757	0.17274073	0.01065310	-0.06167104
16.21756756	0.17267669	0.01064751	-0.06166153
16.22006756	0.17261265	0.01064192	-0.06165202
16.22256755	0.17254863	0.01063633	-0.06164252
16.22506755	0.17248462	0.01063075	-0.06163303
16.22756754	0.17242062	0.01062517	-0.06162353
16.23006754	0.17235663	0.01061959	-0.06161404
16.23256753	0.17229265	0.01061401	-0.06160455
16.23506753	0.17222869	0.01060844	-0.06159506
16.23756752	0.17216473	0.01060286	-0.06158558
16.24006752	0.17210079	0.01059730	-0.06157610
16.24256751	0.17203686	0.01059173	-0.06156662
16.24506751	0.17197294	0.01058616	-0.06155715
16.24756750	0.17190903	0.01058060	-0.06154767
16.25006750	0.17184513	0.01057504	-0.06153821
16.25256749	0.17178125	0.01056948	-0.06152874
16.25506749	0.17171737	0.01056393	-0.06151928
16.25756748	0.17165351	0.01055838	-0.06150982
16.26006748	0.17158966	0.01055283	-0.06150036
16.26256747	0.17152582	0.01054728	-0.06149091
16.26506747	0.17146200	0.01054173	-0.06148145
16.26756746	0.17139818	0.01053619	-0.06147201
16.27006746	0.17133438	0.01053065	-0.06146256
16.27256745	0.17127058	0.01052511	-0.06145312
16.27506745	0.17120680	0.01051958	-0.06144368
16.27756744	0.17114303	0.01051404	-0.06143424
16.28006744	0.17107928	0.01050851	-0.06142481
16.28256743	0.17101553	0.01050298	-0.06141538
16.28506743	0.17095180	0.01049746	-0.06140595
16.28756742	0.17088807	0.01049193	-0.06139652
16.29006742	0.17082436	0.01048641	-0.06138710
16.29256741	0.17076066	0.01048089	-0.06137768
16.29506741	0.17069698	0.01047538	-0.06136826
16.29756740	0.17063330	0.01046986	-0.06135885
16.30006740	0.17056964	0.01046435	-0.06134944
16.30256739	0.17050598	0.01045884	-0.06134003
16.30506739	0.17044234	0.01045334	-0.06133063
16.30756738	0.17037871	0.01044783	-0.06132122
16.31006738	0.17031510	0.01044233	-0.06131183
16.31256737	0.17025149	0.01043683	-0.06130243
16.31506737	0.17018790	0.01043133	-0.06129304
16.31756736	0.17012432	0.01042584	-0.06128364
16.32006736	0.17006075	0.01042035	-0.06127426
16.32256735	0.16999719	0.01041486	-0.06126487
16.32506735	0.16993364	0.01040937	-0.06125549
16.32756734	0.16987011	0.01040388	-0.06124611
16.33006734	0.16980659	0.01039840	-0.06123673
16.33256733	0.16974307	0.01039292	-0.06122736
16.33506733	0.16967957	0.01038744	-0.06121799
16.33756732	0.16961609	0.01038197	-0.06120862
16.34006732	0.16955261	0.01037649	-0.06119926
16.34256731	0.16948915	0.01037102	-0.06118990
16.34506731	0.16942570	0.01036556	-0.06118054
16.34756730	0.16936226	0.01036009	-0.06117118
16.35006730	0.16929883	0.01035463	-0.06116183
16.35256729	0.16923541	0.01034916	-0.06115248
16.35506729	0.16917201	0.01034371	-0.06114313
16.35756728	0.16910862	0.01033825	-0.06113378
16.36006728	0.16904524	0.01033280	-0.06112444
16.36256727	0.16898187	0.01032734	-0.06111510
16.36506727	0.16891851	0.01032190	-0.06110577
16.36756726	0.16885517	0.01031645	-0.06109643
16.37006726	0.16879183	0.01031100	-0.06108710
16.37256725	0.16872851	0.01030556	-0.06107778
16.37506725	0.16866520	0.01030012	-0.06106845
16.37756724	0.16860191	0.01029469	-0.06105913
16.38006724	0.16853862	0.01028925	-0.06104981
16.38256723	0.16847535	0.01028382	-0.06104049
16.38506723	0.16841209	0.01027839	-0.06103118
16.38756722	0.16834884	0.01027296	-0.06102187
16.39006722	0.16828560	0.01026754	-0.06101256
16.39256721	0.16822238	0.01026211	-0.06100326
16.39506721	0.16815916	0.01025669	-0.06099396
16.39756720	0.16809596	0.01025127	-0.06098466
16.40006720	0.16803277	0.01024586	-0.06097536
16.40256719	0.16796960	0.01024045	-0.06096607
16.40506719	0.16790643	0.01023503	-0.06095678
16.40756718	0.16784328	0.01022963	-0.06094749
16.41006718	0.16778014	0.01022422	-0.06093820
16.41256717	0.16771701	0.01021882	-0.06092892
16.41506717	0.16765390	0.01021342	-0.06091964
16.41756716	0.16759079	0.01020802	-0.06091036
16.42006716	0.16752770	0.01020262	-0.06090109
16.42256715	0.16746462	0.01019723	-0.06089182
16.42506715	0.16740155	0.01019183	-0.06088255
16.42756714	0.16733849	0.01018644	-0.06087329
16.43006714	0.16727545	0.01018106	-0.06086402
16.43256713	0.16721242	0.01017567	-0.06085476
16.43506713	0.16714940	0.01017029	-0.06084551
16.43756712	0.16708639	0.01016491	-0.06083625
16.44006712	0.16702340	0.01015953	-0.06082700
16.44256711	0.16696041	0.01015416	-0.06081775
16.44506711	0.16689744	0.01014878	-0.06080851
16.44756710	0.16683448	0.01014341	-0.06079927
16.45006710	0.16677154	0.01013805	-0.06079003
16.45256709	0.16670860	0.01013268	-0.06078079
16.45506709	0.16664568	0.01012732	-0.06077155
16.45756708	0.16658277	0.01012196	-0.06076232
16.46006708	0.16651987	0.01011660	-0.06075309
16.46256707	0.16645699	0.01011124	-0.06074387
16.46506707	0.16639412	0.01010589	-0.06073464
16.46756706	0.16633125	0.01010054	-0.06072542
16.47006706	0.16626841	0.01009519	-0.06071621
16.47256705	0.16620557	0.01008984	-0.06070699
16.47506705	0.16614275	0.01008450	-0.06069778
16.47756704	0.16607993	0.01007915	-0.06068857
16.48006704	0.16601713	0.01007381	-0.06067936
16.48256703	0.16595435	0.01006848	-0.06067016
16.48506703	0.16589157	0.01006314	-0.06066096
16.48756702	0.16582881	0.01005781	-0.06065176
16.49006702	0.16576606	0.01005248	-0.06064257
16.49256701	0.16570332	0.01004715	-0.06063337
16.49506701	0.16564060	0.01004183	-0.06062419
16.49756700	0.16557788	0.01003650	-0.06061500
16.50006700	0.16551518	0.01003118	-0.06060581
16.50256699	0.16545249	0.01002586	-0.06059663
16.50506699	0.16538982	0.01002055	-0.06058745
16.50756698	0.16532715	0.01001523	-0.06057828
16.51006698	0.16526450	0.01000992	-0.06056911
16.51256697	0.16520186	0.01000461	-0.06055994
16.51506697	0.16513923	0.00999931	-0.06055077
16.51756696	0.16507662	0.00999400	-0.06054160
16.52006696	0.16501402	0.00998870	-0.06053244
16.52256695	0.16495143	0.00998340	-0.06052328
16.52506695	0.16488885	0.00997810	-0.06051413
16.52756694	0.16482629	0.00997281	-0.06050497
16.53006694	0.16476373	0.00996752	-0.06049582
16.53256693	0.16470119	0.00996223	-0.06048667
16.53506693	0.16463867	0.00995694	-0.06047753
16.53756692	0.16457615	0.00995165	-0.06046839
16.54006692	0.16451365	0.00994637	-0.06045925
16.54256691	0.16445116	0.00994109	-0.06045011
16.54506691	0.16438868	0.00993581	-0.06044098
16.54756690	0.16432622	0.00993054	-0.06043185
16.55006690	0.16426376	0.00992526	-0.06042272
16.55256689	0.16420132	0.00991999	-0.06041359
16.55506689	0.16413889	0.00991472	-0.06040447
16.55756688	0.16407648	0.00990946	-0.06039535
16.56006688	0.16401408	0.00990419	-0.06038623
16.56256687	0.16395169	0.00989893	-0.06037711
16.56506687	0.16388931	0.00989367	-0.06036800
16.56756686	0.16382694	0.00988841	-0.06035889
16.57006686	0.16376459	0.00988316	-0.06034979
16.57256685	0.16370225	0.00987791	-0.06034068
16.57506685	0.16363992	0.00987266	-0.06033158
16.57756684	0.16357761	0.00986741	-0.06032248
16.58006684	0.16351531	0.00986216	-0.06031339
16.58256683	0.16345302	0.00985692	-0.06030429
16.58506683	0.16339074	0.00985168	-0.06029520
16.58756682	0.16332848	0.00984644	-0.06028612
16.59006682	0.16326622	0.00984120	-0.06027703
16.59256681	0.16320398	0.00983597	-0.06026795
16.59506681	0.16314176	0.00983074	-0.06025887
16.59756680	0.16307954	0.00982551	-0.06024980
16.60006680	0.16301734	0.00982028	-0.06024072
16.60256679	0.16295515	0.00981506	-0.06023165
16.60506679	0.16289298	0.00980984	-0.06022258
16.60756678	0.16283081	0.00980462	-0.06021352
16.61006678	0.16276866	0.00979940	-0.06020445
16.61256677	0.16270653	0.00979418	-0.06019539
16.61506677	0.16264440	0.00978897	-0.06018634
16.61756676	0.16258229	0.00978376	-0.06017728
16.62006676	0.16252019	0.00977855	-0.06016823
16.62256675	0.16245810	0.00977335	-0.06015918
16.62506675	0.16239602	0.00976814	-0.06015013
16.62756674	0.16233396	0.00976294	-0.06014109
16.63006674	0.16227191	0.00975774	-0.06013205
16.63256673	0.16220988	0.00975255	-0.06012301
16.63506673	0.16214785	0.00974735	-0.06011398
16.63756672	0.16208584	0.00974216	-0.06010494
16.64006672	0.16202384	0.00973697	-0.06009591
16.64256671	0.16196186	0.00973178	-0.06008689
16.64506671	0.16189988	0.00972660	-0.06007786
16.64756670	0.16183792	0.00972142	-0.06006884
16.65006670	0.16177598	0.00971624	-0.06005982
16.65256669	0.16171404	0.00971106	-0.06005080
16.65506669	0.16165212	0.00970588	-0.06004179
16.65756668	0.16159021	0.00970071	-0.06003278
16.66006668	0.16152832	0.00969554	-0.06002377
16.66256667	0.16146643	0.00969037	-0.06001476
16.66506667	0.16140456	0.00968520	-0.06000576
16.66756666	0.16134270	0.00968004	-0.05999676
16.67006666	0.16128086	0.00967488	-0.05998776
16.67256665	0.16121903	0.00966972	-0.05997877
16.67506665	0.16115721	0.00966456	-0.05996978
16.67756664	0.16109540	0.00965941	-0.05996079
16.68006664	0.16103361	0.00965425	-0.05995180
16.68256663	0.16097183	0.00964910	-0.05994281
16.68506663	0.16091006	0.00964396	-0.05993383
16.68756662	0.16084830	0.00963881	-0.05992485
16.69006662	0.16078656	0.00963367	-0.05991588
16.69256661	0.16072483	0.00962853	-0.05990690
16.69506661	0.16066312	0.00962339	-0.05989793
16.69756660	0.16060141	0.00961825	-0.05988897
16.70006660	0.16053972	0.00961312	-0.05988000
16.70256659	0.16047804	0.00960799	-0.05987104
16.70506659	0.16041638	0.00960286	-0.05986208
16.70756658	0.16035473	0.00959773	-0.05985312
16.71006658	0.16029309	0.00959261	-0.05984417
16.71256657	0.16023146	0.00958748	-0.05983521
16.71506657	0.16016985	0.00958236	-0.05982626
16.71756656	0.16010825	0.00957725	-0.05981732
16.72006656	0.16004666	0.00957213	-0.05980837
16.72256655	0.15998509	0.00956702	-0.05979943
16.72506655	0.15992353	0.00956191	-0.05979049
16.72756654	0.15986198	0.00955680	-0.05978156
16.73006654	0.15980044	0.00955169	-0.05977263
16.73256653	0.15973892	0.00954659	-0.05976369
16.73506653	0.15967741	0.00954149	-0.05975477
16.73756652	0.15961591	0.00953639	-0.05974584
16.74006652	0.15955443	0.00953129	-0.05973692
16.74256651	0.15949296	0.00952620	-0.05972800
16.74506651	0.15943150	0.00952110	-0.05971908
16.74756650	0.15937006	0.00951601	-0.05971017
16.75006650	0.15930863	0.00951093	-0.05970126
16.75256649	0.15924721	0.00950584	-0.05969235
16.75506649	0.15918580	0.00950076	-0.05968344
16.75756648	0.15912441	0.00949568	-0.05967454
16.76006648	0.15906303	0.00949060	-0.05966563
16.76256647	0.15900167	0.00948552	-0.05965674
16.76506647	0.15894031	0.00948045	-0.05964784
16.76756646	0.15887897	0.00947537	-0.05963895
16.77006646	0.15881765	0.00947031	-0.05963006
16.77256645	0.15875633	0.00946524	-0.05962117
16.77506645	0.15869503	0.00946017	-0.05961228
16.77756644	0.15863375	0.00945511	-0.05960340
16.78006644	0.15857247	0.00945005	-0.05959452
16.78256643	0.15851121	0.00944499	-0.05958564
16.78506643	0.15844996	0.00943994	-0.05957677
16.78756642	0.15838873	0.00943488	-0.05956790
16.79006642	0.15832751	0.00942983	-0.05955903
16.79256641	0.15826630	0.00942478	-0.05955016
16.79506641	0.15820510	0.00941974	-0.05954129
16.79756640	0.15814392	0.00941469	-0.05953243
16.80006640	0.15808275	0.00940965	-0.05952357
16.80256639	0.15802159	0.00940461	-0.05951472
16.80506639	0.15796045	0.00939957	-0.05950586
16.80756638	0.15789932	0.00939454	-0.05949701
16.81006638	0.15783820	0.00938951	-0.05948816
16.81256637	0.15777710	0.00938447	-0.05947932
16.81506637	0.15771601	0.00937945	-0.05947048
16.81756636	0.15765493	0.00937442	-0.05946164
16.82006636	0.15759387	0.00936940	-0.05945280
16.82256635	0.15753282	0.00936437	-0.05944396
16.82506635	0.15747178	0.00935936	-0.05943513
16.82756634	0.15741076	0.00935434	-0.05942630
16.83006634	0.15734975	0.00934932	-0.05941747
16.83256633	0.15728875	0.00934431	-0.05940865
16.83506633	0.15722776	0.00933930	-0.05939983
16.83756632	0.15716679	0.00933429	-0.05939101
16.84006632	0.15710584	0.00932929	-0.05938219
16.84256631	0.15704489	0.00932429	-0.05937337
16.84506631	0.15698396	0.00931928	-0.05936456
16.84756630	0.15692304	0.00931429	-0.05935575
16.85006630	0.15686214	0.00930929	-0.05934695
16.85256629	0.15680124	0.00930429	-0.05933814
16.85506629	0.15674037	0.00929930	-0.05932934
16.85756628	0.15667950	0.00929431	-0.05932054
16.86006628	0.15661865	0.00928933	-0.05931175
16.86256627	0.15655781	0.00928434	-0.05930295
16.86506627	0.15649699	0.00927936	-0.05929416
16.86756626	0.15643617	0.00927438	-0.05928538
16.87006626	0.15637538	0.00926940	-0.05927659
16.87256625	0.15631459	0.00926442	-0.05926781
16.87506625	0.15625382	0.00925945	-0.05925903
16.87756624	0.15619306	0.00925448	-0.05925025
16.88006624	0.15613232	0.00924951	-0.05924147
16.88256623	0.15607158	0.00924454	-0.05923270
16.88506623	0.15601087	0.00923958	-0.05922393
16.88756622	0.15595016	0.00923461	-0.05921516
16.89006622	0.15588947	0.00922965	-0.05920640
16.89256621	0.15582879	0.00922470	-0.05919764
16.89506621	0.15576813	0.00921974	-0.05918888
16.89756620	0.15570747	0.00921479	-0.05918012
16.90006620	0.15564684	0.00920984	-0.05917137
16.90256619	0.15558621	0.00920489	-0.05916261
16.90506619	0.15552560	0.00919994	-0.05915386
16.90756618	0.15546500	0.00919500	-0.05914512
16.91006618	0.15540442	0.00919005	-0.05913637
16.91256617	0.15534385	0.00918511	-0.05912763
16.91506617	0.15528329	0.00918018	-0.05911889
16.91756616	0.15522274	0.00917524	-0.05911016
16.92006616	0.15516221	0.00917031	-0.05910142
16.92256615	0.15510170	0.00916538	-0.05909269
16.92506615	0.15504119	0.00916045	-0.05908396
16.92756614	0.15498070	0.00915552	-0.05907524
16.93006614	0.15492023	0.00915060	-0.05906651
16.93256613	0.15485976	0.00914568	-0.05905779
16.93506613	0.15479931	0.00914076	-0.05904908
16.93756612	0.15473888	0.00913584	-0.05904036
16.94006612	0.15467845	0.00913092	-0.05903165
16.94256611	0.15461804	0.00912601	-0.05902294
16.94506611	0.15455765	0.00912110	-0.05901423
16.94756610	0.15449726	0.00911619	-0.05900552
16.95006610	0.15443690	0.00911129	-0.05899682
16.95256609	0.15437654	0.00910638	-0.05898812
16.95506609	0.15431620	0.00910148	-0.05897942
16.95756608	0.15425587	0.00909658	-0.05897073
16.96006608	0.15419555	0.00909168	-0.05896203
16.96256607	0.15413525	0.00908679	-0.05895334
16.96506607	0.15407497	0.00908190	-0.05894466
16.96756606	0.15401469	0.00907701	-0.05893597
16.97006606	0.15395443	0.00907212	-0.05892729
16.97256605	0.15389418	0.00906723	-0.05891861
16.97506605	0.15383395	0.00906235	-0.05890993
16.97756604	0.15377373	0.00905747	-0.05890126
16.98006604	0.15371352	0.00905259	-0.05889259
16.98256603	0.15365333	0.00904771	-0.05888392
16.98506603	0.15359315	0.00904284	-0.05887525
16.98756602	0.15353299	0.00903796	-0.05886659
16.99006602	0.15347283	0.00903309	-0.05885792
16.99256601	0.15341269	0.00902822	-0.05884926
16.99506601	0.15335257	0.00902336	-0.05884061
16.99756600	0.15329246	0.00901849	-0.05883195
17.00006600	0.15323236	0.00901363	-0.05882330
17.00256599	0.15317228	0.00900877	-0.05881465
17.00506599	0.15311221	0.00900392	-0.05880601
17.00756598	0.15305215	0.00899906	-0.05879736
17.01006598	0.15299211	0.00899421	-0.05878872
17.01256597	0.15293208	0.00898936	-0.05878008
17.01506597	0.15287206	0.00898451	-0.05877144
17.01756596	0.15281206	0.00897967	-0.05876281
17.02006596	0.15275207	0.00897482	-0.05875418
17.02256595	0.15269210	0.00896998	-0.05874555
17.02506595	0.15263213	0.00896514	-0.05873692
17.02756594	0.15257219	0.00896031	-0.05872830
17.03006594	0.15251225	0.00895547	-0.05871968
17.03256593	0.15245233	0.00895064	-0.05871106
17.03506593	0.15239243	0.00894581	-0.05870244
17.03756592	0.15233253	0.00894098	-0.05869383
17.04006592	0.15227265	0.00893615	-0.05868522
17.04256591	0.15221279	0.00893133	-0.05867661
17.04506591	0.15215294	0.00892651	-0.05866800
17.04756590	0.15209310	0.00892169	-0.05865940
17.05006590	0.15203328	0.00891687	-0.05865080
17.05256589	0.15197346	0.00891206	-0.05864220
17.05506589	0.15191367	0.00890725	-0.05863361
17.05756588	0.15185389	0.00890244	-0.05862501
17.06006588	0.15179412	0.00889763	-0.05861642
17.06256587	0.15173436	0.00889282	-0.05860783
17.06506587	0.15167462	0.00888802	-0.05859925
17.06756586	0.15161489	0.00888322	-0.05859066
17.07006586	0.15155518	0.00887842	-0.05858208
17.07256585	0.15149548	0.00887362	-0.05857350
17.07506585	0.15143579	0.00886883	-0.05856493
17.07756584	0.15137612	0.00886403	-0.05855635
17.08006584	0.15131646	0.00885924	-0.05854778
17.08256583	0.15125681	0.00885446	-0.05853922
17.08506583	0.15119718	0.00884967	-0.05853065
17.08756582	0.15113756	0.00884489	-0.05852209
17.09006582	0.15107796	0.00884010	-0.05851353
17.09256581	0.15101837	0.00883532	-0.05850497
17.09506581	0.15095879	0.00883055	-0.05849641
17.09756580	0.15089923	0.00882577	-0.05848786
17.10006580	0.15083968	0.00882100	-0.05847931
17.10256579	0.15078015	0.00881623	-0.05847076
17.10506579	0.15072063	0.00881146	-0.05846221
17.10756578	0.15066112	0.00880670	-0.05845367
17.11006578	0.15060163	0.00880193	-0.05844513
17.11256577	0.15054215	0.00879717	-0.05843659
17.11506577	0.15048268	0.00879241	-0.05842805
17.11756576	0.15042323	0.00878765	-0.05841952
17.12006576	0.15036379	0.00878290	-0.05841099
17.12256575	0.15030437	0.00877815	-0.05840246
17.12506575	0.15024496	0.00877339	-0.05839394
17.12756574	0.15018556	0.00876865	-0.05838541
17.13006574	0.15012618	0.00876390	-0.05837689
17.13256573	0.15006681	0.00875916	-0.05836837
17.13506573	0.15000746	0.00875441	-0.05835986
17.13756572	0.14994811	0.00874967	-0.05835134
17.14006572	0.14988879	0.00874494	-0.05834283
17.14256571	0.14982947	0.00874020	-0.05833433
17.14506571	0.14977018	0.00873547	-0.05832582
17.14756570	0.14971089	0.00873074	-0.05831732
17.15006570	0.14965162	0.00872601	-0.05830881
17.15256569	0.14959236	0.00872128	-0.05830032
17.15506569	0.14953312	0.00871656	-0.05829182
17.15756568	0.14947389	0.00871184	-0.05828333
17.16006568	0.14941467	0.00870712	-0.05827484
17.16256567	0.14935547	0.00870240	-0.05826635
17.16506567	0.14929629	0.00869768	-0.05825786
17.16756566	0.14923711	0.00869297	-0.05824938
17.17006566	0.14917795	0.00868826	-0.05824090
17.17256565	0.14911881	0.00868355	-0.05823242
17.17506565	0.14905968	0.00867884	-0.05822394
17.17756564	0.14900056	0.00867414	-0.05821547
17.18006564	0.14894145	0.00866943	-0.05820700
17.18256563	0.14888237	0.00866473	-0.05819853
17.18506563	0.14882329	0.00866004	-0.05819006
17.18756562	0.14876423	0.00865534	-0.05818160
17.19006562	0.14870518	0.00865065	-0.05817313
17.19256561	0.14864615	0.00864595	-0.05816468
17.19506561	0.14858713	0.00864127	-0.05815622
17.19756560	0.14852812	0.00863658	-0.05814776
17.20006560	0.14846913	0.00863189	-0.05813931
17.20256559	0.14841015	0.00862721	-0.05813086
17.20506559	0.14835119	0.00862253	-0.05812242
17.20756558	0.14829224	0.00861785	-0.05811397
17.21006558	0.14823330	0.00861317	-0.05810553
17.21256557	0.14817438	0.00860850	-0.05809709
17.21506557	0.14811547	0.00860383	-0.05808865
17.21756556	0.14805658	0.00859916	-0.05808022
17.22006556	0.14799770	0.00859449	-0.05807179
17.22256555	0.14793884	0.00858983	-0.05806336
17.22506555	0.14787999	0.00858516	-0.05805493
17.22756554	0.14782115	0.00858050	-0.05804651
17.23006554	0.14776233	0.00857584	-0.05803808
17.23256553	0.14770352	0.00857119	-0.05802966
17.23506553	0.14764472	0.00856653	-0.05802125
17.23756552	0.14758594	0.00856188	-0.05801283
17.24006552	0.14752717	0.00855723	-0.05800442
17.24256551	0.14746842	0.00855258	-0.05799601
17.24506551	0.14740968	0.00854793	-0.05798760
17.24756550	0.14735096	0.00854329	-0.05797920
17.25006550	0.14729225	0.00853865	-0.05797079
17.25256549	0.14723355	0.00853401	-0.05796239
17.25506549	0.14717487	0.00852937	-0.05795400
17.25756548	0.14711620	0.00852474	-0.05794560
17.26006548	0.14705755	0.00852010	-0.05793721
17.26256547	0.14699891	0.00851547	-0.05792882
17.26506547	0.14694028	0.00851084	-0.05792043
17.26756546	0.14688167	0.00850622	-0.05791204
17.27006546	0.14682308	0.00850159	-0.05790366
17.27256545	0.14676449	0.00849697	-0.05789528
17.27506545	0.14670592	0.00849235	-0.05788690
17.27756544	0.14664737	0.00848773	-0.05787852
17.28006544	0.14658883	0.00848312	-0.05787015
17.28256543	0.14653030	0.00847850	-0.05786178
17.28506543	0.14647179	0.00847389	-0.05785341
17.28756542	0.14641329	0.00846928	-0.05784505
17.29006542	0.14635481	0.00846468	-0.05783668
17.29256541	0.14629634	0.00846007	-0.05782832
17.29506541	0.14623788	0.00845547	-0.05781996
17.29756540	0.14617944	0.00845087	-0.05781160
17.30006540	0.14612101	0.00844627	-0.05780325
17.30256539	0.14606260	0.00844167	-0.05779490
17.30506539	0.14600420	0.00843708	-0.05778655
17.30756538	0.14594582	0.00843249	-0.05777820
17.31006538	0.14588745	0.00842790	-0.05776986
17.31256537	0.14582909	0.00842331	-0.05776151
17.31506537	0.14577075	0.00841872	-0.05775317
17.31756536	0.14571242	0.00841414	-0.05774484
17.32006536	0.14565411	0.00840956	-0.05773650
17.32256535	0.14559581	0.00840498	-0.05772817
17.32506535	0.14553753	0.00840040	-0.05771984
17.32756534	0.14547925	0.00839583	-0.05771151
17.33006534	0.14542100	0.00839126	-0.05770319
17.33256533	0.14536276	0.00838668	-0.05769486
17.33506533	0.14530453	0.00838212	-0.05768654
17.33756532	0.14524631	0.00837755	-0.05767823
17.34006532	0.14518812	0.00837299	-0.05766991
17.34256531	0.14512993	0.00836842	-0.05766160
17.34506531	0.14507176	0.00836386	-0.05765329
17.34756530	0.14501360	0.00835931	-0.05764498
17.35006530	0.14495546	0.00835475	-0.05763667
17.35256529	0.14489733	0.00835020	-0.05762837
17.35506529	0.14483922	0.00834565	-0.05762007
17.35756528	0.14478112	0.00834110	-0.05761177
17.36006528	0.14472303	0.00833655	-0.05760347
17.36256527	0.14466496	0.00833200	-0.05759518
17.36506527	0.14460691	0.00832746	-0.05758688
17.36756526	0.14454887	0.00832292	-0.05757859
17.37006526	0.14449084	0.00831838	-0.05757031
17.37256525	0.14443282	0.00831385	-0.05756202
17.37506525	0.14437482	0.00830931	-0.05755374
17.37756524	0.14431684	0.00830478	-0.05754546
17.38006524	0.14425887	0.00830025	-0.05753718
17.38256523	0.14420091	0.00829572	-0.05752891
17.38506523	0.14414297	0.00829120	-0.05752064
17.38756522	0.14408504	0.00828667	-0.05751237
17.39006522	0.14402713	0.00828215	-0.05750410
17.39256521	0.14396923	0.00827763	-0.05749583
17.39506521	0.14391135	0.00827311	-0.05748757
17.39756520	0.14385348	0.00826860	-0.05747931
17.40006520	0.14379562	0.00826409	-0.05747105
17.40256519	0.14373778	0.00825957	-0.05746279
17.40506519	0.14367995	0.00825507	-0.05745454
17.40756518	0.14362214	0.00825056	-0.05744629
17.41006518	0.14356434	0.00824605	-0.05743804
17.41256517	0.14350656	0.00824155	-0.05742979
17.41506517	0.14344879	0.00823705	-0.05742155
17.41756516	0.14339103	0.00823255	-0.05741331
17.42006516	0.14333329	0.00822806	-0.05740507
17.42256515	0.14327557	0.00822356	-0.05739683
17.42506515	0.14321785	0.00821907	-0.05738859
17.42756514	0.14316016	0.00821458	-0.05738036
17.43006514	0.14310247	0.00821009	-0.05737213
17.43256513	0.14304481	0.00820561	-0.05736390
17.43506513	0.14298715	0.00820113	-0.05735568
17.43756512	0.14292951	0.00819664	-0.05734746
17.44006512	0.14287189	0.00819216	-0.05733924
17.44256511	0.14281428	0.00818769	-0.05733102
17.44506511	0.14275668	0.00818321	-0.05732280
17.44756510	0.14269910	0.00817874	-0.05731459
17.45006510	0.14264153	0.00817427	-0.05730638
17.45256509	0.14258398	0.00816980	-0.05729817
17.45506509	0.14252644	0.00816533	-0.05728996
17.45756508	0.14246891	0.00816087	-0.05728176
17.46006508	0.14241140	0.00815641	-0.05727356
17.46256507	0.14235391	0.00815195	-0.05726536
17.46506507	0.14229643	0.00814749	-0.05725716
17.46756506	0.14223896	0.00814303	-0.05724896
17.47006506	0.14218151	0.00813858	-0.05724077
17.47256505	0.14212407	0.00813413	-0.05723258
17.47506505	0.14206665	0.00812968	-0.05722439
17.47756504	0.14200924	0.00812523	-0.05721621
17.48006504	0.14195184	0.00812078	-0.05720803
17.48256503	0.14189447	0.00811634	-0.05719984
17.48506503	0.14183710	0.00811190	-0.05719167
17.48756502	0.14177975	0.00810746	-0.05718349
17.49006502	0.14172241	0.00810302	-0.05717532
17.49256501	0.14166509	0.00809859	-0.05716714
17.49506501	0.14160778	0.00809416	-0.05715898
17.49756500	0.14155049	0.00808973	-0.05715081
17.50006500	0.14149321	0.00808530	-0.05714264
17.50256499	0.14143595	0.00808087	-0.05713448
17.50506499	0.14137870	0.00807645	-0.05712632
17.50756498	0.14132147	0.00807202	-0.05711817
17.51006498	0.14126425	0.00806760	-0.05711001
17.51256497	0.14120704	0.00806318	-0.05710186
17.51506497	0.14114985	0.00805877	-0.05709371
17.51756496	0.14109267	0.00805435	-0.05708556
17.52006496	0.14103551	0.00804994	-0.05707741
17.52256495	0.14097837	0.00804553	-0.05706927
17.52506495	0.14092123	0.00804112	-0.05706113
17.52756494	0.14086411	0.00803672	-0.05705299
17.53006494	0.14080701	0.00803232	-0.05704485
17.53256493	0.14074992	0.00802791	-0.05703672
17.53506493	0.14069285	0.00802351	-0.05702859
17.53756492	0.14063579	0.00801912	-0.05702046
17.54006492	0.14057874	0.00801472	-0.05701233
17.54256491	0.14052171	0.00801033	-0.05700421
17.54506491	0.14046469	0.00800594	-0.05699608
17.54756490	0.14040769	0.00800155	-0.05698796
17.55006490	0.14035071	0.00799716	-0.05697985
17.55256489	0.14029373	0.00799278	-0.05697173
17.55506489	0.14023678	0.00798839	-0.05696362
17.55756488	0.14017983	0.00798401	-0.05695551
17.56006488	0.14012290	0.00797963	-0.05694740
17.56256487	0.14006599	0.00797526	-0.05693929
17.56506487	0.14000909	0.00797088	-0.05693119
17.56756486	0.13995221	0.00796651	-0.05692309
17.57006486	0.13989534	0.00796214	-0.05691499
17.57256485	0.13983848	0.00795777	-0.05690689
17.57506485	0.13978164	0.00795341	-0.05689879
17.57756484	0.13972481	0.00794904	-0.05689070
17.58006484	0.13966800	0.00794468	-0.05688261
17.58256483	0.13961120	0.00794032	-0.05687452
17.58506483	0.13955442	0.00793596	-0.05686644
17.58756482	0.13949765	0.00793161	-0.05685835
17.59006482	0.13944090	0.00792725	-0.05685027
17.59256481	0.13938416	0.00792290	-0.05684220
17.59506481	0.13932744	0.00791855	-0.05683412
17.59756480	0.13927073	0.00791420	-0.05682604
17.60006480	0.13921403	0.00790986	-0.05681797
17.60256479	0.13915735	0.00790552	-0.05680990
17.60506479	0.13910069	0.00790117	-0.05680184
17.60756478	0.13904404	0.00789684	-0.05679377
17.61006478	0.13898740	0.00789250	-0.05678571
17.61256477	0.13893078	0.00788816	-0.05677765
17.61506477	0.13887417	0.00788383	-0.05676959
17.61756476	0.13881758	0.00787950	-0.05676153
17.62006476	0.13876100	0.00787517	-0.05675348
17.62256475	0.13870444	0.00787084	-0.05674543
17.62506475	0.13864789	0.00786652	-0.05673738
17.62756474	0.13859136	0.00786220	-0.05672933
17.63006474	0.13853484	0.00785787	-0.05672129
17.63256473	0.13847834	0.00785356	-0.05671325
17.63506473	0.13842185	0.00784924	-0.05670521
17.63756472	0.13836538	0.00784493	-0.05669717
17.64006472	0.13830892	0.00784061	-0.05668913
17.64256471	0.13825247	0.00783630	-0.05668110
17.64506471	0.13819604	0.00783199	-0.05667307
17.64756470	0.13813962	0.00782769	-0.05666504
17.65006470	0.13808322	0.00782338	-0.05665702
17.65256469	0.13802684	0.00781908	-0.05664899
17.65506469	0.13797047	0.00781478	-0.05664097
17.65756468	0.13791411	0.00781048	-0.05663295
17.66006468	0.13785777	0.00780619	-0.05662493
17.66256467	0.13780144	0.00780189	-0.05661692
17.66506467	0.13774513	0.00779760	-0.05660891
17.66756466	0.13768883	0.00779331	-0.05660090
17.67006466	0.13763255	0.00778902	-0.05659289
17.67256465	0.13757628	0.00778474	-0.05658488
17.67506465	0.13752002	0.00778045	-0.05657688
17.67756464	0.13746379	0.00777617	-0.05656888
17.68006464	0.13740756	0.00777189	-0.05656088
17.68256463	0.13735135	0.00776761	-0.05655288
17.68506463	0.13729516	0.00776334	-0.05654489
17.68756462	0.13723898	0.00775907	-0.05653690
17.69006462	0.13718281	0.00775479	-0.05652891
17.69256461	0.13712666	0.00775052	-0.05652092
17.69506461	0.13707053	0.00774626	-0.05651293
17.69756460	0.13701441	0.00774199	-0.05650495
17.70006460	0.13695830	0.00773773	-0.05649697
17.70256459	0.13690221	0.00773347	-0.05648899
17.70506459	0.13684613	0.00772921	-0.05648101
17.70756458	0.13679007	0.00772495	-0.05647304
17.71006458	0.13673403	0.00772070	-0.05646507
17.71256457	0.13667799	0.00771644	-0.05645710
17.71506457	0.13662198	0.00771219	-0.05644913
17.71756456	0.13656597	0.00770794	-0.05644117
17.72006456	0.13650999	0.00770370	-0.05643320
17.72256455	0.13645401	0.00769945	-0.05642524
17.72506455	0.13639806	0.00769521	-0.05641728
17.72756454	0.13634211	0.00769097	-0.05640933
17.73006454	0.13628618	0.00768673	-0.05640137
17.73256453	0.13623027	0.00768249	-0.05639342
17.73506453	0.13617437	0.00767826	-0.05638547
17.73756452	0.13611849	0.00767402	-0.05637753
17.74006452	0.13606262	0.00766979	-0.05636958
17.74256451	0.13600677	0.00766556	-0.05636164
17.74506451	0.13595093	0.00766134	-0.05635370
17.74756450	0.13589510	0.00765711	-0.05634576
17.75006450	0.13583929	0.00765289	-0.05633782
17.75256449	0.13578350	0.00764867	-0.05632989
17.75506449	0.13572772	0.00764445	-0.05632196
17.75756448	0.13567195	0.00764023	-0.05631403
17.76006448	0.13561620	0.00763602	-0.05630610
17.76256447	0.13556047	0.00763181	-0.05629818
17.76506447	0.13550475	0.00762760	-0.05629025
17.76756446	0.13544904	0.00762339	-0.05628233
17.77006446	0.13539335	0.00761918	-0.05627442
17.77256445	0.13533767	0.00761498	-0.05626650
17.77506445	0.13528201	0.00761077	-0.05625859
17.77756444	0.13522637	0.00760657	-0.05625068
17.78006444	0.13517073	0.00760238	-0.05624277
17.78256443	0.13511512	0.00759818	-0.05623486
17.78506443	0.13505952	0.00759399	-0.05622695
17.78756442	0.13500393	0.00758979	-0.05621905
17.79006442	0.13494836	0.00758560	-0.05621115
17.79256441	0.13489280	0.00758141	-0.05620325
17.79506441	0.13483726	0.00757723	-0.05619536
17.79756440	0.13478173	0.00757304	-0.05618746
17.80006440	0.13472622	0.00756886	-0.05617957
17.80256439	0.13467072	0.00756468	-0.05617168
17.80506439	0.13461524	0.00756050	-0.05616380
17.80756438	0.13455977	0.00755633	-0.05615591
17.81006438	0.13450432	0.00755215	-0.05614803
17.81256437	0.13444888	0.00754798	-0.05614015
17.81506437	0.13439346	0.00754381	-0.05613227
17.81756436	0.13433805	0.00753964	-0.05612439
17.82006436	0.13428266	0.00753548	-0.05611652
17.82256435	0.13422728	0.00753131	-0.05610865
17.82506435	0.13417191	0.00752715	-0.05610078
17.82756434	0.13411657	0.00752299	-0.05609291
17.83006434	0.13406123	0.00751883	-0.05608505
17.83256433	0.13400591	0.00751467	-0.05607718
17.83506433	0.13395061	0.00751052	-0.05606932
17.83756432	0.13389532	0.00750637	-0.05606147
17.84006432	0.13384005	0.00750222	-0.05605361
17.84256431	0.13378479	0.00749807	-0.05604576
17.84506431	0.13372954	0.00749392	-0.05603790
17.84756430	0.13367432	0.00748978	-0.05603005
17.85006430	0.13361910	0.00748564	-0.05602221
17.85256429	0.13356390	0.00748150	-0.05601436
17.85506429	0.13350872	0.00747736	-0.05600652
17.85756428	0.13345355	0.00747322	-0.05599868
17.86006428	0.13339839	0.00746909	-0.05599084
17.86256427	0.13334326	0.00746496	-0.05598300
17.86506427	0.13328813	0.00746083	-0.05597517
17.86756426	0.13323302	0.00745670	-0.05596734
17.87006426	0.13317793	0.00745257	-0.05595951
17.87256425	0.13312285	0.00744845	-0.05595168
17.87506425	0.13306778	0.00744432	-0.05594385
17.87756424	0.13301273	0.00744020	-0.05593603
17.88006424	0.13295770	0.00743609	-0.05592821
17.88256423	0.13290268	0.00743197	-0.05592039
17.88506423	0.13284768	0.00742786	-0.05591258
17.88756422	0.13279269	0.00742374	-0.05590476
17.89006422	0.13273771	0.00741963	-0.05589695
17.89256421	0.13268275	0.00741552	-0.05588914
17.89506421	0.13262781	0.00741142	-0.05588133
17.89756420	0.13257288	0.00740731	-0.05587352
17.90006420	0.13251796	0.00740321	-0.05586572
17.90256419	0.13246306	0.00739911	-0.05585792
17.90506419	0.13240818	0.00739501	-0.05585012
17.90756418	0.13235331	0.00739092	-0.05584232
17.91006418	0.13229846	0.00738682	-0.05583453
17.91256417	0.13224362	0.00738273	-0.05582674
17.91506417	0.13218879	0.00737864	-0.05581895
17.91756416	0.13213398	0.00737455	-0.05581116
17.92006416	0.13207919	0.00737046	-0.05580337
17.92256415	0.13202441	0.00736638	-0.05579559
17.92506415	0.13196964	0.00736230	-0.05578781
17.92756414	0.13191489	0.00735822	-0.05578003
17.93006414	0.13186016	0.00735414	-0.05577225
17.93256413	0.13180544	0.00735006	-0.05576447
17.93506413	0.13175073	0.00734599	-0.05575670
17.93756412	0.13169605	0.00734191	-0.05574893
17.94006412	0.13164137	0.00733784	-0.05574116
17.94256411	0.13158671	0.00733377	-0.05573339
17.94506411	0.13153207	0.00732971	-0.05572563
17.94756410	0.13147744	0.00732564	-0.05571787
17.95006410	0.13142282	0.00732158	-0.05571011
17.95256409	0.13136822	0.00731752	-0.05570235
17.95506409	0.13131364	0.00731346	-0.05569459
17.95756408	0.13125907	0.00730940	-0.05568684
17.96006408	0.13120452	0.00730535	-0.05567909
17.96256407	0.13114998	0.00730129	-0.05567134
17.96506407	0.13109545	0.00729724	-0.05566359
17.96756406	0.13104095	0.00729319	-0.05565585
17.97006406	0.13098645	0.00728915	-0.05564810
17.97256405	0.13093197	0.00728510	-0.05564036
17.97506405	0.13087751	0.00728106	-0.05563263
17.97756404	0.13082306	0.00727702	-0.05562489
17.98006404	0.13076863	0.00727298	-0.05561715
17.98256403	0.13071421	0.00726894	-0.05560942
17.98506403	0.13065980	0.00726491	-0.05560169
17.98756402	0.13060542	0.00726087	-0.05559396
17.99006402	0.13055104	0.00725684	-0.05558624
17.99256401	0.13049668	0.00725281	-0.05557852
17.99506401	0.13044234	0.00724878	-0.05557079
17.99756400	0.13038801	0.00724476	-0.05556308
18.00006400	0.13033370	0.00724074	-0.05555536
18.00256399	0.13027940	0.00723671	-0.05554764
18.00506399	0.13022512	0.00723269	-0.05553993
18.00756398	0.13017085	0.00722868	-0.05553222
18.01006398	0.13011660	0.00722466	-0.05552451
18.01256397	0.13006236	0.00722065	-0.05551680
18.01506397	0.13000814	0.00721663	-0.05550910
18.01756396	0.12995393	0.00721262	-0.05550140
18.02006396	0.12989974	0.00720862	-0.05549370
18.02256395	0.12984556	0.00720461	-0.05548600
18.02506395	0.12979140	0.00720061	-0.05547831
18.02756394	0.12973725	0.00719660	-0.05547061
18.03006394	0.12968312	0.00719260	-0.05546292
18.03256393	0.12962900	0.00718861	-0.05545523
18.03506393	0.12957490	0.00718461	-0.05544754
18.03756392	0.12952082	0.00718062	-0.05543986
18.04006392	0.12946674	0.00717662	-0.05543218
18.04256391	0.12941269	0.00717263	-0.05542450
18.04506391	0.12935865	0.00716864	-0.05541682
18.04756390	0.12930462	0.00716466	-0.05540914
18.05006390	0.12925061	0.00716067	-0.05540147
18.05256389	0.12919661	0.00715669	-0.05539379
18.05506389	0.12914263	0.00715271	-0.05538612
18.05756388	0.12908867	0.00714873	-0.05537846
18.06006388	0.12903472	0.00714475	-0.05537079
18.06256387	0.12898078	0.00714078	-0.05536313
18.06506387	0.12892686	0.00713681	-0.05535546
18.06756386	0.12887296	0.00713284	-0.05534780
18.07006386	0.12881907	0.00712887	-0.05534015
18.07256385	0.12876519	0.00712490	-0.05533249
18.07506385	0.12871133	0.00712093	-0.05532484
18.07756384	0.12865749	0.00711697	-0.05531719
18.08006384	0.12860366	0.00711301	-0.05530954
18.08256383	0.12854985	0.00710905	-0.05530189
18.08506383	0.12849605	0.00710509	-0.05529425
18.08756382	0.12844226	0.00710114	-0.05528661
18.09006382	0.12838849	0.00709718	-0.05527896
18.09256381	0.12833474	0.00709323	-0.05527133
18.09506381	0.12828100	0.00708928	-0.05526369
18.09756380	0.12822728	0.00708533	-0.05525606
18.10006380	0.12817357	0.00708139	-0.05524842
18.10256379	0.12811988	0.00707744	-0.05524079
18.10506379	0.12806620	0.00707350	-0.05523317
18.10756378	0.12801254	0.00706956	-0.05522554
18.11006378	0.12795889	0.00706562	-0.05521792
18.11256377	0.12790526	0.00706169	-0.05521030
18.11506377	0.12785164	0.00705775	-0.05520268
18.11756376	0.12779804	0.00705382	-0.05519506
18.12006376	0.12774445	0.00704989	-0.05518744
18.12256375	0.12769088	0.00704596	-0.05517983
18.12506375	0.12763732	0.00704203	-0.05517222
18.12756374	0.12758378	0.00703811	-0.05516461
18.13006374	0.12753026	0.00703419	-0.05515700
18.13256373	0.12747675	0.00703027	-0.05514940
18.13506373	0.12742325	0.00702635	-0.05514180
18.13756372	0.12736977	0.00702243	-0.05513420
18.14006372	0.12731631	0.00701851	-0.05512660
18.14256371	0.12726286	0.00701460	-0.05511900
18.14506371	0.12720942	0.00701069	-0.05511141
18.14756370	0.12715600	0.00700678	-0.05510382
18.15006370	0.12710260	0.00700287	-0.05509623
18.15256369	0.12704921	0.00699897	-0.05508864
18.15506369	0.12699583	0.00699506	-0.05508105
18.15756368	0.12694247	0.00699116	-0.05507347
18.16006368	0.12688913	0.00698726	-0.05506589
18.16256367	0.12683580	0.00698336	-0.05505831
18.16506367	0.12678249	0.00697947	-0.05505073
18.16756366	0.12672919	0.00697557	-0.05504315
18.17006366	0.12667591	0.00697168	-0.05503558
18.17256365	0.12662264	0.00696779	-0.05502801
18.17506365	0.12656939	0.00696390	-0.05502044
18.17756364	0.12651615	0.00696002	-0.05501287
18.18006364	0.12646293	0.00695613	-0.05500531
18.18256363	0.12640972	0.00695225	-0.05499775
18.18506363	0.12635653	0.00694837	-0.05499018
18.18756362	0.12630335	0.00694449	-0.05498263
18.19006362	0.12625019	0.00694061	-0.05497507
18.19256361	0.12619705	0.00693674	-0.05496751
18.19506361	0.12614392	0.00693286	-0.05495996
18.19756360	0.12609080	0.00692899	-0.05495241
18.20006360	0.12603770	0.00692512	-0.05494486
18.20256359	0.12598462	0.00692126	-0.05493732
18.20506359	0.12593155	0.00691739	-0.05492977
18.20756358	0.12587849	0.00691353	-0.05492223
18.21006358	0.12582545	0.00690967	-0.05491469
18.21256357	0.12577243	0.00690581	-0.05490715
18.21506357	0.12571942	0.00690195	-0.05489962
18.21756356	0.12566643	0.00689809	-0.05489208
18.22006356	0.12561345	0.00689424	-0.05488455
18.22256355	0.12556048	0.00689039	-0.05487702
18.22506355	0.12550754	0.00688653	-0.05486949
18.22756354	0.12545460	0.00688269	-0.05486197
18.23006354	0.12540169	0.00687884	-0.05485444
18.23256353	0.12534879	0.00687500	-0.05484692
18.23506353	0.12529590	0.00687115	-0.05483940
18.23756352	0.12524303	0.00686731	-0.05483189
18.24006352	0.12519017	0.00686347	-0.05482437
18.24256351	0.12513733	0.00685964	-0.05481686
18.24506351	0.12508450	0.00685580	-0.05480935
18.24756350	0.12503169	0.00685197	-0.05480184
18.25006350	0.12497890	0.00684813	-0.05479433
18.25256349	0.12492612	0.00684431	-0.05478682
18.25506349	0.12487335	0.00684048	-0.05477932
18.25756348	0.12482060	0.00683665	-0.05477182
18.26006348	0.12476787	0.00683283	-0.05476432
18.26256347	0.12471515	0.00682901	-0.05475683
18.26506347	0.12466245	0.00682519	-0.05474933
18.26756346	0.12460976	0.00682137	-0.05474184
18.27006346	0.12455709	0.00681755	-0.05473435
18.27256345	0.12450443	0.00681374	-0.05472686
18.27506345	0.12445178	0.00680992	-0.05471937
18.27756344	0.12439916	0.00680611	-0.05471189
18.28006344	0.12434655	0.00680230	-0.05470441
18.28256343	0.12429395	0.00679850	-0.05469692
18.28506343	0.12424137	0.00679469	-0.05468945
18.28756342	0.12418880	0.00679089	-0.05468197
18.29006342	0.12413625	0.00678709	-0.05467450
18.29256341	0.12408371	0.00678329	-0.05466702
18.29506341	0.12403119	0.00677949	-0.05465955
18.29756340	0.12397869	0.00677569	-0.05465209
18.30006340	0.12392620	0.00677190	-0.05464462
18.30256339	0.12387372	0.00676811	-0.05463716
18.30506339	0.12382126	0.00676432	-0.05462969
18.30756338	0.12376882	0.00676053	-0.05462223
18.31006338	0.12371639	0.00675674	-0.05461478
18.31256337	0.12366398	0.00675296	-0.05460732
18.31506337	0.12361158	0.00674918	-0.05459987
18.31756336	0.12355920	0.00674539	-0.05459241
18.32006336	0.12350683	0.00674162	-0.05458496
18.32256335	0.12345448	0.00673784	-0.05457752
18.32506335	0.12340214	0.00673406	-0.05457007
18.32756334	0.12334982	0.00673029	-0.05456263
18.33006334	0.12329751	0.00672652	-0.05455519
18.33256333	0.12324522	0.00672275	-0.05454775
18.33506333	0.12319295	0.00671898	-0.05454031
18.33756332	0.12314069	0.00671522	-0.05453287
18.34006332	0.12308844	0.00671145	-0.05452544
18.34256331	0.12303621	0.00670769	-0.05451801
18.34506331	0.12298400	0.00670393	-0.05451058
18.34756330	0.12293180	0.00670017	-0.05450315
18.35006330	0.12287961	0.00669641	-0.05449572
18.35256329	0.12282745	0.00669266	-0.05448830
18.35506329	0.12277529	0.00668891	-0.05448088
18.35756328	0.12272315	0.00668515	-0.05447346
18.36006328	0.12267103	0.00668141	-0.05446604
18.36256327	0.12261893	0.00667766	-0.05445863
18.36506327	0.12256683	0.00667391	-0.05445121
18.36756326	0.12251476	0.00667017	-0.05444380
18.37006326	0.12246270	0.00666643	-0.05443639
18.37256325	0.12241065	0.00666269	-0.05442899
18.37506325	0.12235862	0.00665895	-0.05442158
18.37756324	0.12230660	0.00665521	-0.05441418
18.38006324	0.12225460	0.00665148	-0.05440678
18.38256323	0.12220262	0.00664775	-0.05439938
18.38506323	0.12215065	0.00664402	-0.05439198
18.38756322	0.12209870	0.00664029	-0.05438459
18.39006322	0.12204676	0.00663656	-0.05437719
18.39256321	0.12199483	0.00663283	-0.05436980
18.39506321	0.12194293	0.00662911	-0.05436241
18.39756320	0.12189103	0.00662539	-0.05435502
18.40006320	0.12183916	0.00662167	-0.05434764
18.40256319	0.12178729	0.00661795	-0.05434026
18.40506319	0.12173545	0.00661424	-0.05433288
18.40756318	0.12168361	0.00661052	-0.05432550
18.41006318	0.12163180	0.00660681	-0.05431812
18.41256317	0.12158000	0.00660310	-0.05431074
18.41506317	0.12152821	0.00659939	-0.05430337
18.41756316	0.12147644	0.00659568	-0.05429600
18.42006316	0.12142469	0.00659198	-0.05428863
18.42256315	0.12137295	0.00658828	-0.05428126
18.42506315	0.12132122	0.00658458	-0.05427390
18.42756314	0.12126952	0.00658088	-0.05426653
18.43006314	0.12121782	0.00657718	-0.05425917
18.43256313	0.12116615	0.00657348	-0.05425181
18.43506313	0.12111448	0.00656979	-0.05424446
18.43756312	0.12106284	0.00656610	-0.05423710
18.44006312	0.12101120	0.00656241	-0.05422975
18.44256311	0.12095959	0.00655872	-0.05422240
18.44506311	0.12090799	0.00655503	-0.05421505
18.44756310	0.12085640	0.00655135	-0.05420770
18.45006310	0.12080483	0.00654766	-0.05420036
18.45256309	0.12075327	0.00654398	-0.05419301
18.45506309	0.12070173	0.00654030	-0.05418567
18.45756308	0.12065021	0.00653663	-0.05417833
18.46006308	0.12059870	0.00653295	-0.05417100
18.46256307	0.12054721	0.00652928	-0.05416366
18.46506307	0.12049573	0.00652561	-0.05415633
18.46756306	0.12044427	0.00652194	-0.05414900
18.47006306	0.12039282	0.00651827	-0.05414167
18.47256305	0.12034139	0.00651460	-0.05413434
18.47506305	0.12028997	0.00651094	-0.05412701
18.47756304	0.12023857	0.00650727	-0.05411969
18.48006304	0.12018718	0.00650361	-0.05411237
18.48256303	0.12013581	0.00649995	-0.05410505
18.48506303	0.12008446	0.00649630	-0.05409773
18.48756302	0.12003312	0.00649264	-0.05409042
18.49006302	0.11998179	0.00648899	-0.05408310
18.49256301	0.11993048	0.00648534	-0.05407579
18.49506301	0.11987919	0.00648169	-0.05406848
18.49756300	0.11982791	0.00647804	-0.05406118
18.50006300	0.11977665	0.00647439	-0.05405387
18.50256299	0.11972540	0.00647075	-0.05404657
18.50506299	0.11967417	0.00646710	-0.05403926
18.50756298	0.11962295	0.00646346	-0.05403197
18.51006298	0.11957175	0.00645982	-0.05402467
18.51256297	0.11952056	0.00645619	-0.05401737
18.51506297	0.11946939	0.00645255	-0.05401008
18.51756296	0.11941823	0.00644892	-0.05400279
18.52006296	0.11936709	0.00644529	-0.05399550
18.52256295	0.11931597	0.00644166	-0.05398821
18.52506295	0.11926486	0.00643803	-0.05398092
18.52756294	0.11921376	0.00643440	-0.05397364
18.53006294	0.11916269	0.00643078	-0.05396636
18.53256293	0.11911162	0.00642715	-0.05395908
18.53506293	0.11906057	0.00642353	-0.05395180
18.53756292	0.11900954	0.00641991	-0.05394452
18.54006292	0.11895852	0.00641630	-0.05393725
18.54256291	0.11890752	0.00641268	-0.05392998
18.54506291	0.11885654	0.00640907	-0.05392271
18.54756290	0.11880557	0.00640545	-0.05391544
18.55006290	0.11875461	0.00640184	-0.05390817
18.55256289	0.11870367	0.00639824	-0.05390091
18.55506289	0.11865274	0.00639463	-0.05389365
18.55756288	0.11860184	0.00639102	-0.05388639
18.56006288	0.11855094	0.00638742	-0.05387913
18.56256287	0.11850006	0.00638382	-0.05387187
18.56506287	0.11844920	0.00638022	-0.05386462
18.56756286	0.11839835	0.00637662	-0.05385736
18.57006286	0.11834752	0.00637303	-0.05385011
18.57256285	0.11829670	0.00636943	-0.05384287
18.57506285	0.11824590	0.00636584	-0.05383562
18.57756284	0.11819511	0.00636225	-0.05382837
18.58006284	0.11814434	0.00635866	-0.05382113
18.58256283	0.11809359	0.00635508	-0.05381389
18.58506283	0.11804285	0.00635149	-0.05380665
18.58756282	0.11799212	0.00634791	-0.05379941
18.59006282	0.11794141	0.00634433	-0.05379218
18.59256281	0.11789072	0.00634075	-0.05378495
18.59506281	0.11784004	0.00633717	-0.05377772
18.59756280	0.11778938	0.00633359	-0.05377049
18.60006280	0.11773873	0.00633002	-0.05376326
18.60256279	0.11768810	0.00632645	-0.05375603
18.60506279	0.11763748	0.00632287	-0.05374881
18.60756278	0.11758688	0.00631931	-0.05374159
18.61006278	0.11753629	0.00631574	-0.05373437
18.61256277	0.11748572	0.00631217	-0.05372715
18.61506277	0.11743517	0.00630861	-0.05371994
18.61756276	0.11738463	0.00630505	-0.05371272
18.62006276	0.11733410	0.00630149	-0.05370551
18.62256275	0.11728359	0.00629793	-0.05369830
18.62506275	0.11723310	0.00629437	-0.05369109
18.62756274	0.11718262	0.00629082	-0.05368389
18.63006274	0.11713216	0.00628727	-0.05367668
18.63256273	0.11708171	0.00628371	-0.05366948
18.63506273	0.11703128	0.00628017	-0.05366228
18.63756272	0.11698086	0.00627662	-0.05365508
18.64006272	0.11693046	0.00627307	-0.05364789
18.64256271	0.11688007	0.00626953	-0.05364069
18.64506271	0.11682970	0.00626599	-0.05363350
18.64756270	0.11677935	0.00626245	-0.05362631
18.65006270	0.11672901	0.00625891	-0.05361912
18.65256269	0.11667868	0.00625537	-0.05361194
18.65506269	0.11662837	0.00625184	-0.05360475
18.65756268	0.11657808	0.00624830	-0.05359757
18.66006268	0.11652780	0.00624477	-0.05359039
18.66256267	0.11647754	0.00624124	-0.05358321
18.66506267	0.11642729	0.00623771	-0.05357603
18.66756266	0.11637706	0.00623419	-0.05356886
18.67006266	0.11632685	0.00623066	-0.05356168
18.67256265	0.11627664	0.00622714	-0.05355451
18.67506265	0.11622646	0.00622362	-0.05354734
18.67756264	0.11617629	0.00622010	-0.05354018
18.68006264	0.11612613	0.00621658	-0.05353301
18.68256263	0.11607599	0.00621307	-0.05352585
18.68506263	0.11602587	0.00620955	-0.05351869
18.68756262	0.11597576	0.00620604	-0.05351153
18.69006262	0.11592567	0.00620253	-0.05350437
18.69256261	0.11587559	0.00619902	-0.05349721
18.69506261	0.11582553	0.00619551	-0.05349006
18.69756260	0.11577548	0.00619201	-0.05348291
18.70006260	0.11572545	0.00618851	-0.05347576
18.70256259	0.11567543	0.00618500	-0.05346861
18.70506259	0.11562543	0.00618150	-0.05346146
18.70756258	0.11557545	0.00617801	-0.05345432
18.71006258	0.11552548	0.00617451	-0.05344718
18.71256257	0.11547553	0.00617102	-0.05344004
18.71506257	0.11542559	0.00616752	-0.05343290
18.71756256	0.11537566	0.00616403	-0.05342576
18.72006256	0.11532575	0.00616054	-0.05341862
18.72256255	0.11527586	0.00615706	-0.05341149
18.72506255	0.11522598	0.00615357	-0.05340436
18.72756254	0.11517612	0.00615009	-0.05339723
18.73006254	0.11512628	0.00614660	-0.05339010
18.73256253	0.11507645	0.00614312	-0.05338298
18.73506253	0.11502663	0.00613964	-0.05337586
18.73756252	0.11497683	0.00613617	-0.05336873
18.74006252	0.11492705	0.00613269	-0.05336161
18.74256251	0.11487728	0.00612922	-0.05335450
18.74506251	0.11482752	0.00612575	-0.05334738
18.74756250	0.11477778	0.00612228	-0.05334027
18.75006250	0.11472806	0.00611881	-0.05333316
18.75256249	0.11467835	0.00611534	-0.05332605
18.75506249	0.11462866	0.00611188	-0.05331894
18.75756248	0.11457898	0.00610842	-0.05331183
18.76006248	0.11452932	0.00610495	-0.05330473
18.76256247	0.11447968	0.00610149	-0.05329762
18.76506247	0.11443005	0.00609804	-0.05329052
18.76756246	0.11438043	0.00609458	-0.05328342
18.77006246	0.11433083	0.00609113	-0.05327633
18.77256245	0.11428125	0.00608767	-0.05326923
18.77506245	0.11423168	0.00608422	-0.05326214
18.77756244	0.11418213	0.00608077	-0.05325505
18.78006244	0.11413259	0.00607733	-0.05324796
18.78256243	0.11408307	0.00607388	-0.05324087
18.78506243	0.11403356	0.00607044	-0.05323379
18.78756242	0.11398407	0.00606700	-0.05322670
18.79006242	0.11393459	0.00606356	-0.05321962
18.79256241	0.11388513	0.00606012	-0.05321254
18.79506241	0.11383569	0.00605668	-0.05320546
18.79756240	0.11378626	0.00605325	-0.05319839
18.80006240	0.11373684	0.00604981	-0.05319131
18.80256239	0.11368744	0.00604638	-0.05318424
18.80506239	0.11363806	0.00604295	-0.05317717
18.80756238	0.11358869	0.00603952	-0.05317010
18.81006238	0.11353934	0.00603610	-0.05316303
18.81256237	0.11349000	0.00603267	-0.05315597
18.81506237	0.11344068	0.00602925	-0.05314891
18.81756236	0.11339137	0.00602583	-0.05314185
18.82006236	0.11334208	0.00602241	-0.05313479
18.82256235	0.11329281	0.00601899	-0.05312773
18.82506235	0.11324354	0.00601557	-0.05312067
18.82756234	0.11319430	0.00601216	-0.05311362
18.83006234	0.11314507	0.00600875	-0.05310657
18.83256233	0.11309586	0.00600534	-0.05309952
18.83506233	0.11304666	0.00600193	-0.05309247
18.83756232	0.11299748	0.00599852	-0.05308542
18.84006232	0.11294831	0.00599511	-0.05307838
18.84256231	0.11289916	0.00599171	-0.05307134
18.84506231	0.11285002	0.00598831	-0.05306430
18.84756230	0.11280090	0.00598491	-0.05305726
18.85006230	0.11275179	0.00598151	-0.05305022
18.85256229	0.11270270	0.00597811	-0.05304319
18.85506229	0.11265363	0.00597472	-0.05303615
18.85756228	0.11260457	0.00597132	-0.05302912
18.86006228	0.11255552	0.00596793	-0.05302209
18.86256227	0.11250649	0.00596454	-0.05301507
18.86506227	0.11245748	0.00596115	-0.05300804
18.86756226	0.11240848	0.00595776	-0.05300102
18.87006226	0.11235950	0.00595438	-0.05299400
18.87256225	0.11231053	0.00595100	-0.05298698
18.87506225	0.11226158	0.00594761	-0.05297996
18.87756224	0.11221265	0.00594423	-0.05297294
18.88006224	0.11216373	0.00594086	-0.05296593
18.88256223	0.11211482	0.00593748	-0.05295891
18.88506223	0.11206593	0.00593410	-0.05295190
18.88756222	0.11201706	0.00593073	-0.05294490
18.89006222	0.11196820	0.00592736	-0.05293789
18.89256221	0.11191935	0.00592399	-0.05293088
18.89506221	0.11187052	0.00592062	-0.05292388
18.89756220	0.11182171	0.00591726	-0.05291688
18.90006220	0.11177292	0.00591389	-0.05290988
18.90256219	0.11172413	0.00591053	-0.05290288
18.90506219	0.11167537	0.00590717	-0.05289589
18.90756218	0.11162662	0.00590381	-0.05288889
18.91006218	0.11157788	0.00590045	-0.05288190
18.91256217	0.11152916	0.00589709	-0.05287491
18.91506217	0.11148046	0.00589374	-0.05286792
18.91756216	0.11143177	0.00589039	-0.05286093
18.92006216	0.11138309	0.00588704	-0.05285395
18.92256215	0.11133443	0.00588369	-0.05284697
18.92506215	0.11128579	0.00588034	-0.05283998
18.92756214	0.11123716	0.00587699	-0.05283301
18.93006214	0.11118855	0.00587365	-0.05282603
18.93256213	0.11113995	0.00587031	-0.05281905
18.93506213	0.11109137	0.00586697	-0.05281208
18.93756212	0.11104281	0.00586363	-0.05280511
18.94006212	0.11099426	0.00586029	-0.05279814
18.94256211	0.11094572	0.00585695	-0.05279117
18.94506211	0.11089720	0.00585362	-0.05278420
18.94756210	0.11084870	0.00585029	-0.05277724
18.95006210	0.11080021	0.00584696	-0.05277028
18.95256209	0.11075174	0.00584363	-0.05276331
18.95506209	0.11070328	0.00584030	-0.05275636
18.95756208	0.11065484	0.00583698	-0.05274940
18.96006208	0.11060641	0.00583365	-0.05274244
18.96256207	0.11055800	0.00583033	-0.05273549
18.96506207	0.11050960	0.00582701	-0.05272854
18.96756206	0.11046122	0.00582369	-0.05272159
18.97006206	0.11041286	0.00582037	-0.05271464
18.97256205	0.11036451	0.00581706	-0.05270769
18.97506205	0.11031617	0.00581374	-0.05270075
18.97756204	0.11026785	0.00581043	-0.05269381
18.98006204	0.11021955	0.00580712	-0.05268687
18.98256203	0.11017126	0.00580381	-0.05267993
18.98506203	0.11012299	0.00580051	-0.05267299
18.98756202	0.11007473	0.00579720	-0.05266606
18.99006202	0.11002649	0.00579390	-0.05265912
18.99256201	0.10997826	0.00579060	-0.05265219
18.99506201	0.10993005	0.00578730	-0.05264526
18.99756200	0.10988186	0.00578400	-0.05263833
19.00006200	0.10983368	0.00578070	-0.05263141
19.00256199	0.10978551	0.00577741	-0.05262448
19.00506199	0.10973736	0.00577411	-0.05261756
19.00756198	0.10968923	0.00577082	-0.05261064
19.01006198	0.10964111	0.00576753	-0.05260372
19.01256197	0.10959301	0.00576424	-0.05259680
19.01506197	0.10954492	0.00576096	-0.05258989
19.01756196	0.10949685	0.00575767	-0.05258298
19.02006196	0.10944879	0.00575439	-0.05257606
19.02256195	0.10940075	0.00575110	-0.05256915
19.02506195	0.10935272	0.00574782	-0.05256225
19.02756194	0.10930471	0.00574455	-0.05255534
19.03006194	0.10925672	0.00574127	-0.05254844
19.03256193	0.10920874	0.00573799	-0.05254153
19.03506193	0.10916077	0.00573472	-0.05253463
19.03756192	0.10911282	0.00573145	-0.05252773
19.04006192	0.10906489	0.00572818	-0.05252084
19.04256191	0.10901697	0.00572491	-0.05251394
19.04506191	0.10896907	0.00572164	-0.05250705
19.04756190	0.10892118	0.00571838	-0.05250016
19.05006190	0.10887331	0.00571512	-0.05249327
19.05256189	0.10882546	0.00571185	-0.05248638
19.05506189	0.10877761	0.00570859	-0.05247949
19.05756188	0.10872979	0.00570534	-0.05247261
19.06006188	0.10868198	0.00570208	-0.05246573
19.06256187	0.10863418	0.00569882	-0.05245885
19.06506187	0.10858640	0.00569557	-0.05245197
19.06756186	0.10853864	0.00569232	-0.05244509
19.07006186	0.10849089	0.00568907	-0.05243821
19.07256185	0.10844316	0.00568582	-0.05243134
19.07506185	0.10839544	0.00568257	-0.05242447
19.07756184	0.10834774	0.00567933	-0.05241760
19.08006184	0.10830005	0.00567609	-0.05241073
19.08256183	0.10825238	0.00567284	-0.05240387
19.08506183	0.10820473	0.00566960	-0.05239700
19.08756182	0.10815709	0.00566636	-0.05239014
19.09006182	0.10810946	0.00566313	-0.05238328
19.09256181	0.10806185	0.00565989	-0.05237642
19.09506181	0.10801426	0.00565666	-0.05236956
19.09756180	0.10796668	0.00565343	-0.05236271
19.10006180	0.10791911	0.00565020	-0.05235585
19.10256179	0.10787157	0.00564697	-0.05234900
19.10506179	0.10782403	0.00564374	-0.05234215
19.10756178	0.10777652	0.00564052	-0.05233530
19.11006178	0.10772901	0.00563729	-0.05232845
19.11256177	0.10768153	0.00563407	-0.05232161
19.11506177	0.10763406	0.00563085	-0.05231477
19.11756176	0.10758660	0.00562763	-0.05230793
19.12006176	0.10753916	0.00562441	-0.05230109
19.12256175	0.10749174	0.00562120	-0.05229425
19.12506175	0.10744433	0.00561799	-0.05228741
19.12756174	0.10739693	0.00561477	-0.05228058
19.13006174	0.10734955	0.00561156	-0.05227375
19.13256173	0.10730219	0.00560835	-0.05226692
19.13506173	0.10725484	0.00560515	-0.05226009
19.13756172	0.10720751	0.00560194	-0.05225326
19.14006172	0.10716019	0.00559874	-0.05224644
19.14256171	0.10711289	0.00559554	-0.05223961
19.14506171	0.10706561	0.00559234	-0.05223279
19.14756170	0.10701834	0.00558914	-0.05222597
19.15006170	0.10697108	0.00558594	-0.05221915
19.15256169	0.10692384	0.00558274	-0.05221234
19.15506169	0.10687662	0.00557955	-0.05220552
19.15756168	0.10682941	0.00557636	-0.05219871
19.16006168	0.10678221	0.00557317	-0.05219190
19.16256167	0.10673503	0.00556998	-0.05218509
19.16506167	0.10668787	0.00556679	-0.05217828
19.16756166	0.10664072	0.00556360	-0.05217148
19.17006166	0.10659359	0.00556042	-0.05216467
19.17256165	0.10654647	0.00555724	-0.05215787
19.17506165	0.10649937	0.00555406	-0.05215107
19.17756164	0.10645229	0.00555088	-0.05214427
19.18006164	0.10640522	0.00554770	-0.05213748
19.18256163	0.10635816	0.00554452	-0.05213068
19.18506163	0.10631112	0.00554135	-0.05212389
19.18756162	0.10626410	0.00553818	-0.05211710
19.19006162	0.10621709	0.00553501	-0.05211031
19.19256161	0.10617009	0.00553184	-0.05210352
19.19506161	0.10612312	0.00552867	-0.05209673
19.19756160	0.10607615	0.00552550	-0.05208995
19.20006160	0.10602921	0.00552234	-0.05208317
19.20256159	0.10598227	0.00551917	-0.05207639
19.20506159	0.10593536	0.00551601	-0.05206961
19.20756158	0.10588846	0.00551285	-0.05206283
19.21006158	0.10584157	0.00550969	-0.05205605
19.21256157	0.10579470	0.00550654	-0.05204928
19.21506157	0.10574784	0.00550338	-0.05204251
19.21756156	0.10570100	0.00550023	-0.05203574
19.22006156	0.10565418	0.00549708	-0.05202897
19.22256155	0.10560737	0.00549393	-0.05202220
19.22506155	0.10556058	0.00549078	-0.05201544
19.22756154	0.10551380	0.00548763	-0.05200868
19.23006154	0.10546704	0.00548449	-0.05200191
19.23256153	0.10542029	0.00548134	-0.05199515
19.23506153	0.10537356	0.00547820	-0.05198840
19.23756152	0.10532684	0.00547506	-0.05198164
19.24006152	0.10528014	0.00547192	-0.05197489
19.24256151	0.10523345	0.00546879	-0.05196813
19.24506151	0.10518678	0.00546565	-0.05196138
19.24756150	0.10514013	0.00546252	-0.05195463
19.25006150	0.10509349	0.00545938	-0.05194789
19.25256149	0.10504686	0.00545625	-0.05194114
19.25506149	0.10500025	0.00545312	-0.05193440
19.25756148	0.10495366	0.00545000	-0.05192765
19.26006148	0.10490708	0.00544687	-0.05192091
19.26256147	0.10486052	0.00544375	-0.05191418
19.26506147	0.10481397	0.00544062	-0.05190744
19.26756146	0.10476744	0.00543750	-0.05190070
19.27006146	0.10472092	0.00543438	-0.05189397
19.27256145	0.10467442	0.00543127	-0.05188724
19.27506145	0.10462793	0.00542815	-0.05188051
19.27756144	0.10458146	0.00542504	-0.05187378
19.28006144	0.10453501	0.00542192	-0.05186705
19.28256143	0.10448857	0.00541881	-0.05186033
19.28506143	0.10444214	0.00541570	-0.05185361
19.28756142	0.10439573	0.00541259	-0.05184689
19.29006142	0.10434934	0.00540949	-0.05184017
19.29256141	0.10430296	0.00540638	-0.05183345
19.29506141	0.10425660	0.00540328	-0.05182673
19.29756140	0.10421025	0.00540018	-0.05182002
19.30006140	0.10416392	0.00539708	-0.05181331
19.30256139	0.10411760	0.00539398	-0.05180660
19.30506139	0.10407130	0.00539088	-0.05179989
19.30756138	0.10402501	0.00538779	-0.05179318
19.31006138	0.10397874	0.00538469	-0.05178647
19.31256137	0.10393248	0.00538160	-0.05177977
19.31506137	0.10388624	0.00537851	-0.05177307
19.31756136	0.10384002	0.00537542	-0.05176637
19.32006136	0.10379381	0.00537233	-0.05175967
19.32256135	0.10374761	0.00536925	-0.05175297
19.32506135	0.10370144	0.00536616	-0.05174628
19.32756134	0.10365527	0.00536308	-0.05173958
19.33006134	0.10360912	0.00536000	-0.05173289
19.33256133	0.10356299	0.00535692	-0.05172620
19.33506133	0.10351687	0.00535384	-0.05171952
19.33756132	0.10347077	0.00535077	-0.05171283
19.34006132	0.10342468	0.00534769	-0.05170614
19.34256131	0.10337861	0.00534462	-0.05169946
19.34506131	0.10333256	0.00534155	-0.05169278
19.34756130	0.10328652	0.00533848	-0.05168610
19.35006130	0.10324049	0.00533541	-0.05167942
19.35256129	0.10319448	0.00533234	-0.05167275
19.35506129	0.10314849	0.00532928	-0.05166607
19.35756128	0.10310251	0.00532621	-0.05165940
19.36006128	0.10305654	0.00532315	-0.05165273
19.36256127	0.10301059	0.00532009	-0.05164606
19.36506127	0.10296466	0.00531703	-0.05163939
19.36756126	0.10291874	0.00531398	-0.05163273
19.37006126	0.10287284	0.00531092	-0.05162606
19.37256125	0.10282695	0.00530787	-0.05161940
19.37506125	0.10278108	0.00530481	-0.05161274
19.37756124	0.10273522	0.00530176	-0.05160608
19.38006124	0.10268938	0.00529871	-0.05159942
19.38256123	0.10264355	0.00529567	-0.05159277
19.38506123	0.10259774	0.00529262	-0.05158612
19.38756122	0.10255195	0.00528957	-0.05157946
19.39006122	0.10250617	0.00528653	-0.05157281
19.39256121	0.10246040	0.00528349	-0.05156616
19.39506121	0.10241465	0.00528045	-0.05155952
19.39756120	0.10236892	0.00527741	-0.05155287
19.40006120	0.10232320	0.00527438	-0.05154623
19.40256119	0.10227750	0.00527134	-0.05153959
19.40506119	0.10223181	0.00526831	-0.05153295
19.40756118	0.10218614	0.00526527	-0.05152631
19.41006118	0.10214048	0.00526224	-0.05151967
19.41256117	0.10209484	0.00525922	-0.05151304
19.41506117	0.10204921	0.00525619	-0.05150640
19.41756116	0.10200360	0.00525316	-0.05149977
19.42006116	0.10195800	0.00525014	-0.05149314
19.42256115	0.10191242	0.00524712	-0.05148652
19.42506115	0.10186685	0.00524409	-0.05147989
19.42756114	0.10182130	0.00524107	-0.05147326
19.43006114	0.10177577	0.00523806	-0.05146664
19.43256113	0.10173025	0.00523504	-0.05146002
19.43506113	0.10168475	0.00523203	-0.05145340
19.43756112	0.10163926	0.00522901	-0.05144678
19.44006112	0.10159378	0.00522600	-0.05144017
19.44256111	0.10154832	0.00522299	-0.05143355
19.44506111	0.10150288	0.00521998	-0.05142694
19.44756110	0.10145745	0.00521698	-0.05142033
19.45006110	0.10141204	0.00521397	-0.05141372
19.45256109	0.10136664	0.00521097	-0.05140711
19.45506109	0.10132126	0.00520796	-0.05140051
19.45756108	0.10127589	0.00520496	-0.05139390
19.46006108	0.10123054	0.00520196	-0.05138730
19.46256107	0.10118521	0.00519897	-0.05138070
19.46506107	0.10113989	0.00519597	-0.05137410
19.46756106	0.10109458	0.00519298	-0.05136750
19.47006106	0.10104929	0.00518998	-0.05136091
19.47256105	0.10100402	0.00518699	-0.05135431
19.47506105	0.10095876	0.00518400	-0.05134772
19.47756104	0.10091351	0.00518101	-0.05134113
19.48006104	0.10086828	0.00517803	-0.05133454
19.48256103	0.10082307	0.00517504	-0.05132795
19.48506103	0.10077787	0.00517206	-0.05132137
19.48756102	0.10073269	0.00516908	-0.05131478
19.49006102	0.10068752	0.00516610	-0.05130820
19.49256101	0.10064237	0.00516312	-0.05130162
19.49506101	0.10059723	0.00516014	-0.05129504
19.49756100	0.10055211	0.00515716	-0.05128847
19.50006100	0.10050700	0.00515419	-0.05128189
19.50256099	0.10046191	0.00515122	-0.05127532
19.50506099	0.10041683	0.00514825	-0.05126875
19.50756098	0.10037177	0.00514528	-0.05126217
19.51006098	0.10032673	0.00514231	-0.05125561
19.51256097	0.10028170	0.00513934	-0.05124904
19.51506097	0.10023668	0.00513638	-0.05124247
19.51756096	0.10019168	0.00513341	-0.05123591
19.52006096	0.10014670	0.00513045	-0.05122935
19.52256095	0.10010173	0.00512749	-0.05122279
19.52506095	0.10005677	0.00512453	-0.05121623
19.52756094	0.10001183	0.00512157	-0.05120967
19.53006094	0.09996691	0.00511862	-0.05120312
19.53256093	0.09992200	0.00511566	-0.05119656
19.53506093	0.09987711	0.00511271	-0.05119001
19.53756092	0.09983223	0.00510976	-0.05118346
19.54006092	0.09978737	0.00510681	-0.05117691
19.54256091	0.09974252	0.00510386	-0.05117037
19.54506091	0.09969769	0.00510091	-0.05116382
19.54756090	0.09965287	0.00509797	-0.05115728
19.55006090	0.09960807	0.00509503	-0.05115074
19.55256089	0.09956329	0.00509208	-0.05114420
19.55506089	0.09951852	0.00508914	-0.05113766
19.55756088	0.09947376	0.00508620	-0.05113112
19.56006088	0.09942902	0.00508327	-0.05112459
19.56256087	0.09938430	0.00508033	-0.05111805
19.56506087	0.09933959	0.00507740	-0.05111152
19.56756086	0.09929489	0.00507446	-0.05110499
19.57006086	0.09925021	0.00507153	-0.05109846
19.57256085	0.09920555	0.00506860	-0.05109193
19.57506085	0.09916090	0.00506568	-0.05108541
19.57756084	0.09911627	0.00506275	-0.05107889
19.58006084	0.09907165	0.00505982	-0.05107236
19.58256083	0.09902704	0.00505690	-0.05106584
19.58506083	0.09898246	0.00505398	-0.05105933
19.58756082	0.09893788	0.00505106	-0.05105281
19.59006082	0.09889333	0.00504814	-0.05104629
19.59256081	0.09884878	0.00504522	-0.05103978
19.59506081	0.09880426	0.00504230	-0.05103327
19.59756080	0.09875975	0.00503939	-0.05102676
19.60006080	0.09871525	0.00503648	-0.05102025
19.60256079	0.09867077	0.00503357	-0.05101374
19.60506079	0.09862630	0.00503066	-0.05100724
19.60756078	0.09858185	0.00502775	-0.05100073
19.61006078	0.09853742	0.00502484	-0.05099423
19.61256077	0.09849300	0.00502193	-0.05098773
19.61506077	0.09844859	0.00501903	-0.05098123
19.61756076	0.09840420	0.00501613	-0.05097474
19.62006076	0.09835983	0.00501323	-0.05096824
19.62256075	0.09831547	0.00501033	-0.05096175
19.62506075	0.09827112	0.00500743	-0.05095526
19.62756074	0.09822679	0.00500453	-0.05094877
19.63006074	0.09818248	0.00500164	-0.05094228
19.63256073	0.09813818	0.00499875	-0.05093579
19.63506073	0.09809390	0.00499585	-0.05092931
19.63756072	0.09804963	0.00499296	-0.05092282
19.64006072	0.09800538	0.00499008	-0.05091634
19.64256071	0.09796114	0.00498719	-0.05090986
19.64506071	0.09791692	0.00498430	-0.05090338
19.64756070	0.09787271	0.00498142	-0.05089690
19.65006070	0.09782852	0.00497854	-0.05089043
19.65256069	0.09778434	0.00497565	-0.05088395
19.65506069	0.09774018	0.00497277	-0.05087748
19.65756068	0.09769603	0.00496990	-0.05087101
19.66006068	0.09765190	0.00496702	-0.05086454
19.66256067	0.09760779	0.00496414	-0.05085808
19.66506067	0.09756368	0.00496127	-0.05085161
19.66756066	0.09751960	0.00495840	-0.05084515
19.67006066	0.09747553	0.00495553	-0.05083868
19.67256065	0.09743147	0.00495266	-0.05083222
19.67506065	0.09738743	0.00494979	-0.05082576
19.67756064	0.09734341	0.00494692	-0.05081931
19.68006064	0.09729940	0.00494406	-0.05081285
19.68256063	0.09725540	0.00494120	-0.05080640
19.68506063	0.09721142	0.00493834	-0.05079995
19.68756062	0.09716746	0.00493547	-0.05079349
19.69006062	0.09712351	0.00493262	-0.05078705
19.69256061	0.09707958	0.00492976	-0.05078060
19.69506061	0.09703566	0.00492690	-0.05077415
19.69756060	0.09699176	0.00492405	-0.05076771
19.70006060	0.09694787	0.00492120	-0.05076127
19.70256059	0.09690400	0.00491835	-0.05075482
19.70506059	0.09686014	0.00491550	-0.05074838
19.70756058	0.09681629	0.00491265	-0.05074195
19.71006058	0.09677247	0.00490980	-0.05073551
19.71256057	0.09672865	0.00490696	-0.05072908
19.71506057	0.09668486	0.00490411	-0.05072264
19.71756056	0.09664108	0.00490127	-0.05071621
19.72006056	0.09659731	0.00489843	-0.05070978
19.72256055	0.09655356	0.00489559	-0.05070336
19.72506055	0.09650982	0.00489275	-0.05069693
19.72756054	0.09646610	0.00488992	-0.05069050
19.73006054	0.09642239	0.00488708	-0.05068408
19.73256053	0.09637870	0.00488425	-0.05067766
19.73506053	0.09633503	0.00488142	-0.05067124
19.73756052	0.09629137	0.00487858	-0.05066482
19.74006052	0.09624772	0.00487576	-0.05065841
19.74256051	0.09620409	0.00487293	-0.05065199
19.74506051	0.09616047	0.00487010	-0.05064558
19.74756050	0.09611687	0.00486728	-0.05063917
19.75006050	0.09607329	0.00486446	-0.05063276
19.75256049	0.09602972	0.00486163	-0.05062635
19.75506049	0.09598617	0.00485881	-0.05061994
19.75756048	0.09594263	0.00485600	-0.05061354
19.76006048	0.09589910	0.00485318	-0.05060713
19.76256047	0.09585559	0.00485036	-0.05060073
19.76506047	0.09581210	0.00484755	-0.05059433
19.76756046	0.09576862	0.00484474	-0.05058793
19.77006046	0.09572516	0.00484193	-0.05058153
19.77256045	0.09568171	0.00483912	-0.05057514
19.77506045	0.09563827	0.00483631	-0.05056875
19.77756044	0.09559485	0.00483350	-0.05056235
19.78006044	0.09555145	0.00483070	-0.05055596
19.78256043	0.09550806	0.00482789	-0.05054957
19.78506043	0.09546469	0.00482509	-0.05054319
19.78756042	0.09542133	0.00482229	-0.05053680
19.79006042	0.09537799	0.00481949	-0.05053042
19.79256041	0.09533466	0.00481669	-0.05052403
19.79506041	0.09529135	0.00481390	-0.05051765
19.79756040	0.09524805	0.00481110	-0.05051127
19.80006040	0.09520477	0.00480831	-0.05050490
19.80256039	0.09516150	0.00480552	-0.05049852
19.80506039	0.09511825	0.00480272	-0.05049215
19.80756038	0.09507501	0.00479994	-0.05048577
19.81006038	0.09503179	0.00479715	-0.05047940
19.81256037	0.09498859	0.00479436	-0.05047303
19.81506037	0.09494539	0.00479158	-0.05046666
19.81756036	0.09490222	0.00478879	-0.05046030
19.82006036	0.09485906	0.00478601	-0.05045393
19.82256035	0.09481591	0.00478323	-0.05044757
19.82506035	0.09477278	0.00478045	-0.05044121
19.82756034	0.09472966	0.00477768	-0.05043485
19.83006034	0.09468656	0.00477490	-0.05042849
19.83256033	0.09464348	0.00477213	-0.05042213
19.83506033	0.09460041	0.00476935	-0.05041578
19.83756032	0.09455735	0.00476658	-0.05040942
19.84006032	0.09451431	0.00476381	-0.05040307
19.84256031	0.09447128	0.00476104	-0.05039672
19.84506031	0.09442827	0.00475828	-0.05039037
19.84756030	0.09438528	0.00475551	-0.05038403
19.85006030	0.09434230	0.00475275	-0.05037768
19.85256029	0.09429933	0.00474998	-0.05037134
19.85506029	0.09425638	0.00474722	-0.05036499
19.85756028	0.09421345	0.00474446	-0.05035865
19.86006028	0.09417053	0.00474170	-0.05035231
19.86256027	0.09412762	0.00473895	-0.05034598
19.86506027	0.09408473	0.00473619	-0.05033964
19.86756026	0.09404186	0.00473344	-0.05033331
19.87006026	0.09399900	0.00473069	-0.05032697
19.87256025	0.09395615	0.00472793	-0.05032064
19.87506025	0.09391332	0.00472518	-0.05031431
19.87756024	0.09387051	0.00472244	-0.05030798
19.88006024	0.09382771	0.00471969	-0.05030166
19.88256023	0.09378493	0.00471694	-0.05029533
19.88506023	0.09374216	0.00471420	-0.05028901
19.88756022	0.09369940	0.00471146	-0.05028269
19.89006022	0.09365666	0.00470872	-0.05027637
19.89256021	0.09361394	0.00470598	-0.05027005
19.89506021	0.09357123	0.00470324	-0.05026373
19.89756020	0.09352854	0.00470050	-0.05025742
19.90006020	0.09348586	0.00469777	-0.05025110
19.90256019	0.09344319	0.00469503	-0.05024479
19.90506019	0.09340055	0.00469230	-0.05023848
19.90756018	0.09335791	0.00468957	-0.05023217
19.91006018	0.09331529	0.00468684	-0.05022587
19.91256017	0.09327269	0.00468411	-0.05021956
19.91506017	0.09323010	0.00468139	-0.05021326
19.91756016	0.09318753	0.00467866	-0.05020695
19.92006016	0.09314497	0.00467594	-0.05020065
19.92256015	0.09310243	0.00467322	-0.05019435
19.92506015	0.09305990	0.00467050	-0.05018805
19.92756014	0.09301738	0.00466778	-0.05018176
19.93006014	0.09297489	0.00466506	-0.05017546
19.93256013	0.09293240	0.00466234	-0.05016917
19.93506013	0.09288993	0.00465963	-0.05016288
19.93756012	0.09284748	0.00465691	-0.05015659
19.94006012	0.09280504	0.00465420	-0.05015030
19.94256011	0.09276262	0.00465149	-0.05014401
19.94506011	0.09272021	0.00464878	-0.05013773
19.94756010	0.09267782	0.00464607	-0.05013144
19.95006010	0.09263544	0.00464337	-0.05012516
19.95256009	0.09259308	0.00464066	-0.05011888
19.95506009	0.09255073	0.00463796	-0.05011260
19.95756008	0.09250840	0.00463526	-0.05010633
19.96006008	0.09246608	0.00463256	-0.05010005
19.96256007	0.09242377	0.00462986	-0.05009378
19.96506007	0.09238149	0.00462716	-0.05008750
19.96756006	0.09233921	0.00462446	-0.05008123
19.97006006	0.09229696	0.00462177	-0.05007496
19.97256005	0.09225471	0.00461907	-0.05006869
19.97506005	0.09221248	0.00461638	-0.05006243
19.97756004	0.09217027	0.00461369	-0.05005616
19.98006004	0.09212807	0.00461100	-0.05004990
19.98256003	0.09208589	0.00460831	-0.05004364
19.98506003	0.09204372	0.00460563	-0.05003738
19.98756002	0.09200157	0.00460294	-0.05003112
19.99006002	0.09195943	0.00460026	-0.05002486
19.99256001	0.09191731	0.00459758	-0.05001861
19.99506001	0.09187520	0.00459489	-0.05001235
19.99756000	0.09183311	0.00459222	-0.05000610
20.00006000	0.09179103	0.00458954	-0.04999985
20.00255999	0.09174896	0.00458686	-0.04999360
20.00505999	0.09170692	0.00458419	-0.04998735
20.00755998	0.09166488	0.00458151	-0.04998111
20.01005998	0.09162286	0.00457884	-0.04997486
20.01255997	0.09158086	0.00457617	-0.04996862
20.01505997	0.09153887	0.00457350	-0.04996238
20.01755996	0.09149690	0.00457083	-0.04995614
20.02005996	0.09145494	0.00456817	-0.04994990
20.02255995	0.09141300	0.00456550	-0.04994366
20.02505995	0.09137107	0.00456284	-0.04993743
20.02755994	0.09132916	0.00456017	-0.04993119
20.03005994	0.09128726	0.00455751	-0.04992496
20.03255993	0.09124537	0.00455485	-0.04991873
20.03505993	0.09120351	0.00455220	-0.04991250
20.03755992	0.09116165	0.00454954	-0.04990628
20.04005992	0.09111981	0.00454688	-0.04990005
20.04255991	0.09107799	0.00454423	-0.04989383
20.04505991	0.09103618	0.00454158	-0.04988760
20.04755990	0.09099439	0.00453893	-0.04988138
20.05005990	0.09095261	0.00453628	-0.04987516
20.05255989	0.09091084	0.00453363	-0.04986894
20.05505989	0.09086909	0.00453098	-0.04986273
20.05755988	0.09082736	0.00452834	-0.04985651
20.06005988	0.09078564	0.00452569	-0.04985030
20.06255987	0.09074394	0.00452305	-0.04984409
20.06505987	0.09070225	0.00452041	-0.04983788
20.06755986	0.09066057	0.00451777	-0.04983167
20.07005986	0.09061891	0.00451513	-0.04982546
20.07255985	0.09057727	0.00451249	-0.04981926
20.07505985	0.09053564	0.00450986	-0.04981305
20.07755984	0.09049402	0.00450722	-0.04980685
20.08005984	0.09045242	0.00450459	-0.04980065
20.08255983	0.09041084	0.00450196	-0.04979445
20.08505983	0.09036927	0.00449933	-0.04978825
20.08755982	0.09032771	0.00449670	-0.04978205
20.09005982	0.09028617	0.00449407	-0.04977586
20.09255981	0.09024465	0.00449145	-0.04976967
20.09505981	0.09020314	0.00448882	-0.04976347
20.09755980	0.09016164	0.00448620	-0.04975728
20.10005980	0.09012016	0.00448358	-0.04975110
20.10255979	0.09007870	0.00448096	-0.04974491
20.10505979	0.09003725	0.00447834	-0.04973872
20.10755978	0.08999581	0.00447572	-0.04973254
20.11005978	0.08995439	0.00447310	-0.04972636
20.11255977	0.08991298	0.00447049	-0.04972018
20.11505977	0.08987159	0.00446788	-0.04971400
20.11755976	0.08983022	0.00446526	-0.04970782
20.12005976	0.08978886	0.00446265	-0.04970164
20.12255975	0.08974751	0.00446004	-0.04969547
20.12505975	0.08970618	0.00445744	-0.04968929
20.12755974	0.08966486	0.00445483	-0.04968312
20.13005974	0.08962356	0.00445223	-0.04967695
20.13255973	0.08958227	0.00444962	-0.04967078
20.13505973	0.08954100	0.00444702	-0.04966462
20.13755972	0.08949974	0.00444442	-0.04965845
20.14005972	0.08945850	0.00444182	-0.04965229
20.14255971	0.08941727	0.00443922	-0.04964612
20.14505971	0.08937606	0.00443662	-0.04963996
20.14755970	0.08933486	0.00443403	-0.04963380
20.15005970	0.08929368	0.00443144	-0.04962764
20.15255969	0.08925251	0.00442884	-0.04962149
20.15505969	0.08921136	0.00442625	-0.04961533
20.15755968	0.08917022	0.00442366	-0.04960918
20.16005968	0.08912910	0.00442107	-0.04960303
20.16255967	0.08908799	0.00441849	-0.04959688
20.16505967	0.08904690	0.00441590	-0.04959073
20.16755966	0.08900582	0.00441332	-0.04958458
20.17005966	0.08896475	0.00441073	-0.04957844
20.17255965	0.08892370	0.00440815	-0.04957229
20.17505965	0.08888267	0.00440557	-0.04956615
20.17755964	0.08884165	0.00440299	-0.04956001
20.18005964	0.08880065	0.00440042	-0.04955387
20.18255963	0.08875966	0.00439784	-0.04954773
20.18505963	0.08871868	0.00439526	-0.04954159
20.18755962	0.08867772	0.00439269	-0.04953546
20.19005962	0.08863678	0.00439012	-0.04952932
20.19255961	0.08859585	0.00438755	-0.04952319
20.19505961	0.08855493	0.00438498	-0.04951706
20.19755960	0.08851403	0.00438241	-0.04951093
20.20005960	0.08847314	0.00437985	-0.04950480
20.20255959	0.08843227	0.00437728	-0.04949868
20.20505959	0.08839142	0.00437472	-0.04949255
20.20755958	0.08835058	0.00437215	-0.04948643
20.21005958	0.08830975	0.00436959	-0.04948031
20.21255957	0.08826894	0.00436703	-0.04947419
20.21505957	0.08822814	0.00436448	-0.04946807
20.21755956	0.08818736	0.00436192	-0.04946195
20.22005956	0.08814659	0.00435936	-0.04945584
20.22255955	0.08810584	0.00435681	-0.04944972
20.22505955	0.08806510	0.00435426	-0.04944361
20.22755954	0.08802438	0.00435171	-0.04943750
20.23005954	0.08798367	0.00434916	-0.04943139
20.23255953	0.08794298	0.00434661	-0.04942528
20.23505953	0.08790230	0.00434406	-0.04941918
20.23755952	0.08786163	0.00434151	-0.04941307
20.24005952	0.08782098	0.00433897	-0.04940697
20.24255951	0.08778035	0.00433643	-0.04940087
20.24505951	0.08773973	0.00433388	-0.04939477
20.24755950	0.08769913	0.00433134	-0.04938867
20.25005950	0.08765854	0.00432880	-0.04938257
20.25255949	0.08761796	0.00432627	-0.04937648
20.25505949	0.08757740	0.00432373	-0.04937038
20.25755948	0.08753685	0.00432119	-0.04936429
20.26005948	0.08749632	0.00431866	-0.04935820
20.26255947	0.08745581	0.00431613	-0.04935211
20.26505947	0.08741531	0.00431360	-0.04934602
20.26755946	0.08737482	0.00431107	-0.04933993
20.27005946	0.08733435	0.00430854	-0.04933385
20.27255945	0.08729389	0.00430601	-0.04932776
20.27505945	0.08725345	0.00430349	-0.04932168
20.27755944	0.08721302	0.00430096	-0.04931560
20.28005944	0.08717261	0.00429844	-0.04930952
20.28255943	0.08713221	0.00429592	-0.04930344
20.28505943	0.08709183	0.00429340	-0.04929737
20.28755942	0.08705146	0.00429088	-0.04929129
20.29005942	0.08701111	0.00428836	-0.04928522
20.29255941	0.08697077	0.00428585	-0.04927915
20.29505941	0.08693044	0.00428333	-0.04927308
20.29755940	0.08689013	0.00428082	-0.04926701
20.30005940	0.08684984	0.00427830	-0.04926094
20.30255939	0.08680956	0.00427579	-0.04925487
20.30505939	0.08676929	0.00427328	-0.04924881
20.30755938	0.08672904	0.00427078	-0.04924275
20.31005938	0.08668881	0.00426827	-0.04923669
20.31255937	0.08664859	0.00426576	-0.04923063
20.31505937	0.08660838	0.00426326	-0.04922457
20.31755936	0.08656819	0.00426076	-0.04921851
20.32005936	0.08652801	0.00425826	-0.04921245
20.32255935	0.08648785	0.00425576	-0.04920640
20.32505935	0.08644770	0.00425326	-0.04920035
20.32755934	0.08640757	0.00425076	-0.04919430
20.33005934	0.08636745	0.00424826	-0.04918825
20.33255933	0.08632735	0.00424577	-0.04918220
20.33505933	0.08628726	0.00424328	-0.04917615
20.33755932	0.08624719	0.00424078	-0.04917011
20.34005932	0.08620713	0.00423829	-0.04916407
20.34255931	0.08616708	0.00423580	-0.04915802
20.34505931	0.08612705	0.00423332	-0.04915198
20.34755930	0.08608704	0.00423083	-0.04914594
20.35005930	0.08604704	0.00422834	-0.04913991
20.35255929	0.08600705	0.00422586	-0.04913387
20.35505929	0.08596708	0.00422338	-0.04912784
20.35755928	0.08592712	0.00422090	-0.04912180
20.36005928	0.08588718	0.00421842	-0.04911577
20.36255927	0.08584726	0.00421594	-0.04910974
20.36505927	0.08580734	0.00421346	-0.04910371
20.36755926	0.08576745	0.00421098	-0.04909768
20.37005926	0.08572756	0.00420851	-0.04909166
20.37255925	0.08568770	0.00420603	-0.04908563
20.37505925	0.08564784	0.00420356	-0.04907961
20.37755924	0.08560800	0.00420109	-0.04907359
20.38005924	0.08556818	0.00419862	-0.04906757
20.38255923	0.08552837	0.00419615	-0.04906155
20.38505923	0.08548857	0.00419369	-0.04905554
20.38755922	0.08544879	0.00419122	-0.04904952
20.39005922	0.08540903	0.00418876	-0.04904351
20.39255921	0.08536928	0.00418630	-0.04903749
20.39505921	0.08532954	0.00418383	-0.04903148
20.39755920	0.08528982	0.00418137	-0.04902547
20.40005920	0.08525011	0.00417891	-0.04901947
20.40255919	0.08521042	0.00417646	-0.04901346
20.40505919	0.08517074	0.00417400	-0.04900745
20.40755918	0.08513108	0.00417155	-0.04900145
20.41005918	0.08509143	0.00416909	-0.04899545
20.41255917	0.08505180	0.00416664	-0.04898945
20.41505917	0.08501218	0.00416419	-0.04898345
20.41755916	0.08497257	0.00416174	-0.04897745
20.42005916	0.08493298	0.00415929	-0.04897145
20.42255915	0.08489341	0.00415684	-0.04896546
20.42505915	0.08485385	0.00415440	-0.04895947
20.42755914	0.08481430	0.00415195	-0.04895347
20.43005914	0.08477477	0.00414951	-0.04894748
20.43255913	0.08473525	0.00414707	-0.04894150
20.43505913	0.08469575	0.00414463	-0.04893551
20.43755912	0.08465627	0.00414219	-0.04892952
20.44005912	0.08461679	0.00413975	-0.04892354
20.44255911	0.08457733	0.00413732	-0.04891755
20.44505911	0.08453789	0.00413488	-0.04891157
20.44755910	0.08449846	0.00413245	-0.04890559
20.45005910	0.08445905	0.00413001	-0.04889961
20.45255909	0.08441965	0.00412758	-0.04889364
20.45505909	0.08438026	0.00412515	-0.04888766
20.45755908	0.08434089	0.00412273	-0.04888169
20.46005908	0.08430153	0.00412030	-0.04887571
20.46255907	0.08426219	0.00411787	-0.04886974
20.46505907	0.08422287	0.00411545	-0.04886377
20.46755906	0.08418355	0.00411302	-0.04885780
20.47005906	0.08414426	0.00411060	-0.04885184
20.47255905	0.08410497	0.00410818	-0.04884587
20.47505905	0.08406570	0.00410576	-0.04883991
20.47755904	0.08402645	0.00410334	-0.04883395
20.48005904	0.08398721	0.00410093	-0.04882798
20.48255903	0.08394799	0.00409851	-0.04882202
20.48505903	0.08390878	0.00409610	-0.04881607
20.48755902	0.08386958	0.00409368	-0.04881011
20.49005902	0.08383040	0.00409127	-0.04880415
20.49255901	0.08379123	0.00408886	-0.04879820
20.49505901	0.08375208	0.00408645	-0.04879225
20.49755900	0.08371294	0.00408404	-0.04878630
20.50005900	0.08367382	0.00408164	-0.04878035
20.50255899	0.08363471	0.00407923	-0.04877440
20.50505899	0.08359562	0.00407683	-0.04876845
20.50755898	0.08355654	0.00407443	-0.04876251
20.51005898	0.08351747	0.00407203	-0.04875656
20.51255897	0.08347842	0.00406963	-0.04875062
20.51505897	0.08343939	0.00406723	-0.04874468
20.51755896	0.08340037	0.00406483	-0.04873874
20.52005896	0.08336136	0.00406243	-0.04873280
20.52255895	0.08332237	0.00406004	-0.04872687
20.52505895	0.08328339	0.00405764	-0.04872093
20.52755894	0.08324443	0.00405525	-0.04871500
20.53005894	0.08320548	0.00405286	-0.04870907
20.53255893	0.08316655	0.00405047	-0.04870314
20.53505893	0.08312763	0.00404808	-0.04869721
20.53755892	0.08308872	0.00404570	-0.04869128
20.54005892	0.08304983	0.00404331	-0.04868535
20.54255891	0.08301096	0.00404093	-0.04867943
20.54505891	0.08297209	0.00403854	-0.04867350
20.54755890	0.08293325	0.00403616	-0.04866758
20.55005890	0.08289442	0.00403378	-0.04866166
20.55255889	0.08285560	0.00403140	-0.04865574
20.55505889	0.08281679	0.00402902	-0.04864982
20.55755888	0.08277801	0.00402665	-0.04864391
20.56005888	0.08273923	0.00402427	-0.04863799
20.56255887	0.08270047	0.00402190	-0.04863208
20.56505887	0.08266173	0.00401952	-0.04862617
20.56755886	0.08262299	0.00401715	-0.04862026
20.57005886	0.08258428	0.00401478	-0.04861435
20.57255885	0.08254558	0.00401241	-0.04860844
20.57505885	0.08250689	0.00401004	-0.04860253
20.57755884	0.08246822	0.00400768	-0.04859663
20.58005884	0.08242956	0.00400531	-0.04859073
20.58255883	0.08239091	0.00400295	-0.04858482
20.58505883	0.08235228	0.00400059	-0.04857892
20.58755882	0.08231367	0.00399822	-0.04857302
20.59005882	0.08227507	0.00399586	-0.04856713
20.59255881	0.08223648	0.00399350	-0.04856123
20.59505881	0.08219791	0.00399115	-0.04855534
20.59755880	0.08215935	0.00398879	-0.04854944
20.60005880	0.08212081	0.00398644	-0.04854355
20.60255879	0.08208228	0.00398408	-0.04853766
20.60505879	0.08204377	0.00398173	-0.04853177
20.60755878	0.08200527	0.00397938	-0.04852588
20.61005878	0.08196678	0.00397703	-0.04852000
20.61255877	0.08192831	0.00397468	-0.04851411
20.61505877	0.08188986	0.00397233	-0.04850823
20.61755876	0.08185142	0.00396999	-0.04850235
20.62005876	0.08181299	0.00396764	-0.04849647
20.62255875	0.08177458	0.00396530	-0.04849059
20.62505875	0.08173618	0.00396295	-0.04848471
20.62755874	0.08169779	0.00396061	-0.04847883
20.63005874	0.08165943	0.00395827	-0.04847296
20.63255873	0.08162107	0.00395594	-0.04846709
20.63505873	0.08158273	0.00395360	-0.04846121
20.63755872	0.08154440	0.00395126	-0.04845534
20.64005872	0.08150609	0.00394893	-0.04844947
20.64255871	0.08146779	0.00394659	-0.04844361
20.64505871	0.08142951	0.00394426	-0.04843774
20.64755870	0.08139124	0.00394193	-0.04843188
20.65005870	0.08135299	0.00393960	-0.04842601
20.65255869	0.08131475	0.00393727	-0.04842015
20.65505869	0.08127652	0.00393495	-0.04841429
20.65755868	0.08123831	0.00393262	-0.04840843
20.66005868	0.08120012	0.00393029	-0.04840257
20.66255867	0.08116193	0.00392797	-0.04839672
20.66505867	0.08112377	0.00392565	-0.04839086
20.66755866	0.08108561	0.00392333	-0.04838501
20.67005866	0.08104747	0.00392101	-0.04837916
20.67255865	0.08100935	0.00391869	-0.04837331
20.67505865	0.08097124	0.00391637	-0.04836746
20.67755864	0.08093314	0.00391406	-0.04836161
20.68005864	0.08089506	0.00391174	-0.04835576
20.68255863	0.08085700	0.00390943	-0.04834992
20.68505863	0.08081894	0.00390712	-0.04834407
20.68755862	0.08078090	0.00390481	-0.04833823
20.69005862	0.08074288	0.00390250	-0.04833239
20.69255861	0.08070487	0.00390019	-0.04832655
20.69505861	0.08066688	0.00389788	-0.04832071
20.69755860	0.08062890	0.00389558	-0.04831488
20.70005860	0.08059093	0.00389327	-0.04830904
20.70255859	0.08055298	0.00389097	-0.04830321
20.70505859	0.08051504	0.00388867	-0.04829738
20.70755858	0.08047712	0.00388636	-0.04829155
20.71005858	0.08043921	0.00388406	-0.04828572
20.71255857	0.08040131	0.00388177	-0.04827989
20.71505857	0.08036343	0.00387947	-0.04827406
20.71755856	0.08032557	0.00387717	-0.04826824
20.72005856	0.08028771	0.00387488	-0.04826241
20.72255855	0.08024988	0.00387259	-0.04825659
20.72505855	0.08021205	0.00387029	-0.04825077
20.72755854	0.08017424	0.00386800	-0.04824495
20.73005854	0.08013645	0.00386571	-0.04823913
20.73255853	0.08009867	0.00386342	-0.04823331
20.73505853	0.08006090	0.00386114	-0.04822750
20.73755852	0.08002315	0.00385885	-0.04822168
20.74005852	0.07998542	0.00385657	-0.04821587
20.74255851	0.07994769	0.00385428	-0.04821006
20.74505851	0.07990998	0.00385200	-0.04820425
20.74755850	0.07987229	0.00384972	-0.04819844
20.75005850	0.07983461	0.00384744	-0.04819264
20.75255849	0.07979694	0.00384516	-0.04818683
20.75505849	0.07975929	0.00384288	-0.04818103
20.75755848	0.07972166	0.00384061	-0.04817522
20.76005848	0.07968403	0.00383833	-0.04816942
20.76255847	0.07964642	0.00383606	-0.04816362
20.76505847	0.07960883	0.00383379	-0.04815782
20.76755846	0.07957125	0.00383152	-0.04815203
20.77005846	0.07953368	0.00382925	-0.04814623
20.77255845	0.07949613	0.00382698	-0.04814043
20.77505845	0.07945860	0.00382471	-0.04813464
20.77755844	0.07942107	0.00382244	-0.04812885
20.78005844	0.07938356	0.00382018	-0.04812306
20.78255843	0.07934607	0.00381792	-0.04811727
20.78505843	0.07930859	0.00381565	-0.04811148
20.78755842	0.07927113	0.00381339	-0.04810570
20.79005842	0.07923367	0.00381113	-0.04809991
20.79255841	0.07919624	0.00380887	-0.04809413
20.79505841	0.07915881	0.00380662	-0.04808835
20.79755840	0.07912140	0.00380436	-0.04808257
20.80005840	0.07908401	0.00380211	-0.04807679
20.80255839	0.07904663	0.00379985	-0.04807101
20.80505839	0.07900926	0.00379760	-0.04806523
20.80755838	0.07897191	0.00379535	-0.04805946
20.81005838	0.07893458	0.00379310	-0.04805369
20.81255837	0.07889725	0.00379085	-0.04804791
20.81505837	0.07885994	0.00378860	-0.04804214
20.81755836	0.07882265	0.00378635	-0.04803637
20.82005836	0.07878537	0.00378411	-0.04803061
20.82255835	0.07874810	0.00378186	-0.04802484
20.82505835	0.07871085	0.00377962	-0.04801907
20.82755834	0.07867361	0.00377738	-0.04801331
20.83005834	0.07863639	0.00377514	-0.04800755
20.83255833	0.07859918	0.00377290	-0.04800179
20.83505833	0.07856198	0.00377066	-0.04799603
20.83755832	0.07852480	0.00376843	-0.04799027
20.84005832	0.07848764	0.00376619	-0.04798451
20.84255831	0.07845048	0.00376396	-0.04797876
20.84505831	0.07841334	0.00376172	-0.04797300
20.84755830	0.07837622	0.00375949	-0.04796725
20.85005830	0.07833911	0.00375726	-0.04796150
20.85255829	0.07830201	0.00375503	-0.04795575
20.85505829	0.07826493	0.00375280	-0.04795000
20.85755828	0.07822787	0.00375058	-0.04794425
20.86005828	0.07819081	0.00374835	-0.04793850
20.86255827	0.07815377	0.00374613	-0.04793276
20.86505827	0.07811675	0.00374390	-0.04792702
20.86755826	0.07807974	0.00374168	-0.04792128
20.87005826	0.07804274	0.00373946	-0.04791553
20.87255825	0.07800576	0.00373724	-0.04790980
20.87505825	0.07796879	0.00373502	-0.04790406
20.87755824	0.07793184	0.00373280	-0.04789832
20.88005824	0.07789490	0.00373059	-0.04789259
20.88255823	0.07785797	0.00372837	-0.04788685
20.88505823	0.07782106	0.00372616	-0.04788112
20.88755822	0.07778416	0.00372395	-0.04787539
20.89005822	0.07774728	0.00372174	-0.04786966
20.89255821	0.07771041	0.00371953	-0.04786393
20.89505821	0.07767356	0.00371732	-0.04785821
20.89755820	0.07763671	0.00371511	-0.04785248
20.90005820	0.07759989	0.00371290	-0.04784676
20.90255819	0.07756308	0.00371070	-0.04784103
20.90505819	0.07752628	0.00370849	-0.04783531
20.90755818	0.07748949	0.00370629	-0.04782959
20.91005818	0.07745272	0.00370409	-0.04782387
20.91255817	0.07741597	0.00370189	-0.04781816
20.91505817	0.07737922	0.00369969	-0.04781244
20.91755816	0.07734250	0.00369749	-0.04780673
20.92005816	0.07730578	0.00369529	-0.04780101
20.92255815	0.07726908	0.00369310	-0.04779530
20.92505815	0.07723240	0.00369090	-0.04778959
20.92755814	0.07719573	0.00368871	-0.04778388
20.93005814	0.07715907	0.00368652	-0.04777818
20.93255813	0.07712243	0.00368433	-0.04777247
20.93505813	0.07708580	0.00368214	-0.04776676
20.93755812	0.07704918	0.00367995	-0.04776106
20.94005812	0.07701258	0.00367776	-0.04775536
20.94255811	0.07697600	0.00367558	-0.04774966
20.94505811	0.07693942	0.00367339	-0.04774396
20.94755810	0.07690287	0.00367121	-0.04773826
20.95005810	0.07686632	0.00366903	-0.04773256
20.95255809	0.07682979	0.00366685	-0.04772687
20.95505809	0.07679327	0.00366467	-0.04772118
20.95755808	0.07675677	0.00366249	-0.04771548
20.96005808	0.07672028	0.00366031	-0.04770979
20.96255807	0.07668381	0.00365813	-0.04770410
20.96505807	0.07664735	0.00365596	-0.04769841
20.96755806	0.07661090	0.00365378	-0.04769273
20.97005806	0.07657447	0.00365161	-0.04768704
20.97255805	0.07653805	0.00364944	-0.04768136
20.97505805	0.07650165	0.00364727	-0.04767567
20.97755804	0.07646526	0.00364510	-0.04766999
20.98005804	0.07642889	0.00364293	-0.04766431
20.98255803	0.07639252	0.00364076	-0.04765863
20.98505803	0.07635618	0.00363860	-0.04765295
20.98755802	0.07631984	0.00363643	-0.04764728
20.99005802	0.07628352	0.00363427	-0.04764160
20.99255801	0.07624722	0.00363211	-0.04763593
20.99505801	0.07621093	0.00362995	-0.04763026
20.99755800	0.07617465	0.00362779	-0.04762459
21.00005800	0.07613839	0.00362563	-0.04761892
21.00255799	0.07610214	0.00362347	-0.04761325
21.00505799	0.07606590	0.00362131	-0.04760758
21.00755798	0.07602968	0.00361916	-0.04760192
21.01005798	0.07599347	0.00361700	-0.04759625
21.01255797	0.07595728	0.00361485	-0.04759059
21.01505797	0.07592110	0.00361270	-0.04758493
21.01755796	0.07588494	0.00361055	-0.04757927
21.02005796	0.07584879	0.00360840	-0.04757361
21.02255795	0.07581265	0.00360625	-0.04756795
21.02505795	0.07577653	0.00360411	-0.04756229
21.02755794	0.07574042	0.00360196	-0.04755664
21.03005794	0.07570432	0.00359982	-0.04755099
21.03255793	0.07566824	0.00359767	-0.04754533
21.03505793	0.07563217	0.00359553	-0.04753968
21.03755792	0.07559612	0.00359339	-0.04753403
21.04005792	0.07556008	0.00359125	-0.04752839
21.04255791	0.07552406	0.00358911	-0.04752274
21.04505791	0.07548805	0.00358697	-0.04751709
21.04755790	0.07545205	0.00358484	-0.04751145
21.05005790	0.07541606	0.00358270	-0.04750581
21.05255789	0.07538010	0.00358057	-0.04750017
21.05505789	0.07534414	0.00357843	-0.04749453
21.05755788	0.07530820	0.00357630	-0.04748889
21.06005788	0.07527227	0.00357417	-0.04748325
21.06255787	0.07523636	0.00357204	-0.04747761
21.06505787	0.07520046	0.00356991	-0.04747198
21.06755786	0.07516457	0.00356779	-0.04746635
21.07005786	0.07512870	0.00356566	-0.04746071
21.07255785	0.07509284	0.00356354	-0.04745508
21.07505785	0.07505700	0.00356141	-0.04744945
21.07755784	0.07502117	0.00355929	-0.04744383
21.08005784	0.07498536	0.00355717	-0.04743820
21.08255783	0.07494955	0.00355505	-0.04743257
21.08505783	0.07491377	0.00355293	-0.04742695
21.08755782	0.07487799	0.00355081	-0.04742133
21.09005782	0.07484223	0.00354870	-0.04741571
21.09255781	0.07480649	0.00354658	-0.04741009
21.09505781	0.07477075	0.00354447	-0.04740447
21.09755780	0.07473503	0.00354235	-0.04739885
21.10005780	0.07469933	0.00354024	-0.04739324
21.10255779	0.07466364	0.00353813	-0.04738762
21.10505779	0.07462796	0.00353602	-0.04738201
21.10755778	0.07459230	0.00353391	-0.04737640
21.11005778	0.07455665	0.00353181	-0.04737078
21.11255777	0.07452102	0.00352970	-0.04736518
21.11505777	0.07448540	0.00352760	-0.04735957
21.11755776	0.07444979	0.00352549	-0.04735396
21.12005776	0.07441420	0.00352339	-0.04734836
21.12255775	0.07437862	0.00352129	-0.04734275
21.12505775	0.07434305	0.00351919	-0.04733715
21.12755774	0.07430750	0.00351709	-0.04733155
21.13005774	0.07427196	0.00351499	-0.04732595
21.13255773	0.07423644	0.00351289	-0.04732035
21.13505773	0.07420093	0.00351080	-0.04731475
21.13755772	0.07416543	0.00350870	-0.04730916
21.14005772	0.07412995	0.00350661	-0.04730356
21.14255771	0.07409448	0.00350452	-0.04729797
21.14505771	0.07405903	0.00350243	-0.04729238
21.14755770	0.07402359	0.00350034	-0.04728678
21.15005770	0.07398816	0.00349825	-0.04728119
21.15255769	0.07395275	0.00349616	-0.04727561
21.15505769	0.07391735	0.00349407	-0.04727002
21.15755768	0.07388196	0.00349199	-0.04726443
21.16005768	0.07384659	0.00348991	-0.04725885
21.16255767	0.07381124	0.00348782	-0.04725327
21.16505767	0.07377589	0.00348574	-0.04724769
21.16755766	0.07374056	0.00348366	-0.04724211
21.17005766	0.07370525	0.00348158	-0.04723653
21.17255765	0.07366995	0.00347950	-0.04723095
21.17505765	0.07363466	0.00347742	-0.04722537
21.17755764	0.07359938	0.00347535	-0.04721980
21.18005764	0.07356412	0.00347327	-0.04721422
21.18255763	0.07352888	0.00347120	-0.04720865
21.18505763	0.07349364	0.00346913	-0.04720308
21.18755762	0.07345842	0.00346705	-0.04719751
21.19005762	0.07342322	0.00346498	-0.04719194
21.19255761	0.07338803	0.00346292	-0.04718638
21.19505761	0.07335285	0.00346085	-0.04718081
21.19755760	0.07331768	0.00345878	-0.04717525
21.20005760	0.07328253	0.00345671	-0.04716968
21.20255759	0.07324740	0.00345465	-0.04716412
21.20505759	0.07321228	0.00345259	-0.04715856
21.20755758	0.07317717	0.00345052	-0.04715300
21.21005758	0.07314207	0.00344846	-0.04714744
21.21255757	0.07310699	0.00344640	-0.04714189
21.21505757	0.07307192	0.00344434	-0.04713633
21.21755756	0.07303687	0.00344228	-0.04713078
21.22005756	0.07300183	0.00344023	-0.04712523
21.22255755	0.07296680	0.00343817	-0.04711967
21.22505755	0.07293179	0.00343612	-0.04711412
21.22755754	0.07289679	0.00343406	-0.04710858
21.23005754	0.07286181	0.00343201	-0.04710303
21.23255753	0.07282684	0.00342996	-0.04709748
21.23505753	0.07279188	0.00342791	-0.04709194
21.23755752	0.07275694	0.00342586	-0.04708639
21.24005752	0.07272201	0.00342381	-0.04708085
21.24255751	0.07268709	0.00342177	-0.04707531
21.24505751	0.07265219	0.00341972	-0.04706977
21.24755750	0.07261730	0.00341768	-0.04706423
21.25005750	0.07258243	0.00341563	-0.04705870
21.25255749	0.07254757	0.00341359	-0.04705316
21.25505749	0.07251272	0.00341155	-0.04704763
21.25755748	0.07247788	0.00340951	-0.04704209
21.26005748	0.07244306	0.00340747	-0.04703656
21.26255747	0.07240826	0.00340544	-0.04703103
21.26505747	0.07237347	0.00340340	-0.04702550
21.26755746	0.07233869	0.00340136	-0.04701997
21.27005746	0.07230392	0.00339933	-0.04701445
21.27255745	0.07226917	0.00339730	-0.04700892
21.27505745	0.07223443	0.00339526	-0.04700340
21.27755744	0.07219971	0.00339323	-0.04699788
21.28005744	0.07216500	0.00339120	-0.04699235
21.28255743	0.07213030	0.00338917	-0.04698683
21.28505743	0.07209562	0.00338715	-0.04698132
21.28755742	0.07206095	0.00338512	-0.04697580
21.29005742	0.07202630	0.00338310	-0.04697028
21.29255741	0.07199165	0.00338107	-0.04696477
21.29505741	0.07195703	0.00337905	-0.04695925
21.29755740	0.07192241	0.00337703	-0.04695374
21.30005740	0.07188781	0.00337501	-0.04694823
21.30255739	0.07185323	0.00337299	-0.04694272
21.30505739	0.07181865	0.00337097	-0.04693721
21.30755738	0.07178409	0.00336895	-0.04693171
21.31005738	0.07174955	0.00336693	-0.04692620
21.31255737	0.07171501	0.00336492	-0.04692069
21.31505737	0.07168050	0.00336290	-0.04691519
21.31755736	0.07164599	0.00336089	-0.04690969
21.32005736	0.07161150	0.00335888	-0.04690419
21.32255735	0.07157702	0.00335687	-0.04689869
21.32505735	0.07154256	0.00335486	-0.04689319
21.32755734	0.07150811	0.00335285	-0.04688769
21.33005734	0.07147367	0.00335084	-0.04688220
21.33255733	0.07143925	0.00334884	-0.04687671
21.33505733	0.07140484	0.00334683	-0.04687121
21.33755732	0.07137044	0.00334483	-0.04686572
21.34005732	0.07133606	0.00334282	-0.04686023
21.34255731	0.07130169	0.00334082	-0.04685474
21.34505731	0.07126734	0.00333882	-0.04684925
21.34755730	0.07123300	0.00333682	-0.04684377
21.35005730	0.07119867	0.00333482	-0.04683828
21.35255729	0.07116435	0.00333283	-0.04683280
21.35505729	0.07113005	0.00333083	-0.04682732
21.35755728	0.07109577	0.00332883	-0.04682183
21.36005728	0.07106149	0.00332684	-0.04681635
21.36255727	0.07102723	0.00332485	-0.04681088
21.36505727	0.07099299	0.00332286	-0.04680540
21.36755726	0.07095876	0.00332086	-0.04679992
21.37005726	0.07092454	0.00331887	-0.04679445
21.37255725	0.07089033	0.00331689	-0.04678897
21.37505725	0.07085614	0.00331490	-0.04678350
21.37755724	0.07082196	0.00331291	-0.04677803
21.38005724	0.07078780	0.00331093	-0.04677256
21.38255723	0.07075365	0.00330894	-0.04676709
21.38505723	0.07071951	0.00330696	-0.04676162
21.38755722	0.07068539	0.00330498	-0.04675616
21.39005722	0.07065128	0.00330300	-0.04675069
21.39255721	0.07061718	0.00330102	-0.04674523
21.39505721	0.07058310	0.00329904	-0.04673977
21.39755720	0.07054903	0.00329706	-0.04673431
21.40005720	0.07051497	0.00329508	-0.04672885
21.40255719	0.07048093	0.00329311	-0.04672339
21.40505719	0.07044690	0.00329113	-0.04671793
21.40755718	0.07041288	0.00328916	-0.04671248
21.41005718	0.07037888	0.00328719	-0.04670702
21.41255717	0.07034489	0.00328522	-0.04670157
21.41505717	0.07031092	0.00328325	-0.04669612
21.41755716	0.07027696	0.00328128	-0.04669067
21.42005716	0.07024301	0.00327931	-0.04668522
21.42255715	0.07020908	0.00327734	-0.04667977
21.42505715	0.07017516	0.00327538	-0.04667432
21.42755714	0.07014125	0.00327341	-0.04666888
21.43005714	0.07010736	0.00327145	-0.04666343
21.43255713	0.07007348	0.00326949	-0.04665799
21.43505713	0.07003961	0.00326753	-0.04665255
21.43755712	0.07000576	0.00326557	-0.04664711
21.44005712	0.06997192	0.00326361	-0.04664167
21.44255711	0.06993809	0.00326165	-0.04663623
21.44505711	0.06990428	0.00325969	-0.04663079
21.44755710	0.06987048	0.00325774	-0.04662536
21.45005710	0.06983669	0.00325578	-0.04661992
21.45255709	0.06980292	0.00325383	-0.04661449
21.45505709	0.06976916	0.00325188	-0.04660906
21.45755708	0.06973542	0.00324992	-0.04660363
21.46005708	0.06970169	0.00324797	-0.04659820
21.46255707	0.06966797	0.00324602	-0.04659277
21.46505707	0.06963427	0.00324408	-0.04658734
21.46755706	0.06960057	0.00324213	-0.04658192
21.47005706	0.06956690	0.00324018	-0.04657649
21.47255705	0.06953323	0.00323824	-0.04657107
21.47505705	0.06949958	0.00323629	-0.04656565
21.47755704	0.06946595	0.00323435	-0.04656023
21.48005704	0.06943232	0.00323241	-0.04655481
21.48255703	0.06939871	0.00323047	-0.04654939
21.48505703	0.06936511	0.00322853	-0.04654398
21.48755702	0.06933153	0.00322659	-0.04653856
21.49005702	0.06929796	0.00322465	-0.04653315
21.49255701	0.06926440	0.00322272	-0.04652774
21.49505701	0.06923086	0.00322078	-0.04652232
21.49755700	0.06919733	0.00321885	-0.04651691
21.50005700	0.06916382	0.00321691	-0.04651150
21.50255699	0.06913031	0.00321498	-0.04650610
21.50505699	0.06909682	0.00321305	-0.04650069
21.50755698	0.06906335	0.00321112	-0.04649529
21.51005698	0.06902989	0.00320919	-0.04648988
21.51255697	0.06899644	0.00320726	-0.04648448
21.51505697	0.06896300	0.00320534	-0.04647908
21.51755696	0.06892958	0.00320341	-0.04647368
21.52005696	0.06889617	0.00320149	-0.04646828
21.52255695	0.06886277	0.00319956	-0.04646288
21.52505695	0.06882939	0.00319764	-0.04645748
21.52755694	0.06879602	0.00319572	-0.04645209
21.53005694	0.06876267	0.00319380	-0.04644670
21.53255693	0.06872933	0.00319188	-0.04644130
21.53505693	0.06869600	0.00318996	-0.04643591
21.53755692	0.06866268	0.00318804	-0.04643052
21.54005692	0.06862938	0.00318613	-0.04642513
21.54255691	0.06859609	0.00318421	-0.04641975
21.54505691	0.06856282	0.00318230	-0.04641436
21.54755690	0.06852956	0.00318039	-0.04640897
21.55005690	0.06849631	0.00317847	-0.04640359
21.55255689	0.06846307	0.00317656	-0.04639821
21.55505689	0.06842985	0.00317465	-0.04639283
21.55755688	0.06839664	0.00317275	-0.04638745
21.56005688	0.06836345	0.00317084	-0.04638207
21.56255687	0.06833027	0.00316893	-0.04637669
21.56505687	0.06829710	0.00316703	-0.04637131
21.56755686	0.06826395	0.00316512	-0.04636594
21.57005686	0.06823080	0.00316322	-0.04636056
21.57255685	0.06819768	0.00316132	-0.04635519
21.57505685	0.06816456	0.00315942	-0.04634982
21.57755684	0.06813146	0.00315752	-0.04634445
21.58005684	0.06809837	0.00315562	-0.04633908
21.58255683	0.06806530	0.00315372	-0.04633371
21.58505683	0.06803224	0.00315182	-0.04632835
21.58755682	0.06799919	0.00314993	-0.04632298
21.59005682	0.06796615	0.00314803	-0.04631762
21.59255681	0.06793313	0.00314614	-0.04631226
21.59505681	0.06790012	0.00314424	-0.04630689
21.59755680	0.06786713	0.00314235	-0.04630153
21.60005680	0.06783415	0.00314046	-0.04629617
21.60255679	0.06780118	0.00313857	-0.04629082
21.60505679	0.06776823	0.00313668	-0.04628546
21.60755678	0.06773528	0.00313480	-0.04628011
21.61005678	0.06770236	0.00313291	-0.04627475
21.61255677	0.06766944	0.00313102	-0.04626940
21.61505677	0.06763654	0.00312914	-0.04626405
21.61755676	0.06760365	0.00312726	-0.04625870
21.62005676	0.06757078	0.00312537	-0.04625335
21.62255675	0.06753791	0.00312349	-0.04624800
21.62505675	0.06750506	0.00312161	-0.04624265
21.62755674	0.06747223	0.00311973	-0.04623731
21.63005674	0.06743941	0.00311786	-0.04623196
21.63255673	0.06740660	0.00311598	-0.04622662
21.63505673	0.06737380	0.00311410	-0.04622128
21.63755672	0.06734102	0.00311223	-0.04621594
21.64005672	0.06730825	0.00311035	-0.04621060
21.64255671	0.06727550	0.00310848	-0.04620526
21.64505671	0.06724275	0.00310661	-0.04619993
21.64755670	0.06721002	0.00310474	-0.04619459
21.65005670	0.06717731	0.00310287	-0.04618926
21.65255669	0.06714461	0.00310100	-0.04618392
21.65505669	0.06711192	0.00309913	-0.04617859
21.65755668	0.06707924	0.00309727	-0.04617326
21.66005668	0.06704658	0.00309540	-0.04616793
21.66255667	0.06701393	0.00309354	-0.04616260
21.66505667	0.06698129	0.00309167	-0.04615728
21.66755666	0.06694867	0.00308981	-0.04615195
21.67005666	0.06691606	0.00308795	-0.04614663
21.67255665	0.06688346	0.00308609	-0.04614130
21.67505665	0.06685088	0.00308423	-0.04613598
21.67755664	0.06681831	0.00308237	-0.04613066
21.68005664	0.06678575	0.00308052	-0.04612534
21.68255663	0.06675320	0.00307866	-0.04612002
21.68505663	0.06672067	0.00307680	-0.04611471
21.68755662	0.06668816	0.00307495	-0.04610939
21.69005662	0.06665565	0.00307310	-0.04610408
21.69255661	0.06662316	0.00307125	-0.04609876
21.69505661	0.06659068	0.00306939	-0.04609345
21.69755660	0.06655822	0.00306754	-0.04608814
21.70005660	0.06652577	0.00306570	-0.04608283
21.70255659	0.06649333	0.00306385	-0.04607752
21.70505659	0.06646090	0.00306200	-0.04607221
21.70755658	0.06642849	0.00306016	-0.04606691
21.71005658	0.06639609	0.00305831	-0.04606160
21.71255657	0.06636370	0.00305647	-0.04605630
21.71505657	0.06633133	0.00305462	-0.04605100
21.71755656	0.06629897	0.00305278	-0.04604570
21.72005656	0.06626662	0.00305094	-0.04604040
21.72255655	0.06623429	0.00304910	-0.04603510
21.72505655	0.06620197	0.00304726	-0.04602980
21.72755654	0.06616966	0.00304543	-0.04602450
21.73005654	0.06613737	0.00304359	-0.04601921
21.73255653	0.06610509	0.00304175	-0.04601391
21.73505653	0.06607282	0.00303992	-0.04600862
21.73755652	0.06604057	0.00303809	-0.04600333
21.74005652	0.06600833	0.00303625	-0.04599804
21.74255651	0.06597610	0.00303442	-0.04599275
21.74505651	0.06594388	0.00303259	-0.04598746
21.74755650	0.06591168	0.00303076	-0.04598218
21.75005650	0.06587949	0.00302893	-0.04597689
21.75255649	0.06584732	0.00302711	-0.04597161
21.75505649	0.06581515	0.00302528	-0.04596633
21.75755648	0.06578300	0.00302346	-0.04596104
21.76005648	0.06575087	0.00302163	-0.04595576
21.76255647	0.06571874	0.00301981	-0.04595048
21.76505647	0.06568663	0.00301799	-0.04594521
21.76755646	0.06565454	0.00301616	-0.04593993
21.77005646	0.06562245	0.00301434	-0.04593465
21.77255645	0.06559038	0.00301253	-0.04592938
21.77505645	0.06555832	0.00301071	-0.04592411
21.77755644	0.06552628	0.00300889	-0.04591883
21.78005644	0.06549425	0.00300707	-0.04591356
21.78255643	0.06546223	0.00300526	-0.04590829
21.78505643	0.06543022	0.00300345	-0.04590303
21.78755642	0.06539823	0.00300163	-0.04589776
21.79005642	0.06536625	0.00299982	-0.04589249
21.79255641	0.06533428	0.00299801	-0.04588723
21.79505641	0.06530233	0.00299620	-0.04588196
21.79755640	0.06527039	0.00299439	-0.04587670
21.80005640	0.06523846	0.00299258	-0.04587144
21.80255639	0.06520655	0.00299078	-0.04586618
21.80505639	0.06517465	0.00298897	-0.04586092
21.80755638	0.06514276	0.00298716	-0.04585566
21.81005638	0.06511088	0.00298536	-0.04585041
21.81255637	0.06507902	0.00298356	-0.04584515
21.81505637	0.06504717	0.00298176	-0.04583990
21.81755636	0.06501534	0.00297995	-0.04583465
21.82005636	0.06498351	0.00297816	-0.04582940
21.82255635	0.06495170	0.00297636	-0.04582415
21.82505635	0.06491991	0.00297456	-0.04581890
21.82755634	0.06488812	0.00297276	-0.04581365
21.83005634	0.06485635	0.00297097	-0.04580840
21.83255633	0.06482459	0.00296917	-0.04580316
21.83505633	0.06479285	0.00296738	-0.04579791
21.83755632	0.06476112	0.00296558	-0.04579267
21.84005632	0.06472940	0.00296379	-0.04578743
21.84255631	0.06469769	0.00296200	-0.04578219
21.84505631	0.06466600	0.00296021	-0.04577695
21.84755630	0.06463432	0.00295842	-0.04577171
21.85005630	0.06460265	0.00295664	-0.04576647
21.85255629	0.06457100	0.00295485	-0.04576124
21.85505629	0.06453936	0.00295306	-0.04575600
21.85755628	0.06450773	0.00295128	-0.04575077
21.86005628	0.06447611	0.00294949	-0.04574554
21.86255627	0.06444451	0.00294771	-0.04574031
21.86505627	0.06441292	0.00294593	-0.04573508
21.86755626	0.06438134	0.00294415	-0.04572985
21.87005626	0.06434978	0.00294237	-0.04572462
21.87255625	0.06431823	0.00294059	-0.04571939
21.87505625	0.06428669	0.00293881	-0.04571417
21.87755624	0.06425517	0.00293704	-0.04570894
21.88005624	0.06422366	0.00293526	-0.04570372
21.88255623	0.06419216	0.00293349	-0.04569850
21.88505623	0.06416067	0.00293171	-0.04569328
21.88755622	0.06412920	0.00292994	-0.04568806
21.89005622	0.06409774	0.00292817	-0.04568284
21.89255621	0.06406629	0.00292640	-0.04567763
21.89505621	0.06403486	0.00292463	-0.04567241
21.89755620	0.06400344	0.00292286	-0.04566720
21.90005620	0.06397203	0.00292109	-0.04566198
21.90255619	0.06394063	0.00291932	-0.04565677
21.90505619	0.06390925	0.00291756	-0.04565156
21.90755618	0.06387788	0.00291579	-0.04564635
21.91005618	0.06384653	0.00291403	-0.04564114
21.91255617	0.06381518	0.00291227	-0.04563594
21.91505617	0.06378385	0.00291050	-0.04563073
21.91755616	0.06375253	0.00290874	-0.04562552
21.92005616	0.06372123	0.00290698	-0.04562032
21.92255615	0.06368994	0.00290522	-0.04561512
21.92505615	0.06365866	0.00290347	-0.04560992
21.92755614	0.06362739	0.00290171	-0.04560472
21.93005614	0.06359614	0.00289995	-0.04559952
21.93255613	0.06356490	0.00289820	-0.04559432
21.93505613	0.06353367	0.00289644	-0.04558912
21.93755612	0.06350246	0.00289469	-0.04558393
21.94005612	0.06347125	0.00289294	-0.04557873
21.94255611	0.06344007	0.00289119	-0.04557354
21.94505611	0.06340889	0.00288944	-0.04556835
21.94755610	0.06337773	0.00288769	-0.04556316
21.95005610	0.06334658	0.00288594	-0.04555797
21.95255609	0.06331544	0.00288419	-0.04555278
21.95505609	0.06328431	0.00288245	-0.04554759
21.95755608	0.06325320	0.00288070	-0.04554241
21.96005608	0.06322210	0.00287896	-0.04553722
21.96255607	0.06319102	0.00287722	-0.04553204
21.96505607	0.06315994	0.00287547	-0.04552686
21.96755606	0.06312888	0.00287373	-0.04552168
21.97005606	0.06309783	0.00287199	-0.04551650
21.97255605	0.06306680	0.00287025	-0.04551132
21.97505605	0.06303578	0.00286851	-0.04550614
21.97755604	0.06300477	0.00286678	-0.04550096
21.98005604	0.06297377	0.00286504	-0.04549579
21.98255603	0.06294279	0.00286331	-0.04549062
21.98505603	0.06291182	0.00286157	-0.04548544
21.98755602	0.06288086	0.00285984	-0.04548027
21.99005602	0.06284991	0.00285811	-0.04547510
21.99255601	0.06281898	0.00285637	-0.04546993
21.99505601	0.06278806	0.00285464	-0.04546476
21.99755600	0.06275715	0.00285291	-0.04545960
22.00005600	0.06272626	0.00285119	-0.04545443
22.00255599	0.06269538	0.00284946	-0.04544927
22.00505599	0.06266451	0.00284773	-0.04544410
22.00755598	0.06263365	0.00284601	-0.04543894
22.01005598	0.06260281	0.00284428	-0.04543378
22.01255597	0.06257198	0.00284256	-0.04542862
22.01505597	0.06254116	0.00284084	-0.04542346
22.01755596	0.06251036	0.00283911	-0.04541830
22.02005596	0.06247957	0.00283739	-0.04541315
22.02255595	0.06244879	0.00283567	-0.04540799
22.02505595	0.06241802	0.00283396	-0.04540284
22.02755594	0.06238727	0.00283224	-0.04539768
22.03005594	0.06235652	0.00283052	-0.04539253
22.03255593	0.06232580	0.00282880	-0.04538738
22.03505593	0.06229508	0.00282709	-0.04538223
22.03755592	0.06226438	0.00282538	-0.04537708
22.04005592	0.06223369	0.00282366	-0.04537194
22.04255591	0.06220301	0.00282195	-0.04536679
22.04505591	0.06217235	0.00282024	-0.04536164
22.04755590	0.06214169	0.00281853	-0.04535650
22.05005590	0.06211105	0.00281682	-0.04535136
22.05255589	0.06208043	0.00281511	-0.04534622
22.05505589	0.06204981	0.00281341	-0.04534108
22.05755588	0.06201921	0.00281170	-0.04533594
22.06005588	0.06198862	0.00280999	-0.04533080
22.06255587	0.06195805	0.00280829	-0.04532566
22.06505587	0.06192749	0.00280659	-0.04532053
22.06755586	0.06189694	0.00280488	-0.04531539
22.07005586	0.06186640	0.00280318	-0.04531026
22.07255585	0.06183587	0.00280148	-0.04530513
22.07505585	0.06180536	0.00279978	-0.04530000
22.07755584	0.06177486	0.00279808	-0.04529487
22.08005584	0.06174437	0.00279639	-0.04528974
22.08255583	0.06171390	0.00279469	-0.04528461
22.08505583	0.06168344	0.00279299	-0.04527949
22.08755582	0.06165299	0.00279130	-0.04527436
22.09005582	0.06162255	0.00278961	-0.04526924
22.09255581	0.06159213	0.00278791	-0.04526412
22.09505581	0.06156172	0.00278622	-0.04525899
22.09755580	0.06153132	0.00278453	-0.04525387
22.10005580	0.06150094	0.00278284	-0.04524875
22.10255579	0.06147056	0.00278115	-0.04524364
22.10505579	0.06144020	0.00277946	-0.04523852
22.10755578	0.06140985	0.00277778	-0.04523340
22.11005578	0.06137952	0.00277609	-0.04522829
22.11255577	0.06134920	0.00277441	-0.04522318
22.11505577	0.06131889	0.00277272	-0.04521806
22.11755576	0.06128859	0.00277104	-0.04521295
22.12005576	0.06125831	0.00276936	-0.04520784
22.12255575	0.06122803	0.00276767	-0.04520273
22.12505575	0.06119777	0.00276599	-0.04519763
22.12755574	0.06116753	0.00276431	-0.04519252
22.13005574	0.06113729	0.00276264	-0.04518741
22.13255573	0.06110707	0.00276096	-0.04518231
22.13505573	0.06107686	0.00275928	-0.04517721
22.13755572	0.06104667	0.00275761	-0.04517211
22.14005572	0.06101648	0.00275593	-0.04516700
22.14255571	0.06098631	0.00275426	-0.04516191
22.14505571	0.06095615	0.00275259	-0.04515681
22.14755570	0.06092601	0.00275091	-0.04515171
22.15005570	0.06089587	0.00274924	-0.04514661
22.15255569	0.06086575	0.00274757	-0.04514152
22.15505569	0.06083565	0.00274590	-0.04513642
22.15755568	0.06080555	0.00274424	-0.04513133
22.16005568	0.06077547	0.00274257	-0.04512624
22.16255567	0.06074540	0.00274090	-0.04512115
22.16505567	0.06071534	0.00273924	-0.04511606
22.16755566	0.06068529	0.00273757	-0.04511097
22.17005566	0.06065526	0.00273591	-0.04510589
22.17255565	0.06062524	0.00273425	-0.04510080
22.17505565	0.06059523	0.00273259	-0.04509572
22.17755564	0.06056524	0.00273092	-0.04509063
22.18005564	0.06053525	0.00272927	-0.04508555
22.18255563	0.06050528	0.00272761	-0.04508047
22.18505563	0.06047533	0.00272595	-0.04507539
22.18755562	0.06044538	0.00272429	-0.04507031
22.19005562	0.06041545	0.00272264	-0.04506523
22.19255561	0.06038553	0.00272098	-0.04506016
22.19505561	0.06035562	0.00271933	-0.04505508
22.19755560	0.06032573	0.00271767	-0.04505001
22.20005560	0.06029584	0.00271602	-0.04504493
22.20255559	0.06026597	0.00271437	-0.04503986
22.20505559	0.06023612	0.00271272	-0.04503479
22.20755558	0.06020627	0.00271107	-0.04502972
22.21005558	0.06017644	0.00270942	-0.04502465
22.21255557	0.06014662	0.00270778	-0.04501958
22.21505557	0.06011681	0.00270613	-0.04501452
22.21755556	0.06008702	0.00270448	-0.04500945
22.22005556	0.06005723	0.00270284	-0.04500439
22.22255555	0.06002746	0.00270120	-0.04499933
22.22505555	0.05999771	0.00269955	-0.04499426
22.22755554	0.05996796	0.00269791	-0.04498920
22.23005554	0.05993823	0.00269627	-0.04498414
22.23255553	0.05990851	0.00269463	-0.04497908
22.23505553	0.05987880	0.00269299	-0.04497403
22.23755552	0.05984911	0.00269135	-0.04496897
22.24005552	0.05981942	0.00268972	-0.04496392
22.24255551	0.05978975	0.00268808	-0.04495886
22.24505551	0.05976010	0.00268644	-0.04495381
22.24755550	0.05973045	0.00268481	-0.04494876
22.25005550	0.05970082	0.00268318	-0.04494371
22.25255549	0.05967120	0.00268154	-0.04493866
22.25505549	0.05964159	0.00267991	-0.04493361
22.25755548	0.05961199	0.00267828	-0.04492856
22.26005548	0.05958241	0.00267665	-0.04492352
22.26255547	0.05955284	0.00267502	-0.04491847
22.26505547	0.05952328	0.00267339	-0.04491343
22.26755546	0.05949374	0.00267177	-0.04490839
22.27005546	0.05946420	0.00267014	-0.04490335
22.27255545	0.05943468	0.00266852	-0.04489831
22.27505545	0.05940517	0.00266689	-0.04489327
22.27755544	0.05937568	0.00266527	-0.04488823
22.28005544	0.05934619	0.00266365	-0.04488319
22.28255543	0.05931672	0.00266203	-0.04487816
22.28505543	0.05928726	0.00266040	-0.04487312
22.28755542	0.05925782	0.00265878	-0.04486809
22.29005542	0.05922838	0.00265717	-0.04486306
22.29255541	0.05919896	0.00265555	-0.04485802
22.29505541	0.05916955	0.00265393	-0.04485299
22.29755540	0.05914015	0.00265232	-0.04484797
22.30005540	0.05911077	0.00265070	-0.04484294
22.30255539	0.05908140	0.00264909	-0.04483791
22.30505539	0.05905204	0.00264747	-0.04483289
22.30755538	0.05902269	0.00264586	-0.04482786
22.31005538	0.05899335	0.00264425	-0.04482284
22.31255537	0.05896403	0.00264264	-0.04481782
22.31505537	0.05893472	0.00264103	-0.04481279
22.31755536	0.05890542	0.00263942	-0.04480778
22.32005536	0.05887614	0.00263781	-0.04480276
22.32255535	0.05884686	0.00263621	-0.04479774
22.32505535	0.05881760	0.00263460	-0.04479272
22.32755534	0.05878835	0.00263300	-0.04478771
22.33005534	0.05875912	0.00263139	-0.04478269
22.33255533	0.05872989	0.00262979	-0.04477768
22.33505533	0.05870068	0.00262819	-0.04477267
22.33755532	0.05867148	0.00262658	-0.04476766
22.34005532	0.05864229	0.00262498	-0.04476265
22.34255531	0.05861312	0.00262338	-0.04475764
22.34505531	0.05858396	0.00262179	-0.04475263
22.34755530	0.05855481	0.00262019	-0.04474762
22.35005530	0.05852567	0.00261859	-0.04474262
22.35255529	0.05849654	0.00261700	-0.04473761
22.35505529	0.05846743	0.00261540	-0.04473261
22.35755528	0.05843833	0.00261381	-0.04472761
22.36005528	0.05840924	0.00261221	-0.04472261
22.36255527	0.05838016	0.00261062	-0.04471761
22.36505527	0.05835110	0.00260903	-0.04471261
22.36755526	0.05832205	0.00260744	-0.04470761
22.37005526	0.05829301	0.00260585	-0.04470262
22.37255525	0.05826398	0.00260426	-0.04469762
22.37505525	0.05823496	0.00260267	-0.04469263
22.37755524	0.05820596	0.00260109	-0.04468763
22.38005524	0.05817697	0.00259950	-0.04468264
22.38255523	0.05814799	0.00259792	-0.04467765
22.38505523	0.05811903	0.00259633	-0.04467266
22.38755522	0.05809007	0.00259475	-0.04466767
22.39005522	0.05806113	0.00259317	-0.04466269
22.39255521	0.05803220	0.00259158	-0.04465770
22.39505521	0.05800329	0.00259000	-0.04465271
22.39755520	0.05797438	0.00258842	-0.04464773
22.40005520	0.05794549	0.00258685	-0.04464275
22.40255519	0.05791661	0.00258527	-0.04463777
22.40505519	0.05788774	0.00258369	-0.04463278
22.40755518	0.05785888	0.00258211	-0.04462780
22.41005518	0.05783004	0.00258054	-0.04462283
22.41255517	0.05780121	0.00257897	-0.04461785
22.41505517	0.05777239	0.00257739	-0.04461287
22.41755516	0.05774358	0.00257582	-0.04460790
22.42005516	0.05771479	0.00257425	-0.04460292
22.42255515	0.05768601	0.00257268	-0.04459795
22.42505515	0.05765724	0.00257111	-0.04459298
22.42755514	0.05762848	0.00256954	-0.04458801
22.43005514	0.05759973	0.00256797	-0.04458304
22.43255513	0.05757100	0.00256640	-0.04457807
22.43505513	0.05754228	0.00256484	-0.04457310
22.43755512	0.05751357	0.00256327	-0.04456814
22.44005512	0.05748487	0.00256171	-0.04456317
22.44255511	0.05745618	0.00256014	-0.04455821
22.44505511	0.05742751	0.00255858	-0.04455324
22.44755510	0.05739885	0.00255702	-0.04454828
22.45005510	0.05737020	0.00255546	-0.04454332
22.45255509	0.05734157	0.00255390	-0.04453836
22.45505509	0.05731294	0.00255234	-0.04453340
22.45755508	0.05728433	0.00255078	-0.04452844
22.46005508	0.05725573	0.00254922	-0.04452349
22.46255507	0.05722714	0.00254767	-0.04451853
22.46505507	0.05719857	0.00254611	-0.04451358
22.46755506	0.05717000	0.00254456	-0.04450863
22.47005506	0.05714145	0.00254300	-0.04450367
22.47255505	0.05711291	0.00254145	-0.04449872
22.47505505	0.05708439	0.00253990	-0.04449377
22.47755504	0.05705587	0.00253835	-0.04448882
22.48005504	0.05702737	0.00253680	-0.04448388
22.48255503	0.05699888	0.00253525	-0.04447893
22.48505503	0.05697040	0.00253370	-0.04447398
22.48755502	0.05694193	0.00253215	-0.04446904
22.49005502	0.05691348	0.00253061	-0.04446410
22.49255501	0.05688504	0.00252906	-0.04445916
22.49505501	0.05685661	0.00252752	-0.04445421
22.49755500	0.05682819	0.00252597	-0.04444927
22.50005500	0.05679978	0.00252443	-0.04444434
22.50255499	0.05677139	0.00252289	-0.04443940
22.50505499	0.05674301	0.00252135	-0.04443446
22.50755498	0.05671464	0.00251980	-0.04442953
22.51005498	0.05668628	0.00251826	-0.04442459
22.51255497	0.05665794	0.00251673	-0.04441966
22.51505497	0.05662960	0.00251519	-0.04441473
22.51755496	0.05660128	0.00251365	-0.04440980
22.52005496	0.05657297	0.00251212	-0.04440486
22.52255495	0.05654467	0.00251058	-0.04439994
22.52505495	0.05651639	0.00250905	-0.04439501
22.52755494	0.05648812	0.00250751	-0.04439008
22.53005494	0.05645986	0.00250598	-0.04438516
22.53255493	0.05643161	0.00250445	-0.04438023
22.53505493	0.05640337	0.00250292	-0.04437531
22.53755492	0.05637515	0.00250139	-0.04437039
22.54005492	0.05634693	0.00249986	-0.04436546
22.54255491	0.05631873	0.00249833	-0.04436054
22.54505491	0.05629054	0.00249680	-0.04435562
22.54755490	0.05626237	0.00249528	-0.04435071
22.55005490	0.05623420	0.00249375	-0.04434579
22.55255489	0.05620605	0.00249223	-0.04434087
22.55505489	0.05617791	0.00249070	-0.04433596
22.55755488	0.05614978	0.00248918	-0.04433105
22.56005488	0.05612166	0.00248766	-0.04432613
22.56255487	0.05609356	0.00248614	-0.04432122
22.56505487	0.05606547	0.00248461	-0.04431631
22.56755486	0.05603739	0.00248310	-0.04431140
22.57005486	0.05600932	0.00248158	-0.04430649
22.57255485	0.05598126	0.00248006	-0.04430159
22.57505485	0.05595322	0.00247854	-0.04429668
22.57755484	0.05592519	0.00247703	-0.04429178
22.58005484	0.05589717	0.00247551	-0.04428687
22.58255483	0.05586916	0.00247400	-0.04428197
22.58505483	0.05584116	0.00247248	-0.04427707
22.58755482	0.05581318	0.00247097	-0.04427217
22.59005482	0.05578520	0.00246946	-0.04426727
22.59255481	0.05575724	0.00246795	-0.04426237
22.59505481	0.05572929	0.00246644	-0.04425747
22.59755480	0.05570136	0.00246493	-0.04425258
22.60005480	0.05567343	0.00246342	-0.04424768
22.60255479	0.05564552	0.00246191	-0.04424279
22.60505479	0.05561762	0.00246041	-0.04423789
22.60755478	0.05558973	0.00245890	-0.04423300
22.61005478	0.05556185	0.00245740	-0.04422811
22.61255477	0.05553399	0.00245589	-0.04422322
22.61505477	0.05550614	0.00245439	-0.04421833
22.61755476	0.05547829	0.00245289	-0.04421344
22.62005476	0.05545047	0.00245139	-0.04420856
22.62255475	0.05542265	0.00244988	-0.04420367
22.62505475	0.05539484	0.00244838	-0.04419879
22.62755474	0.05536705	0.00244689	-0.04419390
22.63005474	0.05533927	0.00244539	-0.04418902
22.63255473	0.05531150	0.00244389	-0.04418414
22.63505473	0.05528374	0.00244239	-0.04417926
22.63755472	0.05525600	0.00244090	-0.04417438
22.64005472	0.05522826	0.00243940	-0.04416950
22.64255471	0.05520054	0.00243791	-0.04416463
22.64505471	0.05517283	0.00243642	-0.04415975
22.64755470	0.05514513	0.00243493	-0.04415488
22.65005470	0.05511745	0.00243344	-0.04415000
22.65255469	0.05508977	0.00243195	-0.04414513
22.65505469	0.05506211	0.00243046	-0.04414026
22.65755468	0.05503446	0.00242897	-0.04413539
22.66005468	0.05500682	0.00242748	-0.04413052
22.66255467	0.05497919	0.00242599	-0.04412565
22.66505467	0.05495158	0.00242451	-0.04412078
22.66755466	0.05492397	0.00242302	-0.04411592
22.67005466	0.05489638	0.00242154	-0.04411105
22.67255465	0.05486880	0.00242005	-0.04410619
22.67505465	0.05484124	0.00241857	-0.04410133
22.67755464	0.05481368	0.00241709	-0.04409647
22.68005464	0.05478614	0.00241561	-0.04409160
22.68255463	0.05475860	0.00241413	-0.04408674
22.68505463	0.05473108	0.00241265	-0.04408189
22.68755462	0.05470358	0.00241117	-0.04407703
22.69005462	0.05467608	0.00240969	-0.04407217
22.69255461	0.05464860	0.00240822	-0.04406732
22.69505461	0.05462112	0.00240674	-0.04406246
22.69755460	0.05459366	0.00240527	-0.04405761
22.70005460	0.05456621	0.00240379	-0.04405276
22.70255459	0.05453877	0.00240232	-0.04404791
22.70505459	0.05451135	0.00240085	-0.04404306
22.70755458	0.05448394	0.00239937	-0.04403821
22.71005458	0.05445653	0.00239790	-0.04403336
22.71255457	0.05442914	0.00239643	-0.04402851
22.71505457	0.05440177	0.00239497	-0.04402367
22.71755456	0.05437440	0.00239350	-0.04401882
22.72005456	0.05434704	0.00239203	-0.04401398
22.72255455	0.05431970	0.00239056	-0.04400914
22.72505455	0.05429237	0.00238910	-0.04400429
22.72755454	0.05426505	0.00238763	-0.04399945
22.73005454	0.05423774	0.00238617	-0.04399462
22.73255453	0.05421045	0.00238471	-0.04398978
22.73505453	0.05418316	0.00238324	-0.04398494
22.73755452	0.05415589	0.00238178	-0.04398010
22.74005452	0.05412863	0.00238032	-0.04397527
22.74255451	0.05410138	0.00237886	-0.04397043
22.74505451	0.05407414	0.00237740	-0.04396560
22.74755450	0.05404692	0.00237594	-0.04396077
22.75005450	0.05401971	0.00237449	-0.04395594
22.75255449	0.05399250	0.00237303	-0.04395111
22.75505449	0.05396531	0.00237157	-0.04394628
22.75755448	0.05393814	0.00237012	-0.04394145
22.76005448	0.05391097	0.00236867	-0.04393663
22.76255447	0.05388381	0.00236721	-0.04393180
22.76505447	0.05385667	0.00236576	-0.04392698
22.76755446	0.05382954	0.00236431	-0.04392215
22.77005446	0.05380242	0.00236286	-0.04391733
22.77255445	0.05377531	0.00236141	-0.04391251
22.77505445	0.05374822	0.00235996	-0.04390769
22.77755444	0.05372113	0.00235851	-0.04390287
22.78005444	0.05369406	0.00235706	-0.04389805
22.78255443	0.05366700	0.00235562	-0.04389323
22.78505443	0.05363995	0.00235417	-0.04388842
22.78755442	0.05361291	0.00235273	-0.04388360
22.79005442	0.05358589	0.00235128	-0.04387879
22.79255441	0.05355887	0.00234984	-0.04387398
22.79505441	0.05353187	0.00234840	-0.04386916
22.79755440	0.05350488	0.00234696	-0.04386435
22.80005440	0.05347790	0.00234552	-0.04385954
22.80255439	0.05345093	0.00234408	-0.04385474
22.80505439	0.05342398	0.00234264	-0.04384993
22.80755438	0.05339703	0.00234120	-0.04384512
22.81005438	0.05337010	0.00233976	-0.04384032
22.81255437	0.05334318	0.00233833	-0.04383551
22.81505437	0.05331627	0.00233689	-0.04383071
22.81755436	0.05328937	0.00233545	-0.04382591
22.82005436	0.05326248	0.00233402	-0.04382111
22.82255435	0.05323561	0.00233259	-0.04381630
22.82505435	0.05320875	0.00233116	-0.04381151
22.82755434	0.05318190	0.00232972	-0.04380671
22.83005434	0.05315506	0.00232829	-0.04380191
22.83255433	0.05312823	0.00232686	-0.04379711
22.83505433	0.05310141	0.00232543	-0.04379232
22.83755432	0.05307461	0.00232401	-0.04378753
22.84005432	0.05304782	0.00232258	-0.04378273
22.84255431	0.05302104	0.00232115	-0.04377794
22.84505431	0.05299427	0.00231973	-0.04377315
22.84755430	0.05296751	0.00231830	-0.04376836
22.85005430	0.05294076	0.00231688	-0.04376357
22.85255429	0.05291403	0.00231545	-0.04375878
22.85505429	0.05288730	0.00231403	-0.04375400
22.85755428	0.05286059	0.00231261	-0.04374921
22.86005428	0.05283389	0.00231119	-0.04374443
22.86255427	0.05280720	0.00230977	-0.04373964
22.86505427	0.05278053	0.00230835	-0.04373486
22.86755426	0.05275386	0.00230693	-0.04373008
22.87005426	0.05272721	0.00230551	-0.04372530
22.87255425	0.05270057	0.00230410	-0.04372052
22.87505425	0.05267394	0.00230268	-0.04371574
22.87755424	0.05264732	0.00230127	-0.04371097
22.88005424	0.05262071	0.00229985	-0.04370619
22.88255423	0.05259411	0.00229844	-0.04370142
22.88505423	0.05256753	0.00229702	-0.04369664
22.88755422	0.05254096	0.00229561	-0.04369187
22.89005422	0.05251440	0.00229420	-0.04368710
22.89255421	0.05248785	0.00229279	-0.04368233
22.89505421	0.05246131	0.00229138	-0.04367756
22.89755420	0.05243478	0.00228997	-0.04367279
22.90005420	0.05240827	0.00228857	-0.04366802
22.90255419	0.05238176	0.00228716	-0.04366325
22.90505419	0.05235527	0.00228575	-0.04365849
22.90755418	0.05232879	0.00228435	-0.04365372
22.91005418	0.05230232	0.00228294	-0.04364896
22.91255417	0.05227586	0.00228154	-0.04364420
22.91505417	0.05224942	0.00228014	-0.04363943
22.91755416	0.05222298	0.00227873	-0.04363467
22.92005416	0.05219656	0.00227733	-0.04362991
22.92255415	0.05217015	0.00227593	-0.04362516
22.92505415	0.05214375	0.00227453	-0.04362040
22.92755414	0.05211736	0.00227313	-0.04361564
22.93005414	0.05209099	0.00227173	-0.04361089
22.93255413	0.05206462	0.00227034	-0.04360613
22.93505413	0.05203827	0.00226894	-0.04360138
22.93755412	0.05201192	0.00226754	-0.04359663
22.94005412	0.05198559	0.00226615	-0.04359188
22.94255411	0.05195927	0.00226476	-0.04358713
22.94505411	0.05193297	0.00226336	-0.04358238
22.94755410	0.05190667	0.00226197	-0.04357763
22.95005410	0.05188039	0.00226058	-0.04357288
22.95255409	0.05185411	0.00225919	-0.04356814
22.95505409	0.05182785	0.00225780	-0.04356339
22.95755408	0.05180160	0.00225641	-0.04355865
22.96005408	0.05177536	0.00225502	-0.04355390
22.96255407	0.05174913	0.00225363	-0.04354916
22.96505407	0.05172292	0.00225224	-0.04354442
22.96755406	0.05169671	0.00225086	-0.04353968
22.97005406	0.05167052	0.00224947	-0.04353494
22.97255405	0.05164434	0.00224809	-0.04353021
22.97505405	0.05161817	0.00224670	-0.04352547
22.97755404	0.05159201	0.00224532	-0.04352073
22.98005404	0.05156586	0.00224394	-0.04351600
22.98255403	0.05153972	0.00224256	-0.04351127
22.98505403	0.05151360	0.00224118	-0.04350653
22.98755402	0.05148749	0.00223980	-0.04350180
22.99005402	0.05146138	0.00223842	-0.04349707
22.99255401	0.05143529	0.00223704	-0.04349234
22.99505401	0.05140921	0.00223566	-0.04348761
22.99755400	0.05138315	0.00223429	-0.04348289
23.00005400	0.05135709	0.00223291	-0.04347816
23.00255399	0.05133105	0.00223154	-0.04347343
23.00505399	0.05130501	0.00223016	-0.04346871
23.00755398	0.05127899	0.00222879	-0.04346399
23.01005398	0.05125298	0.00222742	-0.04345926
23.01255397	0.05122698	0.00222604	-0.04345454
23.01505397	0.05120099	0.00222467	-0.04344982
23.01755396	0.05117502	0.00222330	-0.04344510
23.02005396	0.05114905	0.00222193	-0.04344038
23.02255395	0.05112310	0.00222057	-0.04343567
23.02505395	0.05109715	0.00221920	-0.04343095
23.02755394	0.05107122	0.00221783	-0.04342624
23.03005394	0.05104530	0.00221646	-0.04342152
23.03255393	0.05101939	0.00221510	-0.04341681
23.03505393	0.05099350	0.00221373	-0.04341210
23.03755392	0.05096761	0.00221237	-0.04340739
23.04005392	0.05094174	0.00221101	-0.04340268
23.04255391	0.05091587	0.00220965	-0.04339797
23.04505391	0.05089002	0.00220828	-0.04339326
23.04755390	0.05086418	0.00220692	-0.04338855
23.05005390	0.05083835	0.00220556	-0.04338385
23.05255389	0.05081254	0.00220420	-0.04337914
23.05505389	0.05078673	0.00220285	-0.04337444
23.05755388	0.05076093	0.00220149	-0.04336973
23.06005388	0.05073515	0.00220013	-0.04336503
23.06255387	0.05070938	0.00219878	-0.04336033
23.06505387	0.05068362	0.00219742	-0.04335563
23.06755386	0.05065787	0.00219607	-0.04335093
23.07005386	0.05063213	0.00219471	-0.04334624
23.07255385	0.05060640	0.00219336	-0.04334154
23.07505385	0.05058068	0.00219201	-0.04333684
23.07755384	0.05055498	0.00219066	-0.04333215
23.08005384	0.05052929	0.00218931	-0.04332746
23.08255383	0.05050360	0.00218796	-0.04332276
23.08505383	0.05047793	0.00218661	-0.04331807
23.08755382	0.05045227	0.00218526	-0.04331338
23.09005382	0.05042663	0.00218391	-0.04330869
23.09255381	0.05040099	0.00218256	-0.04330400
23.09505381	0.05037536	0.00218122	-0.04329931
23.09755380	0.05034975	0.00217987	-0.04329463
23.10005380	0.05032414	0.00217853	-0.04328994
23.10255379	0.05029855	0.00217719	-0.04328526
23.10505379	0.05027297	0.00217584	-0.04328057
23.10755378	0.05024740	0.00217450	-0.04327589
23.11005378	0.05022184	0.00217316	-0.04327121
23.11255377	0.05019630	0.00217182	-0.04326653
23.11505377	0.05017076	0.00217048	-0.04326185
23.11755376	0.05014524	0.00216914	-0.04325717
23.12005376	0.05011972	0.00216780	-0.04325249
23.12255375	0.05009422	0.00216647	-0.04324782
23.12505375	0.05006873	0.00216513	-0.04324314
23.12755374	0.05004325	0.00216379	-0.04323847
23.13005374	0.05001778	0.00216246	-0.04323379
23.13255373	0.04999232	0.00216112	-0.04322912
23.13505373	0.04996688	0.00215979	-0.04322445
23.13755372	0.04994144	0.00215846	-0.04321978
23.14005372	0.04991602	0.00215713	-0.04321511
23.14255371	0.04989061	0.00215580	-0.04321044
23.14505371	0.04986521	0.00215446	-0.04320578
23.14755370	0.04983982	0.00215314	-0.04320111
23.15005370	0.04981444	0.00215181	-0.04319644
23.15255369	0.04978907	0.00215048	-0.04319178
23.15505369	0.04976371	0.00214915	-0.04318712
23.15755368	0.04973837	0.00214782	-0.04318245
23.16005368	0.04971303	0.00214650	-0.04317779
23.16255367	0.04968771	0.00214517	-0.04317313
23.16505367	0.04966240	0.00214385	-0.04316847
23.16755366	0.04963710	0.00214253	-0.04316381
23.17005366	0.04961181	0.00214120	-0.04315916
23.17255365	0.04958653	0.00213988	-0.04315450
23.17505365	0.04956126	0.00213856	-0.04314985
23.17755364	0.04953601	0.00213724	-0.04314519
23.18005364	0.04951076	0.00213592	-0.04314054
23.18255363	0.04948553	0.00213460	-0.04313589
23.18505363	0.04946030	0.00213328	-0.04313124
23.18755362	0.04943509	0.00213197	-0.04312658
23.19005362	0.04940989	0.00213065	-0.04312194
23.19255361	0.04938470	0.00212933	-0.04311729
23.19505361	0.04935952	0.00212802	-0.04311264
23.19755360	0.04933436	0.00212671	-0.04310799
23.20005360	0.04930920	0.00212539	-0.04310335
23.20255359	0.04928406	0.00212408	-0.04309870
23.20505359	0.04925892	0.00212277	-0.04309406
23.20755358	0.04923380	0.00212146	-0.04308942
23.21005358	0.04920869	0.00212015	-0.04308478
23.21255357	0.04918359	0.00211884	-0.04308014
23.21505357	0.04915850	0.00211753	-0.04307550
23.21755356	0.04913342	0.00211622	-0.04307086
23.22005356	0.04910835	0.00211491	-0.04306622
23.22255355	0.04908330	0.00211360	-0.04306159
23.22505355	0.04905825	0.00211230	-0.04305695
23.22755354	0.04903322	0.00211099	-0.04305232
23.23005354	0.04900820	0.00210969	-0.04304768
23.23255353	0.04898318	0.00210839	-0.04304305
23.23505353	0.04895818	0.00210708	-0.04303842
23.23755352	0.04893319	0.00210578	-0.04303379
23.24005352	0.04890821	0.00210448	-0.04302916
23.24255351	0.04888325	0.00210318	-0.04302453
23.24505351	0.04885829	0.00210188	-0.04301991
23.24755350	0.04883335	0.00210058	-0.04301528
23.25005350	0.04880841	0.00209928	-0.04301065
23.25255349	0.04878349	0.00209798	-0.04300603
23.25505349	0.04875857	0.00209669	-0.04300141
23.25755348	0.04873367	0.00209539	-0.04299678
23.26005348	0.04870878	0.00209410	-0.04299216
23.26255347	0.04868390	0.00209280	-0.04298754
23.26505347	0.04865904	0.00209151	-0.04298292
23.26755346	0.04863418	0.00209021	-0.04297830
23.27005346	0.04860933	0.00208892	-0.04297369
23.27255345	0.04858450	0.00208763	-0.04296907
23.27505345	0.04855967	0.00208634	-0.04296446
23.27755344	0.04853486	0.00208505	-0.04295984
23.28005344	0.04851006	0.00208376	-0.04295523
23.28255343	0.04848527	0.00208247	-0.04295062
23.28505343	0.04846049	0.00208118	-0.04294600
23.28755342	0.04843572	0.00207990	-0.04294139
23.29005342	0.04841096	0.00207861	-0.04293678
23.29255341	0.04838621	0.00207733	-0.04293218
23.29505341	0.04836148	0.00207604	-0.04292757
23.29755340	0.04833675	0.00207476	-0.04292296
23.30005340	0.04831204	0.00207347	-0.04291836
23.30255339	0.04828733	0.00207219	-0.04291375
23.30505339	0.04826264	0.00207091	-0.04290915
23.30755338	0.04823796	0.00206963	-0.04290455
23.31005338	0.04821329	0.00206835	-0.04289994
23.31255337	0.04818863	0.00206707	-0.04289534
23.31505337	0.04816398	0.00206579	-0.04289074
23.31755336	0.04813934	0.00206451	-0.04288615
23.32005336	0.04811472	0.00206323	-0.04288155
23.32255335	0.04809010	0.00206196	-0.04287695
23.32505335	0.04806549	0.00206068	-0.04287236
23.32755334	0.04804090	0.00205941	-0.04286776
23.33005334	0.04801632	0.00205813	-0.04286317
23.33255333	0.04799175	0.00205686	-0.04285858
23.33505333	0.04796719	0.00205558	-0.04285398
23.33755332	0.04794263	0.00205431	-0.04284939
23.34005332	0.04791810	0.00205304	-0.04284480
23.34255331	0.04789357	0.00205177	-0.04284021
23.34505331	0.04786905	0.00205050	-0.04283563
23.34755330	0.04784454	0.00204923	-0.04283104
23.35005330	0.04782005	0.00204796	-0.04282645
23.35255329	0.04779556	0.00204670	-0.04282187
23.35505329	0.04777109	0.00204543	-0.04281729
23.35755328	0.04774663	0.00204416	-0.04281270
23.36005328	0.04772217	0.00204290	-0.04280812
23.36255327	0.04769773	0.00204163	-0.04280354
23.36505327	0.04767330	0.00204037	-0.04279896
23.36755326	0.04764888	0.00203910	-0.04279438
23.37005326	0.04762447	0.00203784	-0.04278980
23.37255325	0.04760008	0.00203658	-0.04278523
23.37505325	0.04757569	0.00203532	-0.04278065
23.37755324	0.04755131	0.00203406	-0.04277608
23.38005324	0.04752695	0.00203280	-0.04277150
23.38255323	0.04750260	0.00203154	-0.04276693
23.38505323	0.04747825	0.00203028	-0.04276236
23.38755322	0.04745392	0.00202902	-0.04275779
23.39005322	0.04742960	0.00202777	-0.04275322
23.39255321	0.04740529	0.00202651	-0.04274865
23.39505321	0.04738099	0.00202526	-0.04274408
23.39755320	0.04735670	0.00202400	-0.04273951
23.40005320	0.04733242	0.00202275	-0.04273495
23.40255319	0.04730815	0.00202150	-0.04273038
23.40505319	0.04728389	0.00202024	-0.04272582
23.40755318	0.04725965	0.00201899	-0.04272125
23.41005318	0.04723541	0.00201774	-0.04271669
23.41255317	0.04721119	0.00201649	-0.04271213
23.41505317	0.04718698	0.00201524	-0.04270757
23.41755316	0.04716277	0.00201399	-0.04270301
23.42005316	0.04713858	0.00201274	-0.04269845
23.42255315	0.04711440	0.00201150	-0.04269389
23.42505315	0.04709023	0.00201025	-0.04268934
23.42755314	0.04706607	0.00200900	-0.04268478
23.43005314	0.04704192	0.00200776	-0.04268023
23.43255313	0.04701778	0.00200652	-0.04267567
23.43505313	0.04699366	0.00200527	-0.04267112
23.43755312	0.04696954	0.00200403	-0.04266657
23.44005312	0.04694544	0.00200279	-0.04266202
23.44255311	0.04692134	0.00200155	-0.04265747
23.44505311	0.04689726	0.00200030	-0.04265292
23.44755310	0.04687318	0.00199907	-0.04264837
23.45005310	0.04684912	0.00199783	-0.04264383
23.45255309	0.04682507	0.00199659	-0.04263928
23.45505309	0.04680103	0.00199535	-0.04263474
23.45755308	0.04677700	0.00199411	-0.04263019
23.46005308	0.04675298	0.00199288	-0.04262565
23.46255307	0.04672897	0.00199164	-0.04262111
23.46505307	0.04670497	0.00199041	-0.04261657
23.46755306	0.04668098	0.00198917	-0.04261203
23.47005306	0.04665701	0.00198794	-0.04260749
23.47255305	0.04663304	0.00198671	-0.04260295
23.47505305	0.04660909	0.00198547	-0.04259841
23.47755304	0.04658514	0.00198424	-0.04259388
23.48005304	0.04656121	0.00198301	-0.04258934
23.48255303	0.04653729	0.00198178	-0.04258481
23.48505303	0.04651337	0.00198055	-0.04258027
23.48755302	0.04648947	0.00197932	-0.04257574
23.49005302	0.04646558	0.00197810	-0.04257121
23.49255301	0.04644170	0.00197687	-0.04256668
23.49505301	0.04641783	0.00197564	-0.04256215
23.49755300	0.04639397	0.00197442	-0.04255762
23.50005300	0.04637013	0.00197319	-0.04255310
23.50255299	0.04634629	0.00197197	-0.04254857
23.50505299	0.04632246	0.00197074	-0.04254404
23.50755298	0.04629865	0.00196952	-0.04253952
23.51005298	0.04627484	0.00196830	-0.04253500
23.51255297	0.04625105	0.00196708	-0.04253047
23.51505297	0.04622726	0.00196586	-0.04252595
23.51755296	0.04620349	0.00196464	-0.04252143
23.52005296	0.04617973	0.00196342	-0.04251691
23.52255295	0.04615597	0.00196220	-0.04251239
23.52505295	0.04613223	0.00196098	-0.04250787
23.52755294	0.04610850	0.00195977	-0.04250336
23.53005294	0.04608478	0.00195855	-0.04249884
23.53255293	0.04606107	0.00195733	-0.04249433
23.53505293	0.04603737	0.00195612	-0.04248981
23.53755292	0.04601369	0.00195491	-0.04248530
23.54005292	0.04599001	0.00195369	-0.04248079
23.54255291	0.04596634	0.00195248	-0.04247628
23.54505291	0.04594268	0.00195127	-0.04247177
23.54755290	0.04591904	0.00195006	-0.04246726
23.55005290	0.04589540	0.00194885	-0.04246275
23.55255289	0.04587178	0.00194764	-0.04245824
23.55505289	0.04584817	0.00194643	-0.04245374
23.55755288	0.04582456	0.00194522	-0.04244923
23.56005288	0.04580097	0.00194401	-0.04244473
23.56255287	0.04577739	0.00194280	-0.04244022
23.56505287	0.04575382	0.00194160	-0.04243572
23.56755286	0.04573026	0.00194039	-0.04243122
23.57005286	0.04570671	0.00193919	-0.04242672
23.57255285	0.04568317	0.00193798	-0.04242222
23.57505285	0.04565964	0.00193678	-0.04241772
23.57755284	0.04563612	0.00193557	-0.04241322
23.58005284	0.04561261	0.00193437	-0.04240873
23.58255283	0.04558911	0.00193317	-0.04240423
23.58505283	0.04556563	0.00193197	-0.04239974
23.58755282	0.04554215	0.00193077	-0.04239524
23.59005282	0.04551869	0.00192957	-0.04239075
23.59255281	0.04549523	0.00192837	-0.04238626
23.59505281	0.04547179	0.00192717	-0.04238177
23.59755280	0.04544835	0.00192598	-0.04237728
23.60005280	0.04542493	0.00192478	-0.04237279
23.60255279	0.04540152	0.00192358	-0.04236830
23.60505279	0.04537811	0.00192239	-0.04236381
23.60755278	0.04535472	0.00192120	-0.04235932
23.61005278	0.04533134	0.00192000	-0.04235484
23.61255277	0.04530797	0.00191881	-0.04235036
23.61505277	0.04528461	0.00191762	-0.04234587
23.61755276	0.04526126	0.00191642	-0.04234139
23.62005276	0.04523792	0.00191523	-0.04233691
23.62255275	0.04521459	0.00191404	-0.04233243
23.62505275	0.04519127	0.00191285	-0.04232795
23.62755274	0.04516797	0.00191167	-0.04232347
23.63005274	0.04514467	0.00191048	-0.04231899
23.63255273	0.04512138	0.00190929	-0.04231451
23.63505273	0.04509811	0.00190810	-0.04231004
23.63755272	0.04507484	0.00190692	-0.04230556
23.64005272	0.04505159	0.00190573	-0.04230109
23.64255271	0.04502834	0.00190455	-0.04229662
23.64505271	0.04500511	0.00190336	-0.04229215
23.64755270	0.04498188	0.00190218	-0.04228767
23.65005270	0.04495867	0.00190100	-0.04228320
23.65255269	0.04493547	0.00189981	-0.04227873
23.65505269	0.04491227	0.00189863	-0.04227427
23.65755268	0.04488909	0.00189745	-0.04226980
23.66005268	0.04486592	0.00189627	-0.04226533
23.66255267	0.04484276	0.00189509	-0.04226087
23.66505267	0.04481961	0.00189392	-0.04225640
23.66755266	0.04479647	0.00189274	-0.04225194
23.67005266	0.04477334	0.00189156	-0.04224748
23.67255265	0.04475022	0.00189038	-0.04224302
23.67505265	0.04472711	0.00188921	-0.04223855
23.67755264	0.04470402	0.00188803	-0.04223409
23.68005264	0.04468093	0.00188686	-0.04222964
23.68255263	0.04465785	0.00188569	-0.04222518
23.68505263	0.04463478	0.00188451	-0.04222072
23.68755262	0.04461173	0.00188334	-0.04221627
23.69005262	0.04458868	0.00188217	-0.04221181
23.69255261	0.04456565	0.00188100	-0.04220736
23.69505261	0.04454262	0.00187983	-0.04220290
23.69755260	0.04451961	0.00187866	-0.04219845
23.70005260	0.04449660	0.00187749	-0.04219400
23.70255259	0.04447361	0.00187632	-0.04218955
23.70505259	0.04445062	0.00187515	-0.04218510
23.70755258	0.04442765	0.00187399	-0.04218065
23.71005258	0.04440469	0.00187282	-0.04217620
23.71255257	0.04438173	0.00187166	-0.04217176
23.71505257	0.04435879	0.00187049	-0.04216731
23.71755256	0.04433586	0.00186933	-0.04216287
23.72005256	0.04431294	0.00186816	-0.04215842
23.72255255	0.04429003	0.00186700	-0.04215398
23.72505255	0.04426713	0.00186584	-0.04214954
23.72755254	0.04424424	0.00186468	-0.04214510
23.73005254	0.04422136	0.00186352	-0.04214066
23.73255253	0.04419849	0.00186236	-0.04213622
23.73505253	0.04417563	0.00186120	-0.04213178
23.73755252	0.04415278	0.00186004	-0.04212734
23.74005252	0.04412994	0.00185888	-0.04212291
23.74255251	0.04410711	0.00185772	-0.04211847
23.74505251	0.04408430	0.00185657	-0.04211404
23.74755250	0.04406149	0.00185541	-0.04210960
23.75005250	0.04403869	0.00185426	-0.04210517
23.75255249	0.04401591	0.00185310	-0.04210074
23.75505249	0.04399313	0.00185195	-0.04209631
23.75755248	0.04397036	0.00185080	-0.04209188
23.76005248	0.04394761	0.00184964	-0.04208745
23.76255247	0.04392486	0.00184849	-0.04208302
23.76505247	0.04390213	0.00184734	-0.04207859
23.76755246	0.04387940	0.00184619	-0.04207417
23.77005246	0.04385669	0.00184504	-0.04206974
23.77255245	0.04383398	0.00184389	-0.04206532
23.77505245	0.04381129	0.00184274	-0.04206090
23.77755244	0.04378861	0.00184159	-0.04205647
23.78005244	0.04376593	0.00184045	-0.04205205
23.78255243	0.04374327	0.00183930	-0.04204763
23.78505243	0.04372062	0.00183816	-0.04204321
23.78755242	0.04369797	0.00183701	-0.04203879
23.79005242	0.04367534	0.00183587	-0.04203438
23.79255241	0.04365272	0.00183472	-0.04202996
23.79505241	0.04363011	0.00183358	-0.04202554
23.79755240	0.04360751	0.00183244	-0.04202113
23.80005240	0.04358492	0.00183129	-0.04201671
23.80255239	0.04356234	0.00183015	-0.04201230
23.80505239	0.04353977	0.00182901	-0.04200789
23.80755238	0.04351721	0.00182787	-0.04200348
23.81005238	0.04349466	0.00182673	-0.04199907
23.81255237	0.04347212	0.00182560	-0.04199466
23.81505237	0.04344959	0.00182446	-0.04199025
23.81755236	0.04342707	0.00182332	-0.04198584
23.82005236	0.04340456	0.00182219	-0.04198144
23.82255235	0.04338206	0.00182105	-0.04197703
23.82505235	0.04335957	0.00181992	-0.04197263
23.82755234	0.04333709	0.00181878	-0.04196822
23.83005234	0.04331462	0.00181765	-0.04196382
23.83255233	0.04329217	0.00181651	-0.04195942
23.83505233	0.04326972	0.00181538	-0.04195502
23.83755232	0.04324728	0.00181425	-0.04195062
23.84005232	0.04322485	0.00181312	-0.04194622
23.84255231	0.04320244	0.00181199	-0.04194182
23.84505231	0.04318003	0.00181086	-0.04193742
23.84755230	0.04315763	0.00180973	-0.04193302
23.85005230	0.04313525	0.00180860	-0.04192863
23.85255229	0.04311287	0.00180747	-0.04192423
23.85505229	0.04309050	0.00180635	-0.04191984
23.85755228	0.04306815	0.00180522	-0.04191545
23.86005228	0.04304580	0.00180410	-0.04191106
23.86255227	0.04302347	0.00180297	-0.04190667
23.86505227	0.04300114	0.00180185	-0.04190228
23.86755226	0.04297883	0.00180072	-0.04189789
23.87005226	0.04295652	0.00179960	-0.04189350
23.87255225	0.04293423	0.00179848	-0.04188911
23.87505225	0.04291194	0.00179735	-0.04188473
23.87755224	0.04288967	0.00179623	-0.04188034
23.88005224	0.04286740	0.00179511	-0.04187596
23.88255223	0.04284515	0.00179399	-0.04187157
23.88505223	0.04282290	0.00179287	-0.04186719
23.88755222	0.04280067	0.00179176	-0.04186281
23.89005222	0.04277845	0.00179064	-0.04185843
23.89255221	0.04275623	0.00178952	-0.04185405
23.89505221	0.04273403	0.00178840	-0.04184967
23.89755220	0.04271183	0.00178729	-0.04184529
23.90005220	0.04268965	0.00178617	-0.04184091
23.90255219	0.04266748	0.00178506	-0.04183654
23.90505219	0.04264532	0.00178395	-0.04183216
23.90755218	0.04262316	0.00178283	-0.04182779
23.91005218	0.04260102	0.00178172	-0.04182341
23.91255217	0.04257889	0.00178061	-0.04181904
23.91505217	0.04255676	0.00177950	-0.04181467
23.91755216	0.04253465	0.00177839	-0.04181030
23.92005216	0.04251255	0.00177728	-0.04180593
23.92255215	0.04249046	0.00177617	-0.04180156
23.92505215	0.04246837	0.00177506	-0.04179719
23.92755214	0.04244630	0.00177395	-0.04179283
23.93005214	0.04242424	0.00177284	-0.04178846
23.93255213	0.04240219	0.00177174	-0.04178409
23.93505213	0.04238015	0.00177063	-0.04177973
23.93755212	0.04235811	0.00176953	-0.04177537
23.94005212	0.04233609	0.00176842	-0.04177100
23.94255211	0.04231408	0.00176732	-0.04176664
23.94505211	0.04229208	0.00176621	-0.04176228
23.94755210	0.04227009	0.00176511	-0.04175792
23.95005210	0.04224811	0.00176401	-0.04175356
23.95255209	0.04222613	0.00176291	-0.04174920
23.95505209	0.04220417	0.00176181	-0.04174485
23.95755208	0.04218222	0.00176071	-0.04174049
23.96005208	0.04216028	0.00175961	-0.04173614
23.96255207	0.04213835	0.00175851	-0.04173178
23.96505207	0.04211643	0.00175741	-0.04172743
23.96755206	0.04209452	0.00175631	-0.04172308
23.97005206	0.04207261	0.00175522	-0.04171872
23.97255205	0.04205072	0.00175412	-0.04171437
23.97505205	0.04202884	0.00175302	-0.04171002
23.97755204	0.04200697	0.00175193	-0.04170568
23.98005204	0.04198511	0.00175083	-0.04170133
23.98255203	0.04196326	0.00174974	-0.04169698
23.98505203	0.04194142	0.00174865	-0.04169263
23.98755202	0.04191959	0.00174756	-0.04168829
23.99005202	0.04189776	0.00174646	-0.04168394
23.99255201	0.04187595	0.00174537	-0.04167960
23.99505201	0.04185415	0.00174428	-0.04167526
23.99755200	0.04183236	0.00174319	-0.04167092
24.00005200	0.04181058	0.00174210	-0.04166658
24.00255199	0.04178881	0.00174102	-0.04166224
24.00505199	0.04176705	0.00173993	-0.04165790
24.00755198	0.04174530	0.00173884	-0.04165356
24.01005198	0.04172355	0.00173775	-0.04164922
24.01255197	0.04170182	0.00173667	-0.04164489
24.01505197	0.04168010	0.00173558	-0.04164055
24.01755196	0.04165839	0.00173450	-0.04163622
24.02005196	0.04163669	0.00173341	-0.04163188
24.02255195	0.04161500	0.00173233	-0.04162755
24.02505195	0.04159332	0.00173125	-0.04162322
24.02755194	0.04157164	0.00173017	-0.04161889
24.03005194	0.04154998	0.00172908	-0.04161456
24.03255193	0.04152833	0.00172800	-0.04161023
24.03505193	0.04150669	0.00172692	-0.04160590
24.03755192	0.04148506	0.00172584	-0.04160157
24.04005192	0.04146343	0.00172476	-0.04159725
24.04255191	0.04144182	0.00172369	-0.04159292
24.04505191	0.04142022	0.00172261	-0.04158860
24.04755190	0.04139863	0.00172153	-0.04158427
24.05005190	0.04137705	0.00172046	-0.04157995
24.05255189	0.04135547	0.00171938	-0.04157563
24.05505189	0.04133391	0.00171830	-0.04157131
24.05755188	0.04131236	0.00171723	-0.04156699
24.06005188	0.04129082	0.00171616	-0.04156267
24.06255187	0.04126928	0.00171508	-0.04155835
24.06505187	0.04124776	0.00171401	-0.04155403
24.06755186	0.04122625	0.00171294	-0.04154972
24.07005186	0.04120474	0.00171187	-0.04154540
24.07255185	0.04118325	0.00171080	-0.04154109
24.07505185	0.04116177	0.00170973	-0.04153677
24.07755184	0.04114029	0.00170866	-0.04153246
24.08005184	0.04111883	0.00170759	-0.04152815
24.08255183	0.04109738	0.00170652	-0.04152384
24.08505183	0.04107593	0.00170545	-0.04151953
24.08755182	0.04105450	0.00170439	-0.04151522
24.09005182	0.04103307	0.00170332	-0.04151091
24.09255181	0.04101166	0.00170225	-0.04150660
24.09505181	0.04099026	0.00170119	-0.04150230
24.09755180	0.04096886	0.00170013	-0.04149799
24.10005180	0.04094748	0.00169906	-0.04149369
24.10255179	0.04092610	0.00169800	-0.04148938
24.10505179	0.04090474	0.00169694	-0.04148508
24.10755178	0.04088338	0.00169587	-0.04148078
24.11005178	0.04086204	0.00169481	-0.04147648
24.11255177	0.04084070	0.00169375	-0.04147218
24.11505177	0.04081937	0.00169269	-0.04146788
24.11755176	0.04079806	0.00169163	-0.04146358
24.12005176	0.04077675	0.00169057	-0.04145928
24.12255175	0.04075546	0.00168952	-0.04145498
24.12505175	0.04073417	0.00168846	-0.04145069
24.12755174	0.04071289	0.00168740	-0.04144639
24.13005174	0.04069163	0.00168635	-0.04144210
24.13255173	0.04067037	0.00168529	-0.04143781
24.13505173	0.04064912	0.00168424	-0.04143351
24.13755172	0.04062788	0.00168318	-0.04142922
24.14005172	0.04060666	0.00168213	-0.04142493
24.14255171	0.04058544	0.00168107	-0.04142064
24.14505171	0.04056423	0.00168002	-0.04141635
24.14755170	0.04054303	0.00167897	-0.04141207
24.15005170	0.04052184	0.00167792	-0.04140778
24.15255169	0.04050067	0.00167687	-0.04140349
24.15505169	0.04047950	0.00167582	-0.04139921
24.15755168	0.04045834	0.00167477	-0.04139492
24.16005168	0.04043719	0.00167372	-0.04139064
24.16255167	0.04041605	0.00167267	-0.04138636
24.16505167	0.04039492	0.00167163	-0.04138208
24.16755166	0.04037380	0.00167058	-0.04137780
24.17005166	0.04035269	0.00166953	-0.04137352
24.17255165	0.04033159	0.00166849	-0.04136924
24.17505165	0.04031050	0.00166744	-0.04136496
24.17755164	0.04028941	0.00166640	-0.04136068
24.18005164	0.04026834	0.00166535	-0.04135640
24.18255163	0.04024728	0.00166431	-0.04135213
24.18505163	0.04022623	0.00166327	-0.04134785
24.18755162	0.04020519	0.00166223	-0.04134358
24.19005162	0.04018415	0.00166119	-0.04133931
24.19255161	0.04016313	0.00166014	-0.04133504
24.19505161	0.04014212	0.00165910	-0.04133077
24.19755160	0.04012111	0.00165807	-0.04132650
24.20005160	0.04010012	0.00165703	-0.04132223
24.20255159	0.04007914	0.00165599	-0.04131796
24.20505159	0.04005816	0.00165495	-0.04131369
24.20755158	0.04003720	0.00165391	-0.04130942
24.21005158	0.04001624	0.00165288	-0.04130516
24.21255157	0.03999530	0.00165184	-0.04130089
24.21505157	0.03997436	0.00165081	-0.04129663
24.21755156	0.03995343	0.00164977	-0.04129237
24.22005156	0.03993252	0.00164874	-0.04128810
24.22255155	0.03991161	0.00164770	-0.04128384
24.22505155	0.03989071	0.00164667	-0.04127958
24.22755154	0.03986983	0.00164564	-0.04127532
24.23005154	0.03984895	0.00164461	-0.04127106
24.23255153	0.03982808	0.00164358	-0.04126681
24.23505153	0.03980722	0.00164255	-0.04126255
24.23755152	0.03978638	0.00164152	-0.04125829
24.24005152	0.03976554	0.00164049	-0.04125404
24.24255151	0.03974471	0.00163946	-0.04124978
24.24505151	0.03972389	0.00163843	-0.04124553
24.24755150	0.03970308	0.00163741	-0.04124128
24.25005150	0.03968228	0.00163638	-0.04123703
24.25255149	0.03966149	0.00163535	-0.04123278
24.25505149	0.03964070	0.00163433	-0.04122853
24.25755148	0.03961993	0.00163330	-0.04122428
24.26005148	0.03959917	0.00163228	-0.04122003
24.26255147	0.03957842	0.00163126	-0.04121578
24.26505147	0.03955768	0.00163023	-0.04121153
24.26755146	0.03953694	0.00162921	-0.04120729
24.27005146	0.03951622	0.00162819	-0.04120304
24.27255145	0.03949551	0.00162717	-0.04119880
24.27505145	0.03947480	0.00162615	-0.04119456
24.27755144	0.03945411	0.00162513	-0.04119032
24.28005144	0.03943342	0.00162411	-0.04118607
24.28255143	0.03941275	0.00162309	-0.04118183
24.28505143	0.03939208	0.00162207	-0.04117759
24.28755142	0.03937142	0.00162105	-0.04117336
24.29005142	0.03935078	0.00162004	-0.04116912
24.29255141	0.03933014	0.00161902	-0.04116488
24.29505141	0.03930951	0.00161800	-0.04116065
24.29755140	0.03928889	0.00161699	-0.04115641
24.30005140	0.03926829	0.00161598	-0.04115218
24.30255139	0.03924769	0.00161496	-0.04114794
24.30505139	0.03922710	0.00161395	-0.04114371
24.30755138	0.03920652	0.00161294	-0.04113948
24.31005138	0.03918595	0.00161192	-0.04113525
24.31255137	0.03916539	0.00161091	-0.04113102
24.31505137	0.03914484	0.00160990	-0.04112679
24.31755136	0.03912429	0.00160889	-0.04112256
24.32005136	0.03910376	0.00160788	-0.04111833
24.32255135	0.03908324	0.00160687	-0.04111411
24.32505135	0.03906273	0.00160586	-0.04110988
24.32755134	0.03904222	0.00160486	-0.04110566
24.33005134	0.03902173	0.00160385	-0.04110143
24.33255133	0.03900125	0.00160284	-0.04109721
24.33505133	0.03898077	0.00160184	-0.04109299
24.33755132	0.03896031	0.00160083	-0.04108877
24.34005132	0.03893985	0.00159983	-0.04108455
24.34255131	0.03891940	0.00159882	-0.04108033
24.34505131	0.03889897	0.00159782	-0.04107611
24.34755130	0.03887854	0.00159682	-0.04107189
24.35005130	0.03885812	0.00159581	-0.04106768
24.35255129	0.03883771	0.00159481	-0.04106346
24.35505129	0.03881731	0.00159381	-0.04105924
24.35755128	0.03879693	0.00159281	-0.04105503
24.36005128	0.03877655	0.00159181	-0.04105082
24.36255127	0.03875617	0.00159081	-0.04104660
24.36505127	0.03873581	0.00158981	-0.04104239
24.36755126	0.03871546	0.00158881	-0.04103818
24.37005126	0.03869512	0.00158781	-0.04103397
24.37255125	0.03867479	0.00158682	-0.04102976
24.37505125	0.03865447	0.00158582	-0.04102555
24.37755124	0.03863415	0.00158482	-0.04102135
24.38005124	0.03861385	0.00158383	-0.04101714
24.38255123	0.03859355	0.00158283	-0.04101294
24.38505123	0.03857327	0.00158184	-0.04100873
24.38755122	0.03855299	0.00158085	-0.04100453
24.39005122	0.03853273	0.00157985	-0.04100032
24.39255121	0.03851247	0.00157886	-0.04099612
24.39505121	0.03849222	0.00157787	-0.04099192
24.39755120	0.03847198	0.00157688	-0.04098772
24.40005120	0.03845175	0.00157589	-0.04098352
24.40255119	0.03843154	0.00157490	-0.04097932
24.40505119	0.03841133	0.00157391	-0.04097512
24.40755118	0.03839113	0.00157292	-0.04097093
24.41005118	0.03837093	0.00157193	-0.04096673
24.41255117	0.03835075	0.00157094	-0.04096254
24.41505117	0.03833058	0.00156996	-0.04095834
24.41755116	0.03831042	0.00156897	-0.04095415
24.42005116	0.03829027	0.00156798	-0.04094996
24.42255115	0.03827012	0.00156700	-0.04094576
24.42505115	0.03824999	0.00156601	-0.04094157
24.42755114	0.03822986	0.00156503	-0.04093738
24.43005114	0.03820975	0.00156405	-0.04093319
24.43255113	0.03818964	0.00156306	-0.04092900
24.43505113	0.03816954	0.00156208	-0.04092482
24.43755112	0.03814946	0.00156110	-0.04092063
24.44005112	0.03812938	0.00156012	-0.04091644
24.44255111	0.03810931	0.00155914	-0.04091226
24.44505111	0.03808925	0.00155816	-0.04090808
24.44755110	0.03806920	0.00155718	-0.04090389
24.45005110	0.03804916	0.00155620	-0.04089971
24.45255109	0.03802913	0.00155522	-0.04089553
24.45505109	0.03800910	0.00155424	-0.04089135
24.45755108	0.03798909	0.00155327	-0.04088717
24.46005108	0.03796909	0.00155229	-0.04088299
24.46255107	0.03794909	0.00155131	-0.04087881
24.46505107	0.03792911	0.00155034	-0.04087463
24.46755106	0.03790913	0.00154936	-0.04087046
24.47005106	0.03788917	0.00154839	-0.04086628
24.47255105	0.03786921	0.00154742	-0.04086211
24.47505105	0.03784927	0.00154644	-0.04085793
24.47755104	0.03782933	0.00154547	-0.04085376
24.48005104	0.03780940	0.00154450	-0.04084959
24.48255103	0.03778948	0.00154353	-0.04084542
24.48505103	0.03776957	0.00154256	-0.04084125
24.48755102	0.03774967	0.00154159	-0.04083708
24.49005102	0.03772978	0.00154062	-0.04083291
24.49255101	0.03770989	0.00153965	-0.04082874
24.49505101	0.03769002	0.00153868	-0.04082457
24.49755100	0.03767016	0.00153771	-0.04082041
24.50005100	0.03765030	0.00153674	-0.04081624
24.50255099	0.03763046	0.00153578	-0.04081208
24.50505099	0.03761062	0.00153481	-0.04080791
24.50755098	0.03759080	0.00153385	-0.04080375
24.51005098	0.03757098	0.00153288	-0.04079959
24.51255097	0.03755117	0.00153192	-0.04079543
24.51505097	0.03753137	0.00153095	-0.04079127
24.51755096	0.03751158	0.00152999	-0.04078711
24.52005096	0.03749180	0.00152903	-0.04078295
24.52255095	0.03747203	0.00152806	-0.04077879
24.52505095	0.03745227	0.00152710	-0.04077463
24.52755094	0.03743252	0.00152614	-0.04077048
24.53005094	0.03741278	0.00152518	-0.04076632
24.53255093	0.03739304	0.00152422	-0.04076217
24.53505093	0.03737332	0.00152326	-0.04075802
24.53755092	0.03735360	0.00152230	-0.04075386
24.54005092	0.03733390	0.00152135	-0.04074971
24.54255091	0.03731420	0.00152039	-0.04074556
24.54505091	0.03729451	0.00151943	-0.04074141
24.54755090	0.03727484	0.00151847	-0.04073726
24.55005090	0.03725517	0.00151752	-0.04073311
24.55255089	0.03723551	0.00151656	-0.04072897
24.55505089	0.03721586	0.00151561	-0.04072482
24.55755088	0.03719621	0.00151465	-0.04072067
24.56005088	0.03717658	0.00151370	-0.04071653
24.56255087	0.03715696	0.00151275	-0.04071238
24.56505087	0.03713735	0.00151180	-0.04070824
24.56755086	0.03711774	0.00151084	-0.04070410
24.57005086	0.03709815	0.00150989	-0.04069996
24.57255085	0.03707856	0.00150894	-0.04069582
24.57505085	0.03705898	0.00150799	-0.04069168
24.57755084	0.03703941	0.00150704	-0.04068754
24.58005084	0.03701986	0.00150609	-0.04068340
24.58255083	0.03700031	0.00150515	-0.04067926
24.58505083	0.03698077	0.00150420	-0.04067512
24.58755082	0.03696123	0.00150325	-0.04067099
24.59005082	0.03694171	0.00150230	-0.04066685
24.59255081	0.03692220	0.00150136	-0.04066272
24.59505081	0.03690270	0.00150041	-0.04065859
24.59755080	0.03688320	0.00149947	-0.04065445
24.60005080	0.03686372	0.00149852	-0.04065032
24.60255079	0.03684424	0.00149758	-0.04064619
24.60505079	0.03682477	0.00149663	-0.04064206
24.60755078	0.03680532	0.00149569	-0.04063793
24.61005078	0.03678587	0.00149475	-0.04063380
24.61255077	0.03676643	0.00149381	-0.04062968
24.61505077	0.03674700	0.00149287	-0.04062555
24.61755076	0.03672757	0.00149193	-0.04062143
24.62005076	0.03670816	0.00149099	-0.04061730
24.62255075	0.03668876	0.00149005	-0.04061318
24.62505075	0.03666937	0.00148911	-0.04060905
24.62755074	0.03664998	0.00148817	-0.04060493
24.63005074	0.03663061	0.00148723	-0.04060081
24.63255073	0.03661124	0.00148630	-0.04059669
24.63505073	0.03659188	0.00148536	-0.04059257
24.63755072	0.03657253	0.00148442	-0.04058845
24.64005072	0.03655319	0.00148349	-0.04058433
24.64255071	0.03653386	0.00148255	-0.04058021
24.64505071	0.03651454	0.00148162	-0.04057610
24.64755070	0.03649523	0.00148068	-0.04057198
24.65005070	0.03647593	0.00147975	-0.04056787
24.65255069	0.03645663	0.00147882	-0.04056375
24.65505069	0.03643735	0.00147789	-0.04055964
24.65755068	0.03641807	0.00147695	-0.04055553
24.66005068	0.03639881	0.00147602	-0.04055142
24.66255067	0.03637955	0.00147509	-0.04054731
24.66505067	0.03636030	0.00147416	-0.04054320
24.66755066	0.03634106	0.00147323	-0.04053909
24.67005066	0.03632183	0.00147230	-0.04053498
24.67255065	0.03630261	0.00147138	-0.04053087
24.67505065	0.03628340	0.00147045	-0.04052677
24.67755064	0.03626419	0.00146952	-0.04052266
24.68005064	0.03624500	0.00146860	-0.04051856
24.68255063	0.03622581	0.00146767	-0.04051445
24.68505063	0.03620664	0.00146674	-0.04051035
24.68755062	0.03618747	0.00146582	-0.04050625
24.69005062	0.03616831	0.00146489	-0.04050214
24.69255061	0.03614916	0.00146397	-0.04049804
24.69505061	0.03613002	0.00146305	-0.04049394
24.69755060	0.03611089	0.00146212	-0.04048985
24.70005060	0.03609177	0.00146120	-0.04048575
24.70255059	0.03607266	0.00146028	-0.04048165
24.70505059	0.03605356	0.00145936	-0.04047755
24.70755058	0.03603446	0.00145844	-0.04047346
24.71005058	0.03601537	0.00145752	-0.04046936
24.71255057	0.03599630	0.00145660	-0.04046527
24.71505057	0.03597723	0.00145568	-0.04046118
24.71755056	0.03595817	0.00145476	-0.04045708
24.72005056	0.03593912	0.00145384	-0.04045299
24.72255055	0.03592008	0.00145293	-0.04044890
24.72505055	0.03590105	0.00145201	-0.04044481
24.72755054	0.03588203	0.00145110	-0.04044072
24.73005054	0.03586301	0.00145018	-0.04043663
24.73255053	0.03584401	0.00144926	-0.04043255
24.73505053	0.03582501	0.00144835	-0.04042846
24.73755052	0.03580602	0.00144744	-0.04042437
24.74005052	0.03578705	0.00144652	-0.04042029
24.74255051	0.03576808	0.00144561	-0.04041621
24.74505051	0.03574912	0.00144470	-0.04041212
24.74755050	0.03573017	0.00144379	-0.04040804
24.75005050	0.03571122	0.00144287	-0.04040396
24.75255049	0.03569229	0.00144196	-0.04039988
24.75505049	0.03567337	0.00144105	-0.04039580
24.75755048	0.03565445	0.00144014	-0.04039172
24.76005048	0.03563554	0.00143924	-0.04038764
24.76255047	0.03561665	0.00143833	-0.04038356
24.76505047	0.03559776	0.00143742	-0.04037949
24.76755046	0.03557888	0.00143651	-0.04037541
24.77005046	0.03556001	0.00143561	-0.04037133
24.77255045	0.03554115	0.00143470	-0.04036726
24.77505045	0.03552229	0.00143379	-0.04036319
24.77755044	0.03550345	0.00143289	-0.04035911
24.78005044	0.03548461	0.00143198	-0.04035504
24.78255043	0.03546579	0.00143108	-0.04035097
24.78505043	0.03544697	0.00143018	-0.04034690
24.78755042	0.03542816	0.00142927	-0.04034283
24.79005042	0.03540936	0.00142837	-0.04033876
24.79255041	0.03539057	0.00142747	-0.04033470
24.79505041	0.03537179	0.00142657	-0.04033063
24.79755040	0.03535302	0.00142567	-0.04032656
24.80005040	0.03533426	0.00142477	-0.04032250
24.80255039	0.03531550	0.00142387	-0.04031843
24.80505039	0.03529675	0.00142297	-0.04031437
24.80755038	0.03527802	0.00142207	-0.04031031
24.81005038	0.03525929	0.00142117	-0.04030625
24.81255037	0.03524057	0.00142027	-0.04030219
24.81505037	0.03522186	0.00141937	-0.04029812
24.81755036	0.03520316	0.00141848	-0.04029407
24.82005036	0.03518446	0.00141758	-0.04029001
24.82255035	0.03516578	0.00141669	-0.04028595
24.82505035	0.03514711	0.00141579	-0.04028189
24.82755034	0.03512844	0.00141490	-0.04027784
24.83005034	0.03510978	0.00141400	-0.04027378
24.83255033	0.03509113	0.00141311	-0.04026973
24.83505033	0.03507249	0.00141222	-0.04026567
24.83755032	0.03505386	0.00141133	-0.04026162
24.84005032	0.03503524	0.00141043	-0.04025757
24.84255031	0.03501663	0.00140954	-0.04025352
24.84505031	0.03499802	0.00140865	-0.04024947
24.84755030	0.03497943	0.00140776	-0.04024542
24.85005030	0.03496084	0.00140687	-0.04024137
24.85255029	0.03494226	0.00140598	-0.04023732
24.85505029	0.03492369	0.00140509	-0.04023327
24.85755028	0.03490513	0.00140421	-0.04022923
24.86005028	0.03488658	0.00140332	-0.04022518
24.86255027	0.03486804	0.00140243	-0.04022114
24.86505027	0.03484950	0.00140155	-0.04021709
24.86755026	0.03483098	0.00140066	-0.04021305
24.87005026	0.03481246	0.00139977	-0.04020901
24.87255025	0.03479395	0.00139889	-0.04020496
24.87505025	0.03477546	0.00139801	-0.04020092
24.87755024	0.03475697	0.00139712	-0.04019688
24.88005024	0.03473848	0.00139624	-0.04019284
24.88255023	0.03472001	0.00139536	-0.04018881
24.88505023	0.03470155	0.00139447	-0.04018477
24.88755022	0.03468309	0.00139359	-0.04018073
24.89005022	0.03466465	0.00139271	-0.04017670
24.89255021	0.03464621	0.00139183	-0.04017266
24.89505021	0.03462778	0.00139095	-0.04016863
24.89755020	0.03460936	0.00139007	-0.04016459
24.90005020	0.03459095	0.00138919	-0.04016056
24.90255019	0.03457255	0.00138831	-0.04015653
24.90505019	0.03455415	0.00138744	-0.04015250
24.90755018	0.03453577	0.00138656	-0.04014847
24.91005018	0.03451739	0.00138568	-0.04014444
24.91255017	0.03449903	0.00138481	-0.04014041
24.91505017	0.03448067	0.00138393	-0.04013638
24.91755016	0.03446232	0.00138305	-0.04013236
24.92005016	0.03444398	0.00138218	-0.04012833
24.92255015	0.03442564	0.00138131	-0.04012430
24.92505015	0.03440732	0.00138043	-0.04012028
24.92755014	0.03438900	0.00137956	-0.04011626
24.93005014	0.03437070	0.00137869	-0.04011223
24.93255013	0.03435240	0.00137781	-0.04010821
24.93505013	0.03433411	0.00137694	-0.04010419
24.93755012	0.03431583	0.00137607	-0.04010017
24.94005012	0.03429756	0.00137520	-0.04009615
24.94255011	0.03427930	0.00137433	-0.04009213
24.94505011	0.03426104	0.00137346	-0.04008811
24.94755010	0.03424280	0.00137259	-0.04008410
24.95005010	0.03422456	0.00137172	-0.04008008
24.95255009	0.03420633	0.00137086	-0.04007606
24.95505009	0.03418811	0.00136999	-0.04007205
24.95755008	0.03416990	0.00136912	-0.04006804
24.96005008	0.03415170	0.00136825	-0.04006402
24.96255007	0.03413351	0.00136739	-0.04006001
24.96505007	0.03411532	0.00136652	-0.04005600
24.96755006	0.03409715	0.00136566	-0.04005199
24.97005006	0.03407898	0.00136479	-0.04004798
24.97255005	0.03406082	0.00136393	-0.04004397
24.97505005	0.03404267	0.00136307	-0.04003996
24.97755004	0.03402453	0.00136220	-0.04003595
24.98005004	0.03400640	0.00136134	-0.04003195
24.98255003	0.03398827	0.00136048	-0.04002794
24.98505003	0.03397016	0.00135962	-0.04002393
24.98755002	0.03395205	0.00135876	-0.04001993
24.99005002	0.03393395	0.00135790	-0.04001593
24.99255001	0.03391586	0.00135704	-0.04001192
24.99505001	0.03389778	0.00135618	-0.04000792
24.99755000	0.03387971	0.00135532	-0.04000392
25.00005000	0.03386164	0.00135446	-0.03999992
25.00254999	0.03384359	0.00135361	-0.03999592
25.00504999	0.03382554	0.00135275	-0.03999192
25.00754998	0.03380750	0.00135189	-0.03998792
25.01004998	0.03378947	0.00135104	-0.03998393
25.01254997	0.03377145	0.00135018	-0.03997993
25.01504997	0.03375344	0.00134933	-0.03997593
25.01754996	0.03373544	0.00134847	-0.03997194
25.02004996	0.03371744	0.00134762	-0.03996795
25.02254995	0.03369946	0.00134676	-0.03996395
25.02504995	0.03368148	0.00134591	-0.03995996
25.02754994	0.03366351	0.00134506	-0.03995597
25.03004994	0.03364555	0.00134421	-0.03995198
25.03254993	0.03362760	0.00134335	-0.03994799
25.03504993	0.03360965	0.00134250	-0.03994400
25.03754992	0.03359172	0.00134165	-0.03994001
25.04004992	0.03357379	0.00134080	-0.03993602
25.04254991	0.03355587	0.00133995	-0.03993204
25.04504991	0.03353797	0.00133911	-0.03992805
25.04754990	0.03352006	0.00133826	-0.03992406
25.05004990	0.03350217	0.00133741	-0.03992008
25.05254989	0.03348429	0.00133656	-0.03991610
25.05504989	0.03346641	0.00133572	-0.03991211
25.05754988	0.03344855	0.00133487	-0.03990813
25.06004988	0.03343069	0.00133402	-0.03990415
25.06254987	0.03341284	0.00133318	-0.03990017
25.06504987	0.03339500	0.00133233	-0.03989619
25.06754986	0.03337717	0.00133149	-0.03989221
25.07004986	0.03335934	0.00133065	-0.03988823
25.07254985	0.03334153	0.00132980	-0.03988426
25.07504985	0.03332372	0.00132896	-0.03988028
25.07754984	0.03330592	0.00132812	-0.03987630
25.08004984	0.03328813	0.00132728	-0.03987233
25.08254983	0.03327035	0.00132643	-0.03986835
25.08504983	0.03325258	0.00132559	-0.03986438
25.08754982	0.03323482	0.00132475	-0.03986041
25.09004982	0.03321706	0.00132391	-0.03985644
25.09254981	0.03319931	0.00132307	-0.03985247
25.09504981	0.03318157	0.00132224	-0.03984850
25.09754980	0.03316384	0.00132140	-0.03984453
25.10004980	0.03314612	0.00132056	-0.03984056
25.10254979	0.03312841	0.00131972	-0.03983659
25.10504979	0.03311070	0.00131889	-0.03983262
25.10754978	0.03309301	0.00131805	-0.03982866
25.11004978	0.03307532	0.00131721	-0.03982469
25.11254977	0.03305764	0.00131638	-0.03982073
25.11504977	0.03303997	0.00131554	-0.03981676
25.11754976	0.03302231	0.00131471	-0.03981280
25.12004976	0.03300465	0.00131388	-0.03980884
25.12254975	0.03298701	0.00131304	-0.03980488
25.12504975	0.03296937	0.00131221	-0.03980092
25.12754974	0.03295174	0.00131138	-0.03979696
25.13004974	0.03293412	0.00131055	-0.03979300
25.13254973	0.03291651	0.00130972	-0.03978904
25.13504973	0.03289891	0.00130889	-0.03978508
25.13754972	0.03288131	0.00130806	-0.03978112
25.14004972	0.03286373	0.00130723	-0.03977717
25.14254971	0.03284615	0.00130640	-0.03977321
25.14504971	0.03282858	0.00130557	-0.03976926
25.14754970	0.03281102	0.00130474	-0.03976531
25.15004970	0.03279346	0.00130391	-0.03976135
25.15254969	0.03277592	0.00130309	-0.03975740
25.15504969	0.03275838	0.00130226	-0.03975345
25.15754968	0.03274086	0.00130143	-0.03974950
25.16004968	0.03272334	0.00130061	-0.03974555
25.16254967	0.03270583	0.00129978	-0.03974160
25.16504967	0.03268833	0.00129896	-0.03973765
25.16754966	0.03267083	0.00129813	-0.03973371
25.17004966	0.03265335	0.00129731	-0.03972976
25.17254965	0.03263587	0.00129649	-0.03972581
25.17504965	0.03261840	0.00129566	-0.03972187
25.17754964	0.03260094	0.00129484	-0.03971792
25.18004964	0.03258349	0.00129402	-0.03971398
25.18254963	0.03256605	0.00129320	-0.03971004
25.18504963	0.03254861	0.00129238	-0.03970610
25.18754962	0.03253118	0.00129156	-0.03970216
25.19004962	0.03251376	0.00129074	-0.03969821
25.19254961	0.03249635	0.00128992	-0.03969428
25.19504961	0.03247895	0.00128910	-0.03969034
25.19754960	0.03246156	0.00128828	-0.03968640
25.20004960	0.03244418	0.00128746	-0.03968246
25.20254959	0.03242680	0.00128665	-0.03967853
25.20504959	0.03240943	0.00128583	-0.03967459
25.20754958	0.03239207	0.00128501	-0.03967065
25.21004958	0.03237472	0.00128420	-0.03966672
25.21254957	0.03235738	0.00128338	-0.03966279
25.21504957	0.03234004	0.00128257	-0.03965886
25.21754956	0.03232271	0.00128175	-0.03965492
25.22004956	0.03230540	0.00128094	-0.03965099
25.22254955	0.03228809	0.00128013	-0.03964706
25.22504955	0.03227078	0.00127932	-0.03964313
25.22754954	0.03225349	0.00127850	-0.03963920
25.23004954	0.03223621	0.00127769	-0.03963528
25.23254953	0.03221893	0.00127688	-0.03963135
25.23504953	0.03220166	0.00127607	-0.03962742
25.23754952	0.03218440	0.00127526	-0.03962350
25.24004952	0.03216715	0.00127445	-0.03961957
25.24254951	0.03214991	0.00127364	-0.03961565
25.24504951	0.03213267	0.00127283	-0.03961173
25.24754950	0.03211545	0.00127202	-0.03960780
25.25004950	0.03209823	0.00127121	-0.03960388
25.25254949	0.03208102	0.00127041	-0.03959996
25.25504949	0.03206381	0.00126960	-0.03959604
25.25754948	0.03204662	0.00126879	-0.03959212
25.26004948	0.03202944	0.00126799	-0.03958820
25.26254947	0.03201226	0.00126718	-0.03958429
25.26504947	0.03199509	0.00126638	-0.03958037
25.26754946	0.03197793	0.00126557	-0.03957645
25.27004946	0.03196078	0.00126477	-0.03957254
25.27254945	0.03194363	0.00126397	-0.03956862
25.27504945	0.03192650	0.00126316	-0.03956471
25.27754944	0.03190937	0.00126236	-0.03956080
25.28004944	0.03189225	0.00126156	-0.03955688
25.28254943	0.03187514	0.00126076	-0.03955297
25.28504943	0.03185804	0.00125996	-0.03954906
25.28754942	0.03184094	0.00125915	-0.03954515
25.29004942	0.03182386	0.00125835	-0.03954124
25.29254941	0.03180678	0.00125756	-0.03953734
25.29504941	0.03178971	0.00125676	-0.03953343
25.29754940	0.03177265	0.00125596	-0.03952952
25.30004940	0.03175559	0.00125516	-0.03952561
25.30254939	0.03173855	0.00125436	-0.03952171
25.30504939	0.03172151	0.00125356	-0.03951780
25.30754938	0.03170448	0.00125277	-0.03951390
25.31004938	0.03168746	0.00125197	-0.03951000
25.31254937	0.03167045	0.00125118	-0.03950610
25.31504937	0.03165345	0.00125038	-0.03950219
25.31754936	0.03163645	0.00124959	-0.03949829
25.32004936	0.03161946	0.00124879	-0.03949439
25.32254935	0.03160248	0.00124800	-0.03949049
25.32504935	0.03158551	0.00124720	-0.03948660
25.32754934	0.03156855	0.00124641	-0.03948270
25.33004934	0.03155159	0.00124562	-0.03947880
25.33254933	0.03153465	0.00124483	-0.03947491
25.33504933	0.03151771	0.00124404	-0.03947101
25.33754932	0.03150078	0.00124324	-0.03946712
25.34004932	0.03148386	0.00124245	-0.03946322
25.34254931	0.03146694	0.00124166	-0.03945933
25.34504931	0.03145004	0.00124087	-0.03945544
25.34754930	0.03143314	0.00124009	-0.03945155
25.35004930	0.03141625	0.00123930	-0.03944766
25.35254929	0.03139937	0.00123851	-0.03944377
25.35504929	0.03138249	0.00123772	-0.03943988
25.35754928	0.03136563	0.00123693	-0.03943599
25.36004928	0.03134877	0.00123615	-0.03943210
25.36254927	0.03133192	0.00123536	-0.03942821
25.36504927	0.03131508	0.00123458	-0.03942433
25.36754926	0.03129825	0.00123379	-0.03942044
25.37004926	0.03128143	0.00123301	-0.03941656
25.37254925	0.03126461	0.00123222	-0.03941267
25.37504925	0.03124780	0.00123144	-0.03940879
25.37754924	0.03123100	0.00123065	-0.03940491
25.38004924	0.03121421	0.00122987	-0.03940103
25.38254923	0.03119743	0.00122909	-0.03939715
25.38504923	0.03118065	0.00122831	-0.03939327
25.38754922	0.03116388	0.00122753	-0.03938939
25.39004922	0.03114713	0.00122675	-0.03938551
25.39254921	0.03113037	0.00122596	-0.03938163
25.39504921	0.03111363	0.00122518	-0.03937775
25.39754920	0.03109690	0.00122441	-0.03937388
25.40004920	0.03108017	0.00122363	-0.03937000
25.40254919	0.03106345	0.00122285	-0.03936613
25.40504919	0.03104674	0.00122207	-0.03936225
25.40754918	0.03103004	0.00122129	-0.03935838
25.41004918	0.03101334	0.00122051	-0.03935451
25.41254917	0.03099666	0.00121974	-0.03935064
25.41504917	0.03097998	0.00121896	-0.03934677
25.41754916	0.03096331	0.00121819	-0.03934290
25.42004916	0.03094664	0.00121741	-0.03933903
25.42254915	0.03092999	0.00121664	-0.03933516
25.42504915	0.03091334	0.00121586	-0.03933129
25.42754914	0.03089671	0.00121509	-0.03932742
25.43004914	0.03088008	0.00121431	-0.03932356
25.43254913	0.03086345	0.00121354	-0.03931969
25.43504913	0.03084684	0.00121277	-0.03931583
25.43754912	0.03083023	0.00121200	-0.03931196
25.44004912	0.03081364	0.00121123	-0.03930810
25.44254911	0.03079705	0.00121045	-0.03930424
25.44504911	0.03078047	0.00120968	-0.03930038
25.44754910	0.03076389	0.00120891	-0.03929652
25.45004910	0.03074733	0.00120814	-0.03929266
25.45254909	0.03073077	0.00120737	-0.03928880
25.45504909	0.03071422	0.00120661	-0.03928494
25.45754908	0.03069768	0.00120584	-0.03928108
25.46004908	0.03068114	0.00120507	-0.03927722
25.46254907	0.03066462	0.00120430	-0.03927337
25.46504907	0.03064810	0.00120354	-0.03926951
25.46754906	0.03063159	0.00120277	-0.03926566
25.47004906	0.03061509	0.00120200	-0.03926180
25.47254905	0.03059860	0.00120124	-0.03925795
25.47504905	0.03058211	0.00120047	-0.03925410
25.47754904	0.03056563	0.00119971	-0.03925024
25.48004904	0.03054916	0.00119894	-0.03924639
25.48254903	0.03053270	0.00119818	-0.03924254
25.48504903	0.03051625	0.00119742	-0.03923869
25.48754902	0.03049980	0.00119666	-0.03923484
25.49004902	0.03048337	0.00119589	-0.03923100
25.49254901	0.03046694	0.00119513	-0.03922715
25.49504901	0.03045052	0.00119437	-0.03922330
25.49754900	0.03043410	0.00119361	-0.03921946
25.50004900	0.03041770	0.00119285	-0.03921561
25.50254899	0.03040130	0.00119209	-0.03921177
25.50504899	0.03038491	0.00119133	-0.03920792
25.50754898	0.03036853	0.00119057	-0.03920408
25.51004898	0.03035215	0.00118981	-0.03920024
25.51254897	0.03033579	0.00118905	-0.03919640
25.51504897	0.03031943	0.00118830	-0.03919256
25.51754896	0.03030308	0.00118754	-0.03918872
25.52004896	0.03028674	0.00118678	-0.03918488
25.52254895	0.03027040	0.00118603	-0.03918104
25.52504895	0.03025408	0.00118527	-0.03917720
25.52754894	0.03023776	0.00118451	-0.03917337
25.53004894	0.03022145	0.00118376	-0.03916953
25.53254893	0.03020515	0.00118301	-0.03916569
25.53504893	0.03018885	0.00118225	-0.03916186
25.53754892	0.03017257	0.00118150	-0.03915803
25.54004892	0.03015629	0.00118075	-0.03915419
25.54254891	0.03014002	0.00117999	-0.03915036
25.54504891	0.03012375	0.00117924	-0.03914653
25.54754890	0.03010750	0.00117849	-0.03914270
25.55004890	0.03009125	0.00117774	-0.03913887
25.55254889	0.03007501	0.00117699	-0.03913504
25.55504889	0.03005878	0.00117624	-0.03913121
25.55754888	0.03004256	0.00117549	-0.03912738
25.56004888	0.03002634	0.00117474	-0.03912356
25.56254887	0.03001014	0.00117399	-0.03911973
25.56504887	0.02999394	0.00117324	-0.03911590
25.56754886	0.02997775	0.00117249	-0.03911208
25.57004886	0.02996156	0.00117174	-0.03910826
25.57254885	0.02994539	0.00117100	-0.03910443
25.57504885	0.02992922	0.00117025	-0.03910061
25.57754884	0.02991306	0.00116950	-0.03909679
25.58004884	0.02989691	0.00116876	-0.03909297
25.58254883	0.02988076	0.00116801	-0.03908915
25.58504883	0.02986462	0.00116727	-0.03908533
25.58754882	0.02984850	0.00116652	-0.03908151
25.59004882	0.02983237	0.00116578	-0.03907769
25.59254881	0.02981626	0.00116504	-0.03907387
25.59504881	0.02980016	0.00116429	-0.03907006
25.59754880	0.02978406	0.00116355	-0.03906624
25.60004880	0.02976797	0.00116281	-0.03906243
25.60254879	0.02975189	0.00116207	-0.03905861
25.60504879	0.02973581	0.00116133	-0.03905480
25.60754878	0.02971975	0.00116059	-0.03905098
25.61004878	0.02970369	0.00115985	-0.03904717
25.61254877	0.02968764	0.00115911	-0.03904336
25.61504877	0.02967160	0.00115837	-0.03903955
25.61754876	0.02965556	0.00115763	-0.03903574
25.62004876	0.02963954	0.00115689	-0.03903193
25.62254875	0.02962352	0.00115615	-0.03902812
25.62504875	0.02960751	0.00115541	-0.03902432
25.62754874	0.02959150	0.00115468	-0.03902051
25.63004874	0.02957551	0.00115394	-0.03901670
25.63254873	0.02955952	0.00115320	-0.03901290
25.63504873	0.02954354	0.00115247	-0.03900909
25.63754872	0.02952757	0.00115173	-0.03900529
25.64004872	0.02951160	0.00115100	-0.03900149
25.64254871	0.02949565	0.00115026	-0.03899768
25.64504871	0.02947970	0.00114953	-0.03899388
25.64754870	0.02946376	0.00114879	-0.03899008
25.65004870	0.02944782	0.00114806	-0.03898628
25.65254869	0.02943190	0.00114733	-0.03898248
25.65504869	0.02941598	0.00114660	-0.03897868
25.65754868	0.02940007	0.00114586	-0.03897488
25.66004868	0.02938417	0.00114513	-0.03897109
25.66254867	0.02936827	0.00114440	-0.03896729
25.66504867	0.02935239	0.00114367	-0.03896350
25.66754866	0.02933651	0.00114294	-0.03895970
25.67004866	0.02932064	0.00114221	-0.03895591
25.67254865	0.02930477	0.00114148	-0.03895211
25.67504865	0.02928892	0.00114075	-0.03894832
25.67754864	0.02927307	0.00114003	-0.03894453
25.68004864	0.02925723	0.00113930	-0.03894074
25.68254863	0.02924140	0.00113857	-0.03893695
25.68504863	0.02922557	0.00113784	-0.03893316
25.68754862	0.02920976	0.00113712	-0.03892937
25.69004862	0.02919395	0.00113639	-0.03892558
25.69254861	0.02917815	0.00113567	-0.03892179
25.69504861	0.02916235	0.00113494	-0.03891800
25.69754860	0.02914657	0.00113422	-0.03891422
25.70004860	0.02913079	0.00113349	-0.03891043
25.70254859	0.02911502	0.00113277	-0.03890665
25.70504859	0.02909926	0.00113204	-0.03890286
25.70754858	0.02908350	0.00113132	-0.03889908
25.71004858	0.02906775	0.00113060	-0.03889530
25.71254857	0.02905201	0.00112988	-0.03889152
25.71504857	0.02903628	0.00112916	-0.03888774
25.71754856	0.02902056	0.00112843	-0.03888395
25.72004856	0.02900484	0.00112771	-0.03888018
25.72254855	0.02898913	0.00112699	-0.03887640
25.72504855	0.02897343	0.00112627	-0.03887262
25.72754854	0.02895774	0.00112555	-0.03886884
25.73004854	0.02894205	0.00112483	-0.03886506
25.73254853	0.02892637	0.00112412	-0.03886129
25.73504853	0.02891070	0.00112340	-0.03885751
25.73754852	0.02889504	0.00112268	-0.03885374
25.74004852	0.02887938	0.00112196	-0.03884997
25.74254851	0.02886374	0.00112125	-0.03884619
25.74504851	0.02884810	0.00112053	-0.03884242
25.74754850	0.02883246	0.00111981	-0.03883865
25.75004850	0.02881684	0.00111910	-0.03883488
25.75254849	0.02880122	0.00111838	-0.03883111
25.75504849	0.02878561	0.00111767	-0.03882734
25.75754848	0.02877001	0.00111695	-0.03882357
25.76004848	0.02875442	0.00111624	-0.03881980
25.76254847	0.02873883	0.00111553	-0.03881604
25.76504847	0.02872325	0.00111481	-0.03881227
25.76754846	0.02870768	0.00111410	-0.03880850
25.77004846	0.02869212	0.00111339	-0.03880474
25.77254845	0.02867656	0.00111268	-0.03880097
25.77504845	0.02866101	0.00111197	-0.03879721
25.77754844	0.02864547	0.00111126	-0.03879345
25.78004844	0.02862994	0.00111055	-0.03878969
25.78254843	0.02861442	0.00110984	-0.03878593
25.78504843	0.02859890	0.00110913	-0.03878216
25.78754842	0.02858339	0.00110842	-0.03877841
25.79004842	0.02856789	0.00110771	-0.03877465
25.79254841	0.02855239	0.00110700	-0.03877089
25.79504841	0.02853690	0.00110629	-0.03876713
25.79754840	0.02852142	0.00110559	-0.03876337
25.80004840	0.02850595	0.00110488	-0.03875962
25.80254839	0.02849049	0.00110417	-0.03875586
25.80504839	0.02847503	0.00110347	-0.03875211
25.80754838	0.02845958	0.00110276	-0.03874835
25.81004838	0.02844414	0.00110206	-0.03874460
25.81254837	0.02842870	0.00110135	-0.03874085
25.81504837	0.02841328	0.00110065	-0.03873710
25.81754836	0.02839786	0.00109994	-0.03873334
25.82004836	0.02838245	0.00109924	-0.03872959
25.82254835	0.02836704	0.00109854	-0.03872584
25.82504835	0.02835165	0.00109784	-0.03872210
25.82754834	0.02833626	0.00109713	-0.03871835
25.83004834	0.02832088	0.00109643	-0.03871460
25.83254833	0.02830550	0.00109573	-0.03871085
25.83504833	0.02829014	0.00109503	-0.03870711
25.83754832	0.02827478	0.00109433	-0.03870336
25.84004832	0.02825943	0.00109363	-0.03869962
25.84254831	0.02824408	0.00109293	-0.03869587
25.84504831	0.02822875	0.00109223	-0.03869213
25.84754830	0.02821342	0.00109153	-0.03868839
25.85004830	0.02819810	0.00109083	-0.03868465
25.85254829	0.02818279	0.00109014	-0.03868091
25.85504829	0.02816748	0.00108944	-0.03867717
25.85754828	0.02815218	0.00108874	-0.03867343
25.86004828	0.02813689	0.00108804	-0.03866969
25.86254827	0.02812161	0.00108735	-0.03866595
25.86504827	0.02810633	0.00108665	-0.03866221
25.86754826	0.02809106	0.00108596	-0.03865848
25.87004826	0.02807580	0.00108526	-0.03865474
25.87254825	0.02806055	0.00108457	-0.03865101
25.87504825	0.02804530	0.00108387	-0.03864727
25.87754824	0.02803007	0.00108318	-0.03864354
25.88004824	0.02801484	0.00108249	-0.03863980
25.88254823	0.02799961	0.00108180	-0.03863607
25.88504823	0.02798440	0.00108110	-0.03863234
25.88754822	0.02796919	0.00108041	-0.03862861
25.89004822	0.02795399	0.00107972	-0.03862488
25.89254821	0.02793879	0.00107903	-0.03862115
25.89504821	0.02792361	0.00107834	-0.03861742
25.89754820	0.02790843	0.00107765	-0.03861369
25.90004820	0.02789326	0.00107696	-0.03860997
25.90254819	0.02787810	0.00107627	-0.03860624
25.90504819	0.02786294	0.00107558	-0.03860251
25.90754818	0.02784779	0.00107489	-0.03859879
25.91004818	0.02783265	0.00107420	-0.03859507
25.91254817	0.02781752	0.00107352	-0.03859134
25.91504817	0.02780239	0.00107283	-0.03858762
25.91754816	0.02778727	0.00107214	-0.03858390
25.92004816	0.02777216	0.00107145	-0.03858018
25.92254815	0.02775706	0.00107077	-0.03857645
25.92504815	0.02774196	0.00107008	-0.03857273
25.92754814	0.02772687	0.00106940	-0.03856902
25.93004814	0.02771179	0.00106871	-0.03856530
25.93254813	0.02769672	0.00106803	-0.03856158
25.93504813	0.02768165	0.00106735	-0.03855786
25.93754812	0.02766659	0.00106666	-0.03855415
25.94004812	0.02765154	0.00106598	-0.03855043
25.94254811	0.02763649	0.00106530	-0.03854671
25.94504811	0.02762146	0.00106461	-0.03854300
25.94754810	0.02760643	0.00106393	-0.03853929
25.95004810	0.02759141	0.00106325	-0.03853557
25.95254809	0.02757639	0.00106257	-0.03853186
25.95504809	0.02756138	0.00106189	-0.03852815
25.95754808	0.02754638	0.00106121	-0.03852444
25.96004808	0.02753139	0.00106053	-0.03852073
25.96254807	0.02751641	0.00105985	-0.03851702
25.96504807	0.02750143	0.00105917	-0.03851331
25.96754806	0.02748646	0.00105849	-0.03850960
25.97004806	0.02747150	0.00105781	-0.03850590
25.97254805	0.02745654	0.00105714	-0.03850219
25.97504805	0.02744159	0.00105646	-0.03849849
25.97754804	0.02742665	0.00105578	-0.03849478
25.98004804	0.02741172	0.00105511	-0.03849108
25.98254803	0.02739679	0.00105443	-0.03848737
25.98504803	0.02738187	0.00105375	-0.03848367
25.98754802	0.02736696	0.00105308	-0.03847997
25.99004802	0.02735206	0.00105241	-0.03847627
25.99254801	0.02733716	0.00105173	-0.03847257
25.99504801	0.02732227	0.00105106	-0.03846887
25.99754800	0.02730739	0.00105038	-0.03846517
26.00004800	0.02729252	0.00104971	-0.03846147
26.00254799	0.02727765	0.00104904	-0.03845777
26.00504799	0.02726279	0.00104837	-0.03845407
26.00754798	0.02724794	0.00104769	-0.03845038
26.01004798	0.02723309	0.00104702	-0.03844668
26.01254797	0.02721825	0.00104635	-0.03844299
26.01504797	0.02720342	0.00104568	-0.03843929
26.01754796	0.02718860	0.00104501	-0.03843560
26.02004796	0.02717378	0.00104434	-0.03843190
26.02254795	0.02715898	0.00104367	-0.03842821
26.02504795	0.02714417	0.00104300	-0.03842452
26.02754794	0.02712938	0.00104233	-0.03842083
26.03004794	0.02711459	0.00104167	-0.03841714
26.03254793	0.02709981	0.00104100	-0.03841345
26.03504793	0.02708504	0.00104033	-0.03840976
26.03754792	0.02707028	0.00103966	-0.03840607
26.04004792	0.02705552	0.00103900	-0.03840239
26.04254791	0.02704077	0.00103833	-0.03839870
26.04504791	0.02702603	0.00103766	-0.03839501
26.04754790	0.02701129	0.00103700	-0.03839133
26.05004790	0.02699656	0.00103633	-0.03838765
26.05254789	0.02698184	0.00103567	-0.03838396
26.05504789	0.02696713	0.00103501	-0.03838028
26.05754788	0.02695242	0.00103434	-0.03837660
26.06004788	0.02693772	0.00103368	-0.03837291
26.06254787	0.02692303	0.00103302	-0.03836923
26.06504787	0.02690835	0.00103235	-0.03836555
26.06754786	0.02689367	0.00103169	-0.03836187
26.07004786	0.02687900	0.00103103	-0.03835820
26.07254785	0.02686434	0.00103037	-0.03835452
26.07504785	0.02684968	0.00102971	-0.03835084
26.07754784	0.02683503	0.00102905	-0.03834716
26.08004784	0.02682039	0.00102839	-0.03834349
26.08254783	0.02680576	0.00102773	-0.03833981
26.08504783	0.02679113	0.00102707	-0.03833614
26.08754782	0.02677651	0.00102641	-0.03833246
26.09004782	0.02676190	0.00102575	-0.03832879
26.09254781	0.02674730	0.00102509	-0.03832512
26.09504781	0.02673270	0.00102444	-0.03832145
26.09754780	0.02671811	0.00102378	-0.03831778
26.10004780	0.02670353	0.00102312	-0.03831411
26.10254779	0.02668895	0.00102247	-0.03831044
26.10504779	0.02667438	0.00102181	-0.03830677
26.10754778	0.02665982	0.00102115	-0.03830310
26.11004778	0.02664527	0.00102050	-0.03829943
26.11254777	0.02663072	0.00101984	-0.03829577
26.11504777	0.02661618	0.00101919	-0.03829210
26.11754776	0.02660165	0.00101854	-0.03828843
26.12004776	0.02658712	0.00101788	-0.03828477
26.12254775	0.02657260	0.00101723	-0.03828111
26.12504775	0.02655809	0.00101658	-0.03827744
26.12754774	0.02654359	0.00101592	-0.03827378
26.13004774	0.02652909	0.00101527	-0.03827012
26.13254773	0.02651460	0.00101462	-0.03826646
26.13504773	0.02650012	0.00101397	-0.03826280
26.13754772	0.02648564	0.00101332	-0.03825914
26.14004772	0.02647118	0.00101267	-0.03825548
26.14254771	0.02645672	0.00101202	-0.03825182
26.14504771	0.02644226	0.00101137	-0.03824816
26.14754770	0.02642782	0.00101072	-0.03824450
26.15004770	0.02641338	0.00101007	-0.03824085
26.15254769	0.02639894	0.00100942	-0.03823719
26.15504769	0.02638452	0.00100877	-0.03823354
26.15754768	0.02637010	0.00100813	-0.03822988
26.16004768	0.02635569	0.00100748	-0.03822623
26.16254767	0.02634129	0.00100683	-0.03822258
26.16504767	0.02632689	0.00100619	-0.03821893
26.16754766	0.02631250	0.00100554	-0.03821527
26.17004766	0.02629812	0.00100489	-0.03821162
26.17254765	0.02628375	0.00100425	-0.03820797
26.17504765	0.02626938	0.00100360	-0.03820432
26.17754764	0.02625502	0.00100296	-0.03820068
26.18004764	0.02624067	0.00100232	-0.03819703
26.18254763	0.02622632	0.00100167	-0.03819338
26.18504763	0.02621198	0.00100103	-0.03818973
26.18754762	0.02619765	0.00100039	-0.03818609
26.19004762	0.02618332	0.00099974	-0.03818244
26.19254761	0.02616901	0.00099910	-0.03817880
26.19504761	0.02615469	0.00099846	-0.03817515
26.19754760	0.02614039	0.00099782	-0.03817151
26.20004760	0.02612609	0.00099718	-0.03816787
26.20254759	0.02611181	0.00099654	-0.03816423
26.20504759	0.02609752	0.00099590	-0.03816059
26.20754758	0.02608325	0.00099526	-0.03815695
26.21004758	0.02606898	0.00099462	-0.03815331
26.21254757	0.02605472	0.00099398	-0.03814967
26.21504757	0.02604047	0.00099334	-0.03814603
26.21754756	0.02602622	0.00099270	-0.03814239
26.22004756	0.02601198	0.00099206	-0.03813876
26.22254755	0.02599775	0.00099143	-0.03813512
26.22504755	0.02598352	0.00099079	-0.03813148
26.22754754	0.02596930	0.00099015	-0.03812785
26.23004754	0.02595509	0.00098952	-0.03812422
26.23254753	0.02594089	0.00098888	-0.03812058
26.23504753	0.02592669	0.00098825	-0.03811695
26.23754752	0.02591250	0.00098761	-0.03811332
26.24004752	0.02589832	0.00098698	-0.03810969
26.24254751	0.02588414	0.00098634	-0.03810606
26.24504751	0.02586997	0.00098571	-0.03810243
26.24754750	0.02585581	0.00098508	-0.03809880
26.25004750	0.02584165	0.00098444	-0.03809517
26.25254749	0.02582751	0.00098381	-0.03809154
26.25504749	0.02581337	0.00098318	-0.03808791
26.25754748	0.02579923	0.00098255	-0.03808429
26.26004748	0.02578511	0.00098191	-0.03808066
26.26254747	0.02577099	0.00098128	-0.03807704
26.26504747	0.02575687	0.00098065	-0.03807341
26.26754746	0.02574277	0.00098002	-0.03806979
26.27004746	0.02572867	0.00097939	-0.03806617
26.27254745	0.02571458	0.00097876	-0.03806254
26.27504745	0.02570049	0.00097813	-0.03805892
26.27754744	0.02568642	0.00097750	-0.03805530
26.28004744	0.02567235	0.00097688	-0.03805168
26.28254743	0.02565828	0.00097625	-0.03804806
26.28504743	0.02564423	0.00097562	-0.03804444
26.28754742	0.02563018	0.00097499	-0.03804083
26.29004742	0.02561613	0.00097437	-0.03803721
26.29254741	0.02560210	0.00097374	-0.03803359
26.29504741	0.02558807	0.00097311	-0.03802998
26.29754740	0.02557405	0.00097249	-0.03802636
26.30004740	0.02556003	0.00097186	-0.03802275
26.30254739	0.02554603	0.00097124	-0.03801913
26.30504739	0.02553203	0.00097061	-0.03801552
26.30754738	0.02551803	0.00096999	-0.03801191
26.31004738	0.02550405	0.00096937	-0.03800829
26.31254737	0.02549007	0.00096874	-0.03800468
26.31504737	0.02547609	0.00096812	-0.03800107
26.31754736	0.02546213	0.00096750	-0.03799746
26.32004736	0.02544817	0.00096687	-0.03799385
26.32254735	0.02543422	0.00096625	-0.03799024
26.32504735	0.02542027	0.00096563	-0.03798664
26.32754734	0.02540633	0.00096501	-0.03798303
26.33004734	0.02539240	0.00096439	-0.03797942
26.33254733	0.02537848	0.00096377	-0.03797582
26.33504733	0.02536456	0.00096315	-0.03797221
26.33754732	0.02535065	0.00096253	-0.03796861
26.34004732	0.02533675	0.00096191	-0.03796500
26.34254731	0.02532285	0.00096129	-0.03796140
26.34504731	0.02530896	0.00096067	-0.03795780
26.34754730	0.02529508	0.00096005	-0.03795420
26.35004730	0.02528121	0.00095944	-0.03795060
26.35254729	0.02526734	0.00095882	-0.03794700
26.35504729	0.02525348	0.00095820	-0.03794340
26.35754728	0.02523962	0.00095759	-0.03793980
26.36004728	0.02522578	0.00095697	-0.03793620
26.36254727	0.02521193	0.00095635	-0.03793260
26.36504727	0.02519810	0.00095574	-0.03792900
26.36754726	0.02518427	0.00095512	-0.03792541
26.37004726	0.02517045	0.00095451	-0.03792181
26.37254725	0.02515664	0.00095389	-0.03791822
26.37504725	0.02514283	0.00095328	-0.03791462
26.37754724	0.02512904	0.00095267	-0.03791103
26.38004724	0.02511524	0.00095205	-0.03790744
26.38254723	0.02510146	0.00095144	-0.03790385
26.38504723	0.02508768	0.00095083	-0.03790025
26.38754722	0.02507391	0.00095022	-0.03789666
26.39004722	0.02506014	0.00094961	-0.03789307
26.39254721	0.02504638	0.00094899	-0.03788948
26.39504721	0.02503263	0.00094838	-0.03788590
26.39754720	0.02501889	0.00094777	-0.03788231
26.40004720	0.02500515	0.00094716	-0.03787872
26.40254719	0.02499142	0.00094655	-0.03787513
26.40504719	0.02497770	0.00094594	-0.03787155
26.40754718	0.02496398	0.00094534	-0.03786796
26.41004718	0.02495027	0.00094473	-0.03786438
26.41254717	0.02493657	0.00094412	-0.03786079
26.41504717	0.02492287	0.00094351	-0.03785721
26.41754716	0.02490918	0.00094290	-0.03785363
26.42004716	0.02489550	0.00094230	-0.03785005
26.42254715	0.02488183	0.00094169	-0.03784646
26.42504715	0.02486816	0.00094108	-0.03784288
26.42754714	0.02485449	0.00094048	-0.03783930
26.43004714	0.02484084	0.00093987	-0.03783573
26.43254713	0.02482719	0.00093927	-0.03783215
26.43504713	0.02481355	0.00093866	-0.03782857
26.43754712	0.02479992	0.00093806	-0.03782499
26.44004712	0.02478629	0.00093745	-0.03782142
26.44254711	0.02477267	0.00093685	-0.03781784
26.44504711	0.02475905	0.00093625	-0.03781426
26.44754710	0.02474545	0.00093564	-0.03781069
26.45004710	0.02473185	0.00093504	-0.03780712
26.45254709	0.02471825	0.00093444	-0.03780354
26.45504709	0.02470466	0.00093384	-0.03779997
26.45754708	0.02469108	0.00093323	-0.03779640
26.46004708	0.02467751	0.00093263	-0.03779283
26.46254707	0.02466395	0.00093203	-0.03778926
26.46504707	0.02465039	0.00093143	-0.03778569
26.46754706	0.02463683	0.00093083	-0.03778212
26.47004706	0.02462329	0.00093023	-0.03777855
26.47254705	0.02460975	0.00092963	-0.03777498
26.47504705	0.02459622	0.00092903	-0.03777142
26.47754704	0.02458269	0.00092844	-0.03776785
26.48004704	0.02456917	0.00092784	-0.03776428
26.48254703	0.02455566	0.00092724	-0.03776072
26.48504703	0.02454215	0.00092664	-0.03775715
26.48754702	0.02452865	0.00092604	-0.03775359
26.49004702	0.02451516	0.00092545	-0.03775003
26.49254701	0.02450168	0.00092485	-0.03774647
26.49504701	0.02448820	0.00092426	-0.03774290
26.49754700	0.02447473	0.00092366	-0.03773934
26.50004700	0.02446126	0.00092306	-0.03773578
26.50254699	0.02444781	0.00092247	-0.03773222
26.50504699	0.02443435	0.00092188	-0.03772866
26.50754698	0.02442091	0.00092128	-0.03772511
26.51004698	0.02440747	0.00092069	-0.03772155
26.51254697	0.02439404	0.00092009	-0.03771799
26.51504697	0.02438062	0.00091950	-0.03771443
26.51754696	0.02436720	0.00091891	-0.03771088
26.52004696	0.02435379	0.00091832	-0.03770732
26.52254695	0.02434038	0.00091772	-0.03770377
26.52504695	0.02432699	0.00091713	-0.03770022
26.52754694	0.02431360	0.00091654	-0.03769666
26.53004694	0.02430021	0.00091595	-0.03769311
26.53254693	0.02428684	0.00091536	-0.03768956
26.53504693	0.02427347	0.00091477	-0.03768601
26.53754692	0.02426010	0.00091418	-0.03768246
26.54004692	0.02424674	0.00091359	-0.03767891
26.54254691	0.02423339	0.00091300	-0.03767536
26.54504691	0.02422005	0.00091241	-0.03767181
26.54754690	0.02420671	0.00091182	-0.03766826
26.55004690	0.02419338	0.00091124	-0.03766472
26.55254689	0.02418006	0.00091065	-0.03766117
26.55504689	0.02416674	0.00091006	-0.03765763
26.55754688	0.02415343	0.00090948	-0.03765408
26.56004688	0.02414013	0.00090889	-0.03765054
26.56254687	0.02412683	0.00090830	-0.03764699
26.56504687	0.02411354	0.00090772	-0.03764345
26.56754686	0.02410026	0.00090713	-0.03763991
26.57004686	0.02408698	0.00090655	-0.03763637
26.57254685	0.02407371	0.00090596	-0.03763282
26.57504685	0.02406045	0.00090538	-0.03762928
26.57754684	0.02404719	0.00090479	-0.03762574
26.58004684	0.02403394	0.00090421	-0.03762221
26.58254683	0.02402070	0.00090363	-0.03761867
26.58504683	0.02400746	0.00090304	-0.03761513
26.58754682	0.02399423	0.00090246	-0.03761159
26.59004682	0.02398101	0.00090188	-0.03760806
26.59254681	0.02396779	0.00090130	-0.03760452
26.59504681	0.02395458	0.00090072	-0.03760099
26.59754680	0.02394138	0.00090013	-0.03759745
26.60004680	0.02392818	0.00089955	-0.03759392
26.60254679	0.02391499	0.00089897	-0.03759039
26.60504679	0.02390181	0.00089839	-0.03758685
26.60754678	0.02388863	0.00089781	-0.03758332
26.61004678	0.02387546	0.00089723	-0.03757979
26.61254677	0.02386230	0.00089666	-0.03757626
26.61504677	0.02384914	0.00089608	-0.03757273
26.61754676	0.02383599	0.00089550	-0.03756920
26.62004676	0.02382285	0.00089492	-0.03756567
26.62254675	0.02380971	0.00089434	-0.03756215
26.62504675	0.02379658	0.00089377	-0.03755862
26.62754674	0.02378346	0.00089319	-0.03755509
26.63004674	0.02377034	0.00089261	-0.03755157
26.63254673	0.02375723	0.00089204	-0.03754804
26.63504673	0.02374412	0.00089146	-0.03754452
26.63754672	0.02373103	0.00089089	-0.03754099
26.64004672	0.02371794	0.00089031	-0.03753747
26.64254671	0.02370485	0.00088974	-0.03753395
26.64504671	0.02369177	0.00088916	-0.03753043
26.64754670	0.02367870	0.00088859	-0.03752691
26.65004670	0.02366564	0.00088801	-0.03752339
26.65254669	0.02365258	0.00088744	-0.03751987
26.65504669	0.02363953	0.00088687	-0.03751635
26.65754668	0.02362648	0.00088630	-0.03751283
26.66004668	0.02361345	0.00088572	-0.03750931
26.66254667	0.02360041	0.00088515	-0.03750579
26.66504667	0.02358739	0.00088458	-0.03750228
26.66754666	0.02357437	0.00088401	-0.03749876
26.67004666	0.02356136	0.00088344	-0.03749525
26.67254665	0.02354835	0.00088287	-0.03749173
26.67504665	0.02353536	0.00088230	-0.03748822
26.67754664	0.02352236	0.00088173	-0.03748471
26.68004664	0.02350938	0.00088116	-0.03748119
26.68254663	0.02349640	0.00088059	-0.03747768
26.68504663	0.02348343	0.00088002	-0.03747417
26.68754662	0.02347046	0.00087945	-0.03747066
26.69004662	0.02345750	0.00087889	-0.03746715
26.69254661	0.02344455	0.00087832	-0.03746364
26.69504661	0.02343160	0.00087775	-0.03746013
26.69754660	0.02341866	0.00087718	-0.03745663
26.70004660	0.02340573	0.00087662	-0.03745312
26.70254659	0.02339280	0.00087605	-0.03744961
26.70504659	0.02337988	0.00087549	-0.03744611
26.70754658	0.02336697	0.00087492	-0.03744260
26.71004658	0.02335406	0.00087435	-0.03743910
26.71254657	0.02334116	0.00087379	-0.03743559
26.71504657	0.02332826	0.00087323	-0.03743209
26.71754656	0.02331538	0.00087266	-0.03742859
26.72004656	0.02330250	0.00087210	-0.03742508
26.72254655	0.02328962	0.00087153	-0.03742158
26.72504655	0.02327675	0.00087097	-0.03741808
26.72754654	0.02326389	0.00087041	-0.03741458
26.73004654	0.02325104	0.00086985	-0.03741108
26.73254653	0.02323819	0.00086928	-0.03740758
26.73504653	0.02322534	0.00086872	-0.03740409
26.73754652	0.02321251	0.00086816	-0.03740059
26.74004652	0.02319968	0.00086760	-0.03739709
26.74254651	0.02318686	0.00086704	-0.03739360
26.74504651	0.02317404	0.00086648	-0.03739010
26.74754650	0.02316123	0.00086592	-0.03738661
26.75004650	0.02314843	0.00086536	-0.03738311
26.75254649	0.02313563	0.00086480	-0.03737962
26.75504649	0.02312284	0.00086424	-0.03737613
26.75754648	0.02311006	0.00086368	-0.03737263
26.76004648	0.02309728	0.00086313	-0.03736914
26.76254647	0.02308451	0.00086257	-0.03736565
26.76504647	0.02307174	0.00086201	-0.03736216
26.76754646	0.02305898	0.00086145	-0.03735867
26.77004646	0.02304623	0.00086090	-0.03735518
26.77254645	0.02303349	0.00086034	-0.03735170
26.77504645	0.02302075	0.00085978	-0.03734821
26.77754644	0.02300802	0.00085923	-0.03734472
26.78004644	0.02299529	0.00085867	-0.03734123
26.78254643	0.02298257	0.00085812	-0.03733775
26.78504643	0.02296986	0.00085756	-0.03733426
26.78754642	0.02295715	0.00085701	-0.03733078
26.79004642	0.02294445	0.00085645	-0.03732730
26.79254641	0.02293176	0.00085590	-0.03732381
26.79504641	0.02291907	0.00085535	-0.03732033
26.79754640	0.02290639	0.00085479	-0.03731685
26.80004640	0.02289372	0.00085424	-0.03731337
26.80254639	0.02288105	0.00085369	-0.03730989
26.80504639	0.02286839	0.00085314	-0.03730641
26.80754638	0.02285573	0.00085259	-0.03730293
26.81004638	0.02284308	0.00085203	-0.03729945
26.81254637	0.02283044	0.00085148	-0.03729597
26.81504637	0.02281780	0.00085093	-0.03729250
26.81754636	0.02280517	0.00085038	-0.03728902
26.82004636	0.02279255	0.00084983	-0.03728554
26.82254635	0.02277993	0.00084928	-0.03728207
26.82504635	0.02276732	0.00084873	-0.03727859
26.82754634	0.02275472	0.00084818	-0.03727512
26.83004634	0.02274212	0.00084764	-0.03727165
26.83254633	0.02272953	0.00084709	-0.03726817
26.83504633	0.02271695	0.00084654	-0.03726470
26.83754632	0.02270437	0.00084599	-0.03726123
26.84004632	0.02269180	0.00084545	-0.03725776
26.84254631	0.02267923	0.00084490	-0.03725429
26.84504631	0.02266667	0.00084435	-0.03725082
26.84754630	0.02265412	0.00084381	-0.03724735
26.85004630	0.02264157	0.00084326	-0.03724388
26.85254629	0.02262903	0.00084271	-0.03724042
26.85504629	0.02261650	0.00084217	-0.03723695
26.85754628	0.02260397	0.00084162	-0.03723348
26.86004628	0.02259145	0.00084108	-0.03723002
26.86254627	0.02257893	0.00084054	-0.03722655
26.86504627	0.02256642	0.00083999	-0.03722309
26.86754626	0.02255392	0.00083945	-0.03721963
26.87004626	0.02254143	0.00083891	-0.03721616
26.87254625	0.02252894	0.00083836	-0.03721270
26.87504625	0.02251645	0.00083782	-0.03720924
26.87754624	0.02250398	0.00083728	-0.03720578
26.88004624	0.02249151	0.00083674	-0.03720232
26.88254623	0.02247904	0.00083619	-0.03719886
26.88504623	0.02246658	0.00083565	-0.03719540
26.88754622	0.02245413	0.00083511	-0.03719194
26.89004622	0.02244169	0.00083457	-0.03718848
26.89254621	0.02242925	0.00083403	-0.03718502
26.89504621	0.02241682	0.00083349	-0.03718157
26.89754620	0.02240439	0.00083295	-0.03717811
26.90004620	0.02239197	0.00083241	-0.03717466
26.90254619	0.02237956	0.00083187	-0.03717120
26.90504619	0.02236715	0.00083134	-0.03716775
26.90754618	0.02235475	0.00083080	-0.03716430
26.91004618	0.02234235	0.00083026	-0.03716084
26.91254617	0.02232996	0.00082972	-0.03715739
26.91504617	0.02231758	0.00082919	-0.03715394
26.91754616	0.02230521	0.00082865	-0.03715049
26.92004616	0.02229284	0.00082811	-0.03714704
26.92254615	0.02228047	0.00082758	-0.03714359
26.92504615	0.02226812	0.00082704	-0.03714014
26.92754614	0.02225577	0.00082651	-0.03713669
26.93004614	0.02224342	0.00082597	-0.03713324
26.93254613	0.02223108	0.00082544	-0.03712980
26.93504613	0.02221875	0.00082490	-0.03712635
26.93754612	0.02220642	0.00082437	-0.03712291
26.94004612	0.02219411	0.00082383	-0.03711946
26.94254611	0.02218179	0.00082330	-0.03711602
26.94504611	0.02216949	0.00082277	-0.03711257
26.94754610	0.02215718	0.00082223	-0.03710913
26.95004610	0.02214489	0.00082170	-0.03710569
26.95254609	0.02213260	0.00082117	-0.03710225
26.95504609	0.02212032	0.00082064	-0.03709881
26.95754608	0.02210804	0.00082011	-0.03709536
26.96004608	0.02209577	0.00081957	-0.03709192
26.96254607	0.02208351	0.00081904	-0.03708849
26.96504607	0.02207125	0.00081851	-0.03708505
26.96754606	0.02205900	0.00081798	-0.03708161
26.97004606	0.02204676	0.00081745	-0.03707817
26.97254605	0.02203452	0.00081692	-0.03707474
26.97504605	0.02202229	0.00081639	-0.03707130
26.97754604	0.02201006	0.00081587	-0.03706786
26.98004604	0.02199784	0.00081534	-0.03706443
26.98254603	0.02198563	0.00081481	-0.03706099
26.98504603	0.02197342	0.00081428	-0.03705756
26.98754602	0.02196122	0.00081375	-0.03705413
26.99004602	0.02194903	0.00081323	-0.03705070
26.99254601	0.02193684	0.00081270	-0.03704726
26.99504601	0.02192466	0.00081217	-0.03704383
26.99754600	0.02191248	0.00081165	-0.03704040
27.00004600	0.02190031	0.00081112	-0.03703697
27.00254599	0.02188815	0.00081060	-0.03703354
27.00504599	0.02187599	0.00081007	-0.03703012
27.00754598	0.02186384	0.00080955	-0.03702669
27.01004598	0.02185169	0.00080902	-0.03702326
27.01254597	0.02183955	0.00080850	-0.03701984
27.01504597	0.02182742	0.00080797	-0.03701641
27.01754596	0.02181530	0.00080745	-0.03701298
27.02004596	0.02180317	0.00080693	-0.03700956
27.02254595	0.02179106	0.00080640	-0.03700614
27.02504595	0.02177895	0.00080588	-0.03700271
27.02754594	0.02176685	0.00080536	-0.03699929
27.03004594	0.02175475	0.00080484	-0.03699587
27.03254593	0.02174267	0.00080431	-0.03699245
27.03504593	0.02173058	0.00080379	-0.03698903
27.03754592	0.02171850	0.00080327	-0.03698561
27.04004592	0.02170643	0.00080275	-0.03698219
27.04254591	0.02169437	0.00080223	-0.03697877
27.04504591	0.02168231	0.00080171	-0.03697535
27.04754590	0.02167026	0.00080119	-0.03697193
27.05004590	0.02165821	0.00080067	-0.03696851
27.05254589	0.02164617	0.00080015	-0.03696510
27.05504589	0.02163414	0.00079963	-0.03696168
27.05754588	0.02162211	0.00079912	-0.03695827
27.06004588	0.02161009	0.00079860	-0.03695485
27.06254587	0.02159807	0.00079808	-0.03695144
27.06504587	0.02158606	0.00079756	-0.03694803
27.06754586	0.02157406	0.00079705	-0.03694461
27.07004586	0.02156206	0.00079653	-0.03694120
27.07254585	0.02155007	0.00079601	-0.03693779
27.07504585	0.02153808	0.00079550	-0.03693438
27.07754584	0.02152610	0.00079498	-0.03693097
27.08004584	0.02151413	0.00079446	-0.03692756
27.08254583	0.02150216	0.00079395	-0.03692415
27.08504583	0.02149020	0.00079343	-0.03692074
27.08754582	0.02147825	0.00079292	-0.03691733
27.09004582	0.02146630	0.00079241	-0.03691393
27.09254581	0.02145436	0.00079189	-0.03691052
27.09504581	0.02144242	0.00079138	-0.03690712
27.09754580	0.02143049	0.00079086	-0.03690371
27.10004580	0.02141857	0.00079035	-0.03690031
27.10254579	0.02140665	0.00078984	-0.03689690
27.10504579	0.02139474	0.00078933	-0.03689350
27.10754578	0.02138283	0.00078881	-0.03689010
27.11004578	0.02137093	0.00078830	-0.03688670
27.11254577	0.02135904	0.00078779	-0.03688329
27.11504577	0.02134715	0.00078728	-0.03687989
27.11754576	0.02133527	0.00078677	-0.03687649
27.12004576	0.02132339	0.00078626	-0.03687309
27.12254575	0.02131152	0.00078575	-0.03686970
27.12504575	0.02129966	0.00078524	-0.03686630
27.12754574	0.02128780	0.00078473	-0.03686290
27.13004574	0.02127595	0.00078422	-0.03685950
27.13254573	0.02126411	0.00078371	-0.03685611
27.13504573	0.02125227	0.00078320	-0.03685271
27.13754572	0.02124043	0.00078270	-0.03684932
27.14004572	0.02122861	0.00078219	-0.03684592
27.14254571	0.02121679	0.00078168	-0.03684253
27.14504571	0.02120497	0.00078117	-0.03683913
27.14754570	0.02119316	0.00078067	-0.03683574
27.15004570	0.02118136	0.00078016	-0.03683235
27.15254569	0.02116956	0.00077965	-0.03682896
27.15504569	0.02115777	0.00077915	-0.03682557
27.15754568	0.02114599	0.00077864	-0.03682218
27.16004568	0.02113421	0.00077814	-0.03681879
27.16254567	0.02112243	0.00077763	-0.03681540
27.16504567	0.02111067	0.00077713	-0.03681201
27.16754566	0.02109891	0.00077662	-0.03680862
27.17004566	0.02108715	0.00077612	-0.03680524
27.17254565	0.02107540	0.00077561	-0.03680185
27.17504565	0.02106366	0.00077511	-0.03679847
27.17754564	0.02105192	0.00077461	-0.03679508
27.18004564	0.02104019	0.00077410	-0.03679170
27.18254563	0.02102847	0.00077360	-0.03678831
27.18504563	0.02101675	0.00077310	-0.03678493
27.18754562	0.02100504	0.00077260	-0.03678155
27.19004562	0.02099333	0.00077210	-0.03677817
27.19254561	0.02098163	0.00077159	-0.03677478
27.19504561	0.02096994	0.00077109	-0.03677140
27.19754560	0.02095825	0.00077059	-0.03676802
27.20004560	0.02094656	0.00077009	-0.03676464
27.20254559	0.02093489	0.00076959	-0.03676127
27.20504559	0.02092322	0.00076909	-0.03675789
27.20754558	0.02091155	0.00076859	-0.03675451
27.21004558	0.02089989	0.00076809	-0.03675113
27.21254557	0.02088824	0.00076760	-0.03674776
27.21504557	0.02087659	0.00076710	-0.03674438
27.21754556	0.02086495	0.00076660	-0.03674101
27.22004556	0.02085332	0.00076610	-0.03673763
27.22254555	0.02084169	0.00076560	-0.03673426
27.22504555	0.02083007	0.00076511	-0.03673088
27.22754554	0.02081845	0.00076461	-0.03672751
27.23004554	0.02080684	0.00076411	-0.03672414
27.23254553	0.02079523	0.00076362	-0.03672077
27.23504553	0.02078363	0.00076312	-0.03671740
27.23754552	0.02077204	0.00076263	-0.03671403
27.24004552	0.02076045	0.00076213	-0.03671066
27.24254551	0.02074887	0.00076163	-0.03670729
27.24504551	0.02073730	0.00076114	-0.03670392
27.24754550	0.02072573	0.00076065	-0.03670055
27.25004550	0.02071416	0.00076015	-0.03669719
27.25254549	0.02070260	0.00075966	-0.03669382
27.25504549	0.02069105	0.00075916	-0.03669045
27.25754548	0.02067951	0.00075867	-0.03668709
27.26004548	0.02066797	0.00075818	-0.03668372
27.26254547	0.02065643	0.00075769	-0.03668036
27.26504547	0.02064490	0.00075719	-0.03667700
27.26754546	0.02063338	0.00075670	-0.03667363
27.27004546	0.02062187	0.00075621	-0.03667027
27.27254545	0.02061036	0.00075572	-0.03666691
27.27504545	0.02059885	0.00075523	-0.03666355
27.27754544	0.02058735	0.00075474	-0.03666019
27.28004544	0.02057586	0.00075425	-0.03665683
27.28254543	0.02056437	0.00075376	-0.03665347
27.28504543	0.02055289	0.00075327	-0.03665011
27.28754542	0.02054142	0.00075278	-0.03664676
27.29004542	0.02052995	0.00075229	-0.03664340
27.29254541	0.02051849	0.00075180	-0.03664004
27.29504541	0.02050703	0.00075131	-0.03663669
27.29754540	0.02049558	0.00075082	-0.03663333
27.30004540	0.02048413	0.00075033	-0.03662998
27.30254539	0.02047269	0.00074985	-0.03662662
27.30504539	0.02046126	0.00074936	-0.03662327
27.30754538	0.02044983	0.00074887	-0.03661992
27.31004538	0.02043841	0.00074838	-0.03661656
27.31254537	0.02042699	0.00074790	-0.03661321
27.31504537	0.02041558	0.00074741	-0.03660986
27.31754536	0.02040418	0.00074693	-0.03660651
27.32004536	0.02039278	0.00074644	-0.03660316
27.32254535	0.02038139	0.00074595	-0.03659981
27.32504535	0.02037000	0.00074547	-0.03659646
27.32754534	0.02035862	0.00074499	-0.03659311
27.33004534	0.02034724	0.00074450	-0.03658977
27.33254533	0.02033587	0.00074402	-0.03658642
27.33504533	0.02032451	0.00074353	-0.03658307
27.33754532	0.02031315	0.00074305	-0.03657973
27.34004532	0.02030180	0.00074257	-0.03657638
27.34254531	0.02029045	0.00074208	-0.03657304
27.34504531	0.02027911	0.00074160	-0.03656970
27.34754530	0.02026778	0.00074112	-0.03656635
27.35004530	0.02025645	0.00074064	-0.03656301
27.35254529	0.02024513	0.00074016	-0.03655967
27.35504529	0.02023381	0.00073967	-0.03655633
27.35754528	0.02022250	0.00073919	-0.03655299
27.36004528	0.02021120	0.00073871	-0.03654965
27.36254527	0.02019990	0.00073823	-0.03654631
27.36504527	0.02018860	0.00073775	-0.03654297
27.36754526	0.02017732	0.00073727	-0.03653963
27.37004526	0.02016603	0.00073679	-0.03653629
27.37254525	0.02015476	0.00073631	-0.03653296
27.37504525	0.02014349	0.00073583	-0.03652962
27.37754524	0.02013222	0.00073536	-0.03652628
27.38004524	0.02012096	0.00073488	-0.03652295
27.38254523	0.02010971	0.00073440	-0.03651961
27.38504523	0.02009846	0.00073392	-0.03651628
27.38754522	0.02008722	0.00073344	-0.03651295
27.39004522	0.02007599	0.00073297	-0.03650961
27.39254521	0.02006476	0.00073249	-0.03650628
27.39504521	0.02005353	0.00073201	-0.03650295
27.39754520	0.02004231	0.00073154	-0.03649962
27.40004520	0.02003110	0.00073106	-0.03649629
27.40254519	0.02001990	0.00073059	-0.03649296
27.40504519	0.02000869	0.00073011	-0.03648963
27.40754518	0.01999750	0.00072963	-0.03648630
27.41004518	0.01998631	0.00072916	-0.03648298
27.41254517	0.01997513	0.00072869	-0.03647965
27.41504517	0.01996395	0.00072821	-0.03647632
27.41754516	0.01995278	0.00072774	-0.03647300
27.42004516	0.01994161	0.00072726	-0.03646967
27.42254515	0.01993045	0.00072679	-0.03646635
27.42504515	0.01991929	0.00072632	-0.03646302
27.42754514	0.01990815	0.00072584	-0.03645970
27.43004514	0.01989700	0.00072537	-0.03645637
27.43254513	0.01988586	0.00072490	-0.03645305
27.43504513	0.01987473	0.00072443	-0.03644973
27.43754512	0.01986361	0.00072396	-0.03644641
27.44004512	0.01985249	0.00072349	-0.03644309
27.44254511	0.01984137	0.00072301	-0.03643977
27.44504511	0.01983026	0.00072254	-0.03643645
27.44754510	0.01981916	0.00072207	-0.03643313
27.45004510	0.01980806	0.00072160	-0.03642981
27.45254509	0.01979697	0.00072113	-0.03642650
27.45504509	0.01978588	0.00072066	-0.03642318
27.45754508	0.01977480	0.00072020	-0.03641986
27.46004508	0.01976373	0.00071973	-0.03641655
27.46254507	0.01975266	0.00071926	-0.03641323
27.46504507	0.01974160	0.00071879	-0.03640992
27.46754506	0.01973054	0.00071832	-0.03640660
27.47004506	0.01971949	0.00071785	-0.03640329
27.47254505	0.01970844	0.00071739	-0.03639998
27.47504505	0.01969740	0.00071692	-0.03639666
27.47754504	0.01968637	0.00071645	-0.03639335
27.48004504	0.01967534	0.00071599	-0.03639004
27.48254503	0.01966431	0.00071552	-0.03638673
27.48504503	0.01965330	0.00071505	-0.03638342
27.48754502	0.01964228	0.00071459	-0.03638011
27.49004502	0.01963128	0.00071412	-0.03637680
27.49254501	0.01962028	0.00071366	-0.03637350
27.49504501	0.01960928	0.00071319	-0.03637019
27.49754500	0.01959829	0.00071273	-0.03636688
27.50004500	0.01958731	0.00071226	-0.03636358
27.50254499	0.01957633	0.00071180	-0.03636027
27.50504499	0.01956536	0.00071134	-0.03635697
27.50754498	0.01955439	0.00071087	-0.03635366
27.51004498	0.01954343	0.00071041	-0.03635036
27.51254497	0.01953248	0.00070995	-0.03634706
27.51504497	0.01952153	0.00070949	-0.03634375
27.51754496	0.01951058	0.00070902	-0.03634045
27.52004496	0.01949964	0.00070856	-0.03633715
27.52254495	0.01948871	0.00070810	-0.03633385
27.52504495	0.01947778	0.00070764	-0.03633055
27.52754494	0.01946686	0.00070718	-0.03632725
27.53004494	0.01945595	0.00070672	-0.03632395
27.53254493	0.01944504	0.00070626	-0.03632065
27.53504493	0.01943413	0.00070580	-0.03631735
27.53754492	0.01942323	0.00070534	-0.03631406
27.54004492	0.01941234	0.00070488	-0.03631076
27.54254491	0.01940145	0.00070442	-0.03630747
27.54504491	0.01939057	0.00070396	-0.03630417
27.54754490	0.01937970	0.00070350	-0.03630088
27.55004490	0.01936883	0.00070304	-0.03629758
27.55254489	0.01935796	0.00070258	-0.03629429
27.55504489	0.01934710	0.00070213	-0.03629100
27.55754488	0.01933625	0.00070167	-0.03628770
27.56004488	0.01932540	0.00070121	-0.03628441
27.56254487	0.01931456	0.00070075	-0.03628112
27.56504487	0.01930372	0.00070030	-0.03627783
27.56754486	0.01929289	0.00069984	-0.03627454
27.57004486	0.01928206	0.00069938	-0.03627125
27.57254485	0.01927124	0.00069893	-0.03626796
27.57504485	0.01926043	0.00069847	-0.03626467
27.57754484	0.01924962	0.00069802	-0.03626139
27.58004484	0.01923881	0.00069756	-0.03625810
27.58254483	0.01922802	0.00069711	-0.03625481
27.58504483	0.01921722	0.00069665	-0.03625153
27.58754482	0.01920644	0.00069620	-0.03624824
27.59004482	0.01919566	0.00069575	-0.03624496
27.59254481	0.01918488	0.00069529	-0.03624167
27.59504481	0.01917411	0.00069484	-0.03623839
27.59754480	0.01916335	0.00069439	-0.03623511
27.60004480	0.01915259	0.00069393	-0.03623183
27.60254479	0.01914184	0.00069348	-0.03622854
27.60504479	0.01913109	0.00069303	-0.03622526
27.60754478	0.01912035	0.00069258	-0.03622198
27.61004478	0.01910961	0.00069213	-0.03621870
27.61254477	0.01909888	0.00069167	-0.03621542
27.61504477	0.01908815	0.00069122	-0.03621214
27.61754476	0.01907743	0.00069077	-0.03620887
27.62004476	0.01906672	0.00069032	-0.03620559
27.62254475	0.01905601	0.00068987	-0.03620231
27.62504475	0.01904531	0.00068942	-0.03619904
27.62754474	0.01903461	0.00068897	-0.03619576
27.63004474	0.01902392	0.00068852	-0.03619249
27.63254473	0.01901323	0.00068807	-0.03618921
27.63504473	0.01900255	0.00068763	-0.03618594
27.63754472	0.01899187	0.00068718	-0.03618266
27.64004472	0.01898120	0.00068673	-0.03617939
27.64254471	0.01897054	0.00068628	-0.03617612
27.64504471	0.01895988	0.00068583	-0.03617285
27.64754470	0.01894923	0.00068539	-0.03616958
27.65004470	0.01893858	0.00068494	-0.03616631
27.65254469	0.01892794	0.00068449	-0.03616304
27.65504469	0.01891730	0.00068405	-0.03615977
27.65754468	0.01890667	0.00068360	-0.03615650
27.66004468	0.01889604	0.00068315	-0.03615323
27.66254467	0.01888542	0.00068271	-0.03614996
27.66504467	0.01887481	0.00068226	-0.03614670
27.66754466	0.01886420	0.00068182	-0.03614343
27.67004466	0.01885360	0.00068137	-0.03614017
27.67254465	0.01884300	0.00068093	-0.03613690
27.67504465	0.01883240	0.00068048	-0.03613364
27.67754464	0.01882182	0.00068004	-0.03613037
27.68004464	0.01881124	0.00067960	-0.03612711
27.68254463	0.01880066	0.00067915	-0.03612385
27.68504463	0.01879009	0.00067871	-0.03612058
27.68754462	0.01877952	0.00067827	-0.03611732
27.69004462	0.01876896	0.00067782	-0.03611406
27.69254461	0.01875841	0.00067738	-0.03611080
27.69504461	0.01874786	0.00067694	-0.03610754
27.69754460	0.01873732	0.00067650	-0.03610428
27.70004460	0.01872678	0.00067606	-0.03610102
27.70254459	0.01871625	0.00067561	-0.03609777
27.70504459	0.01870572	0.00067517	-0.03609451
27.70754458	0.01869520	0.00067473	-0.03609125
27.71004458	0.01868468	0.00067429	-0.03608800
27.71254457	0.01867417	0.00067385	-0.03608474
27.71504457	0.01866367	0.00067341	-0.03608149
27.71754456	0.01865317	0.00067297	-0.03607823
27.72004456	0.01864267	0.00067253	-0.03607498
27.72254455	0.01863218	0.00067209	-0.03607172
27.72504455	0.01862170	0.00067166	-0.03606847
27.72754454	0.01861122	0.00067122	-0.03606522
27.73004454	0.01860075	0.00067078	-0.03606197
27.73254453	0.01859028	0.00067034	-0.03605872
27.73504453	0.01857982	0.00066990	-0.03605547
27.73754452	0.01856936	0.00066947	-0.03605222
27.74004452	0.01855891	0.00066903	-0.03604897
27.74254451	0.01854847	0.00066859	-0.03604572
27.74504451	0.01853803	0.00066816	-0.03604247
27.74754450	0.01852759	0.00066772	-0.03603923
27.75004450	0.01851717	0.00066728	-0.03603598
27.75254449	0.01850674	0.00066685	-0.03603273
27.75504449	0.01849632	0.00066641	-0.03602949
27.75754448	0.01848591	0.00066598	-0.03602624
27.76004448	0.01847550	0.00066554	-0.03602300
27.76254447	0.01846510	0.00066511	-0.03601975
27.76504447	0.01845470	0.00066467	-0.03601651
27.76754446	0.01844431	0.00066424	-0.03601327
27.77004446	0.01843393	0.00066381	-0.03601003
27.77254445	0.01842355	0.00066337	-0.03600678
27.77504445	0.01841317	0.00066294	-0.03600354
27.77754444	0.01840280	0.00066251	-0.03600030
27.78004444	0.01839244	0.00066207	-0.03599706
27.78254443	0.01838208	0.00066164	-0.03599382
27.78504443	0.01837173	0.00066121	-0.03599058
27.78754442	0.01836138	0.00066078	-0.03598735
27.79004442	0.01835104	0.00066035	-0.03598411
27.79254441	0.01834070	0.00065991	-0.03598087
27.79504441	0.01833037	0.00065948	-0.03597764
27.79754440	0.01832004	0.00065905	-0.03597440
27.80004440	0.01830972	0.00065862	-0.03597117
27.80254439	0.01829940	0.00065819	-0.03596793
27.80504439	0.01828909	0.00065776	-0.03596470
27.80754438	0.01827879	0.00065733	-0.03596146
27.81004438	0.01826849	0.00065690	-0.03595823
27.81254437	0.01825819	0.00065647	-0.03595500
27.81504437	0.01824791	0.00065604	-0.03595177
27.81754436	0.01823762	0.00065562	-0.03594854
27.82004436	0.01822734	0.00065519	-0.03594531
27.82254435	0.01821707	0.00065476	-0.03594208
27.82504435	0.01820680	0.00065433	-0.03593885
27.82754434	0.01819654	0.00065390	-0.03593562
27.83004434	0.01818628	0.00065348	-0.03593239
27.83254433	0.01817603	0.00065305	-0.03592916
27.83504433	0.01816579	0.00065262	-0.03592594
27.83754432	0.01815555	0.00065220	-0.03592271
27.84004432	0.01814531	0.00065177	-0.03591948
27.84254431	0.01813508	0.00065134	-0.03591626
27.84504431	0.01812486	0.00065092	-0.03591303
27.84754430	0.01811464	0.00065049	-0.03590981
27.85004430	0.01810442	0.00065007	-0.03590659
27.85254429	0.01809421	0.00064964	-0.03590336
27.85504429	0.01808401	0.00064922	-0.03590014
27.85754428	0.01807381	0.00064879	-0.03589692
27.86004428	0.01806362	0.00064837	-0.03589370
27.86254427	0.01805343	0.00064795	-0.03589048
27.86504427	0.01804325	0.00064752	-0.03588726
27.86754426	0.01803307	0.00064710	-0.03588404
27.87004426	0.01802290	0.00064668	-0.03588082
27.87254425	0.01801273	0.00064625	-0.03587760
27.87504425	0.01800257	0.00064583	-0.03587438
27.87754424	0.01799242	0.00064541	-0.03587117
27.88004424	0.01798227	0.00064499	-0.03586795
27.88254423	0.01797212	0.00064457	-0.03586473
27.88504423	0.01796198	0.00064414	-0.03586152
27.88754422	0.01795185	0.00064372	-0.03585830
27.89004422	0.01794172	0.00064330	-0.03585509
27.89254421	0.01793159	0.00064288	-0.03585187
27.89504421	0.01792148	0.00064246	-0.03584866
27.89754420	0.01791136	0.00064204	-0.03584545
27.90004420	0.01790125	0.00064162	-0.03584224
27.90254419	0.01789115	0.00064120	-0.03583903
27.90504419	0.01788105	0.00064078	-0.03583581
27.90754418	0.01787096	0.00064036	-0.03583260
27.91004418	0.01786087	0.00063994	-0.03582940
27.91254417	0.01785079	0.00063953	-0.03582619
27.91504417	0.01784072	0.00063911	-0.03582298
27.91754416	0.01783064	0.00063869	-0.03581977
27.92004416	0.01782058	0.00063827	-0.03581656
27.92254415	0.01781052	0.00063785	-0.03581336
27.92504415	0.01780046	0.00063744	-0.03581015
27.92754414	0.01779041	0.00063702	-0.03580694
27.93004414	0.01778037	0.00063660	-0.03580374
27.93254413	0.01777033	0.00063619	-0.03580053
27.93504413	0.01776029	0.00063577	-0.03579733
27.93754412	0.01775026	0.00063536	-0.03579413
27.94004412	0.01774024	0.00063494	-0.03579092
27.94254411	0.01773022	0.00063452	-0.03578772
27.94504411	0.01772021	0.00063411	-0.03578452
27.94754410	0.01771020	0.00063369	-0.03578132
27.95004410	0.01770019	0.00063328	-0.03577812
27.95254409	0.01769020	0.00063287	-0.03577492
27.95504409	0.01768020	0.00063245	-0.03577172
27.95754408	0.01767022	0.00063204	-0.03576852
27.96004408	0.01766023	0.00063162	-0.03576532
27.96254407	0.01765026	0.00063121	-0.03576213
27.96504407	0.01764029	0.00063080	-0.03575893
27.96754406	0.01763032	0.00063038	-0.03575573
27.97004406	0.01762036	0.00062997	-0.03575254
27.97254405	0.01761040	0.00062956	-0.03574934
27.97504405	0.01760045	0.00062915	-0.03574615
27.97754404	0.01759050	0.00062874	-0.03574295
27.98004404	0.01758056	0.00062833	-0.03573976
27.98254403	0.01757063	0.00062791	-0.03573656
27.98504403	0.01756070	0.00062750	-0.03573337
27.98754402	0.01755077	0.00062709	-0.03573018
27.99004402	0.01754085	0.00062668	-0.03572699
27.99254401	0.01753094	0.00062627	-0.03572380
27.99504401	0.01752103	0.00062586	-0.03572061
27.99754400	0.01751112	0.00062545	-0.03571742
28.00004400	0.01750123	0.00062504	-0.03571423
28.00254399	0.01749133	0.00062463	-0.03571104
28.00504399	0.01748144	0.00062422	-0.03570785
28.00754398	0.01747156	0.00062382	-0.03570467
28.01004398	0.01746168	0.00062341	-0.03570148
28.01254397	0.01745181	0.00062300	-0.03569829
28.01504397	0.01744194	0.00062259	-0.03569511
28.01754396	0.01743208	0.00062218	-0.03569192
28.02004396	0.01742222	0.00062178	-0.03568874
28.02254395	0.01741237	0.00062137	-0.03568555
28.02504395	0.01740252	0.00062096	-0.03568237
28.02754394	0.01739268	0.00062056	-0.03567919
28.03004394	0.01738284	0.00062015	-0.03567601
28.03254393	0.01737301	0.00061974	-0.03567282
28.03504393	0.01736318	0.00061934	-0.03566964
28.03754392	0.01735336	0.00061893	-0.03566646
28.04004392	0.01734354	0.00061853	-0.03566328
28.04254391	0.01733373	0.00061812	-0.03566010
28.04504391	0.01732393	0.00061772	-0.03565692
28.04754390	0.01731412	0.00061731	-0.03565375
28.05004390	0.01730433	0.00061691	-0.03565057
28.05254389	0.01729454	0.00061651	-0.03564739
28.05504389	0.01728475	0.00061610	-0.03564421
28.05754388	0.01727497	0.00061570	-0.03564104
28.06004388	0.01726520	0.00061529	-0.03563786
28.06254387	0.01725542	0.00061489	-0.03563469
28.06504387	0.01724566	0.00061449	-0.03563151
28.06754386	0.01723590	0.00061409	-0.03562834
28.07004386	0.01722614	0.00061368	-0.03562517
28.07254385	0.01721639	0.00061328	-0.03562199
28.07504385	0.01720665	0.00061288	-0.03561882
28.07754384	0.01719691	0.00061248	-0.03561565
28.08004384	0.01718718	0.00061208	-0.03561248
28.08254383	0.01717745	0.00061168	-0.03560931
28.08504383	0.01716772	0.00061128	-0.03560614
28.08754382	0.01715800	0.00061088	-0.03560297
28.09004382	0.01714829	0.00061048	-0.03559980
28.09254381	0.01713858	0.00061008	-0.03559663
28.09504381	0.01712887	0.00060968	-0.03559347
28.09754380	0.01711918	0.00060928	-0.03559030
28.10004380	0.01710948	0.00060888	-0.03558713
28.10254379	0.01709979	0.00060848	-0.03558397
28.10504379	0.01709011	0.00060808	-0.03558080
28.10754378	0.01708043	0.00060768	-0.03557764
28.11004378	0.01707076	0.00060728	-0.03557447
28.11254377	0.01706109	0.00060689	-0.03557131
28.11504377	0.01705143	0.00060649	-0.03556815
28.11754376	0.01704177	0.00060609	-0.03556498
28.12004376	0.01703211	0.00060569	-0.03556182
28.12254375	0.01702247	0.00060530	-0.03555866
28.12504375	0.01701282	0.00060490	-0.03555550
28.12754374	0.01700318	0.00060450	-0.03555234
28.13004374	0.01699355	0.00060411	-0.03554918
28.13254373	0.01698392	0.00060371	-0.03554602
28.13504373	0.01697430	0.00060332	-0.03554286
28.13754372	0.01696468	0.00060292	-0.03553970
28.14004372	0.01695507	0.00060252	-0.03553655
28.14254371	0.01694546	0.00060213	-0.03553339
28.14504371	0.01693586	0.00060174	-0.03553023
28.14754370	0.01692626	0.00060134	-0.03552708
28.15004370	0.01691667	0.00060095	-0.03552392
28.15254369	0.01690708	0.00060055	-0.03552077
28.15504369	0.01689750	0.00060016	-0.03551761
28.15754368	0.01688792	0.00059977	-0.03551446
28.16004368	0.01687835	0.00059937	-0.03551131
28.16254367	0.01686878	0.00059898	-0.03550816
28.16504367	0.01685922	0.00059859	-0.03550500
28.16754366	0.01684966	0.00059819	-0.03550185
28.17004366	0.01684011	0.00059780	-0.03549870
28.17254365	0.01683056	0.00059741	-0.03549555
28.17504365	0.01682102	0.00059702	-0.03549240
28.17754364	0.01681148	0.00059663	-0.03548925
28.18004364	0.01680195	0.00059624	-0.03548611
28.18254363	0.01679242	0.00059584	-0.03548296
28.18504363	0.01678290	0.00059545	-0.03547981
28.18754362	0.01677338	0.00059506	-0.03547666
28.19004362	0.01676387	0.00059467	-0.03547352
28.19254361	0.01675436	0.00059428	-0.03547037
28.19504361	0.01674486	0.00059389	-0.03546723
28.19754360	0.01673536	0.00059350	-0.03546408
28.20004360	0.01672587	0.00059312	-0.03546094
28.20254359	0.01671638	0.00059273	-0.03545779
28.20504359	0.01670690	0.00059234	-0.03545465
28.20754358	0.01669742	0.00059195	-0.03545151
28.21004358	0.01668795	0.00059156	-0.03544837
28.21254357	0.01667848	0.00059117	-0.03544523
28.21504357	0.01666902	0.00059078	-0.03544209
28.21754356	0.01665956	0.00059040	-0.03543895
28.22004356	0.01665011	0.00059001	-0.03543581
28.22254355	0.01664066	0.00058962	-0.03543267
28.22504355	0.01663122	0.00058924	-0.03542953
28.22754354	0.01662178	0.00058885	-0.03542639
28.23004354	0.01661235	0.00058846	-0.03542325
28.23254353	0.01660292	0.00058808	-0.03542012
28.23504353	0.01659350	0.00058769	-0.03541698
28.23754352	0.01658408	0.00058731	-0.03541385
28.24004352	0.01657467	0.00058692	-0.03541071
28.24254351	0.01656526	0.00058654	-0.03540758
28.24504351	0.01655586	0.00058615	-0.03540444
28.24754350	0.01654646	0.00058577	-0.03540131
28.25004350	0.01653707	0.00058538	-0.03539818
28.25254349	0.01652768	0.00058500	-0.03539504
28.25504349	0.01651830	0.00058461	-0.03539191
28.25754348	0.01650892	0.00058423	-0.03538878
28.26004348	0.01649955	0.00058385	-0.03538565
28.26254347	0.01649018	0.00058346	-0.03538252
28.26504347	0.01648082	0.00058308	-0.03537939
28.26754346	0.01647146	0.00058270	-0.03537626
28.27004346	0.01646210	0.00058232	-0.03537313
28.27254345	0.01645276	0.00058193	-0.03537000
28.27504345	0.01644341	0.00058155	-0.03536688
28.27754344	0.01643407	0.00058117	-0.03536375
28.28004344	0.01642474	0.00058079	-0.03536062
28.28254343	0.01641541	0.00058041	-0.03535750
28.28504343	0.01640609	0.00058003	-0.03535437
28.28754342	0.01639677	0.00057965	-0.03535125
28.29004342	0.01638745	0.00057927	-0.03534813
28.29254341	0.01637814	0.00057889	-0.03534500
28.29504341	0.01636884	0.00057851	-0.03534188
28.29754340	0.01635954	0.00057813	-0.03533876
28.30004340	0.01635025	0.00057775	-0.03533563
28.30254339	0.01634096	0.00057737	-0.03533251
28.30504339	0.01633167	0.00057699	-0.03532939
28.30754338	0.01632239	0.00057661	-0.03532627
28.31004338	0.01631312	0.00057623	-0.03532315
28.31254337	0.01630385	0.00057585	-0.03532003
28.31504337	0.01629458	0.00057547	-0.03531692
28.31754336	0.01628532	0.00057510	-0.03531380
28.32004336	0.01627607	0.00057472	-0.03531068
28.32254335	0.01626681	0.00057434	-0.03530756
28.32504335	0.01625757	0.00057396	-0.03530445
28.32754334	0.01624833	0.00057359	-0.03530133
28.33004334	0.01623909	0.00057321	-0.03529822
28.33254333	0.01622986	0.00057283	-0.03529510
28.33504333	0.01622063	0.00057246	-0.03529199
28.33754332	0.01621141	0.00057208	-0.03528887
28.34004332	0.01620220	0.00057171	-0.03528576
28.34254331	0.01619299	0.00057133	-0.03528265
28.34504331	0.01618378	0.00057096	-0.03527954
28.34754330	0.01617458	0.00057058	-0.03527643
28.35004330	0.01616538	0.00057021	-0.03527331
28.35254329	0.01615619	0.00056983	-0.03527020
28.35504329	0.01614700	0.00056946	-0.03526709
28.35754328	0.01613782	0.00056908	-0.03526399
28.36004328	0.01612864	0.00056871	-0.03526088
28.36254327	0.01611947	0.00056834	-0.03525777
28.36504327	0.01611030	0.00056796	-0.03525466
28.36754326	0.01610114	0.00056759	-0.03525155
28.37004326	0.01609198	0.00056722	-0.03524845
28.37254325	0.01608282	0.00056684	-0.03524534
28.37504325	0.01607368	0.00056647	-0.03524224
28.37754324	0.01606453	0.00056610	-0.03523913
28.38004324	0.01605539	0.00056573	-0.03523603
28.38254323	0.01604626	0.00056536	-0.03523292
28.38504323	0.01603713	0.00056499	-0.03522982
28.38754322	0.01602801	0.00056461	-0.03522672
28.39004322	0.01601889	0.00056424	-0.03522362
28.39254321	0.01600977	0.00056387	-0.03522052
28.39504321	0.01600066	0.00056350	-0.03521741
28.39754320	0.01599156	0.00056313	-0.03521431
28.40004320	0.01598246	0.00056276	-0.03521121
28.40254319	0.01597336	0.00056239	-0.03520811
28.40504319	0.01596427	0.00056202	-0.03520502
28.40754318	0.01595518	0.00056165	-0.03520192
28.41004318	0.01594610	0.00056128	-0.03519882
28.41254317	0.01593703	0.00056092	-0.03519572
28.41504317	0.01592795	0.00056055	-0.03519263
28.41754316	0.01591889	0.00056018	-0.03518953
28.42004316	0.01590983	0.00055981	-0.03518643
28.42254315	0.01590077	0.00055944	-0.03518334
28.42504315	0.01589172	0.00055907	-0.03518025
28.42754314	0.01588267	0.00055871	-0.03517715
28.43004314	0.01587363	0.00055834	-0.03517406
28.43254313	0.01586459	0.00055797	-0.03517097
28.43504313	0.01585555	0.00055761	-0.03516787
28.43754312	0.01584653	0.00055724	-0.03516478
28.44004312	0.01583750	0.00055687	-0.03516169
28.44254311	0.01582848	0.00055651	-0.03515860
28.44504311	0.01581947	0.00055614	-0.03515551
28.44754310	0.01581046	0.00055578	-0.03515242
28.45004310	0.01580145	0.00055541	-0.03514933
28.45254309	0.01579245	0.00055505	-0.03514624
28.45504309	0.01578346	0.00055468	-0.03514316
28.45754308	0.01577447	0.00055432	-0.03514007
28.46004308	0.01576548	0.00055395	-0.03513698
28.46254307	0.01575650	0.00055359	-0.03513390
28.46504307	0.01574753	0.00055322	-0.03513081
28.46754306	0.01573856	0.00055286	-0.03512772
28.47004306	0.01572959	0.00055250	-0.03512464
28.47254305	0.01572063	0.00055213	-0.03512156
28.47504305	0.01571167	0.00055177	-0.03511847
28.47754304	0.01570272	0.00055141	-0.03511539
28.48004304	0.01569377	0.00055104	-0.03511231
28.48254303	0.01568483	0.00055068	-0.03510922
28.48504303	0.01567589	0.00055032	-0.03510614
28.48754302	0.01566695	0.00054996	-0.03510306
28.49004302	0.01565803	0.00054960	-0.03509998
28.49254301	0.01564910	0.00054924	-0.03509690
28.49504301	0.01564018	0.00054887	-0.03509382
28.49754300	0.01563127	0.00054851	-0.03509074
28.50004300	0.01562236	0.00054815	-0.03508767
28.50254299	0.01561345	0.00054779	-0.03508459
28.50504299	0.01560455	0.00054743	-0.03508151
28.50754298	0.01559566	0.00054707	-0.03507844
28.51004298	0.01558677	0.00054671	-0.03507536
28.51254297	0.01557788	0.00054635	-0.03507228
28.51504297	0.01556900	0.00054599	-0.03506921
28.51754296	0.01556012	0.00054563	-0.03506613
28.52004296	0.01555125	0.00054527	-0.03506306
28.52254295	0.01554238	0.00054492	-0.03505999
28.52504295	0.01553352	0.00054456	-0.03505691
28.52754294	0.01552466	0.00054420	-0.03505384
28.53004294	0.01551581	0.00054384	-0.03505077
28.53254293	0.01550696	0.00054348	-0.03504770
28.53504293	0.01549812	0.00054313	-0.03504463
28.53754292	0.01548928	0.00054277	-0.03504156
28.54004292	0.01548044	0.00054241	-0.03503849
28.54254291	0.01547161	0.00054205	-0.03503542
28.54504291	0.01546279	0.00054170	-0.03503235
28.54754290	0.01545397	0.00054134	-0.03502928
28.55004290	0.01544515	0.00054099	-0.03502622
28.55254289	0.01543634	0.00054063	-0.03502315
28.55504289	0.01542753	0.00054027	-0.03502008
28.55754288	0.01541873	0.00053992	-0.03501702
28.56004288	0.01540993	0.00053956	-0.03501395
28.56254287	0.01540114	0.00053921	-0.03501089
28.56504287	0.01539235	0.00053885	-0.03500782
28.56754286	0.01538357	0.00053850	-0.03500476
28.57004286	0.01537479	0.00053814	-0.03500170
28.57254285	0.01536602	0.00053779	-0.03499864
28.57504285	0.01535725	0.00053744	-0.03499557
28.57754284	0.01534848	0.00053708	-0.03499251
28.58004284	0.01533972	0.00053673	-0.03498945
28.58254283	0.01533097	0.00053638	-0.03498639
28.58504283	0.01532222	0.00053602	-0.03498333
28.58754282	0.01531347	0.00053567	-0.03498027
28.59004282	0.01530473	0.00053532	-0.03497721
28.59254281	0.01529599	0.00053496	-0.03497415
28.59504281	0.01528726	0.00053461	-0.03497110
28.59754280	0.01527853	0.00053426	-0.03496804
28.60004280	0.01526981	0.00053391	-0.03496498
28.60254279	0.01526109	0.00053356	-0.03496193
28.60504279	0.01525238	0.00053321	-0.03495887
28.60754278	0.01524367	0.00053285	-0.03495582
28.61004278	0.01523497	0.00053250	-0.03495276
28.61254277	0.01522627	0.00053215	-0.03494971
28.61504277	0.01521757	0.00053180	-0.03494665
28.61754276	0.01520888	0.00053145	-0.03494360
28.62004276	0.01520019	0.00053110	-0.03494055
28.62254275	0.01519151	0.00053075	-0.03493750
28.62504275	0.01518284	0.00053040	-0.03493445
28.62754274	0.01517416	0.00053005	-0.03493139
28.63004274	0.01516550	0.00052971	-0.03492834
28.63254273	0.01515683	0.00052936	-0.03492529
28.63504273	0.01514818	0.00052901	-0.03492225
28.63754272	0.01513952	0.00052866	-0.03491920
28.64004272	0.01513087	0.00052831	-0.03491615
28.64254271	0.01512223	0.00052796	-0.03491310
28.64504271	0.01511359	0.00052762	-0.03491005
28.64754270	0.01510495	0.00052727	-0.03490701
28.65004270	0.01509632	0.00052692	-0.03490396
28.65254269	0.01508770	0.00052657	-0.03490092
28.65504269	0.01507908	0.00052623	-0.03489787
28.65754268	0.01507046	0.00052588	-0.03489483
28.66004268	0.01506185	0.00052553	-0.03489178
28.66254267	0.01505324	0.00052519	-0.03488874
28.66504267	0.01504464	0.00052484	-0.03488570
28.66754266	0.01503604	0.00052450	-0.03488265
28.67004266	0.01502744	0.00052415	-0.03487961
28.67254265	0.01501885	0.00052381	-0.03487657
28.67504265	0.01501027	0.00052346	-0.03487353
28.67754264	0.01500169	0.00052312	-0.03487049
28.68004264	0.01499311	0.00052277	-0.03486745
28.68254263	0.01498454	0.00052243	-0.03486441
28.68504263	0.01497597	0.00052208	-0.03486137
28.68754262	0.01496741	0.00052174	-0.03485834
28.69004262	0.01495886	0.00052140	-0.03485530
28.69254261	0.01495030	0.00052105	-0.03485226
28.69504261	0.01494175	0.00052071	-0.03484923
28.69754260	0.01493321	0.00052037	-0.03484619
28.70004260	0.01492467	0.00052002	-0.03484315
28.70254259	0.01491614	0.00051968	-0.03484012
28.70504259	0.01490761	0.00051934	-0.03483708
28.70754258	0.01489908	0.00051900	-0.03483405
28.71004258	0.01489056	0.00051865	-0.03483102
28.71254257	0.01488204	0.00051831	-0.03482798
28.71504257	0.01487353	0.00051797	-0.03482495
28.71754256	0.01486502	0.00051763	-0.03482192
28.72004256	0.01485652	0.00051729	-0.03481889
28.72254255	0.01484802	0.00051695	-0.03481586
28.72504255	0.01483953	0.00051661	-0.03481283
28.72754254	0.01483104	0.00051627	-0.03480980
28.73004254	0.01482255	0.00051593	-0.03480677
28.73254253	0.01481407	0.00051559	-0.03480374
28.73504253	0.01480560	0.00051525	-0.03480071
28.73754252	0.01479712	0.00051491	-0.03479769
28.74004252	0.01478866	0.00051457	-0.03479466
28.74254251	0.01478020	0.00051423	-0.03479163
28.74504251	0.01477174	0.00051389	-0.03478861
28.74754250	0.01476328	0.00051355	-0.03478558
28.75004250	0.01475484	0.00051321	-0.03478256
28.75254249	0.01474639	0.00051287	-0.03477953
28.75504249	0.01473795	0.00051253	-0.03477651
28.75754248	0.01472952	0.00051220	-0.03477349
28.76004248	0.01472108	0.00051186	-0.03477046
28.76254247	0.01471266	0.00051152	-0.03476744
28.76504247	0.01470424	0.00051118	-0.03476442
28.76754246	0.01469582	0.00051085	-0.03476140
28.77004246	0.01468741	0.00051051	-0.03475838
28.77254245	0.01467900	0.00051017	-0.03475536
28.77504245	0.01467059	0.00050984	-0.03475234
28.77754244	0.01466219	0.00050950	-0.03474932
28.78004244	0.01465380	0.00050917	-0.03474630
28.78254243	0.01464541	0.00050883	-0.03474328
28.78504243	0.01463702	0.00050849	-0.03474026
28.78754242	0.01462864	0.00050816	-0.03473725
28.79004242	0.01462026	0.00050782	-0.03473423
28.79254241	0.01461189	0.00050749	-0.03473122
28.79504241	0.01460352	0.00050715	-0.03472820
28.79754240	0.01459516	0.00050682	-0.03472519
28.80004240	0.01458680	0.00050649	-0.03472217
28.80254239	0.01457845	0.00050615	-0.03471916
28.80504239	0.01457010	0.00050582	-0.03471614
28.80754238	0.01456175	0.00050548	-0.03471313
28.81004238	0.01455341	0.00050515	-0.03471012
28.81254237	0.01454507	0.00050482	-0.03470711
28.81504237	0.01453674	0.00050448	-0.03470410
28.81754236	0.01452841	0.00050415	-0.03470109
28.82004236	0.01452009	0.00050382	-0.03469808
28.82254235	0.01451177	0.00050349	-0.03469507
28.82504235	0.01450345	0.00050315	-0.03469206
28.82754234	0.01449514	0.00050282	-0.03468905
28.83004234	0.01448684	0.00050249	-0.03468604
28.83254233	0.01447854	0.00050216	-0.03468303
28.83504233	0.01447024	0.00050183	-0.03468003
28.83754232	0.01446195	0.00050150	-0.03467702
28.84004232	0.01445366	0.00050117	-0.03467401
28.84254231	0.01444537	0.00050084	-0.03467101
28.84504231	0.01443709	0.00050051	-0.03466800
28.84754230	0.01442882	0.00050017	-0.03466500
28.85004230	0.01442055	0.00049984	-0.03466199
28.85254229	0.01441228	0.00049952	-0.03465899
28.85504229	0.01440402	0.00049919	-0.03465599
28.85754228	0.01439576	0.00049886	-0.03465299
28.86004228	0.01438751	0.00049853	-0.03464998
28.86254227	0.01437926	0.00049820	-0.03464698
28.86504227	0.01437102	0.00049787	-0.03464398
28.86754226	0.01436278	0.00049754	-0.03464098
28.87004226	0.01435454	0.00049721	-0.03463798
28.87254225	0.01434631	0.00049688	-0.03463498
28.87504225	0.01433809	0.00049656	-0.03463198
28.87754224	0.01432986	0.00049623	-0.03462899
28.88004224	0.01432165	0.00049590	-0.03462599
28.88254223	0.01431343	0.00049557	-0.03462299
28.88504223	0.01430522	0.00049525	-0.03461999
28.88754222	0.01429702	0.00049492	-0.03461700
28.89004222	0.01428882	0.00049459	-0.03461400
28.89254221	0.01428062	0.00049427	-0.03461101
28.89504221	0.01427243	0.00049394	-0.03460801
28.89754220	0.01426425	0.00049361	-0.03460502
28.90004220	0.01425606	0.00049329	-0.03460203
28.90254219	0.01424789	0.00049296	-0.03459903
28.90504219	0.01423971	0.00049264	-0.03459604
28.90754218	0.01423154	0.00049231	-0.03459305
28.91004218	0.01422338	0.00049199	-0.03459006
28.91254217	0.01421522	0.00049166	-0.03458707
28.91504217	0.01420706	0.00049134	-0.03458408
28.91754216	0.01419891	0.00049101	-0.03458109
28.92004216	0.01419076	0.00049069	-0.03457810
28.92254215	0.01418262	0.00049037	-0.03457511
28.92504215	0.01417448	0.00049004	-0.03457212
28.92754214	0.01416634	0.00048972	-0.03456913
28.93004214	0.01415821	0.00048939	-0.03456614
28.93254213	0.01415009	0.00048907	-0.03456316
28.93504213	0.01414197	0.00048875	-0.03456017
28.93754212	0.01413385	0.00048843	-0.03455719
28.94004212	0.01412574	0.00048810	-0.03455420
28.94254211	0.01411763	0.00048778	-0.03455122
28.94504211	0.01410952	0.00048746	-0.03454823
28.94754210	0.01410142	0.00048714	-0.03454525
28.95004210	0.01409333	0.00048682	-0.03454226
28.95254209	0.01408524	0.00048649	-0.03453928
28.95504209	0.01407715	0.00048617	-0.03453630
28.95754208	0.01406907	0.00048585	-0.03453332
28.96004208	0.01406099	0.00048553	-0.03453034
28.96254207	0.01405292	0.00048521	-0.03452736
28.96504207	0.01404485	0.00048489	-0.03452438
28.96754206	0.01403678	0.00048457	-0.03452140
28.97004206	0.01402872	0.00048425	-0.03451842
28.97254205	0.01402066	0.00048393	-0.03451544
28.97504205	0.01401261	0.00048361	-0.03451246
28.97754204	0.01400456	0.00048329	-0.03450948
28.98004204	0.01399652	0.00048297	-0.03450651
28.98254203	0.01398848	0.00048265	-0.03450353
28.98504203	0.01398045	0.00048233	-0.03450055
28.98754202	0.01397241	0.00048201	-0.03449758
28.99004202	0.01396439	0.00048170	-0.03449460
28.99254201	0.01395637	0.00048138	-0.03449163
28.99504201	0.01394835	0.00048106	-0.03448865
28.99754200	0.01394033	0.00048074	-0.03448568
29.00004200	0.01393233	0.00048042	-0.03448271
29.00254199	0.01392432	0.00048011	-0.03447974
29.00504199	0.01391632	0.00047979	-0.03447676
29.00754198	0.01390832	0.00047947	-0.03447379
29.01004198	0.01390033	0.00047916	-0.03447082
29.01254197	0.01389234	0.00047884	-0.03446785
29.01504197	0.01388436	0.00047852	-0.03446488
29.01754196	0.01387638	0.00047821	-0.03446191
29.02004196	0.01386841	0.00047789	-0.03445894
29.02254195	0.01386044	0.00047757	-0.03445598
29.02504195	0.01385247	0.00047726	-0.03445301
29.02754194	0.01384451	0.00047694	-0.03445004
29.03004194	0.01383655	0.00047663	-0.03444707
29.03254193	0.01382860	0.00047631	-0.03444411
29.03504193	0.01382065	0.00047600	-0.03444114
29.03754192	0.01381270	0.00047568	-0.03443818
29.04004192	0.01380476	0.00047537	-0.03443521
29.04254191	0.01379682	0.00047506	-0.03443225
29.04504191	0.01378889	0.00047474	-0.03442928
29.04754190	0.01378096	0.00047443	-0.03442632
29.05004190	0.01377304	0.00047411	-0.03442336
29.05254189	0.01376512	0.00047380	-0.03442040
29.05504189	0.01375720	0.00047349	-0.03441743
29.05754188	0.01374929	0.00047317	-0.03441447
29.06004188	0.01374139	0.00047286	-0.03441151
29.06254187	0.01373348	0.00047255	-0.03440855
29.06504187	0.01372559	0.00047224	-0.03440559
29.06754186	0.01371769	0.00047192	-0.03440263
29.07004186	0.01370980	0.00047161	-0.03439968
29.07254185	0.01370192	0.00047130	-0.03439672
29.07504185	0.01369403	0.00047099	-0.03439376
29.07754184	0.01368616	0.00047068	-0.03439080
29.08004184	0.01367828	0.00047037	-0.03438785
29.08254183	0.01367042	0.00047006	-0.03438489
29.08504183	0.01366255	0.00046974	-0.03438193
29.08754182	0.01365469	0.00046943	-0.03437898
29.09004182	0.01364683	0.00046912	-0.03437602
29.09254181	0.01363898	0.00046881	-0.03437307
29.09504181	0.01363114	0.00046850	-0.03437012
29.09754180	0.01362329	0.00046819	-0.03436716
29.10004180	0.01361545	0.00046788	-0.03436421
29.10254179	0.01360762	0.00046757	-0.03436126
29.10504179	0.01359979	0.00046727	-0.03435831
29.10754178	0.01359196	0.00046696	-0.03435536
29.11004178	0.01358414	0.00046665	-0.03435241
29.11254177	0.01357632	0.00046634	-0.03434946
29.11504177	0.01356851	0.00046603	-0.03434651
29.11754176	0.01356070	0.00046572	-0.03434356
29.12004176	0.01355289	0.00046541	-0.03434061
29.12254175	0.01354509	0.00046511	-0.03433766
29.12504175	0.01353729	0.00046480	-0.03433471
29.12754174	0.01352950	0.00046449	-0.03433177
29.13004174	0.01352171	0.00046418	-0.03432882
29.13254173	0.01351393	0.00046388	-0.03432588
29.13504173	0.01350615	0.00046357	-0.03432293
29.13754172	0.01349837	0.00046326	-0.03431999
29.14004172	0.01349060	0.00046296	-0.03431704
29.14254171	0.01348283	0.00046265	-0.03431410
29.14504171	0.01347507	0.00046235	-0.03431115
29.14754170	0.01346731	0.00046204	-0.03430821
29.15004170	0.01345955	0.00046173	-0.03430527
29.15254169	0.01345180	0.00046143	-0.03430233
29.15504169	0.01344405	0.00046112	-0.03429939
29.15754168	0.01343631	0.00046082	-0.03429644
29.16004168	0.01342857	0.00046051	-0.03429350
29.16254167	0.01342084	0.00046021	-0.03429056
29.16504167	0.01341311	0.00045990	-0.03428762
29.16754166	0.01340538	0.00045960	-0.03428469
29.17004166	0.01339766	0.00045930	-0.03428175
29.17254165	0.01338994	0.00045899	-0.03427881
29.17504165	0.01338223	0.00045869	-0.03427587
29.17754164	0.01337452	0.00045838	-0.03427294
29.18004164	0.01336681	0.00045808	-0.03427000
29.18254163	0.01335911	0.00045778	-0.03426706
29.18504163	0.01335141	0.00045747	-0.03426413
29.18754162	0.01334372	0.00045717	-0.03426119
29.19004162	0.01333603	0.00045687	-0.03425826
29.19254161	0.01332835	0.00045657	-0.03425532
29.19504161	0.01332066	0.00045626	-0.03425239
29.19754160	0.01331299	0.00045596	-0.03424946
29.20004160	0.01330532	0.00045566	-0.03424653
29.20254159	0.01329765	0.00045536	-0.03424359
29.20504159	0.01328998	0.00045506	-0.03424066
29.20754158	0.01328232	0.00045476	-0.03423773
29.21004158	0.01327467	0.00045446	-0.03423480
29.21254157	0.01326702	0.00045415	-0.03423187
29.21504157	0.01325937	0.00045385	-0.03422894
29.21754156	0.01325172	0.00045355	-0.03422601
29.22004156	0.01324409	0.00045325	-0.03422309
29.22254155	0.01323645	0.00045295	-0.03422016
29.22504155	0.01322882	0.00045265	-0.03421723
29.22754154	0.01322119	0.00045235	-0.03421430
29.23004154	0.01321357	0.00045205	-0.03421138
29.23254153	0.01320595	0.00045176	-0.03420845
29.23504153	0.01319834	0.00045146	-0.03420553
29.23754152	0.01319072	0.00045116	-0.03420260
29.24004152	0.01318312	0.00045086	-0.03419968
29.24254151	0.01317552	0.00045056	-0.03419675
29.24504151	0.01316792	0.00045026	-0.03419383
29.24754150	0.01316032	0.00044996	-0.03419091
29.25004150	0.01315273	0.00044967	-0.03418799
29.25254149	0.01314515	0.00044937	-0.03418506
29.25504149	0.01313756	0.00044907	-0.03418214
29.25754148	0.01312999	0.00044877	-0.03417922
29.26004148	0.01312241	0.00044848	-0.03417630
29.26254147	0.01311484	0.00044818	-0.03417338
29.26504147	0.01310728	0.00044788	-0.03417046
29.26754146	0.01309972	0.00044759	-0.03416754
29.27004146	0.01309216	0.00044729	-0.03416463
29.27254145	0.01308461	0.00044699	-0.03416171
29.27504145	0.01307706	0.00044670	-0.03415879
29.27754144	0.01306951	0.00044640	-0.03415587
29.28004144	0.01306197	0.00044610	-0.03415296
29.28254143	0.01305443	0.00044581	-0.03415004
29.28504143	0.01304690	0.00044551	-0.03414713
29.28754142	0.01303937	0.00044522	-0.03414421
29.29004142	0.01303185	0.00044492	-0.03414130
29.29254141	0.01302432	0.00044463	-0.03413838
29.29504141	0.01301681	0.00044433	-0.03413547
29.29754140	0.01300929	0.00044404	-0.03413256
29.30004140	0.01300179	0.00044375	-0.03412964
29.30254139	0.01299428	0.00044345	-0.03412673
29.30504139	0.01298678	0.00044316	-0.03412382
29.30754138	0.01297928	0.00044286	-0.03412091
29.31004138	0.01297179	0.00044257	-0.03411800
29.31254137	0.01296430	0.00044228	-0.03411509
29.31504137	0.01295682	0.00044199	-0.03411218
29.31754136	0.01294934	0.00044169	-0.03410927
29.32004136	0.01294186	0.00044140	-0.03410636
29.32254135	0.01293439	0.00044111	-0.03410346
29.32504135	0.01292692	0.00044082	-0.03410055
29.32754134	0.01291946	0.00044052	-0.03409764
29.33004134	0.01291200	0.00044023	-0.03409474
29.33254133	0.01290454	0.00043994	-0.03409183
29.33504133	0.01289709	0.00043965	-0.03408892
29.33754132	0.01288964	0.00043936	-0.03408602
29.34004132	0.01288220	0.00043907	-0.03408311
29.34254131	0.01287475	0.00043877	-0.03408021
29.34504131	0.01286732	0.00043848	-0.03407731
29.34754130	0.01285989	0.00043819	-0.03407440
29.35004130	0.01285246	0.00043790	-0.03407150
29.35254129	0.01284503	0.00043761	-0.03406860
29.35504129	0.01283761	0.00043732	-0.03406570
29.35754128	0.01283020	0.00043703	-0.03406280
29.36004128	0.01282279	0.00043674	-0.03405990
29.36254127	0.01281538	0.00043645	-0.03405700
29.36504127	0.01280797	0.00043616	-0.03405410
29.36754126	0.01280057	0.00043587	-0.03405120
29.37004126	0.01279318	0.00043559	-0.03404830
29.37254125	0.01278579	0.00043530	-0.03404540
29.37504125	0.01277840	0.00043501	-0.03404251
29.37754124	0.01277101	0.00043472	-0.03403961
29.38004124	0.01276363	0.00043443	-0.03403671
29.38254123	0.01275626	0.00043414	-0.03403382
29.38504123	0.01274889	0.00043386	-0.03403092
29.38754122	0.01274152	0.00043357	-0.03402803
29.39004122	0.01273415	0.00043328	-0.03402513
29.39254121	0.01272679	0.00043299	-0.03402224
29.39504121	0.01271944	0.00043271	-0.03401934
29.39754120	0.01271208	0.00043242	-0.03401645
29.40004120	0.01270474	0.00043213	-0.03401356
29.40254119	0.01269739	0.00043185	-0.03401067
29.40504119	0.01269005	0.00043156	-0.03400777
29.40754118	0.01268271	0.00043127	-0.03400488
29.41004118	0.01267538	0.00043099	-0.03400199
29.41254117	0.01266805	0.00043070	-0.03399910
29.41504117	0.01266073	0.00043042	-0.03399621
29.41754116	0.01265341	0.00043013	-0.03399332
29.42004116	0.01264609	0.00042985	-0.03399044
29.42254115	0.01263878	0.00042956	-0.03398755
29.42504115	0.01263147	0.00042928	-0.03398466
29.42754114	0.01262417	0.00042899	-0.03398177
29.43004114	0.01261687	0.00042871	-0.03397889
29.43254113	0.01260957	0.00042842	-0.03397600
29.43504113	0.01260228	0.00042814	-0.03397311
29.43754112	0.01259499	0.00042785	-0.03397023
29.44004112	0.01258770	0.00042757	-0.03396734
29.44254111	0.01258042	0.00042729	-0.03396446
29.44504111	0.01257314	0.00042700	-0.03396158
29.44754110	0.01256587	0.00042672	-0.03395869
29.45004110	0.01255860	0.00042644	-0.03395581
29.45254109	0.01255134	0.00042615	-0.03395293
29.45504109	0.01254408	0.00042587	-0.03395005
29.45754108	0.01253682	0.00042559	-0.03394716
29.46004108	0.01252956	0.00042531	-0.03394428
29.46254107	0.01252231	0.00042502	-0.03394140
29.46504107	0.01251507	0.00042474	-0.03393852
29.46754106	0.01250783	0.00042446	-0.03393564
29.47004106	0.01250059	0.00042418	-0.03393277
29.47254105	0.01249336	0.00042390	-0.03392989
29.47504105	0.01248613	0.00042362	-0.03392701
29.47754104	0.01247890	0.00042334	-0.03392413
29.48004104	0.01247168	0.00042305	-0.03392126
29.48254103	0.01246446	0.00042277	-0.03391838
29.48504103	0.01245725	0.00042249	-0.03391550
29.48754102	0.01245004	0.00042221	-0.03391263
29.49004102	0.01244283	0.00042193	-0.03390975
29.49254101	0.01243563	0.00042165	-0.03390688
29.49504101	0.01242843	0.00042137	-0.03390400
29.49754100	0.01242123	0.00042109	-0.03390113
29.50004100	0.01241404	0.00042081	-0.03389826
29.50254099	0.01240685	0.00042054	-0.03389539
29.50504099	0.01239967	0.00042026	-0.03389251
29.50754098	0.01239249	0.00041998	-0.03388964
29.51004098	0.01238532	0.00041970	-0.03388677
29.51254097	0.01237815	0.00041942	-0.03388390
29.51504097	0.01237098	0.00041914	-0.03388103
29.51754096	0.01236381	0.00041886	-0.03387816
29.52004096	0.01235665	0.00041859	-0.03387529
29.52254095	0.01234950	0.00041831	-0.03387242
29.52504095	0.01234235	0.00041803	-0.03386956
29.52754094	0.01233520	0.00041775	-0.03386669
29.53004094	0.01232805	0.00041748	-0.03386382
29.53254093	0.01232091	0.00041720	-0.03386095
29.53504093	0.01231378	0.00041692	-0.03385809
29.53754092	0.01230664	0.00041664	-0.03385522
29.54004092	0.01229952	0.00041637	-0.03385236
29.54254091	0.01229239	0.00041609	-0.03384949
29.54504091	0.01228527	0.00041581	-0.03384663
29.54754090	0.01227815	0.00041554	-0.03384376
29.55004090	0.01227104	0.00041526	-0.03384090
29.55254089	0.01226393	0.00041499	-0.03383804
29.55504089	0.01225682	0.00041471	-0.03383518
29.55754088	0.01224972	0.00041444	-0.03383231
29.56004088	0.01224262	0.00041416	-0.03382945
29.56254087	0.01223553	0.00041389	-0.03382659
29.56504087	0.01222844	0.00041361	-0.03382373
29.56754086	0.01222135	0.00041334	-0.03382087
29.57004086	0.01221427	0.00041306	-0.03381801
29.57254085	0.01220719	0.00041279	-0.03381515
29.57504085	0.01220012	0.00041251	-0.03381229
29.57754084	0.01219305	0.00041224	-0.03380944
29.58004084	0.01218598	0.00041197	-0.03380658
29.58254083	0.01217892	0.00041169	-0.03380372
29.58504083	0.01217186	0.00041142	-0.03380087
29.58754082	0.01216480	0.00041115	-0.03379801
29.59004082	0.01215775	0.00041087	-0.03379515
29.59254081	0.01215070	0.00041060	-0.03379230
29.59504081	0.01214366	0.00041033	-0.03378944
29.59754080	0.01213662	0.00041005	-0.03378659
29.60004080	0.01212958	0.00040978	-0.03378374
29.60254079	0.01212255	0.00040951	-0.03378088
29.60504079	0.01211552	0.00040924	-0.03377803
29.60754078	0.01210849	0.00040897	-0.03377518
29.61004078	0.01210147	0.00040869	-0.03377233
29.61254077	0.01209446	0.00040842	-0.03376948
29.61504077	0.01208744	0.00040815	-0.03376663
29.61754076	0.01208043	0.00040788	-0.03376378
29.62004076	0.01207343	0.00040761	-0.03376093
29.62254075	0.01206642	0.00040734	-0.03375808
29.62504075	0.01205943	0.00040707	-0.03375523
29.62754074	0.01205243	0.00040680	-0.03375238
29.63004074	0.01204544	0.00040653	-0.03374953
29.63254073	0.01203845	0.00040626	-0.03374668
29.63504073	0.01203147	0.00040599	-0.03374384
29.63754072	0.01202449	0.00040572	-0.03374099
29.64004072	0.01201751	0.00040545	-0.03373815
29.64254071	0.01201054	0.00040518	-0.03373530
29.64504071	0.01200357	0.00040491	-0.03373245
29.64754070	0.01199661	0.00040464	-0.03372961
29.65004070	0.01198965	0.00040437	-0.03372677
29.65254069	0.01198269	0.00040410	-0.03372392
29.65504069	0.01197574	0.00040383	-0.03372108
29.65754068	0.01196879	0.00040357	-0.03371824
29.66004068	0.01196185	0.00040330	-0.03371540
29.66254067	0.01195490	0.00040303	-0.03371255
29.66504067	0.01194797	0.00040276	-0.03370971
29.66754066	0.01194103	0.00040249	-0.03370687
29.67004066	0.01193410	0.00040223	-0.03370403
29.67254065	0.01192718	0.00040196	-0.03370119
29.67504065	0.01192025	0.00040169	-0.03369835
29.67754064	0.01191333	0.00040143	-0.03369551
29.68004064	0.01190642	0.00040116	-0.03369268
29.68254063	0.01189951	0.00040089	-0.03368984
29.68504063	0.01189260	0.00040063	-0.03368700
29.68754062	0.01188570	0.00040036	-0.03368416
29.69004062	0.01187880	0.00040009	-0.03368133
29.69254061	0.01187190	0.00039983	-0.03367849
29.69504061	0.01186501	0.00039956	-0.03367566
29.69754060	0.01185812	0.00039930	-0.03367282
29.70004060	0.01185123	0.00039903	-0.03366999
29.70254059	0.01184435	0.00039877	-0.03366715
29.70504059	0.01183747	0.00039850	-0.03366432
29.70754058	0.01183060	0.00039824	-0.03366149
29.71004058	0.01182373	0.00039797	-0.03365865
29.71254057	0.01181686	0.00039771	-0.03365582
29.71504057	0.01181000	0.00039744	-0.03365299
29.71754056	0.01180314	0.00039718	-0.03365016
29.72004056	0.01179629	0.00039691	-0.03364733
29.72254055	0.01178943	0.00039665	-0.03364450
29.72504055	0.01178259	0.00039639	-0.03364167
29.72754054	0.01177574	0.00039612	-0.03363884
29.73004054	0.01176890	0.00039586	-0.03363601
29.73254053	0.01176206	0.00039560	-0.03363318
29.73504053	0.01175523	0.00039533	-0.03363036
29.73754052	0.01174840	0.00039507	-0.03362753
29.74004052	0.01174158	0.00039481	-0.03362470
29.74254051	0.01173476	0.00039454	-0.03362188
29.74504051	0.01172794	0.00039428	-0.03361905
29.74754050	0.01172112	0.00039402	-0.03361622
29.75004050	0.01171431	0.00039376	-0.03361340
29.75254049	0.01170751	0.00039350	-0.03361058
29.75504049	0.01170070	0.00039323	-0.03360775
29.75754048	0.01169390	0.00039297	-0.03360493
29.76004048	0.01168711	0.00039271	-0.03360210
29.76254047	0.01168032	0.00039245	-0.03359928
29.76504047	0.01167353	0.00039219	-0.03359646
29.76754046	0.01166674	0.00039193	-0.03359364
29.77004046	0.01165996	0.00039167	-0.03359082
29.77254045	0.01165318	0.00039141	-0.03358800
29.77504045	0.01164641	0.00039115	-0.03358518
29.77754044	0.01163964	0.00039089	-0.03358236
29.78004044	0.01163287	0.00039063	-0.03357954
29.78254043	0.01162611	0.00039037	-0.03357672
29.78504043	0.01161935	0.00039011	-0.03357390
29.78754042	0.01161260	0.00038985	-0.03357108
29.79004042	0.01160585	0.00038959	-0.03356827
29.79254041	0.01159910	0.00038933	-0.03356545
29.79504041	0.01159235	0.00038907	-0.03356263
29.79754040	0.01158561	0.00038881	-0.03355982
29.80004040	0.01157888	0.00038855	-0.03355700
29.80254039	0.01157214	0.00038829	-0.03355419
29.80504039	0.01156541	0.00038804	-0.03355137
29.80754038	0.01155869	0.00038778	-0.03354856
29.81004038	0.01155197	0.00038752	-0.03354574
29.81254037	0.01154525	0.00038726	-0.03354293
29.81504037	0.01153853	0.00038700	-0.03354012
29.81754036	0.01153182	0.00038675	-0.03353731
29.82004036	0.01152511	0.00038649	-0.03353450
29.82254035	0.01151841	0.00038623	-0.03353168
29.82504035	0.01151171	0.00038597	-0.03352887
29.82754034	0.01150501	0.00038572	-0.03352606
29.83004034	0.01149832	0.00038546	-0.03352325
29.83254033	0.01149163	0.00038520	-0.03352044
29.83504033	0.01148495	0.00038495	-0.03351764
29.83754032	0.01147826	0.00038469	-0.03351483
29.84004032	0.01147159	0.00038444	-0.03351202
29.84254031	0.01146491	0.00038418	-0.03350921
29.84504031	0.01145824	0.00038392	-0.03350640
29.84754030	0.01145157	0.00038367	-0.03350360
29.85004030	0.01144491	0.00038341	-0.03350079
29.85254029	0.01143825	0.00038316	-0.03349799
29.85504029	0.01143159	0.00038290	-0.03349518
29.85754028	0.01142494	0.00038265	-0.03349238
29.86004028	0.01141829	0.00038239	-0.03348957
29.86254027	0.01141165	0.00038214	-0.03348677
29.86504027	0.01140500	0.00038188	-0.03348397
29.86754026	0.01139837	0.00038163	-0.03348116
29.87004026	0.01139173	0.00038138	-0.03347836
29.87254025	0.01138510	0.00038112	-0.03347556
29.87504025	0.01137847	0.00038087	-0.03347276
29.87754024	0.01137185	0.00038062	-0.03346996
29.88004024	0.01136523	0.00038036	-0.03346716
29.88254023	0.01135861	0.00038011	-0.03346436
29.88504023	0.01135200	0.00037986	-0.03346156
29.88754022	0.01134539	0.00037960	-0.03345876
29.89004022	0.01133879	0.00037935	-0.03345596
29.89254021	0.01133218	0.00037910	-0.03345316
29.89504021	0.01132558	0.00037884	-0.03345036
29.89754020	0.01131899	0.00037859	-0.03344757
29.90004020	0.01131240	0.00037834	-0.03344477
29.90254019	0.01130581	0.00037809	-0.03344197
29.90504019	0.01129923	0.00037784	-0.03343918
29.90754018	0.01129265	0.00037759	-0.03343638
29.91004018	0.01128607	0.00037733	-0.03343359
29.91254017	0.01127950	0.00037708	-0.03343080
29.91504017	0.01127293	0.00037683	-0.03342800
29.91754016	0.01126636	0.00037658	-0.03342521
29.92004016	0.01125980	0.00037633	-0.03342242
29.92254015	0.01125324	0.00037608	-0.03341962
29.92504015	0.01124668	0.00037583	-0.03341683
29.92754014	0.01124013	0.00037558	-0.03341404
29.93004014	0.01123358	0.00037533	-0.03341125
29.93254013	0.01122704	0.00037508	-0.03340846
29.93504013	0.01122050	0.00037483	-0.03340567
29.93754012	0.01121396	0.00037458	-0.03340288
29.94004012	0.01120743	0.00037433	-0.03340009
29.94254011	0.01120090	0.00037408	-0.03339730
29.94504011	0.01119437	0.00037383	-0.03339451
29.94754010	0.01118785	0.00037358	-0.03339172
29.95004010	0.01118133	0.00037333	-0.03338894
29.95254009	0.01117481	0.00037308	-0.03338615
29.95504009	0.01116830	0.00037284	-0.03338336
29.95754008	0.01116179	0.00037259	-0.03338058
29.96004008	0.01115528	0.00037234	-0.03337779
29.96254007	0.01114878	0.00037209	-0.03337501
29.96504007	0.01114228	0.00037184	-0.03337222
29.96754006	0.01113579	0.00037160	-0.03336944
29.97004006	0.01112930	0.00037135	-0.03336666
29.97254005	0.01112281	0.00037110	-0.03336387
29.97504005	0.01111633	0.00037085	-0.03336109
29.97754004	0.01110985	0.00037061	-0.03335831
29.98004004	0.01110337	0.00037036	-0.03335553
29.98254003	0.01109690	0.00037011	-0.03335274
29.98504003	0.01109043	0.00036987	-0.03334996
29.98754002	0.01108396	0.00036962	-0.03334718
29.99004002	0.01107750	0.00036937	-0.03334440
29.99254001	0.01107104	0.00036913	-0.03334162
29.99504001	0.01106458	0.00036888	-0.03333885
29.99754000	0.01105813	0.00036863	-0.03333607
30.00004000	0.01105168	0.00036839	-0.03333329
30.00253999	0.01104524	0.00036814	-0.03333051
30.00503999	0.01103880	0.00036790	-0.03332773
30.00753998	0.01103236	0.00036765	-0.03332496
30.01003998	0.01102592	0.00036741	-0.03332218
30.01253997	0.01101949	0.00036716	-0.03331941
30.01503997	0.01101306	0.00036692	-0.03331663
30.01753996	0.01100664	0.00036667	-0.03331386
30.02003996	0.01100022	0.00036643	-0.03331108
30.02253995	0.01099380	0.00036618	-0.03330831
30.02503995	0.01098739	0.00036594	-0.03330553
30.02753994	0.01098098	0.00036570	-0.03330276
30.03003994	0.01097457	0.00036545	-0.03329999
30.03253993	0.01096817	0.00036521	-0.03329722
30.03503993	0.01096177	0.00036497	-0.03329445
30.03753992	0.01095538	0.00036472	-0.03329167
30.04003992	0.01094898	0.00036448	-0.03328890
30.04253991	0.01094259	0.00036424	-0.03328613
30.04503991	0.01093621	0.00036399	-0.03328336
30.04753990	0.01092983	0.00036375	-0.03328059
30.05003990	0.01092345	0.00036351	-0.03327783
30.05253989	0.01091707	0.00036327	-0.03327506
30.05503989	0.01091070	0.00036302	-0.03327229
30.05753988	0.01090434	0.00036278	-0.03326952
30.06003988	0.01089797	0.00036254	-0.03326676
30.06253987	0.01089161	0.00036230	-0.03326399
30.06503987	0.01088525	0.00036206	-0.03326122
30.06753986	0.01087890	0.00036182	-0.03325846
30.07003986	0.01087255	0.00036157	-0.03325569
30.07253985	0.01086620	0.00036133	-0.03325293
30.07503985	0.01085986	0.00036109	-0.03325016
30.07753984	0.01085352	0.00036085	-0.03324740
30.08003984	0.01084718	0.00036061	-0.03324464
30.08253983	0.01084085	0.00036037	-0.03324187
30.08503983	0.01083452	0.00036013	-0.03323911
30.08753982	0.01082819	0.00035989	-0.03323635
30.09003982	0.01082187	0.00035965	-0.03323359
30.09253981	0.01081555	0.00035941	-0.03323083
30.09503981	0.01080924	0.00035917	-0.03322807
30.09753980	0.01080292	0.00035893	-0.03322531
30.10003980	0.01079661	0.00035869	-0.03322255
30.10253979	0.01079031	0.00035845	-0.03321979
30.10503979	0.01078401	0.00035821	-0.03321703
30.10753978	0.01077771	0.00035797	-0.03321427
30.11003978	0.01077141	0.00035773	-0.03321151
30.11253977	0.01076512	0.00035750	-0.03320876
30.11503977	0.01075883	0.00035726	-0.03320600
30.11753976	0.01075255	0.00035702	-0.03320324
30.12003976	0.01074627	0.00035678	-0.03320049
30.12253975	0.01073999	0.00035654	-0.03319773
30.12503975	0.01073372	0.00035631	-0.03319498
30.12753974	0.01072745	0.00035607	-0.03319222
30.13003974	0.01072118	0.00035583	-0.03318947
30.13253973	0.01071491	0.00035559	-0.03318671
30.13503973	0.01070865	0.00035536	-0.03318396
30.13753972	0.01070240	0.00035512	-0.03318121
30.14003972	0.01069614	0.00035488	-0.03317846
30.14253971	0.01068989	0.00035464	-0.03317570
30.14503971	0.01068365	0.00035441	-0.03317295
30.14753970	0.01067740	0.00035417	-0.03317020
30.15003970	0.01067116	0.00035394	-0.03316745
30.15253969	0.01066493	0.00035370	-0.03316470
30.15503969	0.01065869	0.00035346	-0.03316195
30.15753968	0.01065246	0.00035323	-0.03315920
30.16003968	0.01064624	0.00035299	-0.03315646
30.16253967	0.01064002	0.00035276	-0.03315371
30.16503967	0.01063380	0.00035252	-0.03315096
30.16753966	0.01062758	0.00035229	-0.03314821
30.17003966	0.01062137	0.00035205	-0.03314547
30.17253965	0.01061516	0.00035182	-0.03314272
30.17503965	0.01060895	0.00035158	-0.03313997
30.17753964	0.01060275	0.00035135	-0.03313723
30.18003964	0.01059655	0.00035111	-0.03313448
30.18253963	0.01059036	0.00035088	-0.03313174
30.18503963	0.01058416	0.00035064	-0.03312899
30.18753962	0.01057798	0.00035041	-0.03312625
30.19003962	0.01057179	0.00035017	-0.03312351
30.19253961	0.01056561	0.00034994	-0.03312076
30.19503961	0.01055943	0.00034971	-0.03311802
30.19753960	0.01055326	0.00034947	-0.03311528
30.20003960	0.01054708	0.00034924	-0.03311254
30.20253959	0.01054092	0.00034901	-0.03310980
30.20503959	0.01053475	0.00034877	-0.03310706
30.20753958	0.01052859	0.00034854	-0.03310432
30.21003958	0.01052243	0.00034831	-0.03310158
30.21253957	0.01051628	0.00034808	-0.03309884
30.21503957	0.01051013	0.00034784	-0.03309610
30.21753956	0.01050398	0.00034761	-0.03309336
30.22003956	0.01049783	0.00034738	-0.03309063
30.22253955	0.01049169	0.00034715	-0.03308789
30.22503955	0.01048555	0.00034692	-0.03308515
30.22753954	0.01047942	0.00034668	-0.03308241
30.23003954	0.01047329	0.00034645	-0.03307968
30.23253953	0.01046716	0.00034622	-0.03307694
30.23503953	0.01046104	0.00034599	-0.03307421
30.23753952	0.01045492	0.00034576	-0.03307147
30.24003952	0.01044880	0.00034553	-0.03306874
30.24253951	0.01044268	0.00034530	-0.03306601
30.24503951	0.01043657	0.00034507	-0.03306327
30.24753950	0.01043047	0.00034484	-0.03306054
30.25003950	0.01042436	0.00034461	-0.03305781
30.25253949	0.01041826	0.00034438	-0.03305508
30.25503949	0.01041216	0.00034415	-0.03305234
30.25753948	0.01040607	0.00034392	-0.03304961
30.26003948	0.01039998	0.00034369	-0.03304688
30.26253947	0.01039389	0.00034346	-0.03304415
30.26503947	0.01038781	0.00034323	-0.03304142
30.26753946	0.01038173	0.00034300	-0.03303869
30.27003946	0.01037565	0.00034277	-0.03303597
30.27253945	0.01036958	0.00034254	-0.03303324
30.27503945	0.01036350	0.00034231	-0.03303051
30.27753944	0.01035744	0.00034208	-0.03302778
30.28003944	0.01035137	0.00034185	-0.03302506
30.28253943	0.01034531	0.00034163	-0.03302233
30.28503943	0.01033926	0.00034140	-0.03301960
30.28753942	0.01033320	0.00034117	-0.03301688
30.29003942	0.01032715	0.00034094	-0.03301415
30.29253941	0.01032110	0.00034071	-0.03301143
30.29503941	0.01031506	0.00034049	-0.03300870
30.29753940	0.01030902	0.00034026	-0.03300598
30.30003940	0.01030298	0.00034003	-0.03300326
30.30253939	0.01029695	0.00033980	-0.03300053
30.30503939	0.01029092	0.00033958	-0.03299781
30.30753938	0.01028489	0.00033935	-0.03299509
30.31003938	0.01027887	0.00033912	-0.03299237
30.31253937	0.01027285	0.00033890	-0.03298965
30.31503937	0.01026683	0.00033867	-0.03298693
30.31753936	0.01026081	0.00033844	-0.03298421
30.32003936	0.01025480	0.00033822	-0.03298149
30.32253935	0.01024880	0.00033799	-0.03297877
30.32503935	0.01024279	0.00033777	-0.03297605
30.32753934	0.01023679	0.00033754	-0.03297333
30.33003934	0.01023079	0.00033732	-0.03297061
30.33253933	0.01022480	0.00033709	-0.03296790
30.33503933	0.01021881	0.00033686	-0.03296518
30.33753932	0.01021282	0.00033664	-0.03296246
30.34003932	0.01020684	0.00033641	-0.03295975
30.34253931	0.01020086	0.00033619	-0.03295703
30.34503931	0.01019488	0.00033597	-0.03295432
30.34753930	0.01018890	0.00033574	-0.03295160
30.35003930	0.01018293	0.00033552	-0.03294889
30.35253929	0.01017696	0.00033529	-0.03294617
30.35503929	0.01017100	0.00033507	-0.03294346
30.35753928	0.01016504	0.00033484	-0.03294075
30.36003928	0.01015908	0.00033462	-0.03293803
30.36253927	0.01015313	0.00033440	-0.03293532
30.36503927	0.01014718	0.00033417	-0.03293261
30.36753926	0.01014123	0.00033395	-0.03292990
30.37003926	0.01013528	0.00033373	-0.03292719
30.37253925	0.01012934	0.00033350	-0.03292448
30.37503925	0.01012340	0.00033328	-0.03292177
30.37753924	0.01011747	0.00033306	-0.03291906
30.38003924	0.01011154	0.00033283	-0.03291635
30.38253923	0.01010561	0.00033261	-0.03291364
30.38503923	0.01009968	0.00033239	-0.03291093
30.38753922	0.01009376	0.00033217	-0.03290823
30.39003922	0.01008784	0.00033195	-0.03290552
30.39253921	0.01008193	0.00033172	-0.03290281
30.39503921	0.01007601	0.00033150	-0.03290011
30.39753920	0.01007011	0.00033128	-0.03289740
30.40003920	0.01006420	0.00033106	-0.03289469
30.40253919	0.01005830	0.00033084	-0.03289199
30.40503919	0.01005240	0.00033062	-0.03288929
30.40753918	0.01004650	0.00033040	-0.03288658
30.41003918	0.01004061	0.00033017	-0.03288388
30.41253917	0.01003472	0.00032995	-0.03288117
30.41503917	0.01002884	0.00032973	-0.03287847
30.41753916	0.01002295	0.00032951	-0.03287577
30.42003916	0.01001707	0.00032929	-0.03287307
30.42253915	0.01001120	0.00032907	-0.03287037
30.42503915	0.01000532	0.00032885	-0.03286767
30.42753914	0.00999945	0.00032863	-0.03286496
30.43003914	0.00999359	0.00032841	-0.03286226
30.43253913	0.00998772	0.00032819	-0.03285957
30.43503913	0.00998186	0.00032797	-0.03285687
30.43753912	0.00997601	0.00032775	-0.03285417
30.44003912	0.00997015	0.00032753	-0.03285147
30.44253911	0.00996430	0.00032732	-0.03284877
30.44503911	0.00995846	0.00032710	-0.03284607
30.44753910	0.00995261	0.00032688	-0.03284338
30.45003910	0.00994677	0.00032666	-0.03284068
30.45253909	0.00994093	0.00032644	-0.03283798
30.45503909	0.00993510	0.00032622	-0.03283529
30.45753908	0.00992927	0.00032600	-0.03283259
30.46003908	0.00992344	0.00032579	-0.03282990
30.46253907	0.00991762	0.00032557	-0.03282720
30.46503907	0.00991180	0.00032535	-0.03282451
30.46753906	0.00990598	0.00032513	-0.03282182
30.47003906	0.00990016	0.00032491	-0.03281912
30.47253905	0.00989435	0.00032470	-0.03281643
30.47503905	0.00988854	0.00032448	-0.03281374
30.47753904	0.00988274	0.00032426	-0.03281105
30.48003904	0.00987693	0.00032405	-0.03280836
30.48253903	0.00987114	0.00032383	-0.03280567
30.48503903	0.00986534	0.00032361	-0.03280298
30.48753902	0.00985955	0.00032340	-0.03280029
30.49003902	0.00985376	0.00032318	-0.03279760
30.49253901	0.00984797	0.00032296	-0.03279491
30.49503901	0.00984219	0.00032275	-0.03279222
30.49753900	0.00983641	0.00032253	-0.03278953
30.50003900	0.00983063	0.00032232	-0.03278684
30.50253899	0.00982486	0.00032210	-0.03278416
30.50503899	0.00981909	0.00032188	-0.03278147
30.50753898	0.00981332	0.00032167	-0.03277878
30.51003898	0.00980756	0.00032145	-0.03277610
30.51253897	0.00980180	0.00032124	-0.03277341
30.51503897	0.00979604	0.00032102	-0.03277073
30.51753896	0.00979029	0.00032081	-0.03276804
30.52003896	0.00978454	0.00032059	-0.03276536
30.52253895	0.00977879	0.00032038	-0.03276267
30.52503895	0.00977304	0.00032016	-0.03275999
30.52753894	0.00976730	0.00031995	-0.03275731
30.53003894	0.00976156	0.00031974	-0.03275463
30.53253893	0.00975583	0.00031952	-0.03275194
30.53503893	0.00975010	0.00031931	-0.03274926
30.53753892	0.00974437	0.00031909	-0.03274658
30.54003892	0.00973864	0.00031888	-0.03274390
30.54253891	0.00973292	0.00031867	-0.03274122
30.54503891	0.00972720	0.00031845	-0.03273854
30.54753890	0.00972149	0.00031824	-0.03273586
30.55003890	0.00971577	0.00031803	-0.03273318
30.55253889	0.00971006	0.00031782	-0.03273050
30.55503889	0.00970436	0.00031760	-0.03272783
30.55753888	0.00969865	0.00031739	-0.03272515
30.56003888	0.00969295	0.00031718	-0.03272247
30.56253887	0.00968726	0.00031697	-0.03271979
30.56503887	0.00968156	0.00031675	-0.03271712
30.56753886	0.00967587	0.00031654	-0.03271444
30.57003886	0.00967018	0.00031633	-0.03271177
30.57253885	0.00966450	0.00031612	-0.03270909
30.57503885	0.00965882	0.00031591	-0.03270642
30.57753884	0.00965314	0.00031569	-0.03270374
30.58003884	0.00964746	0.00031548	-0.03270107
30.58253883	0.00964179	0.00031527	-0.03269840
30.58503883	0.00963612	0.00031506	-0.03269572
30.58753882	0.00963046	0.00031485	-0.03269305
30.59003882	0.00962480	0.00031464	-0.03269038
30.59253881	0.00961914	0.00031443	-0.03268771
30.59503881	0.00961348	0.00031422	-0.03268504
30.59753880	0.00960783	0.00031401	-0.03268237
30.60003880	0.00960218	0.00031380	-0.03267970
30.60253879	0.00959653	0.00031359	-0.03267703
30.60503879	0.00959089	0.00031338	-0.03267436
30.60753878	0.00958525	0.00031317	-0.03267169
30.61003878	0.00957961	0.00031296	-0.03266902
30.61253877	0.00957397	0.00031275	-0.03266635
30.61503877	0.00956834	0.00031254	-0.03266369
30.61753876	0.00956272	0.00031233	-0.03266102
30.62003876	0.00955709	0.00031212	-0.03265835
30.62253875	0.00955147	0.00031191	-0.03265569
30.62503875	0.00954585	0.00031170	-0.03265302
30.62753874	0.00954023	0.00031149	-0.03265035
30.63003874	0.00953462	0.00031128	-0.03264769
30.63253873	0.00952901	0.00031107	-0.03264503
30.63503873	0.00952341	0.00031087	-0.03264236
30.63753872	0.00951780	0.00031066	-0.03263970
30.64003872	0.00951220	0.00031045	-0.03263703
30.64253871	0.00950661	0.00031024	-0.03263437
30.64503871	0.00950101	0.00031003	-0.03263171
30.64753870	0.00949542	0.00030983	-0.03262905
30.65003870	0.00948983	0.00030962	-0.03262639
30.65253869	0.00948425	0.00030941	-0.03262373
30.65503869	0.00947867	0.00030920	-0.03262106
30.65753868	0.00947309	0.00030900	-0.03261840
30.66003868	0.00946751	0.00030879	-0.03261574
30.66253867	0.00946194	0.00030858	-0.03261309
30.66503867	0.00945637	0.00030838	-0.03261043
30.66753866	0.00945081	0.00030817	-0.03260777
30.67003866	0.00944524	0.00030796	-0.03260511
30.67253865	0.00943968	0.00030776	-0.03260245
30.67503865	0.00943413	0.00030755	-0.03259980
30.67753864	0.00942857	0.00030734	-0.03259714
30.68003864	0.00942302	0.00030714	-0.03259448
30.68253863	0.00941748	0.00030693	-0.03259183
30.68503863	0.00941193	0.00030673	-0.03258917
30.68753862	0.00940639	0.00030652	-0.03258652
30.69003862	0.00940085	0.00030632	-0.03258386
30.69253861	0.00939532	0.00030611	-0.03258121
30.69503861	0.00938978	0.00030591	-0.03257855
30.69753860	0.00938426	0.00030570	-0.03257590
30.70003860	0.00937873	0.00030550	-0.03257325
30.70253859	0.00937321	0.00030529	-0.03257060
30.70503859	0.00936769	0.00030509	-0.03256794
30.70753858	0.00936217	0.00030488	-0.03256529
30.71003858	0.00935666	0.00030468	-0.03256264
30.71253857	0.00935115	0.00030447	-0.03255999
30.71503857	0.00934564	0.00030427	-0.03255734
30.71753856	0.00934013	0.00030407	-0.03255469
30.72003856	0.00933463	0.00030386	-0.03255204
30.72253855	0.00932913	0.00030366	-0.03254939
30.72503855	0.00932364	0.00030345	-0.03254675
30.72753854	0.00931815	0.00030325	-0.03254410
30.73003854	0.00931266	0.00030305	-0.03254145
30.73253853	0.00930717	0.00030284	-0.03253880
30.73503853	0.00930169	0.00030264	-0.03253616
30.73753852	0.00929621	0.00030244	-0.03253351
30.74003852	0.00929073	0.00030224	-0.03253086
30.74253851	0.00928526	0.00030203	-0.03252822
30.74503851	0.00927979	0.00030183	-0.03252557
30.74753850	0.00927432	0.00030163	-0.03252293
30.75003850	0.00926885	0.00030143	-0.03252028
30.75253849	0.00926339	0.00030122	-0.03251764
30.75503849	0.00925793	0.00030102	-0.03251500
30.75753848	0.00925248	0.00030082	-0.03251235
30.76003848	0.00924702	0.00030062	-0.03250971
30.76253847	0.00924157	0.00030042	-0.03250707
30.76503847	0.00923613	0.00030022	-0.03250443
30.76753846	0.00923068	0.00030001	-0.03250179
30.77003846	0.00922524	0.00029981	-0.03249915
30.77253845	0.00921981	0.00029961	-0.03249651
30.77503845	0.00921437	0.00029941	-0.03249387
30.77753844	0.00920894	0.00029921	-0.03249123
30.78003844	0.00920351	0.00029901	-0.03248859
30.78253843	0.00919808	0.00029881	-0.03248595
30.78503843	0.00919266	0.00029861	-0.03248331
30.78753842	0.00918724	0.00029841	-0.03248067
30.79003842	0.00918183	0.00029821	-0.03247804
30.79253841	0.00917641	0.00029801	-0.03247540
30.79503841	0.00917100	0.00029781	-0.03247276
30.79753840	0.00916559	0.00029761	-0.03247013
30.80003840	0.00916019	0.00029741	-0.03246749
30.80253839	0.00915479	0.00029721	-0.03246486
30.80503839	0.00914939	0.00029701	-0.03246222
30.80753838	0.00914400	0.00029681	-0.03245959
30.81003838	0.00913860	0.00029661	-0.03245695
30.81253837	0.00913321	0.00029641	-0.03245432
30.81503837	0.00912783	0.00029621	-0.03245169
30.81753836	0.00912244	0.00029601	-0.03244906
30.82003836	0.00911706	0.00029582	-0.03244642
30.82253835	0.00911169	0.00029562	-0.03244379
30.82503835	0.00910631	0.00029542	-0.03244116
30.82753834	0.00910094	0.00029522	-0.03243853
30.83003834	0.00909557	0.00029502	-0.03243590
30.83253833	0.00909021	0.00029483	-0.03243327
30.83503833	0.00908484	0.00029463	-0.03243064
30.83753832	0.00907948	0.00029443	-0.03242801
30.84003832	0.00907413	0.00029423	-0.03242538
30.84253831	0.00906877	0.00029403	-0.03242275
30.84503831	0.00906342	0.00029384	-0.03242013
30.84753830	0.00905807	0.00029364	-0.03241750
30.85003830	0.00905273	0.00029344	-0.03241487
30.85253829	0.00904739	0.00029325	-0.03241224
30.85503829	0.00904205	0.00029305	-0.03240962
30.85753828	0.00903671	0.00029285	-0.03240699
30.86003828	0.00903138	0.00029266	-0.03240437
30.86253827	0.00902605	0.00029246	-0.03240174
30.86503827	0.00902072	0.00029226	-0.03239912
30.86753826	0.00901540	0.00029207	-0.03239649
30.87003826	0.00901008	0.00029187	-0.03239387
30.87253825	0.00900476	0.00029168	-0.03239125
30.87503825	0.00899945	0.00029148	-0.03238862
30.87753824	0.00899414	0.00029128	-0.03238600
30.88003824	0.00898883	0.00029109	-0.03238338
30.88253823	0.00898352	0.00029089	-0.03238076
30.88503823	0.00897822	0.00029070	-0.03237814
30.88753822	0.00897292	0.00029050	-0.03237552
30.89003822	0.00896762	0.00029031	-0.03237290
30.89253821	0.00896233	0.00029011	-0.03237028
30.89503821	0.00895703	0.00028992	-0.03236766
30.89753820	0.00895175	0.00028972	-0.03236504
30.90003820	0.00894646	0.00028953	-0.03236242
30.90253819	0.00894118	0.00028933	-0.03235980
30.90503819	0.00893590	0.00028914	-0.03235718
30.90753818	0.00893062	0.00028895	-0.03235457
30.91003818	0.00892535	0.00028875	-0.03235195
30.91253817	0.00892008	0.00028856	-0.03234933
30.91503817	0.00891481	0.00028836	-0.03234672
30.91753816	0.00890954	0.00028817	-0.03234410
30.92003816	0.00890428	0.00028798	-0.03234149
30.92253815	0.00889902	0.00028778	-0.03233887
30.92503815	0.00889377	0.00028759	-0.03233626
30.92753814	0.00888851	0.00028740	-0.03233364
30.93003814	0.00888326	0.00028721	-0.03233103
30.93253813	0.00887802	0.00028701	-0.03232842
30.93503813	0.00887277	0.00028682	-0.03232580
30.93753812	0.00886753	0.00028663	-0.03232319
30.94003812	0.00886229	0.00028643	-0.03232058
30.94253811	0.00885706	0.00028624	-0.03231797
30.94503811	0.00885182	0.00028605	-0.03231536
30.94753810	0.00884660	0.00028586	-0.03231275
30.95003810	0.00884137	0.00028567	-0.03231014
30.95253809	0.00883614	0.00028547	-0.03230753
30.95503809	0.00883092	0.00028528	-0.03230492
30.95753808	0.00882571	0.00028509	-0.03230231
30.96003808	0.00882049	0.00028490	-0.03229970
30.96253807	0.00881528	0.00028471	-0.03229709
30.96503807	0.00881007	0.00028452	-0.03229449
30.96753806	0.00880486	0.00028433	-0.03229188
30.97003806	0.00879966	0.00028413	-0.03228927
30.97253805	0.00879446	0.00028394	-0.03228667
30.97503805	0.00878926	0.00028375	-0.03228406
30.97753804	0.00878407	0.00028356	-0.03228145
30.98003804	0.00877887	0.00028337	-0.03227885
30.98253803	0.00877368	0.00028318	-0.03227625
30.98503803	0.00876850	0.00028299	-0.03227364
30.98753802	0.00876332	0.00028280	-0.03227104
30.99003802	0.00875813	0.00028261	-0.03226843
30.99253801	0.00875296	0.00028242	-0.03226583
30.99503801	0.00874778	0.00028223	-0.03226323
30.99753800	0.00874261	0.00028204	-0.03226063
31.00003800	0.00873744	0.00028185	-0.03225802
31.00253799	0.00873228	0.00028166	-0.03225542
31.00503799	0.00872711	0.00028147	-0.03225282
31.00753798	0.00872195	0.00028128	-0.03225022
31.01003798	0.00871680	0.00028110	-0.03224762
31.01253797	0.00871164	0.00028091	-0.03224502
31.01503797	0.00870649	0.00028072	-0.03224242
31.01753796	0.00870134	0.00028053	-0.03223983
31.02003796	0.00869620	0.00028034	-0.03223723
31.02253795	0.00869105	0.00028015	-0.03223463
31.02503795	0.00868591	0.00027996	-0.03223203
31.02753794	0.00868078	0.00027978	-0.03222943
31.03003794	0.00867564	0.00027959	-0.03222684
31.03253793	0.00867051	0.00027940	-0.03222424
31.03503793	0.00866538	0.00027921	-0.03222165
31.03753792	0.00866026	0.00027903	-0.03221905
31.04003792	0.00865513	0.00027884	-0.03221646
31.04253791	0.00865001	0.00027865	-0.03221386
31.04503791	0.00864490	0.00027846	-0.03221127
31.04753790	0.00863978	0.00027828	-0.03220867
31.05003790	0.00863467	0.00027809	-0.03220608
31.05253789	0.00862956	0.00027790	-0.03220349
31.05503789	0.00862446	0.00027772	-0.03220089
31.05753788	0.00861935	0.00027753	-0.03219830
31.06003788	0.00861425	0.00027734	-0.03219571
31.06253787	0.00860916	0.00027716	-0.03219312
31.06503787	0.00860406	0.00027697	-0.03219053
31.06753786	0.00859897	0.00027678	-0.03218794
31.07003786	0.00859388	0.00027660	-0.03218535
31.07253785	0.00858880	0.00027641	-0.03218276
31.07503785	0.00858371	0.00027623	-0.03218017
31.07753784	0.00857863	0.00027604	-0.03217758
31.08003784	0.00857356	0.00027585	-0.03217499
31.08253783	0.00856848	0.00027567	-0.03217241
31.08503783	0.00856341	0.00027548	-0.03216982
31.08753782	0.00855834	0.00027530	-0.03216723
31.09003782	0.00855328	0.00027511	-0.03216464
31.09253781	0.00854821	0.00027493	-0.03216206
31.09503781	0.00854315	0.00027474	-0.03215947
31.09753780	0.00853810	0.00027456	-0.03215689
31.10003780	0.00853304	0.00027437	-0.03215430
31.10253779	0.00852799	0.00027419	-0.03215172
31.10503779	0.00852294	0.00027401	-0.03214913
31.10753778	0.00851789	0.00027382	-0.03214655
31.11003778	0.00851285	0.00027364	-0.03214397
31.11253777	0.00850781	0.00027345	-0.03214138
31.11503777	0.00850277	0.00027327	-0.03213880
31.11753776	0.00849774	0.00027309	-0.03213622
31.12003776	0.00849271	0.00027290	-0.03213364
31.12253775	0.00848768	0.00027272	-0.03213106
31.12503775	0.00848265	0.00027253	-0.03212848
31.12753774	0.00847763	0.00027235	-0.03212589
31.13003774	0.00847261	0.00027217	-0.03212331
31.13253773	0.00846759	0.00027199	-0.03212074
31.13503773	0.00846257	0.00027180	-0.03211816
31.13753772	0.00845756	0.00027162	-0.03211558
31.14003772	0.00845255	0.00027144	-0.03211300
31.14253771	0.00844755	0.00027125	-0.03211042
31.14503771	0.00844254	0.00027107	-0.03210784
31.14753770	0.00843754	0.00027089	-0.03210527
31.15003770	0.00843254	0.00027071	-0.03210269
31.15253769	0.00842755	0.00027053	-0.03210011
31.15503769	0.00842255	0.00027034	-0.03209754
31.15753768	0.00841756	0.00027016	-0.03209496
31.16003768	0.00841258	0.00026998	-0.03209239
31.16253767	0.00840759	0.00026980	-0.03208981
31.16503767	0.00840261	0.00026962	-0.03208724
31.16753766	0.00839763	0.00026944	-0.03208466
31.17003766	0.00839266	0.00026925	-0.03208209
31.17253765	0.00838768	0.00026907	-0.03207952
31.17503765	0.00838271	0.00026889	-0.03207695
31.17753764	0.00837775	0.00026871	-0.03207437
31.18003764	0.00837278	0.00026853	-0.03207180
31.18253763	0.00836782	0.00026835	-0.03206923
31.18503763	0.00836286	0.00026817	-0.03206666
31.18753762	0.00835790	0.00026799	-0.03206409
31.19003762	0.00835295	0.00026781	-0.03206152
31.19253761	0.00834800	0.00026763	-0.03205895
31.19503761	0.00834305	0.00026745	-0.03205638
31.19753760	0.00833811	0.00026727	-0.03205381
31.20003760	0.00833316	0.00026709	-0.03205124
31.20253759	0.00832822	0.00026691	-0.03204868
31.20503759	0.00832329	0.00026673	-0.03204611
31.20753758	0.00831835	0.00026655	-0.03204354
31.21003758	0.00831342	0.00026637	-0.03204097
31.21253757	0.00830849	0.00026619	-0.03203841
31.21503757	0.00830357	0.00026601	-0.03203584
31.21753756	0.00829864	0.00026583	-0.03203328
31.22003756	0.00829372	0.00026565	-0.03203071
31.22253755	0.00828880	0.00026548	-0.03202815
31.22503755	0.00828389	0.00026530	-0.03202558
31.22753754	0.00827898	0.00026512	-0.03202302
31.23003754	0.00827407	0.00026494	-0.03202045
31.23253753	0.00826916	0.00026476	-0.03201789
31.23503753	0.00826426	0.00026458	-0.03201533
31.23753752	0.00825936	0.00026440	-0.03201277
31.24003752	0.00825446	0.00026423	-0.03201020
31.24253751	0.00824956	0.00026405	-0.03200764
31.24503751	0.00824467	0.00026387	-0.03200508
31.24753750	0.00823978	0.00026369	-0.03200252
31.25003750	0.00823489	0.00026352	-0.03199996
31.25253749	0.00823001	0.00026334	-0.03199740
31.25503749	0.00822512	0.00026316	-0.03199484
31.25753748	0.00822025	0.00026298	-0.03199228
31.26003748	0.00821537	0.00026281	-0.03198972
31.26253747	0.00821050	0.00026263	-0.03198717
31.26503747	0.00820562	0.00026245	-0.03198461
31.26753746	0.00820076	0.00026228	-0.03198205
31.27003746	0.00819589	0.00026210	-0.03197949
31.27253745	0.00819103	0.00026192	-0.03197694
31.27503745	0.00818617	0.00026175	-0.03197438
31.27753744	0.00818131	0.00026157	-0.03197183
31.28003744	0.00817646	0.00026140	-0.03196927
31.28253743	0.00817160	0.00026122	-0.03196672
31.28503743	0.00816675	0.00026104	-0.03196416
31.28753742	0.00816191	0.00026087	-0.03196161
31.29003742	0.00815706	0.00026069	-0.03195905
31.29253741	0.00815222	0.00026052	-0.03195650
31.29503741	0.00814738	0.00026034	-0.03195395
31.29753740	0.00814255	0.00026017	-0.03195140
31.30003740	0.00813772	0.00025999	-0.03194884
31.30253739	0.00813289	0.00025982	-0.03194629
31.30503739	0.00812806	0.00025964	-0.03194374
31.30753738	0.00812323	0.00025947	-0.03194119
31.31003738	0.00811841	0.00025929	-0.03193864
31.31253737	0.00811359	0.00025912	-0.03193609
31.31503737	0.00810878	0.00025894	-0.03193354
31.31753736	0.00810396	0.00025877	-0.03193099
31.32003736	0.00809915	0.00025859	-0.03192844
31.32253735	0.00809434	0.00025842	-0.03192589
31.32503735	0.00808954	0.00025825	-0.03192335
31.32753734	0.00808473	0.00025807	-0.03192080
31.33003734	0.00807993	0.00025790	-0.03191825
31.33253733	0.00807513	0.00025772	-0.03191570
31.33503733	0.00807034	0.00025755	-0.03191316
31.33753732	0.00806555	0.00025738	-0.03191061
31.34003732	0.00806076	0.00025720	-0.03190807
31.34253731	0.00805597	0.00025703	-0.03190552
31.34503731	0.00805119	0.00025686	-0.03190298
31.34753730	0.00804640	0.00025668	-0.03190043
31.35003730	0.00804163	0.00025651	-0.03189789
31.35253729	0.00803685	0.00025634	-0.03189535
31.35503729	0.00803208	0.00025617	-0.03189280
31.35753728	0.00802731	0.00025599	-0.03189026
31.36003728	0.00802254	0.00025582	-0.03188772
31.36253727	0.00801777	0.00025565	-0.03188518
31.36503727	0.00801301	0.00025548	-0.03188263
31.36753726	0.00800825	0.00025530	-0.03188009
31.37003726	0.00800349	0.00025513	-0.03187755
31.37253725	0.00799874	0.00025496	-0.03187501
31.37503725	0.00799398	0.00025479	-0.03187247
31.37753724	0.00798923	0.00025462	-0.03186993
31.38003724	0.00798449	0.00025444	-0.03186739
31.38253723	0.00797974	0.00025427	-0.03186486
31.38503723	0.00797500	0.00025410	-0.03186232
31.38753722	0.00797026	0.00025393	-0.03185978
31.39003722	0.00796553	0.00025376	-0.03185724
31.39253721	0.00796079	0.00025359	-0.03185470
31.39503721	0.00795606	0.00025342	-0.03185217
31.39753720	0.00795133	0.00025325	-0.03184963
31.40003720	0.00794661	0.00025308	-0.03184710
31.40253719	0.00794189	0.00025291	-0.03184456
31.40503719	0.00793717	0.00025274	-0.03184203
31.40753718	0.00793245	0.00025257	-0.03183949
31.41003718	0.00792773	0.00025239	-0.03183696
31.41253717	0.00792302	0.00025222	-0.03183442
31.41503717	0.00791831	0.00025205	-0.03183189
31.41753716	0.00791361	0.00025188	-0.03182936
31.42003716	0.00790890	0.00025172	-0.03182682
31.42253715	0.00790420	0.00025155	-0.03182429
31.42503715	0.00789950	0.00025138	-0.03182176
31.42753714	0.00789480	0.00025121	-0.03181923
31.43003714	0.00789011	0.00025104	-0.03181670
31.43253713	0.00788542	0.00025087	-0.03181417
31.43503713	0.00788073	0.00025070	-0.03181164
31.43753712	0.00787605	0.00025053	-0.03180911
31.44003712	0.00787136	0.00025036	-0.03180658
31.44253711	0.00786668	0.00025019	-0.03180405
31.44503711	0.00786200	0.00025002	-0.03180152
31.44753710	0.00785733	0.00024986	-0.03179899
31.45003710	0.00785266	0.00024969	-0.03179646
31.45253709	0.00784799	0.00024952	-0.03179394
31.45503709	0.00784332	0.00024935	-0.03179141
31.45753708	0.00783865	0.00024918	-0.03178888
31.46003708	0.00783399	0.00024901	-0.03178636
31.46253707	0.00782933	0.00024885	-0.03178383
31.46503707	0.00782468	0.00024868	-0.03178131
31.46753706	0.00782002	0.00024851	-0.03177878
31.47003706	0.00781537	0.00024834	-0.03177626
31.47253705	0.00781072	0.00024818	-0.03177373
31.47503705	0.00780607	0.00024801	-0.03177121
31.47753704	0.00780143	0.00024784	-0.03176869
31.48003704	0.00779679	0.00024767	-0.03176616
31.48253703	0.00779215	0.00024751	-0.03176364
31.48503703	0.00778752	0.00024734	-0.03176112
31.48753702	0.00778288	0.00024717	-0.03175860
31.49003702	0.00777825	0.00024701	-0.03175608
31.49253701	0.00777362	0.00024684	-0.03175355
31.49503701	0.00776900	0.00024667	-0.03175103
31.49753700	0.00776438	0.00024651	-0.03174851
31.50003700	0.00775975	0.00024634	-0.03174599
31.50253699	0.00775514	0.00024618	-0.03174348
31.50503699	0.00775052	0.00024601	-0.03174096
31.50753698	0.00774591	0.00024584	-0.03173844
31.51003698	0.00774130	0.00024568	-0.03173592
31.51253697	0.00773669	0.00024551	-0.03173340
31.51503697	0.00773209	0.00024535	-0.03173088
31.51753696	0.00772749	0.00024518	-0.03172837
31.52003696	0.00772289	0.00024502	-0.03172585
31.52253695	0.00771829	0.00024485	-0.03172334
31.52503695	0.00771370	0.00024468	-0.03172082
31.52753694	0.00770910	0.00024452	-0.03171830
31.53003694	0.00770451	0.00024435	-0.03171579
31.53253693	0.00769993	0.00024419	-0.03171327
31.53503693	0.00769534	0.00024403	-0.03171076
31.53753692	0.00769076	0.00024386	-0.03170825
31.54003692	0.00768618	0.00024370	-0.03170573
31.54253691	0.00768161	0.00024353	-0.03170322
31.54503691	0.00767703	0.00024337	-0.03170071
31.54753690	0.00767246	0.00024320	-0.03169820
31.55003690	0.00766789	0.00024304	-0.03169568
31.55253689	0.00766333	0.00024288	-0.03169317
31.55503689	0.00765877	0.00024271	-0.03169066
31.55753688	0.00765420	0.00024255	-0.03168815
31.56003688	0.00764965	0.00024238	-0.03168564
31.56253687	0.00764509	0.00024222	-0.03168313
31.56503687	0.00764054	0.00024206	-0.03168062
31.56753686	0.00763599	0.00024189	-0.03167811
31.57003686	0.00763144	0.00024173	-0.03167560
31.57253685	0.00762689	0.00024157	-0.03167310
31.57503685	0.00762235	0.00024140	-0.03167059
31.57753684	0.00761781	0.00024124	-0.03166808
31.58003684	0.00761327	0.00024108	-0.03166557
31.58253683	0.00760874	0.00024092	-0.03166307
31.58503683	0.00760421	0.00024075	-0.03166056
31.58753682	0.00759968	0.00024059	-0.03165806
31.59003682	0.00759515	0.00024043	-0.03165555
31.59253681	0.00759062	0.00024027	-0.03165305
31.59503681	0.00758610	0.00024010	-0.03165054
31.59753680	0.00758158	0.00023994	-0.03164804
31.60003680	0.00757706	0.00023978	-0.03164553
31.60253679	0.00757255	0.00023962	-0.03164303
31.60503679	0.00756804	0.00023946	-0.03164053
31.60753678	0.00756353	0.00023930	-0.03163802
31.61003678	0.00755902	0.00023913	-0.03163552
31.61253677	0.00755452	0.00023897	-0.03163302
31.61503677	0.00755001	0.00023881	-0.03163052
31.61753676	0.00754552	0.00023865	-0.03162802
31.62003676	0.00754102	0.00023849	-0.03162552
31.62253675	0.00753652	0.00023833	-0.03162302
31.62503675	0.00753203	0.00023817	-0.03162052
31.62753674	0.00752754	0.00023801	-0.03161802
31.63003674	0.00752306	0.00023785	-0.03161552
31.63253673	0.00751857	0.00023768	-0.03161302
31.63503673	0.00751409	0.00023752	-0.03161052
31.63753672	0.00750961	0.00023736	-0.03160802
31.64003672	0.00750514	0.00023720	-0.03160553
31.64253671	0.00750066	0.00023704	-0.03160303
31.64503671	0.00749619	0.00023688	-0.03160053
31.64753670	0.00749172	0.00023672	-0.03159804
31.65003670	0.00748725	0.00023656	-0.03159554
31.65253669	0.00748279	0.00023640	-0.03159304
31.65503669	0.00747833	0.00023624	-0.03159055
31.65753668	0.00747387	0.00023609	-0.03158805
31.66003668	0.00746941	0.00023593	-0.03158556
31.66253667	0.00746496	0.00023577	-0.03158307
31.66503667	0.00746051	0.00023561	-0.03158057
31.66753666	0.00745606	0.00023545	-0.03157808
31.67003666	0.00745161	0.00023529	-0.03157559
31.67253665	0.00744717	0.00023513	-0.03157309
31.67503665	0.00744273	0.00023497	-0.03157060
31.67753664	0.00743829	0.00023481	-0.03156811
31.68003664	0.00743385	0.00023465	-0.03156562
31.68253663	0.00742942	0.00023450	-0.03156313
31.68503663	0.00742499	0.00023434	-0.03156064
31.68753662	0.00742056	0.00023418	-0.03155815
31.69003662	0.00741613	0.00023402	-0.03155566
31.69253661	0.00741171	0.00023386	-0.03155317
31.69503661	0.00740729	0.00023370	-0.03155068
31.69753660	0.00740287	0.00023355	-0.03154819
31.70003660	0.00739845	0.00023339	-0.03154570
31.70253659	0.00739404	0.00023323	-0.03154322
31.70503659	0.00738963	0.00023307	-0.03154073
31.70753658	0.00738522	0.00023292	-0.03153824
31.71003658	0.00738081	0.00023276	-0.03153576
31.71253657	0.00737641	0.00023260	-0.03153327
31.71503657	0.00737201	0.00023245	-0.03153079
31.71753656	0.00736761	0.00023229	-0.03152830
31.72003656	0.00736321	0.00023213	-0.03152581
31.72253655	0.00735882	0.00023197	-0.03152333
31.72503655	0.00735443	0.00023182	-0.03152085
31.72753654	0.00735004	0.00023166	-0.03151836
31.73003654	0.00734565	0.00023150	-0.03151588
31.73253653	0.00734127	0.00023135	-0.03151340
31.73503653	0.00733689	0.00023119	-0.03151091
31.73753652	0.00733251	0.00023104	-0.03150843
31.74003652	0.00732813	0.00023088	-0.03150595
31.74253651	0.00732376	0.00023072	-0.03150347
31.74503651	0.00731939	0.00023057	-0.03150099
31.74753650	0.00731502	0.00023041	-0.03149851
31.75003650	0.00731065	0.00023026	-0.03149603
31.75253649	0.00730629	0.00023010	-0.03149355
31.75503649	0.00730192	0.00022995	-0.03149107
31.75753648	0.00729757	0.00022979	-0.03148859
31.76003648	0.00729321	0.00022963	-0.03148611
31.76253647	0.00728885	0.00022948	-0.03148363
31.76503647	0.00728450	0.00022932	-0.03148115
31.76753646	0.00728015	0.00022917	-0.03147868
31.77003646	0.00727581	0.00022901	-0.03147620
31.77253645	0.00727146	0.00022886	-0.03147372
31.77503645	0.00726712	0.00022871	-0.03147125
31.77753644	0.00726278	0.00022855	-0.03146877
31.78003644	0.00725844	0.00022840	-0.03146629
31.78253643	0.00725411	0.00022824	-0.03146382
31.78503643	0.00724978	0.00022809	-0.03146135
31.78753642	0.00724545	0.00022793	-0.03145887
31.79003642	0.00724112	0.00022778	-0.03145640
31.79253641	0.00723680	0.00022763	-0.03145392
31.79503641	0.00723247	0.00022747	-0.03145145
31.79753640	0.00722815	0.00022732	-0.03144898
31.80003640	0.00722384	0.00022716	-0.03144650
31.80253639	0.00721952	0.00022701	-0.03144403
31.80503639	0.00721521	0.00022686	-0.03144156
31.80753638	0.00721090	0.00022670	-0.03143909
31.81003638	0.00720659	0.00022655	-0.03143662
31.81253637	0.00720229	0.00022640	-0.03143415
31.81503637	0.00719798	0.00022624	-0.03143168
31.81753636	0.00719368	0.00022609	-0.03142921
31.82003636	0.00718938	0.00022594	-0.03142674
31.82253635	0.00718509	0.00022579	-0.03142427
31.82503635	0.00718080	0.00022563	-0.03142180
31.82753634	0.00717651	0.00022548	-0.03141933
31.83003634	0.00717222	0.00022533	-0.03141687
31.83253633	0.00716793	0.00022518	-0.03141440
31.83503633	0.00716365	0.00022502	-0.03141193
31.83753632	0.00715937	0.00022487	-0.03140947
31.84003632	0.00715509	0.00022472	-0.03140700
31.84253631	0.00715081	0.00022457	-0.03140453
31.84503631	0.00714654	0.00022442	-0.03140207
31.84753630	0.00714227	0.00022426	-0.03139960
31.85003630	0.00713800	0.00022411	-0.03139714
31.85253629	0.00713373	0.00022396	-0.03139467
31.85503629	0.00712947	0.00022381	-0.03139221
31.85753628	0.00712521	0.00022366	-0.03138975
31.86003628	0.00712095	0.00022351	-0.03138728
31.86253627	0.00711669	0.00022336	-0.03138482
31.86503627	0.00711244	0.00022321	-0.03138236
31.86753626	0.00710819	0.00022305	-0.03137990
31.87003626	0.00710394	0.00022290	-0.03137744
31.87253625	0.00709969	0.00022275	-0.03137497
31.87503625	0.00709544	0.00022260	-0.03137251
31.87753624	0.00709120	0.00022245	-0.03137005
31.88003624	0.00708696	0.00022230	-0.03136759
31.88253623	0.00708273	0.00022215	-0.03136513
31.88503623	0.00707849	0.00022200	-0.03136267
31.88753622	0.00707426	0.00022185	-0.03136022
31.89003622	0.00707003	0.00022170	-0.03135776
31.89253621	0.00706580	0.00022155	-0.03135530
31.89503621	0.00706157	0.00022140	-0.03135284
31.89753620	0.00705735	0.00022125	-0.03135038
31.90003620	0.00705313	0.00022110	-0.03134793
31.90253619	0.00704891	0.00022095	-0.03134547
31.90503619	0.00704470	0.00022080	-0.03134301
31.90753618	0.00704048	0.00022065	-0.03134056
31.91003618	0.00703627	0.00022050	-0.03133810
31.91253617	0.00703206	0.00022035	-0.03133565
31.91503617	0.00702786	0.00022021	-0.03133319
31.91753616	0.00702365	0.00022006	-0.03133074
31.92003616	0.00701945	0.00021991	-0.03132829
31.92253615	0.00701525	0.00021976	-0.03132583
31.92503615	0.00701106	0.00021961	-0.03132338
31.92753614	0.00700686	0.00021946	-0.03132093
31.93003614	0.00700267	0.00021931	-0.03131847
31.93253613	0.00699848	0.00021916	-0.03131602
31.93503613	0.00699429	0.00021902	-0.03131357
31.93753612	0.00699011	0.00021887	-0.03131112
31.94003612	0.00698593	0.00021872	-0.03130867
31.94253611	0.00698175	0.00021857	-0.03130622
31.94503611	0.00697757	0.00021842	-0.03130377
31.94753610	0.00697339	0.00021828	-0.03130132
31.95003610	0.00696922	0.00021813	-0.03129887
31.95253609	0.00696505	0.00021798	-0.03129642
31.95503609	0.00696088	0.00021783	-0.03129397
31.95753608	0.00695671	0.00021769	-0.03129152
31.96003608	0.00695255	0.00021754	-0.03128908
31.96253607	0.00694839	0.00021739	-0.03128663
31.96503607	0.00694423	0.00021724	-0.03128418
31.96753606	0.00694008	0.00021710	-0.03128174
31.97003606	0.00693592	0.00021695	-0.03127929
31.97253605	0.00693177	0.00021680	-0.03127684
31.97503605	0.00692762	0.00021666	-0.03127440
31.97753604	0.00692347	0.00021651	-0.03127195
31.98003604	0.00691933	0.00021636	-0.03126951
31.98253603	0.00691519	0.00021622	-0.03126706
31.98503603	0.00691105	0.00021607	-0.03126462
31.98753602	0.00690691	0.00021592	-0.03126218
31.99003602	0.00690277	0.00021578	-0.03125973
31.99253601	0.00689864	0.00021563	-0.03125729
31.99503601	0.00689451	0.00021549	-0.03125485
31.99753600	0.00689038	0.00021534	-0.03125241
32.00003600	0.00688626	0.00021520	-0.03124996
32.00253600	0.00688213	0.00021505	-0.03124752
32.00503599	0.00687801	0.00021490	-0.03124508
32.00753598	0.00687389	0.00021476	-0.03124264
32.01003598	0.00686978	0.00021461	-0.03124020
32.01253597	0.00686566	0.00021447	-0.03123776
32.01503597	0.00686155	0.00021432	-0.03123532
32.01753597	0.00685744	0.00021418	-0.03123288
32.02003596	0.00685333	0.00021403	-0.03123045
32.02253596	0.00684923	0.00021389	-0.03122801
32.02503595	0.00684513	0.00021374	-0.03122557
32.02753594	0.00684103	0.00021360	-0.03122313
32.03003594	0.00683693	0.00021345	-0.03122070
32.03253593	0.00683283	0.00021331	-0.03121826
32.03503593	0.00682874	0.00021316	-0.03121582
32.03753593	0.00682465	0.00021302	-0.03121339
32.04003592	0.00682056	0.00021288	-0.03121095
32.04253592	0.00681647	0.00021273	-0.03120852
32.04503591	0.00681239	0.00021259	-0.03120608
32.04753590	0.00680831	0.00021244	-0.03120365
32.05003590	0.00680423	0.00021230	-0.03120121
32.05253589	0.00680015	0.00021216	-0.03119878
32.05503589	0.00679608	0.00021201	-0.03119635
32.05753589	0.00679201	0.00021187	-0.03119391
32.06003588	0.00678794	0.00021173	-0.03119148
32.06253588	0.00678387	0.00021158	-0.03118905
32.06503587	0.00677980	0.00021144	-0.03118662
32.06753586	0.00677574	0.00021130	-0.03118419
32.07003586	0.00677168	0.00021115	-0.03118175
32.07253585	0.00676762	0.00021101	-0.03117932
32.07503585	0.00676357	0.00021087	-0.03117689
32.07753584	0.00675951	0.00021072	-0.03117446
32.08003584	0.00675546	0.00021058	-0.03117203
32.08253584	0.00675141	0.00021044	-0.03116961
32.08503583	0.00674737	0.00021030	-0.03116718
32.08753582	0.00674332	0.00021015	-0.03116475
32.09003582	0.00673928	0.00021001	-0.03116232
32.09253581	0.00673524	0.00020987	-0.03115989
32.09503581	0.00673120	0.00020973	-0.03115747
32.09753580	0.00672717	0.00020959	-0.03115504
32.10003580	0.00672313	0.00020944	-0.03115261
32.10253580	0.00671910	0.00020930	-0.03115019
32.10503579	0.00671507	0.00020916	-0.03114776
32.10753578	0.00671105	0.00020902	-0.03114534
32.11003578	0.00670702	0.00020888	-0.03114291
32.11253577	0.00670300	0.00020873	-0.03114049
32.11503577	0.00669898	0.00020859	-0.03113806
32.11753576	0.00669497	0.00020845	-0.03113564
32.12003576	0.00669095	0.00020831	-0.03113322
32.12253576	0.00668694	0.00020817	-0.03113079
32.12503575	0.00668293	0.00020803	-0.03112837
32.12753574	0.00667892	0.00020789	-0.03112595
32.13003574	0.00667492	0.00020775	-0.03112353
32.13253573	0.00667091	0.00020761	-0.03112110
32.13503573	0.00666691	0.00020747	-0.03111868
32.13753572	0.00666291	0.00020732	-0.03111626
32.14003572	0.00665892	0.00020718	-0.03111384
32.14253572	0.00665492	0.00020704	-0.03111142
32.14503571	0.00665093	0.00020690	-0.03110900
32.14753570	0.00664694	0.00020676	-0.03110658
32.15003570	0.00664295	0.00020662	-0.03110416
32.15253569	0.00663897	0.00020648	-0.03110175
32.15503569	0.00663499	0.00020634	-0.03109933
32.15753568	0.00663100	0.00020620	-0.03109691
32.16003568	0.00662703	0.00020606	-0.03109449
32.16253568	0.00662305	0.00020592	-0.03109208
32.16503567	0.00661908	0.00020578	-0.03108966
32.16753566	0.00661511	0.00020565	-0.03108724
32.17003566	0.00661114	0.00020551	-0.03108483
32.17253565	0.00660717	0.00020537	-0.03108241
32.17503565	0.00660320	0.00020523	-0.03108000
32.17753564	0.00659924	0.00020509	-0.03107758
32.18003564	0.00659528	0.00020495	-0.03107517
32.18253564	0.00659132	0.00020481	-0.03107275
32.18503563	0.00658737	0.00020467	-0.03107034
32.18753562	0.00658342	0.00020453	-0.03106793
32.19003562	0.00657946	0.00020439	-0.03106551
32.19253561	0.00657552	0.00020426	-0.03106310
32.19503561	0.00657157	0.00020412	-0.03106069
32.19753560	0.00656762	0.00020398	-0.03105828
32.20003560	0.00656368	0.00020384	-0.03105587
32.20253560	0.00655974	0.00020370	-0.03105346
32.20503559	0.00655580	0.00020356	-0.03105104
32.20753559	0.00655187	0.00020343	-0.03104863
32.21003558	0.00654794	0.00020329	-0.03104622
32.21253557	0.00654401	0.00020315	-0.03104382
32.21503557	0.00654008	0.00020301	-0.03104141
32.21753556	0.00653615	0.00020288	-0.03103900
32.22003556	0.00653223	0.00020274	-0.03103659
32.22253556	0.00652830	0.00020260	-0.03103418
32.22503555	0.00652438	0.00020246	-0.03103177
32.22753555	0.00652047	0.00020233	-0.03102937
32.23003554	0.00651655	0.00020219	-0.03102696
32.23253553	0.00651264	0.00020205	-0.03102455
32.23503553	0.00650873	0.00020191	-0.03102215
32.23753552	0.00650482	0.00020178	-0.03101974
32.24003552	0.00650091	0.00020164	-0.03101734
32.24253552	0.00649701	0.00020150	-0.03101493
32.24503551	0.00649311	0.00020137	-0.03101253
32.24753551	0.00648921	0.00020123	-0.03101012
32.25003550	0.00648531	0.00020109	-0.03100772
32.25253549	0.00648141	0.00020096	-0.03100531
32.25503549	0.00647752	0.00020082	-0.03100291
32.25753548	0.00647363	0.00020069	-0.03100051
32.26003548	0.00646974	0.00020055	-0.03099811
32.26253547	0.00646586	0.00020041	-0.03099570
32.26503547	0.00646197	0.00020028	-0.03099330
32.26753547	0.00645809	0.00020014	-0.03099090
32.27003546	0.00645421	0.00020001	-0.03098850
32.27253545	0.00645033	0.00019987	-0.03098610
32.27503545	0.00644646	0.00019974	-0.03098370
32.27753544	0.00644259	0.00019960	-0.03098130
32.28003544	0.00643871	0.00019946	-0.03097890
32.28253543	0.00643485	0.00019933	-0.03097650
32.28503543	0.00643098	0.00019919	-0.03097410
32.28753543	0.00642712	0.00019906	-0.03097170
32.29003542	0.00642325	0.00019892	-0.03096931
32.29253541	0.00641939	0.00019879	-0.03096691
32.29503541	0.00641554	0.00019865	-0.03096451
32.29753540	0.00641168	0.00019852	-0.03096211
32.30003540	0.00640783	0.00019838	-0.03095972
32.30253539	0.00640398	0.00019825	-0.03095732
32.30503539	0.00640013	0.00019812	-0.03095493
32.30753539	0.00639628	0.00019798	-0.03095253
32.31003538	0.00639244	0.00019785	-0.03095014
32.31253537	0.00638859	0.00019771	-0.03094774
32.31503537	0.00638476	0.00019758	-0.03094535
32.31753536	0.00638092	0.00019744	-0.03094295
32.32003536	0.00637708	0.00019731	-0.03094056
32.32253535	0.00637325	0.00019718	-0.03093817
32.32503535	0.00636942	0.00019704	-0.03093577
32.32753535	0.00636559	0.00019691	-0.03093338
32.33003534	0.00636176	0.00019678	-0.03093099
32.33253533	0.00635794	0.00019664	-0.03092860
32.33503533	0.00635411	0.00019651	-0.03092621
32.33753532	0.00635029	0.00019638	-0.03092382
32.34003532	0.00634648	0.00019624	-0.03092143
32.34253531	0.00634266	0.00019611	-0.03091904
32.34503531	0.00633885	0.00019598	-0.03091665
32.34753531	0.00633503	0.00019584	-0.03091426
32.35003530	0.00633123	0.00019571	-0.03091187
32.35253529	0.00632742	0.00019558	-0.03090948
32.35503529	0.00632361	0.00019544	-0.03090709
32.35753528	0.00631981	0.00019531	-0.03090470
32.36003528	0.00631601	0.00019518	-0.03090231
32.36253527	0.00631221	0.00019505	-0.03089993
32.36503527	0.00630841	0.00019491	-0.03089754
32.36753527	0.00630462	0.00019478	-0.03089515
32.37003526	0.00630083	0.00019465	-0.03089277
32.37253525	0.00629704	0.00019452	-0.03089038
32.37503525	0.00629325	0.00019439	-0.03088800
32.37753524	0.00628947	0.00019425	-0.03088561
32.38003524	0.00628568	0.00019412	-0.03088323
32.38253523	0.00628190	0.00019399	-0.03088084
32.38503523	0.00627812	0.00019386	-0.03087846
32.38753523	0.00627435	0.00019373	-0.03087608
32.39003522	0.00627057	0.00019360	-0.03087369
32.39253521	0.00626680	0.00019346	-0.03087131
32.39503521	0.00626303	0.00019333	-0.03086893
32.39753520	0.00625926	0.00019320	-0.03086655
32.40003520	0.00625549	0.00019307	-0.03086416
32.40253519	0.00625173	0.00019294	-0.03086178
32.40503519	0.00624797	0.00019281	-0.03085940
32.40753519	0.00624421	0.00019268	-0.03085702
32.41003518	0.00624045	0.00019255	-0.03085464
32.41253518	0.00623670	0.00019242	-0.03085226
32.41503517	0.00623294	0.00019229	-0.03084988
32.41753516	0.00622919	0.00019216	-0.03084750
32.42003516	0.00622544	0.00019202	-0.03084512
32.42253515	0.00622170	0.00019189	-0.03084275
32.42503515	0.00621795	0.00019176	-0.03084037
32.42753515	0.00621421	0.00019163	-0.03083799
32.43003514	0.00621047	0.00019150	-0.03083561
32.43253514	0.00620673	0.00019137	-0.03083324
32.43503513	0.00620300	0.00019124	-0.03083086
32.43753512	0.00619926	0.00019111	-0.03082848
32.44003512	0.00619553	0.00019098	-0.03082611
32.44253511	0.00619180	0.00019085	-0.03082373
32.44503511	0.00618807	0.00019072	-0.03082136
32.44753511	0.00618435	0.00019060	-0.03081898
32.45003510	0.00618062	0.00019047	-0.03081661
32.45253510	0.00617690	0.00019034	-0.03081423
32.45503509	0.00617318	0.00019021	-0.03081186
32.45753508	0.00616947	0.00019008	-0.03080949
32.46003508	0.00616575	0.00018995	-0.03080711
32.46253507	0.00616204	0.00018982	-0.03080474
32.46503507	0.00615833	0.00018969	-0.03080237
32.46753506	0.00615462	0.00018956	-0.03080000
32.47003506	0.00615092	0.00018943	-0.03079763
32.47253506	0.00614721	0.00018930	-0.03079526
32.47503505	0.00614351	0.00018918	-0.03079288
32.47753504	0.00613981	0.00018905	-0.03079051
32.48003504	0.00613611	0.00018892	-0.03078814
32.48253503	0.00613242	0.00018879	-0.03078577
32.48503503	0.00612872	0.00018866	-0.03078341
32.48753502	0.00612503	0.00018853	-0.03078104
32.49003502	0.00612134	0.00018841	-0.03077867
32.49253502	0.00611766	0.00018828	-0.03077630
32.49503501	0.00611397	0.00018815	-0.03077393
32.49753500	0.00611029	0.00018802	-0.03077156
32.50003500	0.00610661	0.00018790	-0.03076920
32.50253499	0.00610293	0.00018777	-0.03076683
32.50503499	0.00609925	0.00018764	-0.03076446
32.50753498	0.00609558	0.00018751	-0.03076210
32.51003498	0.00609190	0.00018739	-0.03075973
32.51253498	0.00608823	0.00018726	-0.03075737
32.51503497	0.00608457	0.00018713	-0.03075500
32.51753496	0.00608090	0.00018700	-0.03075264
32.52003496	0.00607724	0.00018688	-0.03075027
32.52253495	0.00607357	0.00018675	-0.03074791
32.52503495	0.00606992	0.00018662	-0.03074555
32.52753494	0.00606626	0.00018650	-0.03074318
32.53003494	0.00606260	0.00018637	-0.03074082
32.53253494	0.00605895	0.00018624	-0.03073846
32.53503493	0.00605530	0.00018612	-0.03073610
32.53753492	0.00605165	0.00018599	-0.03073374
32.54003492	0.00604800	0.00018586	-0.03073137
32.54253491	0.00604436	0.00018574	-0.03072901
32.54503491	0.00604071	0.00018561	-0.03072665
32.54753490	0.00603707	0.00018548	-0.03072429
32.55003490	0.00603343	0.00018536	-0.03072193
32.55253490	0.00602980	0.00018523	-0.03071957
32.55503489	0.00602616	0.00018511	-0.03071721
32.55753488	0.00602253	0.00018498	-0.03071486
32.56003488	0.00601890	0.00018486	-0.03071250
32.56253487	0.00601527	0.00018473	-0.03071014
32.56503487	0.00601164	0.00018460	-0.03070778
32.56753486	0.00600802	0.00018448	-0.03070543
32.57003486	0.00600440	0.00018435	-0.03070307
32.57253486	0.00600078	0.00018423	-0.03070071
32.57503485	0.00599716	0.00018410	-0.03069836
32.57753484	0.00599354	0.00018398	-0.03069600
32.58003484	0.00598993	0.00018385	-0.03069364
32.58253483	0.00598632	0.00018373	-0.03069129
32.58503483	0.00598271	0.00018360	-0.03068893
32.58753482	0.00597910	0.00018348	-0.03068658
32.59003482	0.00597550	0.00018335	-0.03068423
32.59253482	0.00597189	0.00018323	-0.03068187
32.59503481	0.00596829	0.00018310	-0.03067952
32.59753481	0.00596469	0.00018298	-0.03067717
32.60003480	0.00596109	0.00018286	-0.03067481
32.60253479	0.00595750	0.00018273	-0.03067246
32.60503479	0.00595391	0.00018261	-0.03067011
32.60753478	0.00595031	0.00018248	-0.03066776
32.61003478	0.00594673	0.00018236	-0.03066541
32.61253478	0.00594314	0.00018223	-0.03066306
32.61503477	0.00593955	0.00018211	-0.03066071
32.61753477	0.00593597	0.00018199	-0.03065836
32.62003476	0.00593239	0.00018186	-0.03065601
32.62253475	0.00592881	0.00018174	-0.03065366
32.62503475	0.00592523	0.00018162	-0.03065131
32.62753474	0.00592166	0.00018149	-0.03064896
32.63003474	0.00591809	0.00018137	-0.03064661
32.63253474	0.00591452	0.00018125	-0.03064426
32.63503473	0.00591095	0.00018112	-0.03064192
32.63753473	0.00590738	0.00018100	-0.03063957
32.64003472	0.00590382	0.00018088	-0.03063722
32.64253471	0.00590026	0.00018075	-0.03063488
32.64503471	0.00589670	0.00018063	-0.03063253
32.64753470	0.00589314	0.00018051	-0.03063018
32.65003470	0.00588958	0.00018039	-0.03062784
32.65253469	0.00588603	0.00018026	-0.03062549
32.65503469	0.00588247	0.00018014	-0.03062315
32.65753469	0.00587892	0.00018002	-0.03062080
32.66003468	0.00587538	0.00017989	-0.03061846
32.66253467	0.00587183	0.00017977	-0.03061612
32.66503467	0.00586829	0.00017965	-0.03061377
32.66753466	0.00586474	0.00017953	-0.03061143
32.67003466	0.00586120	0.00017941	-0.03060909
32.67253465	0.00585767	0.00017928	-0.03060675
32.67503465	0.00585413	0.00017916	-0.03060441
32.67753465	0.00585060	0.00017904	-0.03060206
32.68003464	0.00584707	0.00017892	-0.03059972
32.68253463	0.00584354	0.00017880	-0.03059738
32.68503463	0.00584001	0.00017868	-0.03059504
32.68753462	0.00583648	0.00017855	-0.03059270
32.69003462	0.00583296	0.00017843	-0.03059036
32.69253461	0.00582944	0.00017831	-0.03058802
32.69503461	0.00582592	0.00017819	-0.03058568
32.69753461	0.00582240	0.00017807	-0.03058335
32.70003460	0.00581888	0.00017795	-0.03058101
32.70253459	0.00581537	0.00017783	-0.03057867
32.70503459	0.00581186	0.00017771	-0.03057633
32.70753458	0.00580835	0.00017758	-0.03057400
32.71003458	0.00580484	0.00017746	-0.03057166
32.71253457	0.00580134	0.00017734	-0.03056932
32.71503457	0.00579783	0.00017722	-0.03056699
32.71753457	0.00579433	0.00017710	-0.03056465
32.72003456	0.00579083	0.00017698	-0.03056231
32.72253455	0.00578733	0.00017686	-0.03055998
32.72503455	0.00578384	0.00017674	-0.03055765
32.72753454	0.00578035	0.00017662	-0.03055531
32.73003454	0.00577685	0.00017650	-0.03055298
32.73253453	0.00577337	0.00017638	-0.03055064
32.73503453	0.00576988	0.00017626	-0.03054831
32.73753453	0.00576639	0.00017614	-0.03054598
32.74003452	0.00576291	0.00017602	-0.03054365
32.74253451	0.00575943	0.00017590	-0.03054131
32.74503451	0.00575595	0.00017578	-0.03053898
32.74753450	0.00575247	0.00017566	-0.03053665
32.75003450	0.00574900	0.00017554	-0.03053432
32.75253449	0.00574552	0.00017542	-0.03053199
32.75503449	0.00574205	0.00017530	-0.03052966
32.75753449	0.00573858	0.00017518	-0.03052733
32.76003448	0.00573511	0.00017506	-0.03052500
32.76253447	0.00573165	0.00017495	-0.03052267
32.76503447	0.00572819	0.00017483	-0.03052034
32.76753446	0.00572472	0.00017471	-0.03051801
32.77003446	0.00572127	0.00017459	-0.03051568
32.77253445	0.00571781	0.00017447	-0.03051336
32.77503445	0.00571435	0.00017435	-0.03051103
32.77753445	0.00571090	0.00017423	-0.03050870
32.78003444	0.00570745	0.00017411	-0.03050637
32.78253443	0.00570400	0.00017400	-0.03050405
32.78503443	0.00570055	0.00017388	-0.03050172
32.78753442	0.00569711	0.00017376	-0.03049940
32.79003442	0.00569366	0.00017364	-0.03049707
32.79253441	0.00569022	0.00017352	-0.03049475
32.79503441	0.00568678	0.00017340	-0.03049242
32.79753441	0.00568334	0.00017329	-0.03049010
32.80003440	0.00567991	0.00017317	-0.03048777
32.80253440	0.00567647	0.00017305	-0.03048545
32.80503439	0.00567304	0.00017293	-0.03048313
32.80753438	0.00566961	0.00017281	-0.03048080
32.81003438	0.00566618	0.00017270	-0.03047848
32.81253437	0.00566276	0.00017258	-0.03047616
32.81503437	0.00565934	0.00017246	-0.03047384
32.81753437	0.00565591	0.00017234	-0.03047152
32.82003436	0.00565249	0.00017223	-0.03046919
32.82253436	0.00564908	0.00017211	-0.03046687
32.82503435	0.00564566	0.00017199	-0.03046455
32.82753434	0.00564225	0.00017188	-0.03046223
32.83003434	0.00563883	0.00017176	-0.03045991
32.83253433	0.00563542	0.00017164	-0.03045759
32.83503433	0.00563202	0.00017152	-0.03045527
32.83753433	0.00562861	0.00017141	-0.03045296
32.84003432	0.00562521	0.00017129	-0.03045064
32.84253432	0.00562180	0.00017117	-0.03044832
32.84503431	0.00561840	0.00017106	-0.03044600
32.84753430	0.00561501	0.00017094	-0.03044369
32.85003430	0.00561161	0.00017083	-0.03044137
32.85253429	0.00560822	0.00017071	-0.03043905
32.85503429	0.00560482	0.00017059	-0.03043674
32.85753428	0.00560143	0.00017048	-0.03043442
32.86003428	0.00559804	0.00017036	-0.03043210
32.86253428	0.00559466	0.00017024	-0.03042979
32.86503427	0.00559127	0.00017013	-0.03042747
32.86753426	0.00558789	0.00017001	-0.03042516
32.87003426	0.00558451	0.00016990	-0.03042285
32.87253425	0.00558113	0.00016978	-0.03042053
32.87503425	0.00557776	0.00016967	-0.03041822
32.87753424	0.00557438	0.00016955	-0.03041591
32.88003424	0.00557101	0.00016943	-0.03041359
32.88253424	0.00556764	0.00016932	-0.03041128
32.88503423	0.00556427	0.00016920	-0.03040897
32.88753422	0.00556090	0.00016909	-0.03040666
32.89003422	0.00555754	0.00016897	-0.03040435
32.89253421	0.00555417	0.00016886	-0.03040204
32.89503421	0.00555081	0.00016874	-0.03039973
32.89753420	0.00554745	0.00016863	-0.03039742
32.90003420	0.00554410	0.00016851	-0.03039511
32.90253420	0.00554074	0.00016840	-0.03039280
32.90503419	0.00553739	0.00016828	-0.03039049
32.90753418	0.00553403	0.00016817	-0.03038818
32.91003418	0.00553069	0.00016805	-0.03038587
32.91253417	0.00552734	0.00016794	-0.03038356
32.91503417	0.00552399	0.00016783	-0.03038125
32.91753416	0.00552065	0.00016771	-0.03037895
32.92003416	0.00551731	0.00016760	-0.03037664
32.92253416	0.00551397	0.00016748	-0.03037433
32.92503415	0.00551063	0.00016737	-0.03037203
32.92753414	0.00550729	0.00016725	-0.03036972
32.93003414	0.00550396	0.00016714	-0.03036741
32.93253413	0.00550063	0.00016703	-0.03036511
32.93503413	0.00549730	0.00016691	-0.03036280
32.93753412	0.00549397	0.00016680	-0.03036050
32.94003412	0.00549064	0.00016669	-0.03035820
32.94253412	0.00548732	0.00016657	-0.03035589
32.94503411	0.00548399	0.00016646	-0.03035359
32.94753410	0.00548067	0.00016635	-0.03035129
32.95003410	0.00547735	0.00016623	-0.03034898
32.95253409	0.00547404	0.00016612	-0.03034668
32.95503409	0.00547072	0.00016601	-0.03034438
32.95753408	0.00546741	0.00016589	-0.03034208
32.96003408	0.00546410	0.00016578	-0.03033977
32.96253408	0.00546079	0.00016567	-0.03033747
32.96503407	0.00545748	0.00016555	-0.03033517
32.96753406	0.00545418	0.00016544	-0.03033287
32.97003406	0.00545087	0.00016533	-0.03033057
32.97253405	0.00544757	0.00016522	-0.03032827
32.97503405	0.00544427	0.00016510	-0.03032597
32.97753404	0.00544097	0.00016499	-0.03032367
32.98003404	0.00543768	0.00016488	-0.03032138
32.98253404	0.00543438	0.00016477	-0.03031908
32.98503403	0.00543109	0.00016465	-0.03031678
32.98753403	0.00542780	0.00016454	-0.03031448
32.99003402	0.00542451	0.00016443	-0.03031218
32.99253401	0.00542123	0.00016432	-0.03030989
32.99503401	0.00541794	0.00016420	-0.03030759
32.99753400	0.00541466	0.00016409	-0.03030529
33.00003400	0.00541138	0.00016398	-0.03030300
33.00253400	0.00540810	0.00016387	-0.03030070
33.00503399	0.00540482	0.00016376	-0.03029841
33.00753399	0.00540155	0.00016365	-0.03029611
33.01003398	0.00539828	0.00016353	-0.03029382
33.01253397	0.00539501	0.00016342	-0.03029153
33.01503397	0.00539174	0.00016331	-0.03028923
33.01753396	0.00538847	0.00016320	-0.03028694
33.02003396	0.00538520	0.00016309	-0.03028464
33.02253396	0.00538194	0.00016298	-0.03028235
33.02503395	0.00537868	0.00016287	-0.03028006
33.02753395	0.00537542	0.00016276	-0.03027777
33.03003394	0.00537216	0.00016264	-0.03027548
33.03253393	0.00536890	0.00016253	-0.03027318
33.03503393	0.00536565	0.00016242	-0.03027089
33.03753392	0.00536240	0.00016231	-0.03026860
33.04003392	0.00535915	0.00016220	-0.03026631
33.04253391	0.00535590	0.00016209	-0.03026402
33.04503391	0.00535265	0.00016198	-0.03026173
33.04753391	0.00534941	0.00016187	-0.03025944
33.05003390	0.00534616	0.00016176	-0.03025716
33.05253389	0.00534292	0.00016165	-0.03025487
33.05503389	0.00533968	0.00016154	-0.03025258
33.05753388	0.00533645	0.00016143	-0.03025029
33.06003388	0.00533321	0.00016132	-0.03024800
33.06253387	0.00532998	0.00016121	-0.03024572
33.06503387	0.00532674	0.00016110	-0.03024343
33.06753387	0.00532351	0.00016099	-0.03024114
33.07003386	0.00532029	0.00016088	-0.03023886
33.07253385	0.00531706	0.00016077	-0.03023657
33.07503385	0.00531384	0.00016066	-0.03023429
33.07753384	0.00531061	0.00016055	-0.03023200
33.08003384	0.00530739	0.00016044	-0.03022972
33.08253383	0.00530417	0.00016033	-0.03022743
33.08503383	0.00530096	0.00016022	-0.03022515
33.08753383	0.00529774	0.00016011	-0.03022286
33.09003382	0.00529453	0.00016000	-0.03022058
33.09253381	0.00529132	0.00015989	-0.03021830
33.09503381	0.00528811	0.00015979	-0.03021601
33.09753380	0.00528490	0.00015968	-0.03021373
33.10003380	0.00528170	0.00015957	-0.03021145
33.10253379	0.00527849	0.00015946	-0.03020917
33.10503379	0.00527529	0.00015935	-0.03020689
33.10753379	0.00527209	0.00015924	-0.03020461
33.11003378	0.00526889	0.00015913	-0.03020232
33.11253377	0.00526570	0.00015902	-0.03020004
33.11503377	0.00526250	0.00015892	-0.03019776
33.11753376	0.00525931	0.00015881	-0.03019549
33.12003376	0.00525612	0.00015870	-0.03019321
33.12253375	0.00525293	0.00015859	-0.03019093
33.12503375	0.00524974	0.00015848	-0.03018865
33.12753375	0.00524656	0.00015837	-0.03018637
33.13003374	0.00524337	0.00015827	-0.03018409
33.13253373	0.00524019	0.00015816	-0.03018181
33.13503373	0.00523701	0.00015805	-0.03017954
33.13753372	0.00523383	0.00015794	-0.03017726
33.14003372	0.00523066	0.00015783	-0.03017498
33.14253371	0.00522748	0.00015773	-0.03017271
33.14503371	0.00522431	0.00015762	-0.03017043
33.14753371	0.00522114	0.00015751	-0.03016816
33.15003370	0.00521797	0.00015740	-0.03016588
33.15253369	0.00521480	0.00015730	-0.03016361
33.15503369	0.00521164	0.00015719	-0.03016133
33.15753368	0.00520848	0.00015708	-0.03015906
33.16003368	0.00520531	0.00015698	-0.03015678
33.16253367	0.00520215	0.00015687	-0.03015451
33.16503367	0.00519900	0.00015676	-0.03015224
33.16753367	0.00519584	0.00015665	-0.03014997
33.17003366	0.00519269	0.00015655	-0.03014769
33.17253365	0.00518953	0.00015644	-0.03014542
33.17503365	0.00518638	0.00015633	-0.03014315
33.17753364	0.00518323	0.00015623	-0.03014088
33.18003364	0.00518009	0.00015612	-0.03013861
33.18253363	0.00517694	0.00015601	-0.03013634
33.18503363	0.00517380	0.00015591	-0.03013407
33.18753363	0.00517066	0.00015580	-0.03013180
33.19003362	0.00516752	0.00015569	-0.03012953
33.19253362	0.00516438	0.00015559	-0.03012726
33.19503361	0.00516125	0.00015548	-0.03012499
33.19753360	0.00515811	0.00015538	-0.03012272
33.20003360	0.00515498	0.00015527	-0.03012045
33.20253359	0.00515185	0.00015516	-0.03011818
33.20503359	0.00514872	0.00015506	-0.03011592
33.20753359	0.00514559	0.00015495	-0.03011365
33.21003358	0.00514247	0.00015485	-0.03011138
33.21253358	0.00513934	0.00015474	-0.03010912
33.21503357	0.00513622	0.00015464	-0.03010685
33.21753356	0.00513310	0.00015453	-0.03010458
33.22003356	0.00512999	0.00015442	-0.03010232
33.22253355	0.00512687	0.00015432	-0.03010005
33.22503355	0.00512376	0.00015421	-0.03009779
33.22753355	0.00512064	0.00015411	-0.03009552
33.23003354	0.00511753	0.00015400	-0.03009326
33.23253354	0.00511442	0.00015390	-0.03009099
33.23503353	0.00511132	0.00015379	-0.03008873
33.23753352	0.00510821	0.00015369	-0.03008647
33.24003352	0.00510511	0.00015358	-0.03008421
33.24253351	0.00510201	0.00015348	-0.03008194
33.24503351	0.00509891	0.00015337	-0.03007968
33.24753350	0.00509581	0.00015327	-0.03007742
33.25003350	0.00509271	0.00015316	-0.03007516
33.25253350	0.00508962	0.00015306	-0.03007290
33.25503349	0.00508653	0.00015296	-0.03007064
33.25753348	0.00508343	0.00015285	-0.03006838
33.26003348	0.00508035	0.00015275	-0.03006612
33.26253347	0.00507726	0.00015264	-0.03006386
33.26503347	0.00507417	0.00015254	-0.03006160
33.26753346	0.00507109	0.00015243	-0.03005934
33.27003346	0.00506801	0.00015233	-0.03005708
33.27253346	0.00506493	0.00015223	-0.03005482
33.27503345	0.00506185	0.00015212	-0.03005256
33.27753344	0.00505877	0.00015202	-0.03005030
33.28003344	0.00505570	0.00015191	-0.03004805
33.28253343	0.00505263	0.00015181	-0.03004579
33.28503343	0.00504955	0.00015171	-0.03004353
33.28753342	0.00504648	0.00015160	-0.03004128
33.29003342	0.00504342	0.00015150	-0.03003902
33.29253342	0.00504035	0.00015140	-0.03003676
33.29503341	0.00503729	0.00015129	-0.03003451
33.29753340	0.00503422	0.00015119	-0.03003225
33.30003340	0.00503116	0.00015109	-0.03003000
33.30253339	0.00502811	0.00015098	-0.03002775
33.30503339	0.00502505	0.00015088	-0.03002549
33.30753338	0.00502199	0.00015078	-0.03002324
33.31003338	0.00501894	0.00015067	-0.03002098
33.31253338	0.00501589	0.00015057	-0.03001873
33.31503337	0.00501284	0.00015047	-0.03001648
33.31753336	0.00500979	0.00015036	-0.03001423
33.32003336	0.00500674	0.00015026	-0.03001197
33.32253335	0.00500370	0.00015016	-0.03000972
33.32503335	0.00500066	0.00015006	-0.03000747
33.32753334	0.00499762	0.00014995	-0.03000522
33.33003334	0.00499458	0.00014985	-0.03000297
33.33253334	0.00499154	0.00014975	-0.03000072
33.33503333	0.00498850	0.00014965	-0.02999847
33.33753332	0.00498547	0.00014955	-0.02999622
33.34003332	0.00498244	0.00014944	-0.02999397
33.34253331	0.00497941	0.00014934	-0.02999172
33.34503331	0.00497638	0.00014924	-0.02998947
33.34753330	0.00497335	0.00014914	-0.02998723
33.35003330	0.00497033	0.00014904	-0.02998498
33.35253330	0.00496730	0.00014893	-0.02998273
33.35503329	0.00496428	0.00014883	-0.02998048
33.35753328	0.00496126	0.00014873	-0.02997824
33.36003328	0.00495824	0.00014863	-0.02997599
33.36253327	0.00495523	0.00014853	-0.02997374
33.36503327	0.00495221	0.00014843	-0.02997150
33.36753326	0.00494920	0.00014832	-0.02996925
33.37003326	0.00494619	0.00014822	-0.02996701
33.37253326	0.00494318	0.00014812	-0.02996476
33.37503325	0.00494017	0.00014802	-0.02996252
33.37753324	0.00493717	0.00014792	-0.02996027
33.38003324	0.00493416	0.00014782	-0.02995803
33.38253323	0.00493116	0.00014772	-0.02995579
33.38503323	0.00492816	0.00014762	-0.02995354
33.38753322	0.00492516	0.00014751	-0.02995130
33.39003322	0.00492216	0.00014741	-0.02994906
33.39253322	0.00491917	0.00014731	-0.02994681
33.39503321	0.00491617	0.00014721	-0.02994457
33.39753321	0.00491318	0.00014711	-0.02994233
33.40003320	0.00491019	0.00014701	-0.02994009
33.40253319	0.00490720	0.00014691	-0.02993785
33.40503319	0.00490422	0.00014681	-0.02993561
33.40753318	0.00490123	0.00014671	-0.02993337
33.41003318	0.00489825	0.00014661	-0.02993113
33.41253318	0.00489527	0.00014651	-0.02992889
33.41503317	0.00489229	0.00014641	-0.02992665
33.41753317	0.00488931	0.00014631	-0.02992441
33.42003316	0.00488633	0.00014621	-0.02992217
33.42253315	0.00488336	0.00014611	-0.02991993
33.42503315	0.00488038	0.00014601	-0.02991770
33.42753314	0.00487741	0.00014591	-0.02991546
33.43003314	0.00487444	0.00014581	-0.02991322
33.43253313	0.00487148	0.00014571	-0.02991099
33.43503313	0.00486851	0.00014561	-0.02990875
33.43753313	0.00486555	0.00014551	-0.02990651
33.44003312	0.00486258	0.00014541	-0.02990428
33.44253311	0.00485962	0.00014531	-0.02990204
33.44503311	0.00485666	0.00014521	-0.02989981
33.44753310	0.00485371	0.00014511	-0.02989757
33.45003310	0.00485075	0.00014501	-0.02989534
33.45253309	0.00484780	0.00014492	-0.02989310
33.45503309	0.00484484	0.00014482	-0.02989087
33.45753309	0.00484189	0.00014472	-0.02988864
33.46003308	0.00483894	0.00014462	-0.02988640
33.46253307	0.00483600	0.00014452	-0.02988417
33.46503307	0.00483305	0.00014442	-0.02988194
33.46753306	0.00483011	0.00014432	-0.02987970
33.47003306	0.00482717	0.00014422	-0.02987747
33.47253305	0.00482423	0.00014412	-0.02987524
33.47503305	0.00482129	0.00014403	-0.02987301
33.47753305	0.00481835	0.00014393	-0.02987078
33.48003304	0.00481542	0.00014383	-0.02986855
33.48253303	0.00481248	0.00014373	-0.02986632
33.48503303	0.00480955	0.00014363	-0.02986409
33.48753302	0.00480662	0.00014353	-0.02986186
33.49003302	0.00480369	0.00014344	-0.02985963
33.49253301	0.00480077	0.00014334	-0.02985740
33.49503301	0.00479784	0.00014324	-0.02985517
33.49753301	0.00479492	0.00014314	-0.02985294
33.50003300	0.00479200	0.00014304	-0.02985072
33.50253299	0.00478908	0.00014295	-0.02984849
33.50503299	0.00478616	0.00014285	-0.02984626
33.50753298	0.00478324	0.00014275	-0.02984404
33.51003298	0.00478033	0.00014265	-0.02984181
33.51253297	0.00477742	0.00014256	-0.02983958
33.51503297	0.00477450	0.00014246	-0.02983736
33.51753297	0.00477159	0.00014236	-0.02983513
33.52003296	0.00476869	0.00014226	-0.02983291
33.52253295	0.00476578	0.00014217	-0.02983068
33.52503295	0.00476288	0.00014207	-0.02982846
33.52753294	0.00475997	0.00014197	-0.02982623
33.53003294	0.00475707	0.00014187	-0.02982401
33.53253293	0.00475417	0.00014178	-0.02982179
33.53503293	0.00475127	0.00014168	-0.02981956
33.53753293	0.00474838	0.00014158	-0.02981734
33.54003292	0.00474548	0.00014149	-0.02981512
33.54253291	0.00474259	0.00014139	-0.02981289
33.54503291	0.00473970	0.00014129	-0.02981067
33.54753290	0.00473681	0.00014120	-0.02980845
33.55003290	0.00473392	0.00014110	-0.02980623
33.55253289	0.00473104	0.00014100	-0.02980401
33.55503289	0.00472815	0.00014091	-0.02980179
33.55753289	0.00472527	0.00014081	-0.02979957
33.56003288	0.00472239	0.00014071	-0.02979735
33.56253287	0.00471951	0.00014062	-0.02979513
33.56503287	0.00471663	0.00014052	-0.02979291
33.56753286	0.00471376	0.00014043	-0.02979069
33.57003286	0.00471088	0.00014033	-0.02978847
33.57253285	0.00470801	0.00014023	-0.02978625
33.57503285	0.00470514	0.00014014	-0.02978404
33.57753285	0.00470227	0.00014004	-0.02978182
33.58003284	0.00469940	0.00013995	-0.02977960
33.58253284	0.00469654	0.00013985	-0.02977738
33.58503283	0.00469367	0.00013975	-0.02977517
33.58753282	0.00469081	0.00013966	-0.02977295
33.59003282	0.00468795	0.00013956	-0.02977074
33.59253281	0.00468509	0.00013947	-0.02976852
33.59503281	0.00468223	0.00013937	-0.02976631
33.59753281	0.00467938	0.00013928	-0.02976409
33.60003280	0.00467652	0.00013918	-0.02976188
33.60253280	0.00467367	0.00013909	-0.02975966
33.60503279	0.00467082	0.00013899	-0.02975745
33.60753278	0.00466797	0.00013890	-0.02975523
33.61003278	0.00466512	0.00013880	-0.02975302
33.61253277	0.00466228	0.00013871	-0.02975081
33.61503277	0.00465943	0.00013861	-0.02974860
33.61753276	0.00465659	0.00013852	-0.02974638
33.62003276	0.00465375	0.00013842	-0.02974417
33.62253276	0.00465091	0.00013833	-0.02974196
33.62503275	0.00464807	0.00013823	-0.02973975
33.62753274	0.00464524	0.00013814	-0.02973754
33.63003274	0.00464240	0.00013804	-0.02973533
33.63253273	0.00463957	0.00013795	-0.02973312
33.63503273	0.00463674	0.00013785	-0.02973091
33.63753272	0.00463391	0.00013776	-0.02972870
33.64003272	0.00463108	0.00013767	-0.02972649
33.64253272	0.00462826	0.00013757	-0.02972428
33.64503271	0.00462543	0.00013748	-0.02972207
33.64753270	0.00462261	0.00013738	-0.02971986
33.65003270	0.00461979	0.00013729	-0.02971765
33.65253269	0.00461697	0.00013720	-0.02971545
33.65503269	0.00461415	0.00013710	-0.02971324
33.65753268	0.00461133	0.00013701	-0.02971103
33.66003268	0.00460852	0.00013691	-0.02970882
33.66253268	0.00460571	0.00013682	-0.02970662
33.66503267	0.00460290	0.00013673	-0.02970441
33.66753266	0.00460009	0.00013663	-0.02970221
33.67003266	0.00459728	0.00013654	-0.02970000
33.67253265	0.00459447	0.00013645	-0.02969780
33.67503265	0.00459167	0.00013635	-0.02969559
33.67753264	0.00458886	0.00013626	-0.02969339
33.68003264	0.00458606	0.00013617	-0.02969118
33.68253264	0.00458326	0.00013607	-0.02968898
33.68503263	0.00458046	0.00013598	-0.02968678
33.68753262	0.00457767	0.00013589	-0.02968457
33.69003262	0.00457487	0.00013579	-0.02968237
33.69253261	0.00457208	0.00013570	-0.02968017
33.69503261	0.00456929	0.00013561	-0.02967797
33.69753260	0.00456650	0.00013551	-0.02967576
33.70003260	0.00456371	0.00013542	-0.02967356
33.70253260	0.00456092	0.00013533	-0.02967136
33.70503259	0.00455814	0.00013524	-0.02966916
33.70753258	0.00455535	0.00013514	-0.02966696
33.71003258	0.00455257	0.00013505	-0.02966476
33.71253257	0.00454979	0.00013496	-0.02966256
33.71503257	0.00454701	0.00013487	-0.02966036
33.71753256	0.00454424	0.00013477	-0.02965816
33.72003256	0.00454146	0.00013468	-0.02965596
33.72253256	0.00453869	0.00013459	-0.02965376
33.72503255	0.00453592	0.00013450	-0.02965157
33.72753254	0.00453315	0.00013440	-0.02964937
33.73003254	0.00453038	0.00013431	-0.02964717
33.73253253	0.00452761	0.00013422	-0.02964497
33.73503253	0.00452484	0.00013413	-0.02964278
33.73753252	0.00452208	0.00013404	-0.02964058
33.74003252	0.00451932	0.00013395	-0.02963838
33.74253252	0.00451656	0.00013385	-0.02963619
33.74503251	0.00451380	0.00013376	-0.02963399
33.74753250	0.00451104	0.00013367	-0.02963180
33.75003250	0.00450828	0.00013358	-0.02962960
33.75253249	0.00450553	0.00013349	-0.02962741
33.75503249	0.00450278	0.00013340	-0.02962521
33.75753248	0.00450003	0.00013330	-0.02962302
33.76003248	0.00449728	0.00013321	-0.02962082
33.76253248	0.00449453	0.00013312	-0.02961863
33.76503247	0.00449178	0.00013303	-0.02961644
33.76753246	0.00448904	0.00013294	-0.02961425
33.77003246	0.00448629	0.00013285	-0.02961205
33.77253245	0.00448355	0.00013276	-0.02960986
33.77503245	0.00448081	0.00013267	-0.02960767
33.77753244	0.00447807	0.00013258	-0.02960548
33.78003244	0.00447534	0.00013248	-0.02960329
33.78253244	0.00447260	0.00013239	-0.02960110
33.78503243	0.00446987	0.00013230	-0.02959891
33.78753243	0.00446714	0.00013221	-0.02959672
33.79003242	0.00446441	0.00013212	-0.02959453
33.79253241	0.00446168	0.00013203	-0.02959234
33.79503241	0.00445895	0.00013194	-0.02959015
33.79753240	0.00445622	0.00013185	-0.02958796
33.80003240	0.00445350	0.00013176	-0.02958577
33.80253240	0.00445078	0.00013167	-0.02958358
33.80503239	0.00444806	0.00013158	-0.02958139
33.80753239	0.00444534	0.00013149	-0.02957921
33.81003238	0.00444262	0.00013140	-0.02957702
33.81253237	0.00443990	0.00013131	-0.02957483
33.81503237	0.00443719	0.00013122	-0.02957265
33.81753236	0.00443448	0.00013113	-0.02957046
33.82003236	0.00443177	0.00013104	-0.02956827
33.82253235	0.00442906	0.00013095	-0.02956609
33.82503235	0.00442635	0.00013086	-0.02956390
33.82753235	0.00442364	0.00013077	-0.02956172
33.83003234	0.00442094	0.00013068	-0.02955953
33.83253233	0.00441823	0.00013059	-0.02955735
33.83503233	0.00441553	0.00013050	-0.02955517
33.83753232	0.00441283	0.00013041	-0.02955298
33.84003232	0.00441013	0.00013032	-0.02955080
33.84253231	0.00440744	0.00013023	-0.02954862
33.84503231	0.00440474	0.00013014	-0.02954643
33.84753231	0.00440205	0.00013006	-0.02954425
33.85003230	0.00439935	0.00012997	-0.02954207
33.85253229	0.00439666	0.00012988	-0.02953989
33.85503229	0.00439397	0.00012979	-0.02953771
33.85753228	0.00439129	0.00012970	-0.02953553
33.86003228	0.00438860	0.00012961	-0.02953334
33.86253227	0.00438592	0.00012952	-0.02953116
33.86503227	0.00438323	0.00012943	-0.02952898
33.86753227	0.00438055	0.00012934	-0.02952680
33.87003226	0.00437787	0.00012926	-0.02952462
33.87253225	0.00437519	0.00012917	-0.02952245
33.87503225	0.00437252	0.00012908	-0.02952027
33.87753224	0.00436984	0.00012899	-0.02951809
33.88003224	0.00436717	0.00012890	-0.02951591
33.88253223	0.00436450	0.00012881	-0.02951373
33.88503223	0.00436183	0.00012872	-0.02951156
33.88753223	0.00435916	0.00012864	-0.02950938
33.89003222	0.00435649	0.00012855	-0.02950720
33.89253221	0.00435383	0.00012846	-0.02950502
33.89503221	0.00435116	0.00012837	-0.02950285
33.89753220	0.00434850	0.00012828	-0.02950067
33.90003220	0.00434584	0.00012820	-0.02949850
33.90253219	0.00434318	0.00012811	-0.02949632
33.90503219	0.00434052	0.00012802	-0.02949415
33.90753219	0.00433786	0.00012793	-0.02949197
33.91003218	0.00433521	0.00012784	-0.02948980
33.91253217	0.00433256	0.00012776	-0.02948762
33.91503217	0.00432991	0.00012767	-0.02948545
33.91753216	0.00432726	0.00012758	-0.02948328
33.92003216	0.00432461	0.00012749	-0.02948110
33.92253215	0.00432196	0.00012741	-0.02947893
33.92503215	0.00431931	0.00012732	-0.02947676
33.92753215	0.00431667	0.00012723	-0.02947459
33.93003214	0.00431403	0.00012714	-0.02947242
33.93253213	0.00431139	0.00012706	-0.02947024
33.93503213	0.00430875	0.00012697	-0.02946807
33.93753212	0.00430611	0.00012688	-0.02946590
33.94003212	0.00430347	0.00012680	-0.02946373
33.94253211	0.00430084	0.00012671	-0.02946156
33.94503211	0.00429821	0.00012662	-0.02945939
33.94753211	0.00429558	0.00012654	-0.02945722
33.95003210	0.00429295	0.00012645	-0.02945505
33.95253209	0.00429032	0.00012636	-0.02945288
33.95503209	0.00428769	0.00012628	-0.02945072
33.95753208	0.00428506	0.00012619	-0.02944855
33.96003208	0.00428244	0.00012610	-0.02944638
33.96253207	0.00427982	0.00012602	-0.02944421
33.96503207	0.00427720	0.00012593	-0.02944204
33.96753207	0.00427458	0.00012584	-0.02943988
33.97003206	0.00427196	0.00012576	-0.02943771
33.97253206	0.00426934	0.00012567	-0.02943555
33.97503205	0.00426673	0.00012558	-0.02943338
33.97753204	0.00426412	0.00012550	-0.02943121
33.98003204	0.00426151	0.00012541	-0.02942905
33.98253203	0.00425890	0.00012533	-0.02942688
33.98503203	0.00425629	0.00012524	-0.02942472
33.98753203	0.00425368	0.00012515	-0.02942255
33.99003202	0.00425107	0.00012507	-0.02942039
33.99253202	0.00424847	0.00012498	-0.02941823
33.99503201	0.00424587	0.00012490	-0.02941606
33.99753200	0.00424327	0.00012481	-0.02941390
34.00003200	0.00424067	0.00012473	-0.02941174
34.00253199	0.00423807	0.00012464	-0.02940957
34.00503199	0.00423547	0.00012455	-0.02940741
34.00753198	0.00423288	0.00012447	-0.02940525
34.01003198	0.00423029	0.00012438	-0.02940309
34.01253198	0.00422769	0.00012430	-0.02940093
34.01503197	0.00422510	0.00012421	-0.02939877
34.01753196	0.00422252	0.00012413	-0.02939661
34.02003196	0.00421993	0.00012404	-0.02939445
34.02253195	0.00421734	0.00012396	-0.02939229
34.02503195	0.00421476	0.00012387	-0.02939013
34.02753194	0.00421218	0.00012379	-0.02938797
34.03003194	0.00420959	0.00012370	-0.02938581
34.03253194	0.00420701	0.00012362	-0.02938365
34.03503193	0.00420444	0.00012353	-0.02938149
34.03753192	0.00420186	0.00012345	-0.02937933
34.04003192	0.00419929	0.00012336	-0.02937718
34.04253191	0.00419671	0.00012328	-0.02937502
34.04503191	0.00419414	0.00012319	-0.02937286
34.04753190	0.00419157	0.00012311	-0.02937070
34.05003190	0.00418900	0.00012302	-0.02936855
34.05253190	0.00418643	0.00012294	-0.02936639
34.05503189	0.00418387	0.00012286	-0.02936424
34.05753188	0.00418130	0.00012277	-0.02936208
34.06003188	0.00417874	0.00012269	-0.02935993
34.06253187	0.00417618	0.00012260	-0.02935777
34.06503187	0.00417362	0.00012252	-0.02935562
34.06753186	0.00417106	0.00012244	-0.02935346
34.07003186	0.00416850	0.00012235	-0.02935131
34.07253186	0.00416595	0.00012227	-0.02934915
34.07503185	0.00416339	0.00012218	-0.02934700
34.07753184	0.00416084	0.00012210	-0.02934485
34.08003184	0.00415829	0.00012202	-0.02934270
34.08253183	0.00415574	0.00012193	-0.02934054
34.08503183	0.00415319	0.00012185	-0.02933839
34.08753182	0.00415064	0.00012176	-0.02933624
34.09003182	0.00414810	0.00012168	-0.02933409
34.09253182	0.00414556	0.00012160	-0.02933194
34.09503181	0.00414301	0.00012151	-0.02932979
34.09753180	0.00414047	0.00012143	-0.02932764
34.10003180	0.00413793	0.00012135	-0.02932549
34.10253179	0.00413540	0.00012126	-0.02932334
34.10503179	0.00413286	0.00012118	-0.02932119
34.10753178	0.00413033	0.00012110	-0.02931904
34.11003178	0.00412779	0.00012101	-0.02931689
34.11253178	0.00412526	0.00012093	-0.02931474
34.11503177	0.00412273	0.00012085	-0.02931259
34.11753176	0.00412020	0.00012076	-0.02931044
34.12003176	0.00411768	0.00012068	-0.02930830
34.12253175	0.00411515	0.00012060	-0.02930615
34.12503175	0.00411263	0.00012052	-0.02930400
34.12753174	0.00411010	0.00012043	-0.02930186
34.13003174	0.00410758	0.00012035	-0.02929971
34.13253174	0.00410506	0.00012027	-0.02929756
34.13503173	0.00410254	0.00012019	-0.02929542
34.13753172	0.00410003	0.00012010	-0.02929327
34.14003172	0.00409751	0.00012002	-0.02929113
34.14253171	0.00409500	0.00011994	-0.02928898
34.14503171	0.00409249	0.00011986	-0.02928684
34.14753170	0.00408998	0.00011977	-0.02928469
34.15003170	0.00408747	0.00011969	-0.02928255
34.15253170	0.00408496	0.00011961	-0.02928041
34.15503169	0.00408245	0.00011953	-0.02927826
34.15753168	0.00407995	0.00011944	-0.02927612
34.16003168	0.00407744	0.00011936	-0.02927398
34.16253167	0.00407494	0.00011928	-0.02927184
34.16503167	0.00407244	0.00011920	-0.02926969
34.16753166	0.00406994	0.00011912	-0.02926755
34.17003166	0.00406744	0.00011904	-0.02926541
34.17253166	0.00406495	0.00011895	-0.02926327
34.17503165	0.00406245	0.00011887	-0.02926113
34.17753165	0.00405996	0.00011879	-0.02925899
34.18003164	0.00405747	0.00011871	-0.02925685
34.18253163	0.00405498	0.00011863	-0.02925471
34.18503163	0.00405249	0.00011855	-0.02925257
34.18753162	0.00405000	0.00011846	-0.02925043
34.19003162	0.00404752	0.00011838	-0.02924829
34.19253162	0.00404503	0.00011830	-0.02924615
34.19503161	0.00404255	0.00011822	-0.02924401
34.19753161	0.00404007	0.00011814	-0.02924188
34.20003160	0.00403759	0.00011806	-0.02923974
34.20253159	0.00403511	0.00011798	-0.02923760
34.20503159	0.00403263	0.00011790	-0.02923546
34.20753158	0.00403015	0.00011781	-0.02923333
34.21003158	0.00402768	0.00011773	-0.02923119
34.21253157	0.00402521	0.00011765	-0.02922906
34.21503157	0.00402274	0.00011757	-0.02922692
34.21753157	0.00402027	0.00011749	-0.02922478
34.22003156	0.00401780	0.00011741	-0.02922265
34.22253155	0.00401533	0.00011733	-0.02922052
34.22503155	0.00401287	0.00011725	-0.02921838
34.22753154	0.00401040	0.00011717	-0.02921625
34.23003154	0.00400794	0.00011709	-0.02921411
34.23253153	0.00400548	0.00011701	-0.02921198
34.23503153	0.00400302	0.00011693	-0.02920985
34.23753153	0.00400056	0.00011685	-0.02920771
34.24003152	0.00399810	0.00011677	-0.02920558
34.24253151	0.00399565	0.00011669	-0.02920345
34.24503151	0.00399319	0.00011661	-0.02920132
34.24753150	0.00399074	0.00011653	-0.02919918
34.25003150	0.00398829	0.00011645	-0.02919705
34.25253149	0.00398584	0.00011637	-0.02919492
34.25503149	0.00398339	0.00011629	-0.02919279
34.25753149	0.00398094	0.00011621	-0.02919066
34.26003148	0.00397850	0.00011613	-0.02918853
34.26253147	0.00397606	0.00011605	-0.02918640
34.26503147	0.00397361	0.00011597	-0.02918427
34.26753146	0.00397117	0.00011589	-0.02918214
34.27003146	0.00396873	0.00011581	-0.02918001
34.27253145	0.00396629	0.00011573	-0.02917789
34.27503145	0.00396386	0.00011565	-0.02917576
34.27753145	0.00396142	0.00011557	-0.02917363
34.28003144	0.00395899	0.00011549	-0.02917150
34.28253143	0.00395656	0.00011541	-0.02916937
34.28503143	0.00395413	0.00011533	-0.02916725
34.28753142	0.00395170	0.00011525	-0.02916512
34.29003142	0.00394927	0.00011517	-0.02916299
34.29253141	0.00394684	0.00011509	-0.02916087
34.29503141	0.00394442	0.00011501	-0.02915874
34.29753141	0.00394199	0.00011494	-0.02915662
34.30003140	0.00393957	0.00011486	-0.02915449
34.30253139	0.00393715	0.00011478	-0.02915237
34.30503139	0.00393473	0.00011470	-0.02915024
34.30753138	0.00393231	0.00011462	-0.02914812
34.31003138	0.00392989	0.00011454	-0.02914599
34.31253137	0.00392748	0.00011446	-0.02914387
34.31503137	0.00392507	0.00011438	-0.02914175
34.31753137	0.00392265	0.00011430	-0.02913963
34.32003136	0.00392024	0.00011423	-0.02913750
34.32253135	0.00391783	0.00011415	-0.02913538
34.32503135	0.00391542	0.00011407	-0.02913326
34.32753134	0.00391302	0.00011399	-0.02913114
34.33003134	0.00391061	0.00011391	-0.02912902
34.33253133	0.00390821	0.00011383	-0.02912689
34.33503133	0.00390581	0.00011376	-0.02912477
34.33753133	0.00390340	0.00011368	-0.02912265
34.34003132	0.00390100	0.00011360	-0.02912053
34.34253131	0.00389861	0.00011352	-0.02911841
34.34503131	0.00389621	0.00011344	-0.02911629
34.34753130	0.00389381	0.00011337	-0.02911417
34.35003130	0.00389142	0.00011329	-0.02911205
34.35253129	0.00388903	0.00011321	-0.02910994
34.35503129	0.00388664	0.00011313	-0.02910782
34.35753129	0.00388425	0.00011305	-0.02910570
34.36003128	0.00388186	0.00011298	-0.02910358
34.36253127	0.00387947	0.00011290	-0.02910146
34.36503127	0.00387709	0.00011282	-0.02909935
34.36753126	0.00387470	0.00011274	-0.02909723
34.37003126	0.00387232	0.00011267	-0.02909511
34.37253125	0.00386994	0.00011259	-0.02909300
34.37503125	0.00386756	0.00011251	-0.02909088
34.37753125	0.00386518	0.00011243	-0.02908877
34.38003124	0.00386280	0.00011236	-0.02908665
34.38253124	0.00386043	0.00011228	-0.02908454
34.38503123	0.00385805	0.00011220	-0.02908242
34.38753122	0.00385568	0.00011212	-0.02908031
34.39003122	0.00385331	0.00011205	-0.02907819
34.39253121	0.00385094	0.00011197	-0.02907608
34.39503121	0.00384857	0.00011189	-0.02907397
34.39753120	0.00384620	0.00011182	-0.02907185
34.40003120	0.00384383	0.00011174	-0.02906974
34.40253120	0.00384147	0.00011166	-0.02906763
34.40503119	0.00383911	0.00011159	-0.02906552
34.40753118	0.00383674	0.00011151	-0.02906340
34.41003118	0.00383438	0.00011143	-0.02906129
34.41253117	0.00383203	0.00011136	-0.02905918
34.41503117	0.00382967	0.00011128	-0.02905707
34.41753116	0.00382731	0.00011120	-0.02905496
34.42003116	0.00382496	0.00011113	-0.02905285
34.42253116	0.00382260	0.00011105	-0.02905074
34.42503115	0.00382025	0.00011097	-0.02904863
34.42753114	0.00381790	0.00011090	-0.02904652
34.43003114	0.00381555	0.00011082	-0.02904441
34.43253113	0.00381320	0.00011074	-0.02904230
34.43503113	0.00381086	0.00011067	-0.02904019
34.43753112	0.00380851	0.00011059	-0.02903809
34.44003112	0.00380617	0.00011052	-0.02903598
34.44253112	0.00380383	0.00011044	-0.02903387
34.44503111	0.00380148	0.00011036	-0.02903176
34.44753110	0.00379914	0.00011029	-0.02902966
34.45003110	0.00379681	0.00011021	-0.02902755
34.45253109	0.00379447	0.00011014	-0.02902544
34.45503109	0.00379213	0.00011006	-0.02902334
34.45753108	0.00378980	0.00010998	-0.02902123
34.46003108	0.00378747	0.00010991	-0.02901913
34.46253108	0.00378514	0.00010983	-0.02901702
34.46503107	0.00378281	0.00010976	-0.02901492
34.46753106	0.00378048	0.00010968	-0.02901281
34.47003106	0.00377815	0.00010961	-0.02901071
34.47253105	0.00377582	0.00010953	-0.02900860
34.47503105	0.00377350	0.00010946	-0.02900650
34.47753104	0.00377118	0.00010938	-0.02900440
34.48003104	0.00376885	0.00010931	-0.02900229
34.48253104	0.00376653	0.00010923	-0.02900019
34.48503103	0.00376422	0.00010916	-0.02899809
34.48753102	0.00376190	0.00010908	-0.02899599
34.49003102	0.00375958	0.00010900	-0.02899389
34.49253101	0.00375727	0.00010893	-0.02899178
34.49503101	0.00375495	0.00010885	-0.02898968
34.49753100	0.00375264	0.00010878	-0.02898758
34.50003100	0.00375033	0.00010871	-0.02898548
34.50253100	0.00374802	0.00010863	-0.02898338
34.50503099	0.00374571	0.00010856	-0.02898128
34.50753098	0.00374341	0.00010848	-0.02897918
34.51003098	0.00374110	0.00010841	-0.02897708
34.51253097	0.00373880	0.00010833	-0.02897498
34.51503097	0.00373649	0.00010826	-0.02897288
34.51753096	0.00373419	0.00010818	-0.02897079
34.52003096	0.00373189	0.00010811	-0.02896869
34.52253096	0.00372959	0.00010803	-0.02896659
34.52503095	0.00372730	0.00010796	-0.02896449
34.52753094	0.00372500	0.00010788	-0.02896240
34.53003094	0.00372271	0.00010781	-0.02896030
34.53253093	0.00372041	0.00010774	-0.02895820
34.53503093	0.00371812	0.00010766	-0.02895611
34.53753092	0.00371583	0.00010759	-0.02895401
34.54003092	0.00371354	0.00010751	-0.02895191
34.54253092	0.00371125	0.00010744	-0.02894982
34.54503091	0.00370897	0.00010737	-0.02894772
34.54753090	0.00370668	0.00010729	-0.02894563
34.55003090	0.00370440	0.00010722	-0.02894353
34.55253089	0.00370212	0.00010714	-0.02894144
34.55503089	0.00369984	0.00010707	-0.02893935
34.55753088	0.00369756	0.00010700	-0.02893725
34.56003088	0.00369528	0.00010692	-0.02893516
34.56253088	0.00369300	0.00010685	-0.02893307
34.56503087	0.00369073	0.00010678	-0.02893097
34.56753087	0.00368845	0.00010670	-0.02892888
34.57003086	0.00368618	0.00010663	-0.02892679
34.57253085	0.00368391	0.00010656	-0.02892470
34.57503085	0.00368164	0.00010648	-0.02892261
34.57753084	0.00367937	0.00010641	-0.02892052
34.58003084	0.00367710	0.00010634	-0.02891842
34.58253084	0.00367483	0.00010626	-0.02891633
34.58503083	0.00367257	0.00010619	-0.02891424
34.58753083	0.00367031	0.00010612	-0.02891215
34.59003082	0.00366804	0.00010604	-0.02891006
34.59253081	0.00366578	0.00010597	-0.02890797
34.59503081	0.00366352	0.00010590	-0.02890589
34.59753080	0.00366126	0.00010582	-0.02890380
34.60003080	0.00365901	0.00010575	-0.02890171
34.60253079	0.00365675	0.00010568	-0.02889962
34.60503079	0.00365450	0.00010561	-0.02889753
34.60753079	0.00365225	0.00010553	-0.02889544
34.61003078	0.00364999	0.00010546	-0.02889336
34.61253077	0.00364774	0.00010539	-0.02889127
34.61503077	0.00364549	0.00010532	-0.02888918
34.61753076	0.00364325	0.00010524	-0.02888710
34.62003076	0.00364100	0.00010517	-0.02888501
34.62253075	0.00363876	0.00010510	-0.02888293
34.62503075	0.00363651	0.00010503	-0.02888084
34.62753075	0.00363427	0.00010495	-0.02887876
34.63003074	0.00363203	0.00010488	-0.02887667
34.63253073	0.00362979	0.00010481	-0.02887459
34.63503073	0.00362755	0.00010474	-0.02887250
34.63753072	0.00362531	0.00010466	-0.02887042
34.64003072	0.00362308	0.00010459	-0.02886833
34.64253071	0.00362084	0.00010452	-0.02886625
34.64503071	0.00361861	0.00010445	-0.02886417
34.64753071	0.00361638	0.00010438	-0.02886209
34.65003070	0.00361415	0.00010430	-0.02886000
34.65253069	0.00361192	0.00010423	-0.02885792
34.65503069	0.00360969	0.00010416	-0.02885584
34.65753068	0.00360747	0.00010409	-0.02885376
34.66003068	0.00360524	0.00010402	-0.02885168
34.66253067	0.00360302	0.00010395	-0.02884960
34.66503067	0.00360080	0.00010387	-0.02884752
34.66753067	0.00359857	0.00010380	-0.02884543
34.67003066	0.00359635	0.00010373	-0.02884335
34.67253065	0.00359414	0.00010366	-0.02884128
34.67503065	0.00359192	0.00010359	-0.02883920
34.67753064	0.00358970	0.00010352	-0.02883712
34.68003064	0.00358749	0.00010345	-0.02883504
34.68253063	0.00358528	0.00010337	-0.02883296
34.68503063	0.00358306	0.00010330	-0.02883088
34.68753063	0.00358085	0.00010323	-0.02882880
34.69003062	0.00357864	0.00010316	-0.02882673
34.69253061	0.00357644	0.00010309	-0.02882465
34.69503061	0.00357423	0.00010302	-0.02882257
34.69753060	0.00357202	0.00010295	-0.02882049
34.70003060	0.00356982	0.00010288	-0.02881842
34.70253059	0.00356762	0.00010281	-0.02881634
34.70503059	0.00356542	0.00010273	-0.02881427
34.70753059	0.00356322	0.00010266	-0.02881219
34.71003058	0.00356102	0.00010259	-0.02881012
34.71253057	0.00355882	0.00010252	-0.02880804
34.71503057	0.00355662	0.00010245	-0.02880597
34.71753056	0.00355443	0.00010238	-0.02880389
34.72003056	0.00355223	0.00010231	-0.02880182
34.72253055	0.00355004	0.00010224	-0.02879974
34.72503055	0.00354785	0.00010217	-0.02879767
34.72753055	0.00354566	0.00010210	-0.02879560
34.73003054	0.00354347	0.00010203	-0.02879352
34.73253053	0.00354129	0.00010196	-0.02879145
34.73503053	0.00353910	0.00010189	-0.02878938
34.73753052	0.00353691	0.00010182	-0.02878731
34.74003052	0.00353473	0.00010175	-0.02878524
34.74253051	0.00353255	0.00010168	-0.02878317
34.74503051	0.00353037	0.00010161	-0.02878109
34.74753051	0.00352819	0.00010154	-0.02877902
34.75003050	0.00352601	0.00010147	-0.02877695
34.75253049	0.00352383	0.00010140	-0.02877488
34.75503049	0.00352166	0.00010133	-0.02877281
34.75753048	0.00351948	0.00010126	-0.02877074
34.76003048	0.00351731	0.00010119	-0.02876867
34.76253047	0.00351514	0.00010112	-0.02876661
34.76503047	0.00351297	0.00010105	-0.02876454
34.76753047	0.00351080	0.00010098	-0.02876247
34.77003046	0.00350863	0.00010091	-0.02876040
34.77253046	0.00350647	0.00010084	-0.02875833
34.77503045	0.00350430	0.00010077	-0.02875627
34.77753044	0.00350214	0.00010070	-0.02875420
34.78003044	0.00349997	0.00010063	-0.02875213
34.78253043	0.00349781	0.00010056	-0.02875006
34.78503043	0.00349565	0.00010049	-0.02874800
34.78753042	0.00349349	0.00010042	-0.02874593
34.79003042	0.00349134	0.00010035	-0.02874387
34.79253042	0.00348918	0.00010029	-0.02874180
34.79503041	0.00348702	0.00010022	-0.02873974
34.79753040	0.00348487	0.00010015	-0.02873767
34.80003040	0.00348272	0.00010008	-0.02873561
34.80253039	0.00348057	0.00010001	-0.02873354
34.80503039	0.00347842	0.00009994	-0.02873148
34.80753038	0.00347627	0.00009987	-0.02872942
34.81003038	0.00347412	0.00009980	-0.02872735
34.81253038	0.00347198	0.00009973	-0.02872529
34.81503037	0.00346983	0.00009966	-0.02872323
34.81753036	0.00346769	0.00009960	-0.02872116
34.82003036	0.00346554	0.00009953	-0.02871910
34.82253035	0.00346340	0.00009946	-0.02871704
34.82503035	0.00346126	0.00009939	-0.02871498
34.82753034	0.00345913	0.00009932	-0.02871292
34.83003034	0.00345699	0.00009925	-0.02871086
34.83253034	0.00345485	0.00009918	-0.02870880
34.83503033	0.00345272	0.00009912	-0.02870674
34.83753032	0.00345058	0.00009905	-0.02870468
34.84003032	0.00344845	0.00009898	-0.02870262
34.84253031	0.00344632	0.00009891	-0.02870056
34.84503031	0.00344419	0.00009884	-0.02869850
34.84753030	0.00344206	0.00009877	-0.02869644
34.85003030	0.00343994	0.00009871	-0.02869438
34.85253030	0.00343781	0.00009864	-0.02869232
34.85503029	0.00343569	0.00009857	-0.02869026
34.85753028	0.00343356	0.00009850	-0.02868821
34.86003028	0.00343144	0.00009843	-0.02868615
34.86253027	0.00342932	0.00009837	-0.02868409
34.86503027	0.00342720	0.00009830	-0.02868203
34.86753026	0.00342508	0.00009823	-0.02867998
34.87003026	0.00342296	0.00009816	-0.02867792
34.87253026	0.00342085	0.00009810	-0.02867587
34.87503025	0.00341873	0.00009803	-0.02867381
34.87753024	0.00341662	0.00009796	-0.02867175
34.88003024	0.00341451	0.00009789	-0.02866970
34.88253023	0.00341240	0.00009783	-0.02866765
34.88503023	0.00341029	0.00009776	-0.02866559
34.88753022	0.00340818	0.00009769	-0.02866354
34.89003022	0.00340607	0.00009762	-0.02866148
34.89253022	0.00340397	0.00009756	-0.02865943
34.89503021	0.00340186	0.00009749	-0.02865738
34.89753020	0.00339976	0.00009742	-0.02865532
34.90003020	0.00339766	0.00009735	-0.02865327
34.90253019	0.00339556	0.00009729	-0.02865122
34.90503019	0.00339346	0.00009722	-0.02864917
34.90753018	0.00339136	0.00009715	-0.02864711
34.91003018	0.00338926	0.00009709	-0.02864506
34.91253018	0.00338717	0.00009702	-0.02864301
34.91503017	0.00338507	0.00009695	-0.02864096
34.91753016	0.00338298	0.00009688	-0.02863891
34.92003016	0.00338089	0.00009682	-0.02863686
34.92253015	0.00337880	0.00009675	-0.02863481
34.92503015	0.00337671	0.00009668	-0.02863276
34.92753014	0.00337462	0.00009662	-0.02863071
34.93003014	0.00337253	0.00009655	-0.02862866
34.93253014	0.00337044	0.00009648	-0.02862661
34.93503013	0.00336836	0.00009642	-0.02862456
34.93753012	0.00336628	0.00009635	-0.02862252
34.94003012	0.00336419	0.00009628	-0.02862047
34.94253011	0.00336211	0.00009622	-0.02861842
34.94503011	0.00336003	0.00009615	-0.02861637
34.94753010	0.00335796	0.00009609	-0.02861433
34.95003010	0.00335588	0.00009602	-0.02861228
34.95253010	0.00335380	0.00009595	-0.02861023
34.95503009	0.00335173	0.00009589	-0.02860819
34.95753009	0.00334965	0.00009582	-0.02860614
34.96003008	0.00334758	0.00009575	-0.02860409
34.96253007	0.00334551	0.00009569	-0.02860205
34.96503007	0.00334344	0.00009562	-0.02860000
34.96753006	0.00334137	0.00009556	-0.02859796
34.97003006	0.00333931	0.00009549	-0.02859591
34.97253006	0.00333724	0.00009542	-0.02859387
34.97503005	0.00333517	0.00009536	-0.02859183
34.97753005	0.00333311	0.00009529	-0.02858978
34.98003004	0.00333105	0.00009523	-0.02858774
34.98253003	0.00332899	0.00009516	-0.02858570
34.98503003	0.00332693	0.00009510	-0.02858365
34.98753002	0.00332487	0.00009503	-0.02858161
34.99003002	0.00332281	0.00009496	-0.02857957
34.99253001	0.00332075	0.00009490	-0.02857753
34.99503001	0.00331870	0.00009483	-0.02857549
34.99753001	0.00331665	0.00009477	-0.02857345
35.00003000	0.00331459	0.00009470	-0.02857140
35.00252999	0.00331254	0.00009464	-0.02856936
35.00502999	0.00331049	0.00009457	-0.02856732
35.00752998	0.00330844	0.00009451	-0.02856528
35.01002998	0.00330639	0.00009444	-0.02856324
35.01252997	0.00330435	0.00009438	-0.02856120
35.01502997	0.00330230	0.00009431	-0.02855916
35.01752997	0.00330026	0.00009425	-0.02855713
35.02002996	0.00329822	0.00009418	-0.02855509
35.02252995	0.00329617	0.00009412	-0.02855305
35.02502995	0.00329413	0.00009405	-0.02855101
35.02752994	0.00329209	0.00009399	-0.02854897
35.03002994	0.00329006	0.00009392	-0.02854694
35.03252993	0.00328802	0.00009386	-0.02854490
35.03502993	0.00328598	0.00009379	-0.02854286
35.03752993	0.00328395	0.00009373	-0.02854082
35.04002992	0.00328192	0.00009366	-0.02853879
35.04252991	0.00327988	0.00009360	-0.02853675
35.04502991	0.00327785	0.00009353	-0.02853472
35.04752990	0.00327582	0.00009347	-0.02853268
35.05002990	0.00327379	0.00009340	-0.02853065
35.05252989	0.00327177	0.00009334	-0.02852861
35.05502989	0.00326974	0.00009327	-0.02852658
35.05752989	0.00326772	0.00009321	-0.02852454
35.06002988	0.00326569	0.00009315	-0.02852251
35.06252987	0.00326367	0.00009308	-0.02852047
35.06502987	0.00326165	0.00009302	-0.02851844
35.06752986	0.00325963	0.00009295	-0.02851641
35.07002986	0.00325761	0.00009289	-0.02851438
35.07252985	0.00325559	0.00009282	-0.02851234
35.07502985	0.00325358	0.00009276	-0.02851031
35.07752985	0.00325156	0.00009270	-0.02850828
35.08002984	0.00324955	0.00009263	-0.02850625
35.08252983	0.00324753	0.00009257	-0.02850422
35.08502983	0.00324552	0.00009250	-0.02850218
35.08752982	0.00324351	0.00009244	-0.02850015
35.09002982	0.00324150	0.00009238	-0.02849812
35.09252981	0.00323950	0.00009231	-0.02849609
35.09502981	0.00323749	0.00009225	-0.02849406
35.09752981	0.00323548	0.00009219	-0.02849203
35.10002980	0.00323348	0.00009212	-0.02849000
35.10252979	0.00323148	0.00009206	-0.02848798
35.10502979	0.00322947	0.00009199	-0.02848595
35.10752978	0.00322747	0.00009193	-0.02848392
35.11002978	0.00322547	0.00009187	-0.02848189
35.11252977	0.00322347	0.00009180	-0.02847986
35.11502977	0.00322148	0.00009174	-0.02847783
35.11752977	0.00321948	0.00009168	-0.02847581
35.12002976	0.00321749	0.00009161	-0.02847378
35.12252975	0.00321549	0.00009155	-0.02847175
35.12502975	0.00321350	0.00009149	-0.02846973
35.12752974	0.00321151	0.00009142	-0.02846770
35.13002974	0.00320952	0.00009136	-0.02846567
35.13252973	0.00320753	0.00009130	-0.02846365
35.13502973	0.00320554	0.00009123	-0.02846162
35.13752973	0.00320356	0.00009117	-0.02845960
35.14002972	0.00320157	0.00009111	-0.02845757
35.14252971	0.00319959	0.00009105	-0.02845555
35.14502971	0.00319760	0.00009098	-0.02845353
35.14752970	0.00319562	0.00009092	-0.02845150
35.15002970	0.00319364	0.00009086	-0.02844948
35.15252969	0.00319166	0.00009079	-0.02844745
35.15502969	0.00318968	0.00009073	-0.02844543
35.15752969	0.00318771	0.00009067	-0.02844341
35.16002968	0.00318573	0.00009061	-0.02844139
35.16252968	0.00318375	0.00009054	-0.02843936
35.16502967	0.00318178	0.00009048	-0.02843734
35.16752966	0.00317981	0.00009042	-0.02843532
35.17002966	0.00317784	0.00009036	-0.02843330
35.17252965	0.00317587	0.00009029	-0.02843128
35.17502965	0.00317390	0.00009023	-0.02842926
35.17752964	0.00317193	0.00009017	-0.02842724
35.18002964	0.00316996	0.00009011	-0.02842522
35.18252964	0.00316800	0.00009004	-0.02842320
35.18502963	0.00316603	0.00008998	-0.02842118
35.18752962	0.00316407	0.00008992	-0.02841916
35.19002962	0.00316211	0.00008986	-0.02841714
35.19252961	0.00316015	0.00008980	-0.02841512
35.19502961	0.00315819	0.00008973	-0.02841310
35.19752960	0.00315623	0.00008967	-0.02841108
35.20002960	0.00315427	0.00008961	-0.02840907
35.20252960	0.00315232	0.00008955	-0.02840705
35.20502959	0.00315036	0.00008949	-0.02840503
35.20752958	0.00314841	0.00008942	-0.02840302
35.21002958	0.00314646	0.00008936	-0.02840100
35.21252957	0.00314450	0.00008930	-0.02839898
35.21502957	0.00314255	0.00008924	-0.02839697
35.21752956	0.00314060	0.00008918	-0.02839495
35.22002956	0.00313866	0.00008912	-0.02839293
35.22252956	0.00313671	0.00008905	-0.02839092
35.22502955	0.00313476	0.00008899	-0.02838890
35.22752954	0.00313282	0.00008893	-0.02838689
35.23002954	0.00313088	0.00008887	-0.02838488
35.23252953	0.00312893	0.00008881	-0.02838286
35.23502953	0.00312699	0.00008875	-0.02838085
35.23752952	0.00312505	0.00008869	-0.02837883
35.24002952	0.00312312	0.00008862	-0.02837682
35.24252952	0.00312118	0.00008856	-0.02837481
35.24502951	0.00311924	0.00008850	-0.02837280
35.24752950	0.00311731	0.00008844	-0.02837078
35.25002950	0.00311537	0.00008838	-0.02836877
35.25252949	0.00311344	0.00008832	-0.02836676
35.25502949	0.00311151	0.00008826	-0.02836475
35.25752948	0.00310958	0.00008820	-0.02836274
35.26002948	0.00310765	0.00008814	-0.02836073
35.26252948	0.00310572	0.00008807	-0.02835871
35.26502947	0.00310379	0.00008801	-0.02835670
35.26752946	0.00310187	0.00008795	-0.02835469
35.27002946	0.00309994	0.00008789	-0.02835268
35.27252945	0.00309802	0.00008783	-0.02835067
35.27502945	0.00309609	0.00008777	-0.02834867
35.27752944	0.00309417	0.00008771	-0.02834666
35.28002944	0.00309225	0.00008765	-0.02834465
35.28252944	0.00309033	0.00008759	-0.02834264
35.28502943	0.00308842	0.00008753	-0.02834063
35.28752942	0.00308650	0.00008747	-0.02833862
35.29002942	0.00308458	0.00008741	-0.02833662
35.29252941	0.00308267	0.00008735	-0.02833461
35.29502941	0.00308076	0.00008729	-0.02833260
35.29752940	0.00307884	0.00008723	-0.02833059
35.30002940	0.00307693	0.00008717	-0.02832859
35.30252940	0.00307502	0.00008710	-0.02832658
35.30502939	0.00307311	0.00008704	-0.02832458
35.30752938	0.00307121	0.00008698	-0.02832257
35.31002938	0.00306930	0.00008692	-0.02832057
35.31252937	0.00306739	0.00008686	-0.02831856
35.31502937	0.00306549	0.00008680	-0.02831656
35.31752936	0.00306359	0.00008674	-0.02831455
35.32002936	0.00306168	0.00008668	-0.02831255
35.32252936	0.00305978	0.00008662	-0.02831054
35.32502935	0.00305788	0.00008656	-0.02830854
35.32752934	0.00305598	0.00008650	-0.02830654
35.33002934	0.00305409	0.00008644	-0.02830453
35.33252933	0.00305219	0.00008638	-0.02830253
35.33502933	0.00305030	0.00008632	-0.02830053
35.33752932	0.00304840	0.00008627	-0.02829853
35.34002932	0.00304651	0.00008621	-0.02829652
35.34252932	0.00304462	0.00008615	-0.02829452
35.34502931	0.00304273	0.00008609	-0.02829252
35.34752930	0.00304084	0.00008603	-0.02829052
35.35002930	0.00303895	0.00008597	-0.02828852
35.35252929	0.00303706	0.00008591	-0.02828652
35.35502929	0.00303517	0.00008585	-0.02828452
35.35752928	0.00303329	0.00008579	-0.02828252
35.36002928	0.00303141	0.00008573	-0.02828052
35.36252927	0.00302952	0.00008567	-0.02827852
35.36502927	0.00302764	0.00008561	-0.02827652
35.36752927	0.00302576	0.00008555	-0.02827452
35.37002926	0.00302388	0.00008549	-0.02827252
35.37252925	0.00302200	0.00008543	-0.02827053
35.37502925	0.00302013	0.00008537	-0.02826853
35.37752924	0.00301825	0.00008532	-0.02826653
35.38002924	0.00301637	0.00008526	-0.02826453
35.38252923	0.00301450	0.00008520	-0.02826254
35.38502923	0.00301263	0.00008514	-0.02826054
35.38752923	0.00301076	0.00008508	-0.02825854
35.39002922	0.00300889	0.00008502	-0.02825655
35.39252921	0.00300702	0.00008496	-0.02825455
35.39502921	0.00300515	0.00008490	-0.02825255
35.39752920	0.00300328	0.00008484	-0.02825056
35.40002920	0.00300142	0.00008479	-0.02824856
35.40252919	0.00299955	0.00008473	-0.02824657
35.40502919	0.00299769	0.00008467	-0.02824457
35.40752919	0.00299582	0.00008461	-0.02824258
35.41002918	0.00299396	0.00008455	-0.02824059
35.41252917	0.00299210	0.00008449	-0.02823859
35.41502917	0.00299024	0.00008443	-0.02823660
35.41752916	0.00298838	0.00008438	-0.02823461
35.42002916	0.00298653	0.00008432	-0.02823261
35.42252915	0.00298467	0.00008426	-0.02823062
35.42502915	0.00298282	0.00008420	-0.02822863
35.42752915	0.00298096	0.00008414	-0.02822664
35.43002914	0.00297911	0.00008408	-0.02822465
35.43252913	0.00297726	0.00008403	-0.02822265
35.43502913	0.00297541	0.00008397	-0.02822066
35.43752912	0.00297356	0.00008391	-0.02821867
35.44002912	0.00297171	0.00008385	-0.02821668
35.44252911	0.00296986	0.00008379	-0.02821469
35.44502911	0.00296802	0.00008374	-0.02821270
35.44752911	0.00296617	0.00008368	-0.02821071
35.45002910	0.00296433	0.00008362	-0.02820872
35.45252909	0.00296249	0.00008356	-0.02820673
35.45502909	0.00296064	0.00008350	-0.02820474
35.45752908	0.00295880	0.00008345	-0.02820275
35.46002908	0.00295696	0.00008339	-0.02820077
35.46252907	0.00295513	0.00008333	-0.02819878
35.46502907	0.00295329	0.00008327	-0.02819679
35.46752907	0.00295145	0.00008322	-0.02819480
35.47002906	0.00294962	0.00008316	-0.02819282
35.47252905	0.00294778	0.00008310	-0.02819083
35.47502905	0.00294595	0.00008304	-0.02818884
35.47752904	0.00294412	0.00008299	-0.02818686
35.48002904	0.00294229	0.00008293	-0.02818487
35.48252903	0.00294046	0.00008287	-0.02818288
35.48502903	0.00293863	0.00008281	-0.02818090
35.48752903	0.00293680	0.00008276	-0.02817891
35.49002902	0.00293498	0.00008270	-0.02817693
35.49252901	0.00293315	0.00008264	-0.02817494
35.49502901	0.00293133	0.00008258	-0.02817296
35.49752900	0.00292950	0.00008253	-0.02817097
35.50002900	0.00292768	0.00008247	-0.02816899
35.50252899	0.00292586	0.00008241	-0.02816701
35.50502899	0.00292404	0.00008236	-0.02816502
35.50752899	0.00292222	0.00008230	-0.02816304
35.51002898	0.00292040	0.00008224	-0.02816106
35.51252897	0.00291859	0.00008218	-0.02815908
35.51502897	0.00291677	0.00008213	-0.02815709
35.51752896	0.00291496	0.00008207	-0.02815511
35.52002896	0.00291314	0.00008201	-0.02815313
35.52252895	0.00291133	0.00008196	-0.02815115
35.52502895	0.00290952	0.00008190	-0.02814917
35.52752895	0.00290771	0.00008184	-0.02814719
35.53002894	0.00290590	0.00008179	-0.02814521
35.53252893	0.00290409	0.00008173	-0.02814323
35.53502893	0.00290229	0.00008167	-0.02814125
35.53752892	0.00290048	0.00008162	-0.02813927
35.54002892	0.00289868	0.00008156	-0.02813729
35.54252891	0.00289687	0.00008150	-0.02813531
35.54502891	0.00289507	0.00008145	-0.02813333
35.54752891	0.00289327	0.00008139	-0.02813135
35.55002890	0.00289147	0.00008134	-0.02812937
35.55252890	0.00288967	0.00008128	-0.02812739
35.55502889	0.00288787	0.00008122	-0.02812542
35.55752888	0.00288608	0.00008117	-0.02812344
35.56002888	0.00288428	0.00008111	-0.02812146
35.56252887	0.00288249	0.00008105	-0.02811949
35.56502887	0.00288069	0.00008100	-0.02811751
35.56752886	0.00287890	0.00008094	-0.02811553
35.57002886	0.00287711	0.00008089	-0.02811356
35.57252886	0.00287532	0.00008083	-0.02811158
35.57502885	0.00287353	0.00008077	-0.02810960
35.57752884	0.00287174	0.00008072	-0.02810763
35.58002884	0.00286995	0.00008066	-0.02810565
35.58252883	0.00286816	0.00008061	-0.02810368
35.58502883	0.00286638	0.00008055	-0.02810171
35.58752882	0.00286460	0.00008049	-0.02809973
35.59002882	0.00286281	0.00008044	-0.02809776
35.59252882	0.00286103	0.00008038	-0.02809578
35.59502881	0.00285925	0.00008033	-0.02809381
35.59752880	0.00285747	0.00008027	-0.02809184
35.60002880	0.00285569	0.00008022	-0.02808986
35.60252879	0.00285391	0.00008016	-0.02808789
35.60502879	0.00285214	0.00008010	-0.02808592
35.60752878	0.00285036	0.00008005	-0.02808395
35.61002878	0.00284859	0.00007999	-0.02808198
35.61252878	0.00284681	0.00007994	-0.02808001
35.61502877	0.00284504	0.00007988	-0.02807803
35.61752876	0.00284327	0.00007983	-0.02807606
35.62002876	0.00284150	0.00007977	-0.02807409
35.62252875	0.00283973	0.00007972	-0.02807212
35.62502875	0.00283796	0.00007966	-0.02807015
35.62752874	0.00283619	0.00007961	-0.02806818
35.63002874	0.00283443	0.00007955	-0.02806621
35.63252874	0.00283266	0.00007950	-0.02806424
35.63502873	0.00283090	0.00007944	-0.02806228
35.63752872	0.00282914	0.00007939	-0.02806031
35.64002872	0.00282737	0.00007933	-0.02805834
35.64252871	0.00282561	0.00007928	-0.02805637
35.64502871	0.00282385	0.00007922	-0.02805440
35.64752870	0.00282209	0.00007917	-0.02805244
35.65002870	0.00282034	0.00007911	-0.02805047
35.65252870	0.00281858	0.00007906	-0.02804850
35.65502869	0.00281682	0.00007900	-0.02804653
35.65752868	0.00281507	0.00007895	-0.02804457
35.66002868	0.00281332	0.00007889	-0.02804260
35.66252867	0.00281156	0.00007884	-0.02804064
35.66502867	0.00280981	0.00007878	-0.02803867
35.66752866	0.00280806	0.00007873	-0.02803671
35.67002866	0.00280631	0.00007867	-0.02803474
35.67252866	0.00280456	0.00007862	-0.02803278
35.67502865	0.00280282	0.00007857	-0.02803081
35.67752864	0.00280107	0.00007851	-0.02802885
35.68002864	0.00279933	0.00007846	-0.02802688
35.68252863	0.00279758	0.00007840	-0.02802492
35.68502863	0.00279584	0.00007835	-0.02802296
35.68752862	0.00279410	0.00007829	-0.02802099
35.69002862	0.00279236	0.00007824	-0.02801903
35.69252862	0.00279062	0.00007818	-0.02801707
35.69502861	0.00278888	0.00007813	-0.02801511
35.69752860	0.00278714	0.00007808	-0.02801314
35.70002860	0.00278540	0.00007802	-0.02801118
35.70252859	0.00278367	0.00007797	-0.02800922
35.70502859	0.00278193	0.00007791	-0.02800726
35.70752858	0.00278020	0.00007786	-0.02800530
35.71002858	0.00277847	0.00007781	-0.02800334
35.71252858	0.00277674	0.00007775	-0.02800138
35.71502857	0.00277500	0.00007770	-0.02799942
35.71752856	0.00277328	0.00007764	-0.02799746
35.72002856	0.00277155	0.00007759	-0.02799550
35.72252855	0.00276982	0.00007754	-0.02799354
35.72502855	0.00276809	0.00007748	-0.02799158
35.72752854	0.00276637	0.00007743	-0.02798962
35.73002854	0.00276464	0.00007738	-0.02798766
35.73252854	0.00276292	0.00007732	-0.02798570
35.73502853	0.00276120	0.00007727	-0.02798375
35.73752852	0.00275948	0.00007722	-0.02798179
35.74002852	0.00275776	0.00007716	-0.02797983
35.74252851	0.00275604	0.00007711	-0.02797788
35.74502851	0.00275432	0.00007705	-0.02797592
35.74752850	0.00275260	0.00007700	-0.02797396
35.75002850	0.00275089	0.00007695	-0.02797201
35.75252849	0.00274917	0.00007689	-0.02797005
35.75502849	0.00274746	0.00007684	-0.02796809
35.75752849	0.00274574	0.00007679	-0.02796614
35.76002848	0.00274403	0.00007673	-0.02796418
35.76252847	0.00274232	0.00007668	-0.02796223
35.76502847	0.00274061	0.00007663	-0.02796027
35.76752846	0.00273890	0.00007658	-0.02795832
35.77002846	0.00273720	0.00007652	-0.02795637
35.77252845	0.00273549	0.00007647	-0.02795441
35.77502845	0.00273378	0.00007642	-0.02795246
35.77752845	0.00273208	0.00007636	-0.02795051
35.78002844	0.00273037	0.00007631	-0.02794855
35.78252843	0.00272867	0.00007626	-0.02794660
35.78502843	0.00272697	0.00007620	-0.02794465
35.78752842	0.00272527	0.00007615	-0.02794270
35.79002842	0.00272357	0.00007610	-0.02794074
35.79252841	0.00272187	0.00007605	-0.02793879
35.79502841	0.00272017	0.00007599	-0.02793684
35.79752841	0.00271848	0.00007594	-0.02793489
35.80002840	0.00271678	0.00007589	-0.02793294
35.80252839	0.00271509	0.00007584	-0.02793099
35.80502839	0.00271339	0.00007578	-0.02792904
35.80752838	0.00271170	0.00007573	-0.02792709
35.81002838	0.00271001	0.00007568	-0.02792514
35.81252837	0.00270832	0.00007562	-0.02792319
35.81502837	0.00270663	0.00007557	-0.02792124
35.81752837	0.00270494	0.00007552	-0.02791929
35.82002836	0.00270325	0.00007547	-0.02791734
35.82252835	0.00270157	0.00007542	-0.02791539
35.82502835	0.00269988	0.00007536	-0.02791345
35.82752834	0.00269820	0.00007531	-0.02791150
35.83002834	0.00269651	0.00007526	-0.02790955
35.83252833	0.00269483	0.00007521	-0.02790760
35.83502833	0.00269315	0.00007515	-0.02790566
35.83752833	0.00269147	0.00007510	-0.02790371
35.84002832	0.00268979	0.00007505	-0.02790176
35.84252831	0.00268811	0.00007500	-0.02789982
35.84502831	0.00268644	0.00007495	-0.02789787
35.84752830	0.00268476	0.00007489	-0.02789593
35.85002830	0.00268308	0.00007484	-0.02789398
35.85252829	0.00268141	0.00007479	-0.02789204
35.85502829	0.00267974	0.00007474	-0.02789009
35.85752829	0.00267806	0.00007469	-0.02788815
35.86002828	0.00267639	0.00007463	-0.02788620
35.86252827	0.00267472	0.00007458	-0.02788426
35.86502827	0.00267305	0.00007453	-0.02788231
35.86752826	0.00267139	0.00007448	-0.02788037
35.87002826	0.00266972	0.00007443	-0.02787843
35.87252825	0.00266805	0.00007438	-0.02787649
35.87502825	0.00266639	0.00007432	-0.02787454
35.87752825	0.00266472	0.00007427	-0.02787260
35.88002824	0.00266306	0.00007422	-0.02787066
35.88252823	0.00266140	0.00007417	-0.02786872
35.88502823	0.00265974	0.00007412	-0.02786677
35.88752822	0.00265807	0.00007407	-0.02786483
35.89002822	0.00265642	0.00007402	-0.02786289
35.89252821	0.00265476	0.00007396	-0.02786095
35.89502821	0.00265310	0.00007391	-0.02785901
35.89752821	0.00265144	0.00007386	-0.02785707
35.90002820	0.00264979	0.00007381	-0.02785513
35.90252819	0.00264813	0.00007376	-0.02785319
35.90502819	0.00264648	0.00007371	-0.02785125
35.90752818	0.00264483	0.00007366	-0.02784931
35.91002818	0.00264318	0.00007361	-0.02784737
35.91252817	0.00264153	0.00007355	-0.02784544
35.91502817	0.00263988	0.00007350	-0.02784350
35.91752817	0.00263823	0.00007345	-0.02784156
35.92002816	0.00263658	0.00007340	-0.02783962
35.92252815	0.00263494	0.00007335	-0.02783768
35.92502815	0.00263329	0.00007330	-0.02783575
35.92752814	0.00263165	0.00007325	-0.02783381
35.93002814	0.00263000	0.00007320	-0.02783187
35.93252813	0.00262836	0.00007315	-0.02782994
35.93502813	0.00262672	0.00007310	-0.02782800
35.93752813	0.00262508	0.00007305	-0.02782607
35.94002812	0.00262344	0.00007299	-0.02782413
35.94252812	0.00262180	0.00007294	-0.02782219
35.94502811	0.00262016	0.00007289	-0.02782026
35.94752810	0.00261853	0.00007284	-0.02781832
35.95002810	0.00261689	0.00007279	-0.02781639
35.95252809	0.00261526	0.00007274	-0.02781446
35.95502809	0.00261362	0.00007269	-0.02781252
35.95752808	0.00261199	0.00007264	-0.02781059
35.96002808	0.00261036	0.00007259	-0.02780865
35.96252808	0.00260873	0.00007254	-0.02780672
35.96502807	0.00260710	0.00007249	-0.02780479
35.96752806	0.00260547	0.00007244	-0.02780286
35.97002806	0.00260384	0.00007239	-0.02780092
35.97252805	0.00260222	0.00007234	-0.02779899
35.97502805	0.00260059	0.00007229	-0.02779706
35.97752804	0.00259897	0.00007224	-0.02779513
35.98002804	0.00259734	0.00007219	-0.02779320
35.98252804	0.00259572	0.00007214	-0.02779127
35.98502803	0.00259410	0.00007209	-0.02778934
35.98752802	0.00259248	0.00007204	-0.02778740
35.99002802	0.00259086	0.00007199	-0.02778547
35.99252801	0.00258924	0.00007194	-0.02778354
35.99502801	0.00258762	0.00007189	-0.02778161
35.99752800	0.00258600	0.00007184	-0.02777969
36.00002800	0.00258439	0.00007179	-0.02777776
36.00252800	0.00258277	0.00007174	-0.02777583
36.00502799	0.00258116	0.00007169	-0.02777390
36.00752798	0.00257954	0.00007164	-0.02777197
36.01002798	0.00257793	0.00007159	-0.02777004
36.01252797	0.00257632	0.00007154	-0.02776811
36.01502797	0.00257471	0.00007149	-0.02776619
36.01752796	0.00257310	0.00007144	-0.02776426
36.02002796	0.00257149	0.00007139	-0.02776233
36.02252796	0.00256989	0.00007134	-0.02776041
36.02502795	0.00256828	0.00007129	-0.02775848
36.02752794	0.00256668	0.00007124	-0.02775655
36.03002794	0.00256507	0.00007119	-0.02775463
36.03252793	0.00256347	0.00007114	-0.02775270
36.03502793	0.00256187	0.00007109	-0.02775078
36.03752792	0.00256026	0.00007104	-0.02774885
36.04002792	0.00255866	0.00007100	-0.02774693
36.04252792	0.00255706	0.00007095	-0.02774500
36.04502791	0.00255547	0.00007090	-0.02774308
36.04752790	0.00255387	0.00007085	-0.02774115
36.05002790	0.00255227	0.00007080	-0.02773923
36.05252789	0.00255068	0.00007075	-0.02773731
36.05502789	0.00254908	0.00007070	-0.02773538
36.05752788	0.00254749	0.00007065	-0.02773346
36.06002788	0.00254589	0.00007060	-0.02773154
36.06252788	0.00254430	0.00007055	-0.02772961
36.06502787	0.00254271	0.00007050	-0.02772769
36.06752786	0.00254112	0.00007045	-0.02772577
36.07002786	0.00253953	0.00007041	-0.02772385
36.07252785	0.00253794	0.00007036	-0.02772193
36.07502785	0.00253636	0.00007031	-0.02772001
36.07752784	0.00253477	0.00007026	-0.02771809
36.08002784	0.00253319	0.00007021	-0.02771616
36.08252784	0.00253160	0.00007016	-0.02771424
36.08502783	0.00253002	0.00007011	-0.02771232
36.08752782	0.00252844	0.00007006	-0.02771040
36.09002782	0.00252686	0.00007002	-0.02770849
36.09252781	0.00252528	0.00006997	-0.02770657
36.09502781	0.00252370	0.00006992	-0.02770465
36.09752780	0.00252212	0.00006987	-0.02770273
36.10002780	0.00252054	0.00006982	-0.02770081
36.10252780	0.00251896	0.00006977	-0.02769889
36.10502779	0.00251739	0.00006972	-0.02769697
36.10752778	0.00251581	0.00006968	-0.02769506
36.11002778	0.00251424	0.00006963	-0.02769314
36.11252777	0.00251267	0.00006958	-0.02769122
36.11502777	0.00251110	0.00006953	-0.02768930
36.11752776	0.00250952	0.00006948	-0.02768739
36.12002776	0.00250795	0.00006943	-0.02768547
36.12252776	0.00250639	0.00006939	-0.02768356
36.12502775	0.00250482	0.00006934	-0.02768164
36.12752774	0.00250325	0.00006929	-0.02767972
36.13002774	0.00250168	0.00006924	-0.02767781
36.13252773	0.00250012	0.00006919	-0.02767589
36.13502773	0.00249855	0.00006914	-0.02767398
36.13752772	0.00249699	0.00006910	-0.02767206
36.14002772	0.00249543	0.00006905	-0.02767015
36.14252771	0.00249387	0.00006900	-0.02766824
36.14502771	0.00249231	0.00006895	-0.02766632
36.14752771	0.00249075	0.00006891	-0.02766441
36.15002770	0.00248919	0.00006886	-0.02766250
36.15252769	0.00248763	0.00006881	-0.02766058
36.15502769	0.00248607	0.00006876	-0.02765867
36.15752768	0.00248452	0.00006871	-0.02765676
36.16002768	0.00248296	0.00006867	-0.02765485
36.16252767	0.00248141	0.00006862	-0.02765293
36.16502767	0.00247986	0.00006857	-0.02765102
36.16752767	0.00247831	0.00006852	-0.02764911
36.17002766	0.00247675	0.00006848	-0.02764720
36.17252765	0.00247520	0.00006843	-0.02764529
36.17502765	0.00247365	0.00006838	-0.02764338
36.17752764	0.00247211	0.00006833	-0.02764147
36.18002764	0.00247056	0.00006829	-0.02763956
36.18252763	0.00246901	0.00006824	-0.02763765
36.18502763	0.00246747	0.00006819	-0.02763574
36.18752763	0.00246592	0.00006814	-0.02763383
36.19002762	0.00246438	0.00006810	-0.02763192
36.19252761	0.00246284	0.00006805	-0.02763001
36.19502761	0.00246129	0.00006800	-0.02762810
36.19752760	0.00245975	0.00006795	-0.02762620
36.20002760	0.00245821	0.00006791	-0.02762429
36.20252759	0.00245668	0.00006786	-0.02762238
36.20502759	0.00245514	0.00006781	-0.02762047
36.20752759	0.00245360	0.00006776	-0.02761857
36.21002758	0.00245206	0.00006772	-0.02761666
36.21252757	0.00245053	0.00006767	-0.02761475
36.21502757	0.00244899	0.00006762	-0.02761285
36.21752756	0.00244746	0.00006758	-0.02761094
36.22002756	0.00244593	0.00006753	-0.02760903
36.22252755	0.00244440	0.00006748	-0.02760713
36.22502755	0.00244287	0.00006744	-0.02760522
36.22752755	0.00244134	0.00006739	-0.02760332
36.23002754	0.00243981	0.00006734	-0.02760141
36.23252753	0.00243828	0.00006730	-0.02759951
36.23502753	0.00243675	0.00006725	-0.02759761
36.23752752	0.00243523	0.00006720	-0.02759570
36.24002752	0.00243370	0.00006716	-0.02759380
36.24252751	0.00243218	0.00006711	-0.02759189
36.24502751	0.00243065	0.00006706	-0.02758999
36.24752751	0.00242913	0.00006702	-0.02758809
36.25002750	0.00242761	0.00006697	-0.02758619
36.25252749	0.00242609	0.00006692	-0.02758428
36.25502749	0.00242457	0.00006688	-0.02758238
36.25752748	0.00242305	0.00006683	-0.02758048
36.26002748	0.00242153	0.00006678	-0.02757858
36.26252747	0.00242002	0.00006674	-0.02757668
36.26502747	0.00241850	0.00006669	-0.02757478
36.26752747	0.00241699	0.00006664	-0.02757287
36.27002746	0.00241547	0.00006660	-0.02757097
36.27252745	0.00241396	0.00006655	-0.02756907
36.27502745	0.00241245	0.00006650	-0.02756717
36.27752744	0.00241093	0.00006646	-0.02756527
36.28002744	0.00240942	0.00006641	-0.02756337
36.28252743	0.00240791	0.00006637	-0.02756148
36.28502743	0.00240641	0.00006632	-0.02755958
36.28752743	0.00240490	0.00006627	-0.02755768
36.29002742	0.00240339	0.00006623	-0.02755578
36.29252741	0.00240189	0.00006618	-0.02755388
36.29502741	0.00240038	0.00006614	-0.02755198
36.29752740	0.00239888	0.00006609	-0.02755009
36.30002740	0.00239737	0.00006604	-0.02754819
36.30252739	0.00239587	0.00006600	-0.02754629
36.30502739	0.00239437	0.00006595	-0.02754439
36.30752739	0.00239287	0.00006591	-0.02754250
36.31002738	0.00239137	0.00006586	-0.02754060
36.31252737	0.00238987	0.00006581	-0.02753871
36.31502737	0.00238837	0.00006577	-0.02753681
36.31752736	0.00238688	0.00006572	-0.02753491
36.32002736	0.00238538	0.00006568	-0.02753302
36.32252735	0.00238389	0.00006563	-0.02753112
36.32502735	0.00238239	0.00006559	-0.02752923
36.32752735	0.00238090	0.00006554	-0.02752733
36.33002734	0.00237941	0.00006549	-0.02752544
36.33252734	0.00237791	0.00006545	-0.02752355
36.33502733	0.00237642	0.00006540	-0.02752165
36.33752732	0.00237493	0.00006536	-0.02751976
36.34002732	0.00237345	0.00006531	-0.02751787
36.34252731	0.00237196	0.00006527	-0.02751597
36.34502731	0.00237047	0.00006522	-0.02751408
36.34752730	0.00236899	0.00006518	-0.02751219
36.35002730	0.00236750	0.00006513	-0.02751030
36.35252730	0.00236602	0.00006509	-0.02750840
36.35502729	0.00236453	0.00006504	-0.02750651
36.35752728	0.00236305	0.00006499	-0.02750462
36.36002728	0.00236157	0.00006495	-0.02750273
36.36252727	0.00236009	0.00006490	-0.02750084
36.36502727	0.00235861	0.00006486	-0.02749895
36.36752726	0.00235713	0.00006481	-0.02749706
36.37002726	0.00235565	0.00006477	-0.02749517
36.37252726	0.00235417	0.00006472	-0.02749328
36.37502725	0.00235270	0.00006468	-0.02749139
36.37752724	0.00235122	0.00006463	-0.02748950
36.38002724	0.00234975	0.00006459	-0.02748761
36.38252723	0.00234828	0.00006454	-0.02748572
36.38502723	0.00234680	0.00006450	-0.02748383
36.38752722	0.00234533	0.00006445	-0.02748194
36.39002722	0.00234386	0.00006441	-0.02748006
36.39252722	0.00234239	0.00006436	-0.02747817
36.39502721	0.00234092	0.00006432	-0.02747628
36.39752720	0.00233945	0.00006428	-0.02747439
36.40002720	0.00233799	0.00006423	-0.02747251
36.40252719	0.00233652	0.00006419	-0.02747062
36.40502719	0.00233505	0.00006414	-0.02746873
36.40752718	0.00233359	0.00006410	-0.02746685
36.41002718	0.00233213	0.00006405	-0.02746496
36.41252718	0.00233066	0.00006401	-0.02746308
36.41502717	0.00232920	0.00006396	-0.02746119
36.41752716	0.00232774	0.00006392	-0.02745931
36.42002716	0.00232628	0.00006387	-0.02745742
36.42252715	0.00232482	0.00006383	-0.02745554
36.42502715	0.00232336	0.00006378	-0.02745365
36.42752714	0.00232190	0.00006374	-0.02745177
36.43002714	0.00232045	0.00006370	-0.02744988
36.43252714	0.00231899	0.00006365	-0.02744800
36.43502713	0.00231754	0.00006361	-0.02744612
36.43752712	0.00231608	0.00006356	-0.02744423
36.44002712	0.00231463	0.00006352	-0.02744235
36.44252711	0.00231318	0.00006347	-0.02744047
36.44502711	0.00231173	0.00006343	-0.02743859
36.44752710	0.00231028	0.00006339	-0.02743670
36.45002710	0.00230883	0.00006334	-0.02743482
36.45252710	0.00230738	0.00006330	-0.02743294
36.45502709	0.00230593	0.00006325	-0.02743106
36.45752708	0.00230448	0.00006321	-0.02742918
36.46002708	0.00230304	0.00006317	-0.02742730
36.46252707	0.00230159	0.00006312	-0.02742542
36.46502707	0.00230015	0.00006308	-0.02742354
36.46752706	0.00229870	0.00006303	-0.02742166
36.47002706	0.00229726	0.00006299	-0.02741978
36.47252706	0.00229582	0.00006295	-0.02741790
36.47502705	0.00229438	0.00006290	-0.02741602
36.47752704	0.00229294	0.00006286	-0.02741414
36.48002704	0.00229150	0.00006282	-0.02741226
36.48252703	0.00229006	0.00006277	-0.02741038
36.48502703	0.00228862	0.00006273	-0.02740850
36.48752702	0.00228719	0.00006268	-0.02740663
36.49002702	0.00228575	0.00006264	-0.02740475
36.49252702	0.00228432	0.00006260	-0.02740287
36.49502701	0.00228288	0.00006255	-0.02740099
36.49752700	0.00228145	0.00006251	-0.02739912
36.50002700	0.00228002	0.00006247	-0.02739724
36.50252699	0.00227858	0.00006242	-0.02739536
36.50502699	0.00227715	0.00006238	-0.02739349
36.50752698	0.00227572	0.00006234	-0.02739161
36.51002698	0.00227430	0.00006229	-0.02738974
36.51252698	0.00227287	0.00006225	-0.02738786
36.51502697	0.00227144	0.00006221	-0.02738599
36.51752696	0.00227002	0.00006216	-0.02738411
36.52002696	0.00226859	0.00006212	-0.02738224
36.52252695	0.00226717	0.00006208	-0.02738036
36.52502695	0.00226574	0.00006203	-0.02737849
36.52752694	0.00226432	0.00006199	-0.02737661
36.53002694	0.00226290	0.00006195	-0.02737474
36.53252693	0.00226148	0.00006190	-0.02737287
36.53502693	0.00226006	0.00006186	-0.02737099
36.53752693	0.00225864	0.00006182	-0.02736912
36.54002692	0.00225722	0.00006177	-0.02736725
36.54252691	0.00225580	0.00006173	-0.02736538
36.54502691	0.00225438	0.00006169	-0.02736350
36.54752690	0.00225297	0.00006164	-0.02736163
36.55002690	0.00225155	0.00006160	-0.02735976
36.55252689	0.00225014	0.00006156	-0.02735789
36.55502689	0.00224873	0.00006152	-0.02735602
36.55752689	0.00224731	0.00006147	-0.02735415
36.56002688	0.00224590	0.00006143	-0.02735228
36.56252687	0.00224449	0.00006139	-0.02735041
36.56502687	0.00224308	0.00006135	-0.02734854
36.56752686	0.00224167	0.00006130	-0.02734667
36.57002686	0.00224026	0.00006126	-0.02734480
36.57252685	0.00223886	0.00006122	-0.02734293
36.57502685	0.00223745	0.00006117	-0.02734106
36.57752685	0.00223605	0.00006113	-0.02733919
36.58002684	0.00223464	0.00006109	-0.02733732
36.58252683	0.00223324	0.00006105	-0.02733545
36.58502683	0.00223183	0.00006100	-0.02733359
36.58752682	0.00223043	0.00006096	-0.02733172
36.59002682	0.00222903	0.00006092	-0.02732985
36.59252681	0.00222763	0.00006088	-0.02732798
36.59502681	0.00222623	0.00006083	-0.02732612
36.59752681	0.00222483	0.00006079	-0.02732425
36.60002680	0.00222343	0.00006075	-0.02732238
36.60252679	0.00222204	0.00006071	-0.02732052
36.60502679	0.00222064	0.00006066	-0.02731865
36.60752678	0.00221925	0.00006062	-0.02731679
36.61002678	0.00221785	0.00006058	-0.02731492
36.61252677	0.00221646	0.00006054	-0.02731306
36.61502677	0.00221506	0.00006050	-0.02731119
36.61752677	0.00221367	0.00006045	-0.02730933
36.62002676	0.00221228	0.00006041	-0.02730746
36.62252675	0.00221089	0.00006037	-0.02730560
36.62502675	0.00220950	0.00006033	-0.02730373
36.62752674	0.00220811	0.00006029	-0.02730187
36.63002674	0.00220672	0.00006024	-0.02730001
36.63252673	0.00220534	0.00006020	-0.02729814
36.63502673	0.00220395	0.00006016	-0.02729628
36.63752673	0.00220257	0.00006012	-0.02729442
36.64002672	0.00220118	0.00006008	-0.02729256
36.64252671	0.00219980	0.00006003	-0.02729069
36.64502671	0.00219842	0.00005999	-0.02728883
36.64752670	0.00219703	0.00005995	-0.02728697
36.65002670	0.00219565	0.00005991	-0.02728511
36.65252669	0.00219427	0.00005987	-0.02728325
36.65502669	0.00219289	0.00005983	-0.02728139
36.65752669	0.00219151	0.00005978	-0.02727953
36.66002668	0.00219014	0.00005974	-0.02727767
36.66252667	0.00218876	0.00005970	-0.02727581
36.66502667	0.00218738	0.00005966	-0.02727395
36.66752666	0.00218601	0.00005962	-0.02727209
36.67002666	0.00218463	0.00005958	-0.02727023
36.67252665	0.00218326	0.00005953	-0.02726837
36.67502665	0.00218189	0.00005949	-0.02726651
36.67752665	0.00218052	0.00005945	-0.02726465
36.68002664	0.00217915	0.00005941	-0.02726279
36.68252663	0.00217777	0.00005937	-0.02726094
36.68502663	0.00217641	0.00005933	-0.02725908
36.68752662	0.00217504	0.00005929	-0.02725722
36.69002662	0.00217367	0.00005924	-0.02725536
36.69252661	0.00217230	0.00005920	-0.02725351
36.69502661	0.00217094	0.00005916	-0.02725165
36.69752661	0.00216957	0.00005912	-0.02724979
36.70002660	0.00216821	0.00005908	-0.02724794
36.70252659	0.00216684	0.00005904	-0.02724608
36.70502659	0.00216548	0.00005900	-0.02724422
36.70752658	0.00216412	0.00005896	-0.02724237
36.71002658	0.00216276	0.00005891	-0.02724051
36.71252657	0.00216140	0.00005887	-0.02723866
36.71502657	0.00216004	0.00005883	-0.02723680
36.71752657	0.00215868	0.00005879	-0.02723495
36.72002656	0.00215732	0.00005875	-0.02723310
36.72252655	0.00215596	0.00005871	-0.02723124
36.72502655	0.00215461	0.00005867	-0.02722939
36.72752654	0.00215325	0.00005863	-0.02722753
36.73002654	0.00215190	0.00005859	-0.02722568
36.73252653	0.00215054	0.00005855	-0.02722383
36.73502653	0.00214919	0.00005851	-0.02722198
36.73752652	0.00214784	0.00005846	-0.02722012
36.74002652	0.00214649	0.00005842	-0.02721827
36.74252652	0.00214514	0.00005838	-0.02721642
36.74502651	0.00214379	0.00005834	-0.02721457
36.74752650	0.00214244	0.00005830	-0.02721272
36.75002650	0.00214109	0.00005826	-0.02721086
36.75252649	0.00213974	0.00005822	-0.02720901
36.75502649	0.00213840	0.00005818	-0.02720716
36.75752648	0.00213705	0.00005814	-0.02720531
36.76002648	0.00213571	0.00005810	-0.02720346
36.76252648	0.00213436	0.00005806	-0.02720161
36.76502647	0.00213302	0.00005802	-0.02719976
36.76752646	0.00213168	0.00005798	-0.02719791
36.77002646	0.00213034	0.00005794	-0.02719606
36.77252645	0.00212900	0.00005790	-0.02719422
36.77502645	0.00212766	0.00005786	-0.02719237
36.77752644	0.00212632	0.00005782	-0.02719052
36.78002644	0.00212498	0.00005778	-0.02718867
36.78252644	0.00212364	0.00005774	-0.02718682
36.78502643	0.00212231	0.00005769	-0.02718497
36.78752642	0.00212097	0.00005765	-0.02718313
36.79002642	0.00211964	0.00005761	-0.02718128
36.79252641	0.00211830	0.00005757	-0.02717943
36.79502641	0.00211697	0.00005753	-0.02717759
36.79752640	0.00211564	0.00005749	-0.02717574
36.80002640	0.00211430	0.00005745	-0.02717389
36.80252640	0.00211297	0.00005741	-0.02717205
36.80502639	0.00211164	0.00005737	-0.02717020
36.80752638	0.00211031	0.00005733	-0.02716836
36.81002638	0.00210898	0.00005729	-0.02716651
36.81252637	0.00210766	0.00005725	-0.02716467
36.81502637	0.00210633	0.00005721	-0.02716282
36.81752636	0.00210500	0.00005717	-0.02716098
36.82002636	0.00210368	0.00005713	-0.02715913
36.82252636	0.00210235	0.00005709	-0.02715729
36.82502635	0.00210103	0.00005705	-0.02715545
36.82752634	0.00209971	0.00005701	-0.02715360
36.83002634	0.00209839	0.00005697	-0.02715176
36.83252633	0.00209706	0.00005694	-0.02714992
36.83502633	0.00209574	0.00005690	-0.02714807
36.83752632	0.00209442	0.00005686	-0.02714623
36.84002632	0.00209311	0.00005682	-0.02714439
36.84252632	0.00209179	0.00005678	-0.02714255
36.84502631	0.00209047	0.00005674	-0.02714071
36.84752630	0.00208915	0.00005670	-0.02713886
36.85002630	0.00208784	0.00005666	-0.02713702
36.85252629	0.00208652	0.00005662	-0.02713518
36.85502629	0.00208521	0.00005658	-0.02713334
36.85752628	0.00208390	0.00005654	-0.02713150
36.86002628	0.00208258	0.00005650	-0.02712966
36.86252628	0.00208127	0.00005646	-0.02712782
36.86502627	0.00207996	0.00005642	-0.02712598
36.86752626	0.00207865	0.00005638	-0.02712414
36.87002626	0.00207734	0.00005634	-0.02712230
36.87252625	0.00207603	0.00005630	-0.02712046
36.87502625	0.00207473	0.00005626	-0.02711862
36.87752624	0.00207342	0.00005622	-0.02711679
36.88002624	0.00207211	0.00005619	-0.02711495
36.88252624	0.00207081	0.00005615	-0.02711311
36.88502623	0.00206950	0.00005611	-0.02711127
36.88752622	0.00206820	0.00005607	-0.02710944
36.89002622	0.00206690	0.00005603	-0.02710760
36.89252621	0.00206560	0.00005599	-0.02710576
36.89502621	0.00206429	0.00005595	-0.02710392
36.89752620	0.00206299	0.00005591	-0.02710209
36.90002620	0.00206169	0.00005587	-0.02710025
36.90252620	0.00206040	0.00005583	-0.02709842
36.90502619	0.00205910	0.00005579	-0.02709658
36.90752618	0.00205780	0.00005576	-0.02709474
36.91002618	0.00205650	0.00005572	-0.02709291
36.91252617	0.00205521	0.00005568	-0.02709107
36.91502617	0.00205391	0.00005564	-0.02708924
36.91752616	0.00205262	0.00005560	-0.02708741
36.92002616	0.00205132	0.00005556	-0.02708557
36.92252615	0.00205003	0.00005552	-0.02708374
36.92502615	0.00204874	0.00005548	-0.02708190
36.92752615	0.00204745	0.00005545	-0.02708007
36.93002614	0.00204616	0.00005541	-0.02707824
36.93252613	0.00204487	0.00005537	-0.02707640
36.93502613	0.00204358	0.00005533	-0.02707457
36.93752612	0.00204229	0.00005529	-0.02707274
36.94002612	0.00204101	0.00005525	-0.02707091
36.94252611	0.00203972	0.00005521	-0.02706907
36.94502611	0.00203843	0.00005517	-0.02706724
36.94752611	0.00203715	0.00005514	-0.02706541
36.95002610	0.00203587	0.00005510	-0.02706358
36.95252609	0.00203458	0.00005506	-0.02706175
36.95502609	0.00203330	0.00005502	-0.02705992
36.95752608	0.00203202	0.00005498	-0.02705809
36.96002608	0.00203074	0.00005494	-0.02705626
36.96252607	0.00202946	0.00005491	-0.02705443
36.96502607	0.00202818	0.00005487	-0.02705260
36.96752607	0.00202690	0.00005483	-0.02705077
36.97002606	0.00202562	0.00005479	-0.02704894
36.97252605	0.00202434	0.00005475	-0.02704711
36.97502605	0.00202307	0.00005471	-0.02704528
36.97752604	0.00202179	0.00005468	-0.02704345
36.98002604	0.00202052	0.00005464	-0.02704163
36.98252603	0.00201924	0.00005460	-0.02703980
36.98502603	0.00201797	0.00005456	-0.02703797
36.98752603	0.00201670	0.00005452	-0.02703614
36.99002602	0.00201543	0.00005449	-0.02703431
36.99252601	0.00201416	0.00005445	-0.02703249
36.99502601	0.00201289	0.00005441	-0.02703066
36.99752600	0.00201162	0.00005437	-0.02702883
37.00002600	0.00201035	0.00005433	-0.02702701
37.00252599	0.00200908	0.00005430	-0.02702518
37.00502599	0.00200781	0.00005426	-0.02702336
37.00752599	0.00200655	0.00005422	-0.02702153
37.01002598	0.00200528	0.00005418	-0.02701971
37.01252597	0.00200402	0.00005414	-0.02701788
37.01502597	0.00200275	0.00005411	-0.02701606
37.01752596	0.00200149	0.00005407	-0.02701423
37.02002596	0.00200023	0.00005403	-0.02701241
37.02252595	0.00199897	0.00005399	-0.02701058
37.02502595	0.00199771	0.00005396	-0.02700876
37.02752595	0.00199645	0.00005392	-0.02700694
37.03002594	0.00199519	0.00005388	-0.02700511
37.03252593	0.00199393	0.00005384	-0.02700329
37.03502593	0.00199267	0.00005381	-0.02700147
37.03752592	0.00199141	0.00005377	-0.02699964
37.04002592	0.00199016	0.00005373	-0.02699782
37.04252591	0.00198890	0.00005369	-0.02699600
37.04502591	0.00198765	0.00005365	-0.02699418
37.04752591	0.00198639	0.00005362	-0.02699236
37.05002590	0.00198514	0.00005358	-0.02699053
37.05252589	0.00198389	0.00005354	-0.02698871
37.05502589	0.00198264	0.00005351	-0.02698689
37.05752588	0.00198139	0.00005347	-0.02698507
37.06002588	0.00198014	0.00005343	-0.02698325
37.06252587	0.00197889	0.00005339	-0.02698143
37.06502587	0.00197764	0.00005336	-0.02697961
37.06752587	0.00197639	0.00005332	-0.02697779
37.07002586	0.00197514	0.00005328	-0.02697597
37.07252585	0.00197390	0.00005324	-0.02697415
37.07502585	0.00197265	0.00005321	-0.02697233
37.07752584	0.00197141	0.00005317	-0.02697052
37.08002584	0.00197016	0.00005313	-0.02696870
37.08252583	0.00196892	0.00005310	-0.02696688
37.08502583	0.00196768	0.00005306	-0.02696506
37.08752583	0.00196644	0.00005302	-0.02696324
37.09002582	0.00196520	0.00005298	-0.02696143
37.09252581	0.00196396	0.00005295	-0.02695961
37.09502581	0.00196272	0.00005291	-0.02695779
37.09752580	0.00196148	0.00005287	-0.02695598
37.10002580	0.00196024	0.00005284	-0.02695416
37.10252579	0.00195900	0.00005280	-0.02695234
37.10502579	0.00195777	0.00005276	-0.02695053
37.10752578	0.00195653	0.00005273	-0.02694871
37.11002578	0.00195530	0.00005269	-0.02694690
37.11252577	0.00195406	0.00005265	-0.02694508
37.11502577	0.00195283	0.00005262	-0.02694327
37.11752576	0.00195159	0.00005258	-0.02694145
37.12002576	0.00195036	0.00005254	-0.02693964
37.12252575	0.00194913	0.00005251	-0.02693782
37.12502575	0.00194790	0.00005247	-0.02693601
37.12752574	0.00194667	0.00005243	-0.02693419
37.13002574	0.00194544	0.00005240	-0.02693238
37.13252574	0.00194421	0.00005236	-0.02693057
37.13502573	0.00194299	0.00005232	-0.02692875
37.13752572	0.00194176	0.00005229	-0.02692694
37.14002572	0.00194053	0.00005225	-0.02692513
37.14252571	0.00193931	0.00005221	-0.02692332
37.14502571	0.00193809	0.00005218	-0.02692151
37.14752570	0.00193686	0.00005214	-0.02691969
37.15002570	0.00193564	0.00005210	-0.02691788
37.15252570	0.00193442	0.00005207	-0.02691607
37.15502569	0.00193320	0.00005203	-0.02691426
37.15752568	0.00193197	0.00005199	-0.02691245
37.16002568	0.00193075	0.00005196	-0.02691064
37.16252567	0.00192954	0.00005192	-0.02690883
37.16502567	0.00192832	0.00005189	-0.02690702
37.16752566	0.00192710	0.00005185	-0.02690521
37.17002566	0.00192588	0.00005181	-0.02690340
37.17252566	0.00192467	0.00005178	-0.02690159
37.17502565	0.00192345	0.00005174	-0.02689978
37.17752564	0.00192224	0.00005170	-0.02689797
37.18002564	0.00192102	0.00005167	-0.02689616
37.18252563	0.00191981	0.00005163	-0.02689435
37.18502563	0.00191860	0.00005160	-0.02689255
37.18752562	0.00191738	0.00005156	-0.02689074
37.19002562	0.00191617	0.00005152	-0.02688893
37.19252562	0.00191496	0.00005149	-0.02688712
37.19502561	0.00191375	0.00005145	-0.02688532
37.19752560	0.00191254	0.00005142	-0.02688351
37.20002560	0.00191134	0.00005138	-0.02688170
37.20252559	0.00191013	0.00005134	-0.02687990
37.20502559	0.00190892	0.00005131	-0.02687809
37.20752558	0.00190772	0.00005127	-0.02687628
37.21002558	0.00190651	0.00005124	-0.02687448
37.21252558	0.00190531	0.00005120	-0.02687267
37.21502557	0.00190410	0.00005116	-0.02687087
37.21752556	0.00190290	0.00005113	-0.02686906
37.22002556	0.00190170	0.00005109	-0.02686726
37.22252555	0.00190050	0.00005106	-0.02686545
37.22502555	0.00189930	0.00005102	-0.02686365
37.22752554	0.00189810	0.00005099	-0.02686184
37.23002554	0.00189690	0.00005095	-0.02686004
37.23252554	0.00189570	0.00005092	-0.02685824
37.23502553	0.00189450	0.00005088	-0.02685643
37.23752552	0.00189330	0.00005084	-0.02685463
37.24002552	0.00189211	0.00005081	-0.02685283
37.24252551	0.00189091	0.00005077	-0.02685103
37.24502551	0.00188972	0.00005074	-0.02684922
37.24752550	0.00188852	0.00005070	-0.02684742
37.25002550	0.00188733	0.00005067	-0.02684562
37.25252550	0.00188614	0.00005063	-0.02684382
37.25502549	0.00188494	0.00005060	-0.02684202
37.25752548	0.00188375	0.00005056	-0.02684022
37.26002548	0.00188256	0.00005052	-0.02683841
37.26252547	0.00188137	0.00005049	-0.02683661
37.26502547	0.00188018	0.00005045	-0.02683481
37.26752546	0.00187899	0.00005042	-0.02683301
37.27002546	0.00187781	0.00005038	-0.02683121
37.27252546	0.00187662	0.00005035	-0.02682941
37.27502545	0.00187543	0.00005031	-0.02682761
37.27752544	0.00187425	0.00005028	-0.02682581
37.28002544	0.00187306	0.00005024	-0.02682402
37.28252543	0.00187188	0.00005021	-0.02682222
37.28502543	0.00187070	0.00005017	-0.02682042
37.28752542	0.00186951	0.00005014	-0.02681862
37.29002542	0.00186833	0.00005010	-0.02681682
37.29252542	0.00186715	0.00005007	-0.02681502
37.29502541	0.00186597	0.00005003	-0.02681323
37.29752540	0.00186479	0.00005000	-0.02681143
37.30002540	0.00186361	0.00004996	-0.02680963
37.30252539	0.00186243	0.00004993	-0.02680784
37.30502539	0.00186126	0.00004989	-0.02680604
37.30752538	0.00186008	0.00004986	-0.02680424
37.31002538	0.00185890	0.00004982	-0.02680245
37.31252537	0.00185773	0.00004979	-0.02680065
37.31502537	0.00185655	0.00004975	-0.02679886
37.31752537	0.00185538	0.00004972	-0.02679706
37.32002536	0.00185421	0.00004968	-0.02679527
37.32252535	0.00185303	0.00004965	-0.02679347
37.32502535	0.00185186	0.00004961	-0.02679168
37.32752534	0.00185069	0.00004958	-0.02678988
37.33002534	0.00184952	0.00004955	-0.02678809
37.33252533	0.00184835	0.00004951	-0.02678629
37.33502533	0.00184718	0.00004948	-0.02678450
37.33752533	0.00184601	0.00004944	-0.02678271
37.34002532	0.00184485	0.00004941	-0.02678091
37.34252531	0.00184368	0.00004937	-0.02677912
37.34502531	0.00184251	0.00004934	-0.02677733
37.34752530	0.00184135	0.00004930	-0.02677554
37.35002530	0.00184018	0.00004927	-0.02677374
37.35252529	0.00183902	0.00004923	-0.02677195
37.35502529	0.00183786	0.00004920	-0.02677016
37.35752529	0.00183669	0.00004917	-0.02676837
37.36002528	0.00183553	0.00004913	-0.02676658
37.36252527	0.00183437	0.00004910	-0.02676479
37.36502527	0.00183321	0.00004906	-0.02676300
37.36752526	0.00183205	0.00004903	-0.02676120
37.37002526	0.00183089	0.00004899	-0.02675941
37.37252525	0.00182973	0.00004896	-0.02675762
37.37502525	0.00182858	0.00004893	-0.02675583
37.37752525	0.00182742	0.00004889	-0.02675405
37.38002524	0.00182626	0.00004886	-0.02675226
37.38252523	0.00182511	0.00004882	-0.02675047
37.38502523	0.00182395	0.00004879	-0.02674868
37.38752522	0.00182280	0.00004875	-0.02674689
37.39002522	0.00182165	0.00004872	-0.02674510
37.39252521	0.00182049	0.00004869	-0.02674331
37.39502521	0.00181934	0.00004865	-0.02674152
37.39752521	0.00181819	0.00004862	-0.02673974
37.40002520	0.00181704	0.00004858	-0.02673795
37.40252519	0.00181589	0.00004855	-0.02673616
37.40502519	0.00181474	0.00004852	-0.02673438
37.40752518	0.00181359	0.00004848	-0.02673259
37.41002518	0.00181245	0.00004845	-0.02673080
37.41252517	0.00181130	0.00004841	-0.02672902
37.41502517	0.00181015	0.00004838	-0.02672723
37.41752517	0.00180901	0.00004835	-0.02672544
37.42002516	0.00180786	0.00004831	-0.02672366
37.42252515	0.00180672	0.00004828	-0.02672187
37.42502515	0.00180557	0.00004825	-0.02672009
37.42752514	0.00180443	0.00004821	-0.02671830
37.43002514	0.00180329	0.00004818	-0.02671652
37.43252513	0.00180215	0.00004814	-0.02671474
37.43502513	0.00180101	0.00004811	-0.02671295
37.43752513	0.00179987	0.00004808	-0.02671117
37.44002512	0.00179873	0.00004804	-0.02670938
37.44252511	0.00179759	0.00004801	-0.02670760
37.44502511	0.00179645	0.00004798	-0.02670582
37.44752510	0.00179531	0.00004794	-0.02670403
37.45002510	0.00179418	0.00004791	-0.02670225
37.45252509	0.00179304	0.00004788	-0.02670047
37.45502509	0.00179191	0.00004784	-0.02669869
37.45752509	0.00179077	0.00004781	-0.02669691
37.46002508	0.00178964	0.00004777	-0.02669512
37.46252507	0.00178851	0.00004774	-0.02669334
37.46502507	0.00178737	0.00004771	-0.02669156
37.46752506	0.00178624	0.00004767	-0.02668978
37.47002506	0.00178511	0.00004764	-0.02668800
37.47252505	0.00178398	0.00004761	-0.02668622
37.47502505	0.00178285	0.00004757	-0.02668444
37.47752505	0.00178172	0.00004754	-0.02668266
37.48002504	0.00178059	0.00004751	-0.02668088
37.48252503	0.00177947	0.00004747	-0.02667910
37.48502503	0.00177834	0.00004744	-0.02667732
37.48752502	0.00177721	0.00004741	-0.02667554
37.49002502	0.00177609	0.00004737	-0.02667376
37.49252501	0.00177496	0.00004734	-0.02667198
37.49502501	0.00177384	0.00004731	-0.02667020
37.49752500	0.00177272	0.00004728	-0.02666843
37.50002500	0.00177159	0.00004724	-0.02666665
37.50252499	0.00177047	0.00004721	-0.02666487
37.50502499	0.00176935	0.00004718	-0.02666309
37.50752498	0.00176823	0.00004714	-0.02666132
37.51002498	0.00176711	0.00004711	-0.02665954
37.51252497	0.00176599	0.00004708	-0.02665776
37.51502497	0.00176487	0.00004704	-0.02665599
37.51752496	0.00176375	0.00004701	-0.02665421
37.52002496	0.00176264	0.00004698	-0.02665243
37.52252496	0.00176152	0.00004695	-0.02665066
37.52502495	0.00176040	0.00004691	-0.02664888
37.52752494	0.00175929	0.00004688	-0.02664711
37.53002494	0.00175817	0.00004685	-0.02664533
37.53252493	0.00175706	0.00004681	-0.02664356
37.53502493	0.00175595	0.00004678	-0.02664178
37.53752492	0.00175484	0.00004675	-0.02664001
37.54002492	0.00175372	0.00004672	-0.02663823
37.54252492	0.00175261	0.00004668	-0.02663646
37.54502491	0.00175150	0.00004665	-0.02663469
37.54752490	0.00175039	0.00004662	-0.02663291
37.55002490	0.00174928	0.00004659	-0.02663114
37.55252489	0.00174817	0.00004655	-0.02662937
37.55502489	0.00174707	0.00004652	-0.02662760
37.55752488	0.00174596	0.00004649	-0.02662582
37.56002488	0.00174485	0.00004646	-0.02662405
37.56252488	0.00174375	0.00004642	-0.02662228
37.56502487	0.00174264	0.00004639	-0.02662051
37.56752486	0.00174154	0.00004636	-0.02661874
37.57002486	0.00174044	0.00004633	-0.02661696
37.57252485	0.00173933	0.00004629	-0.02661519
37.57502485	0.00173823	0.00004626	-0.02661342
37.57752484	0.00173713	0.00004623	-0.02661165
37.58002484	0.00173603	0.00004620	-0.02660988
37.58252484	0.00173493	0.00004616	-0.02660811
37.58502483	0.00173383	0.00004613	-0.02660634
37.58752482	0.00173273	0.00004610	-0.02660457
37.59002482	0.00173163	0.00004607	-0.02660280
37.59252481	0.00173053	0.00004603	-0.02660103
37.59502481	0.00172944	0.00004600	-0.02659926
37.59752480	0.00172834	0.00004597	-0.02659750
37.60002480	0.00172725	0.00004594	-0.02659573
37.60252480	0.00172615	0.00004591	-0.02659396
37.60502479	0.00172506	0.00004587	-0.02659219
37.60752478	0.00172396	0.00004584	-0.02659042
37.61002478	0.00172287	0.00004581	-0.02658866
37.61252477	0.00172178	0.00004578	-0.02658689
37.61502477	0.00172069	0.00004574	-0.02658512
37.61752476	0.00171960	0.00004571	-0.02658335
37.62002476	0.00171851	0.00004568	-0.02658159
37.62252476	0.00171742	0.00004565	-0.02657982
37.62502475	0.00171633	0.00004562	-0.02657806
37.62752474	0.00171524	0.00004558	-0.02657629
37.63002474	0.00171415	0.00004555	-0.02657452
37.63252473	0.00171306	0.00004552	-0.02657276
37.63502473	0.00171198	0.00004549	-0.02657099
37.63752472	0.00171089	0.00004546	-0.02656923
37.64002472	0.00170981	0.00004543	-0.02656746
37.64252472	0.00170872	0.00004539	-0.02656570
37.64502471	0.00170764	0.00004536	-0.02656394
37.64752470	0.00170656	0.00004533	-0.02656217
37.65002470	0.00170548	0.00004530	-0.02656041
37.65252469	0.00170439	0.00004527	-0.02655864
37.65502469	0.00170331	0.00004523	-0.02655688
37.65752468	0.00170223	0.00004520	-0.02655512
37.66002468	0.00170115	0.00004517	-0.02655335
37.66252468	0.00170007	0.00004514	-0.02655159
37.66502467	0.00169900	0.00004511	-0.02654983
37.66752466	0.00169792	0.00004508	-0.02654807
37.67002466	0.00169684	0.00004504	-0.02654631
37.67252465	0.00169577	0.00004501	-0.02654454
37.67502465	0.00169469	0.00004498	-0.02654278
37.67752464	0.00169362	0.00004495	-0.02654102
37.68002464	0.00169254	0.00004492	-0.02653926
37.68252464	0.00169147	0.00004489	-0.02653750
37.68502463	0.00169039	0.00004486	-0.02653574
37.68752462	0.00168932	0.00004482	-0.02653398
37.69002462	0.00168825	0.00004479	-0.02653222
37.69252461	0.00168718	0.00004476	-0.02653046
37.69502461	0.00168611	0.00004473	-0.02652870
37.69752460	0.00168504	0.00004470	-0.02652694
37.70002460	0.00168397	0.00004467	-0.02652518
37.70252459	0.00168290	0.00004464	-0.02652342
37.70502459	0.00168184	0.00004461	-0.02652166
37.70752458	0.00168077	0.00004457	-0.02651991
37.71002458	0.00167970	0.00004454	-0.02651815
37.71252457	0.00167864	0.00004451	-0.02651639
37.71502457	0.00167757	0.00004448	-0.02651463
37.71752456	0.00167651	0.00004445	-0.02651287
37.72002456	0.00167544	0.00004442	-0.02651112
37.72252455	0.00167438	0.00004439	-0.02650936
37.72502455	0.00167332	0.00004436	-0.02650760
37.72752455	0.00167226	0.00004432	-0.02650585
37.73002454	0.00167119	0.00004429	-0.02650409
37.73252453	0.00167013	0.00004426	-0.02650233
37.73502453	0.00166907	0.00004423	-0.02650058
37.73752452	0.00166802	0.00004420	-0.02649882
37.74002452	0.00166696	0.00004417	-0.02649707
37.74252451	0.00166590	0.00004414	-0.02649531
37.74502451	0.00166484	0.00004411	-0.02649356
37.74752451	0.00166378	0.00004408	-0.02649180
37.75002450	0.00166273	0.00004405	-0.02649005
37.75252449	0.00166167	0.00004401	-0.02648829
37.75502449	0.00166062	0.00004398	-0.02648654
37.75752448	0.00165957	0.00004395	-0.02648479
37.76002448	0.00165851	0.00004392	-0.02648303
37.76252447	0.00165746	0.00004389	-0.02648128
37.76502447	0.00165641	0.00004386	-0.02647953
37.76752447	0.00165536	0.00004383	-0.02647777
37.77002446	0.00165430	0.00004380	-0.02647602
37.77252445	0.00165325	0.00004377	-0.02647427
37.77502445	0.00165221	0.00004374	-0.02647252
37.77752444	0.00165116	0.00004371	-0.02647077
37.78002444	0.00165011	0.00004368	-0.02646901
37.78252443	0.00164906	0.00004365	-0.02646726
37.78502443	0.00164801	0.00004362	-0.02646551
37.78752443	0.00164697	0.00004358	-0.02646376
37.79002442	0.00164592	0.00004355	-0.02646201
37.79252441	0.00164488	0.00004352	-0.02646026
37.79502441	0.00164383	0.00004349	-0.02645851
37.79752440	0.00164279	0.00004346	-0.02645676
37.80002440	0.00164175	0.00004343	-0.02645501
37.80252439	0.00164070	0.00004340	-0.02645326
37.80502439	0.00163966	0.00004337	-0.02645151
37.80752439	0.00163862	0.00004334	-0.02644976
37.81002438	0.00163758	0.00004331	-0.02644801
37.81252437	0.00163654	0.00004328	-0.02644626
37.81502437	0.00163550	0.00004325	-0.02644452
37.81752436	0.00163446	0.00004322	-0.02644277
37.82002436	0.00163342	0.00004319	-0.02644102
37.82252435	0.00163239	0.00004316	-0.02643927
37.82502435	0.00163135	0.00004313	-0.02643752
37.82752435	0.00163031	0.00004310	-0.02643578
37.83002434	0.00162928	0.00004307	-0.02643403
37.83252433	0.00162824	0.00004304	-0.02643228
37.83502433	0.00162721	0.00004301	-0.02643054
37.83752432	0.00162618	0.00004298	-0.02642879
37.84002432	0.00162514	0.00004295	-0.02642704
37.84252431	0.00162411	0.00004292	-0.02642530
37.84502431	0.00162308	0.00004289	-0.02642355
37.84752431	0.00162205	0.00004286	-0.02642181
37.85002430	0.00162102	0.00004283	-0.02642006
37.85252429	0.00161999	0.00004280	-0.02641832
37.85502429	0.00161896	0.00004277	-0.02641657
37.85752428	0.00161793	0.00004274	-0.02641483
37.86002428	0.00161690	0.00004271	-0.02641308
37.86252427	0.00161588	0.00004268	-0.02641134
37.86502427	0.00161485	0.00004265	-0.02640960
37.86752427	0.00161382	0.00004262	-0.02640785
37.87002426	0.00161280	0.00004259	-0.02640611
37.87252425	0.00161177	0.00004256	-0.02640437
37.87502425	0.00161075	0.00004253	-0.02640262
37.87752424	0.00160973	0.00004250	-0.02640088
37.88002424	0.00160870	0.00004247	-0.02639914
37.88252423	0.00160768	0.00004244	-0.02639740
37.88502423	0.00160666	0.00004241	-0.02639565
37.88752422	0.00160564	0.00004238	-0.02639391
37.89002422	0.00160462	0.00004235	-0.02639217
37.89252421	0.00160360	0.00004232	-0.02639043
37.89502421	0.00160258	0.00004229	-0.02638869
37.89752420	0.00160156	0.00004226	-0.02638695
37.90002420	0.00160055	0.00004223	-0.02638521
37.90252419	0.00159953	0.00004220	-0.02638347
37.90502419	0.00159851	0.00004217	-0.02638173
37.90752418	0.00159750	0.00004214	-0.02637999
37.91002418	0.00159648	0.00004211	-0.02637825
37.91252418	0.00159547	0.00004208	-0.02637651
37.91502417	0.00159445	0.00004205	-0.02637477
37.91752416	0.00159344	0.00004202	-0.02637303
37.92002416	0.00159243	0.00004199	-0.02637129
37.92252415	0.00159141	0.00004196	-0.02636955
37.92502415	0.00159040	0.00004194	-0.02636781
37.92752414	0.00158939	0.00004191	-0.02636608
37.93002414	0.00158838	0.00004188	-0.02636434
37.93252414	0.00158737	0.00004185	-0.02636260
37.93502413	0.00158636	0.00004182	-0.02636086
37.93752412	0.00158535	0.00004179	-0.02635913
37.94002412	0.00158435	0.00004176	-0.02635739
37.94252411	0.00158334	0.00004173	-0.02635565
37.94502411	0.00158233	0.00004170	-0.02635392
37.94752410	0.00158133	0.00004167	-0.02635218
37.95002410	0.00158032	0.00004164	-0.02635044
37.95252410	0.00157932	0.00004161	-0.02634871
37.95502409	0.00157831	0.00004158	-0.02634697
37.95752408	0.00157731	0.00004155	-0.02634524
37.96002408	0.00157631	0.00004153	-0.02634350
37.96252407	0.00157530	0.00004150	-0.02634177
37.96502407	0.00157430	0.00004147	-0.02634003
37.96752406	0.00157330	0.00004144	-0.02633830
37.97002406	0.00157230	0.00004141	-0.02633656
37.97252406	0.00157130	0.00004138	-0.02633483
37.97502405	0.00157030	0.00004135	-0.02633310
37.97752404	0.00156930	0.00004132	-0.02633136
37.98002404	0.00156831	0.00004129	-0.02632963
37.98252403	0.00156731	0.00004126	-0.02632790
37.98502403	0.00156631	0.00004124	-0.02632616
37.98752402	0.00156532	0.00004121	-0.02632443
37.99002402	0.00156432	0.00004118	-0.02632270
37.99252402	0.00156333	0.00004115	-0.02632097
37.99502401	0.00156233	0.00004112	-0.02631924
37.99752400	0.00156134	0.00004109	-0.02631750
38.00002400	0.00156035	0.00004106	-0.02631577
38.00252399	0.00155935	0.00004103	-0.02631404
38.00502399	0.00155836	0.00004100	-0.02631231
38.00752398	0.00155737	0.00004098	-0.02631058
38.01002398	0.00155638	0.00004095	-0.02630885
38.01252398	0.00155539	0.00004092	-0.02630712
38.01502397	0.00155440	0.00004089	-0.02630539
38.01752396	0.00155341	0.00004086	-0.02630366
38.02002396	0.00155242	0.00004083	-0.02630193
38.02252395	0.00155144	0.00004080	-0.02630020
38.02502395	0.00155045	0.00004077	-0.02629847
38.02752394	0.00154946	0.00004075	-0.02629674
38.03002394	0.00154848	0.00004072	-0.02629501
38.03252394	0.00154749	0.00004069	-0.02629329
38.03502393	0.00154651	0.00004066	-0.02629156
38.03752392	0.00154552	0.00004063	-0.02628983
38.04002392	0.00154454	0.00004060	-0.02628810
38.04252391	0.00154356	0.00004057	-0.02628637
38.04502391	0.00154258	0.00004055	-0.02628465
38.04752390	0.00154159	0.00004052	-0.02628292
38.05002390	0.00154061	0.00004049	-0.02628119
38.05252390	0.00153963	0.00004046	-0.02627947
38.05502389	0.00153865	0.00004043	-0.02627774
38.05752388	0.00153767	0.00004040	-0.02627601
38.06002388	0.00153670	0.00004038	-0.02627429
38.06252387	0.00153572	0.00004035	-0.02627256
38.06502387	0.00153474	0.00004032	-0.02627084
38.06752386	0.00153376	0.00004029	-0.02626911
38.07002386	0.00153279	0.00004026	-0.02626739
38.07252386	0.00153181	0.00004023	-0.02626566
38.07502385	0.00153084	0.00004021	-0.02626394
38.07752384	0.00152986	0.00004018	-0.02626221
38.08002384	0.00152889	0.00004015	-0.02626049
38.08252383	0.00152792	0.00004012	-0.02625876
38.08502383	0.00152694	0.00004009	-0.02625704
38.08752382	0.00152597	0.00004006	-0.02625532
38.09002382	0.00152500	0.00004004	-0.02625359
38.09252381	0.00152403	0.00004001	-0.02625187
38.09502381	0.00152306	0.00003998	-0.02625015
38.09752380	0.00152209	0.00003995	-0.02624843
38.10002380	0.00152112	0.00003992	-0.02624670
38.10252379	0.00152015	0.00003990	-0.02624498
38.10502379	0.00151919	0.00003987	-0.02624326
38.10752378	0.00151822	0.00003984	-0.02624154
38.11002378	0.00151725	0.00003981	-0.02623982
38.11252377	0.00151629	0.00003978	-0.02623809
38.11502377	0.00151532	0.00003976	-0.02623637
38.11752377	0.00151436	0.00003973	-0.02623465
38.12002376	0.00151339	0.00003970	-0.02623293
38.12252375	0.00151243	0.00003967	-0.02623121
38.12502375	0.00151147	0.00003965	-0.02622949
38.12752374	0.00151050	0.00003962	-0.02622777
38.13002374	0.00150954	0.00003959	-0.02622605
38.13252373	0.00150858	0.00003956	-0.02622433
38.13502373	0.00150762	0.00003953	-0.02622261
38.13752373	0.00150666	0.00003951	-0.02622089
38.14002372	0.00150570	0.00003948	-0.02621918
38.14252371	0.00150474	0.00003945	-0.02621746
38.14502371	0.00150379	0.00003942	-0.02621574
38.14752370	0.00150283	0.00003940	-0.02621402
38.15002370	0.00150187	0.00003937	-0.02621230
38.15252369	0.00150091	0.00003934	-0.02621059
38.15502369	0.00149996	0.00003931	-0.02620887
38.15752369	0.00149900	0.00003928	-0.02620715
38.16002368	0.00149805	0.00003926	-0.02620543
38.16252367	0.00149709	0.00003923	-0.02620372
38.16502367	0.00149614	0.00003920	-0.02620200
38.16752366	0.00149519	0.00003917	-0.02620029
38.17002366	0.00149424	0.00003915	-0.02619857
38.17252365	0.00149328	0.00003912	-0.02619685
38.17502365	0.00149233	0.00003909	-0.02619514
38.17752365	0.00149138	0.00003906	-0.02619342
38.18002364	0.00149043	0.00003904	-0.02619171
38.18252363	0.00148948	0.00003901	-0.02618999
38.18502363	0.00148853	0.00003898	-0.02618828
38.18752362	0.00148759	0.00003895	-0.02618656
38.19002362	0.00148664	0.00003893	-0.02618485
38.19252361	0.00148569	0.00003890	-0.02618313
38.19502361	0.00148475	0.00003887	-0.02618142
38.19752361	0.00148380	0.00003885	-0.02617971
38.20002360	0.00148285	0.00003882	-0.02617799
38.20252359	0.00148191	0.00003879	-0.02617628
38.20502359	0.00148097	0.00003876	-0.02617457
38.20752358	0.00148002	0.00003874	-0.02617286
38.21002358	0.00147908	0.00003871	-0.02617114
38.21252357	0.00147814	0.00003868	-0.02616943
38.21502357	0.00147720	0.00003865	-0.02616772
38.21752357	0.00147625	0.00003863	-0.02616601
38.22002356	0.00147531	0.00003860	-0.02616430
38.22252355	0.00147437	0.00003857	-0.02616258
38.22502355	0.00147343	0.00003855	-0.02616087
38.22752354	0.00147250	0.00003852	-0.02615916
38.23002354	0.00147156	0.00003849	-0.02615745
38.23252353	0.00147062	0.00003847	-0.02615574
38.23502353	0.00146968	0.00003844	-0.02615403
38.23752353	0.00146875	0.00003841	-0.02615232
38.24002352	0.00146781	0.00003838	-0.02615061
38.24252351	0.00146687	0.00003836	-0.02614890
38.24502351	0.00146594	0.00003833	-0.02614719
38.24752350	0.00146501	0.00003830	-0.02614548
38.25002350	0.00146407	0.00003828	-0.02614377
38.25252349	0.00146314	0.00003825	-0.02614207
38.25502349	0.00146221	0.00003822	-0.02614036
38.25752349	0.00146127	0.00003820	-0.02613865
38.26002348	0.00146034	0.00003817	-0.02613694
38.26252347	0.00145941	0.00003814	-0.02613523
38.26502347	0.00145848	0.00003812	-0.02613353
38.26752346	0.00145755	0.00003809	-0.02613182
38.27002346	0.00145662	0.00003806	-0.02613011
38.27252345	0.00145569	0.00003803	-0.02612841
38.27502345	0.00145477	0.00003801	-0.02612670
38.27752344	0.00145384	0.00003798	-0.02612499
38.28002344	0.00145291	0.00003795	-0.02612329
38.28252343	0.00145199	0.00003793	-0.02612158
38.28502343	0.00145106	0.00003790	-0.02611987
38.28752342	0.00145014	0.00003787	-0.02611817
38.29002342	0.00144921	0.00003785	-0.02611646
38.29252341	0.00144829	0.00003782	-0.02611476
38.29502341	0.00144736	0.00003780	-0.02611305
38.29752340	0.00144644	0.00003777	-0.02611135
38.30002340	0.00144552	0.00003774	-0.02610964
38.30252340	0.00144460	0.00003772	-0.02610794
38.30502339	0.00144368	0.00003769	-0.02610624
38.30752338	0.00144276	0.00003766	-0.02610453
38.31002338	0.00144184	0.00003764	-0.02610283
38.31252337	0.00144092	0.00003761	-0.02610113
38.31502337	0.00144000	0.00003758	-0.02609942
38.31752336	0.00143908	0.00003756	-0.02609772
38.32002336	0.00143816	0.00003753	-0.02609602
38.32252336	0.00143724	0.00003750	-0.02609432
38.32502335	0.00143633	0.00003748	-0.02609261
38.32752334	0.00143541	0.00003745	-0.02609091
38.33002334	0.00143450	0.00003742	-0.02608921
38.33252333	0.00143358	0.00003740	-0.02608751
38.33502333	0.00143267	0.00003737	-0.02608581
38.33752332	0.00143175	0.00003735	-0.02608411
38.34002332	0.00143084	0.00003732	-0.02608240
38.34252332	0.00142993	0.00003729	-0.02608070
38.34502331	0.00142902	0.00003727	-0.02607900
38.34752330	0.00142810	0.00003724	-0.02607730
38.35002330	0.00142719	0.00003721	-0.02607560
38.35252329	0.00142628	0.00003719	-0.02607390
38.35502329	0.00142537	0.00003716	-0.02607220
38.35752328	0.00142446	0.00003714	-0.02607050
38.36002328	0.00142356	0.00003711	-0.02606881
38.36252328	0.00142265	0.00003708	-0.02606711
38.36502327	0.00142174	0.00003706	-0.02606541
38.36752326	0.00142083	0.00003703	-0.02606371
38.37002326	0.00141993	0.00003701	-0.02606201
38.37252325	0.00141902	0.00003698	-0.02606031
38.37502325	0.00141812	0.00003695	-0.02605862
38.37752324	0.00141721	0.00003693	-0.02605692
38.38002324	0.00141631	0.00003690	-0.02605522
38.38252324	0.00141540	0.00003688	-0.02605352
38.38502323	0.00141450	0.00003685	-0.02605183
38.38752322	0.00141360	0.00003682	-0.02605013
38.39002322	0.00141270	0.00003680	-0.02604843
38.39252321	0.00141179	0.00003677	-0.02604674
38.39502321	0.00141089	0.00003675	-0.02604504
38.39752320	0.00140999	0.00003672	-0.02604335
38.40002320	0.00140909	0.00003670	-0.02604165
38.40252320	0.00140819	0.00003667	-0.02603996
38.40502319	0.00140730	0.00003664	-0.02603826
38.40752318	0.00140640	0.00003662	-0.02603657
38.41002318	0.00140550	0.00003659	-0.02603487
38.41252317	0.00140460	0.00003657	-0.02603318
38.41502317	0.00140371	0.00003654	-0.02603148
38.41752316	0.00140281	0.00003651	-0.02602979
38.42002316	0.00140192	0.00003649	-0.02602809
38.42252316	0.00140102	0.00003646	-0.02602640
38.42502315	0.00140013	0.00003644	-0.02602471
38.42752314	0.00139923	0.00003641	-0.02602301
38.43002314	0.00139834	0.00003639	-0.02602132
38.43252313	0.00139745	0.00003636	-0.02601963
38.43502313	0.00139656	0.00003634	-0.02601794
38.43752312	0.00139566	0.00003631	-0.02601624
38.44002312	0.00139477	0.00003628	-0.02601455
38.44252312	0.00139388	0.00003626	-0.02601286
38.44502311	0.00139299	0.00003623	-0.02601117
38.44752310	0.00139210	0.00003621	-0.02600948
38.45002310	0.00139122	0.00003618	-0.02600779
38.45252309	0.00139033	0.00003616	-0.02600610
38.45502309	0.00138944	0.00003613	-0.02600441
38.45752308	0.00138855	0.00003611	-0.02600271
38.46002308	0.00138767	0.00003608	-0.02600102
38.46252308	0.00138678	0.00003606	-0.02599933
38.46502307	0.00138589	0.00003603	-0.02599764
38.46752306	0.00138501	0.00003600	-0.02599596
38.47002306	0.00138413	0.00003598	-0.02599427
38.47252305	0.00138324	0.00003595	-0.02599258
38.47502305	0.00138236	0.00003593	-0.02599089
38.47752304	0.00138148	0.00003590	-0.02598920
38.48002304	0.00138059	0.00003588	-0.02598751
38.48252303	0.00137971	0.00003585	-0.02598582
38.48502303	0.00137883	0.00003583	-0.02598413
38.48752302	0.00137795	0.00003580	-0.02598245
38.49002302	0.00137707	0.00003578	-0.02598076
38.49252301	0.00137619	0.00003575	-0.02597907
38.49502301	0.00137531	0.00003573	-0.02597738
38.49752300	0.00137443	0.00003570	-0.02597570
38.50002300	0.00137356	0.00003568	-0.02597401
38.50252299	0.00137268	0.00003565	-0.02597232
38.50502299	0.00137180	0.00003563	-0.02597064
38.50752299	0.00137093	0.00003560	-0.02596895
38.51002298	0.00137005	0.00003558	-0.02596727
38.51252297	0.00136918	0.00003555	-0.02596558
38.51502297	0.00136830	0.00003553	-0.02596389
38.51752296	0.00136743	0.00003550	-0.02596221
38.52002296	0.00136655	0.00003548	-0.02596052
38.52252295	0.00136568	0.00003545	-0.02595884
38.52502295	0.00136481	0.00003543	-0.02595716
38.52752295	0.00136394	0.00003540	-0.02595547
38.53002294	0.00136307	0.00003538	-0.02595379
38.53252293	0.00136220	0.00003535	-0.02595210
38.53502293	0.00136133	0.00003533	-0.02595042
38.53752292	0.00136046	0.00003530	-0.02594874
38.54002292	0.00135959	0.00003528	-0.02594705
38.54252291	0.00135872	0.00003525	-0.02594537
38.54502291	0.00135785	0.00003523	-0.02594369
38.54752291	0.00135698	0.00003520	-0.02594200
38.55002290	0.00135612	0.00003518	-0.02594032
38.55252289	0.00135525	0.00003515	-0.02593864
38.55502289	0.00135438	0.00003513	-0.02593696
38.55752288	0.00135352	0.00003510	-0.02593528
38.56002288	0.00135265	0.00003508	-0.02593359
38.56252287	0.00135179	0.00003505	-0.02593191
38.56502287	0.00135093	0.00003503	-0.02593023
38.56752287	0.00135006	0.00003501	-0.02592855
38.57002286	0.00134920	0.00003498	-0.02592687
38.57252285	0.00134834	0.00003496	-0.02592519
38.57502285	0.00134748	0.00003493	-0.02592351
38.57752284	0.00134661	0.00003491	-0.02592183
38.58002284	0.00134575	0.00003488	-0.02592015
38.58252283	0.00134489	0.00003486	-0.02591847
38.58502283	0.00134403	0.00003483	-0.02591679
38.58752283	0.00134318	0.00003481	-0.02591511
38.59002282	0.00134232	0.00003478	-0.02591343
38.59252281	0.00134146	0.00003476	-0.02591176
38.59502281	0.00134060	0.00003474	-0.02591008
38.59752280	0.00133975	0.00003471	-0.02590840
38.60002280	0.00133889	0.00003469	-0.02590672
38.60252279	0.00133803	0.00003466	-0.02590504
38.60502279	0.00133718	0.00003464	-0.02590337
38.60752279	0.00133632	0.00003461	-0.02590169
38.61002278	0.00133547	0.00003459	-0.02590001
38.61252277	0.00133462	0.00003456	-0.02589833
38.61502277	0.00133376	0.00003454	-0.02589666
38.61752276	0.00133291	0.00003452	-0.02589498
38.62002276	0.00133206	0.00003449	-0.02589330
38.62252275	0.00133121	0.00003447	-0.02589163
38.62502275	0.00133036	0.00003444	-0.02588995
38.62752275	0.00132950	0.00003442	-0.02588828
38.63002274	0.00132865	0.00003439	-0.02588660
38.63252273	0.00132781	0.00003437	-0.02588493
38.63502273	0.00132696	0.00003435	-0.02588325
38.63752272	0.00132611	0.00003432	-0.02588158
38.64002272	0.00132526	0.00003430	-0.02587990
38.64252271	0.00132441	0.00003427	-0.02587823
38.64502271	0.00132357	0.00003425	-0.02587655
38.64752271	0.00132272	0.00003423	-0.02587488
38.65002270	0.00132187	0.00003420	-0.02587321
38.65252269	0.00132103	0.00003418	-0.02587153
38.65502269	0.00132018	0.00003415	-0.02586986
38.65752268	0.00131934	0.00003413	-0.02586819
38.66002268	0.00131850	0.00003410	-0.02586651
38.66252267	0.00131765	0.00003408	-0.02586484
38.66502267	0.00131681	0.00003406	-0.02586317
38.66752266	0.00131597	0.00003403	-0.02586150
38.67002266	0.00131513	0.00003401	-0.02585982
38.67252265	0.00131429	0.00003399	-0.02585815
38.67502265	0.00131345	0.00003396	-0.02585648
38.67752264	0.00131261	0.00003394	-0.02585481
38.68002264	0.00131177	0.00003391	-0.02585314
38.68252263	0.00131093	0.00003389	-0.02585147
38.68502263	0.00131009	0.00003387	-0.02584980
38.68752262	0.00130925	0.00003384	-0.02584813
38.69002262	0.00130841	0.00003382	-0.02584646
38.69252261	0.00130758	0.00003379	-0.02584479
38.69502261	0.00130674	0.00003377	-0.02584312
38.69752260	0.00130590	0.00003375	-0.02584145
38.70002260	0.00130507	0.00003372	-0.02583978
38.70252259	0.00130423	0.00003370	-0.02583811
38.70502259	0.00130340	0.00003368	-0.02583644
38.70752258	0.00130257	0.00003365	-0.02583477
38.71002258	0.00130173	0.00003363	-0.02583310
38.71252258	0.00130090	0.00003360	-0.02583143
38.71502257	0.00130007	0.00003358	-0.02582977
38.71752256	0.00129924	0.00003356	-0.02582810
38.72002256	0.00129840	0.00003353	-0.02582643
38.72252255	0.00129757	0.00003351	-0.02582476
38.72502255	0.00129674	0.00003349	-0.02582310
38.72752254	0.00129591	0.00003346	-0.02582143
38.73002254	0.00129509	0.00003344	-0.02581976
38.73252254	0.00129426	0.00003342	-0.02581810
38.73502253	0.00129343	0.00003339	-0.02581643
38.73752252	0.00129260	0.00003337	-0.02581476
38.74002252	0.00129177	0.00003334	-0.02581310
38.74252251	0.00129095	0.00003332	-0.02581143
38.74502251	0.00129012	0.00003330	-0.02580977
38.74752250	0.00128930	0.00003327	-0.02580810
38.75002250	0.00128847	0.00003325	-0.02580644
38.75252250	0.00128765	0.00003323	-0.02580477
38.75502249	0.00128682	0.00003320	-0.02580311
38.75752248	0.00128600	0.00003318	-0.02580144
38.76002248	0.00128518	0.00003316	-0.02579978
38.76252247	0.00128435	0.00003313	-0.02579811
38.76502247	0.00128353	0.00003311	-0.02579645
38.76752246	0.00128271	0.00003309	-0.02579479
38.77002246	0.00128189	0.00003306	-0.02579312
38.77252246	0.00128107	0.00003304	-0.02579146
38.77502245	0.00128025	0.00003302	-0.02578980
38.77752244	0.00127943	0.00003299	-0.02578814
38.78002244	0.00127861	0.00003297	-0.02578647
38.78252243	0.00127779	0.00003295	-0.02578481
38.78502243	0.00127697	0.00003292	-0.02578315
38.78752242	0.00127616	0.00003290	-0.02578149
38.79002242	0.00127534	0.00003288	-0.02577983
38.79252242	0.00127452	0.00003285	-0.02577816
38.79502241	0.00127371	0.00003283	-0.02577650
38.79752240	0.00127289	0.00003281	-0.02577484
38.80002240	0.00127208	0.00003279	-0.02577318
38.80252239	0.00127126	0.00003276	-0.02577152
38.80502239	0.00127045	0.00003274	-0.02576986
38.80752238	0.00126964	0.00003272	-0.02576820
38.81002238	0.00126882	0.00003269	-0.02576654
38.81252238	0.00126801	0.00003267	-0.02576488
38.81502237	0.00126720	0.00003265	-0.02576322
38.81752236	0.00126639	0.00003262	-0.02576156
38.82002236	0.00126558	0.00003260	-0.02575990
38.82252235	0.00126477	0.00003258	-0.02575824
38.82502235	0.00126396	0.00003256	-0.02575659
38.82752234	0.00126315	0.00003253	-0.02575493
38.83002234	0.00126234	0.00003251	-0.02575327
38.83252234	0.00126153	0.00003249	-0.02575161
38.83502233	0.00126072	0.00003246	-0.02574995
38.83752232	0.00125991	0.00003244	-0.02574830
38.84002232	0.00125911	0.00003242	-0.02574664
38.84252231	0.00125830	0.00003239	-0.02574498
38.84502231	0.00125750	0.00003237	-0.02574332
38.84752230	0.00125669	0.00003235	-0.02574167
38.85002230	0.00125588	0.00003233	-0.02574001
38.85252229	0.00125508	0.00003230	-0.02573835
38.85502229	0.00125428	0.00003228	-0.02573670
38.85752228	0.00125347	0.00003226	-0.02573504
38.86002228	0.00125267	0.00003224	-0.02573339
38.86252227	0.00125187	0.00003221	-0.02573173
38.86502227	0.00125107	0.00003219	-0.02573008
38.86752226	0.00125027	0.00003217	-0.02572842
38.87002226	0.00124946	0.00003214	-0.02572677
38.87252225	0.00124866	0.00003212	-0.02572511
38.87502225	0.00124786	0.00003210	-0.02572346
38.87752224	0.00124706	0.00003208	-0.02572180
38.88002224	0.00124627	0.00003205	-0.02572015
38.88252223	0.00124547	0.00003203	-0.02571850
38.88502223	0.00124467	0.00003201	-0.02571684
38.88752222	0.00124387	0.00003199	-0.02571519
38.89002222	0.00124308	0.00003196	-0.02571354
38.89252221	0.00124228	0.00003194	-0.02571188
38.89502221	0.00124148	0.00003192	-0.02571023
38.89752221	0.00124069	0.00003190	-0.02570858
38.90002220	0.00123989	0.00003187	-0.02570693
38.90252219	0.00123910	0.00003185	-0.02570527
38.90502219	0.00123830	0.00003183	-0.02570362
38.90752218	0.00123751	0.00003181	-0.02570197
38.91002218	0.00123672	0.00003178	-0.02570032
38.91252217	0.00123593	0.00003176	-0.02569867
38.91502217	0.00123513	0.00003174	-0.02569702
38.91752217	0.00123434	0.00003172	-0.02569537
38.92002216	0.00123355	0.00003169	-0.02569372
38.92252215	0.00123276	0.00003167	-0.02569207
38.92502215	0.00123197	0.00003165	-0.02569042
38.92752214	0.00123118	0.00003163	-0.02568877
38.93002214	0.00123039	0.00003161	-0.02568712
38.93252213	0.00122960	0.00003158	-0.02568547
38.93502213	0.00122882	0.00003156	-0.02568382
38.93752213	0.00122803	0.00003154	-0.02568217
38.94002212	0.00122724	0.00003152	-0.02568052
38.94252211	0.00122645	0.00003149	-0.02567887
38.94502211	0.00122567	0.00003147	-0.02567722
38.94752210	0.00122488	0.00003145	-0.02567557
38.95002210	0.00122410	0.00003143	-0.02567393
38.95252209	0.00122331	0.00003141	-0.02567228
38.95502209	0.00122253	0.00003138	-0.02567063
38.95752209	0.00122175	0.00003136	-0.02566898
38.96002208	0.00122096	0.00003134	-0.02566734
38.96252207	0.00122018	0.00003132	-0.02566569
38.96502207	0.00121940	0.00003129	-0.02566404
38.96752206	0.00121862	0.00003127	-0.02566240
38.97002206	0.00121784	0.00003125	-0.02566075
38.97252205	0.00121705	0.00003123	-0.02565910
38.97502205	0.00121627	0.00003121	-0.02565746
38.97752205	0.00121549	0.00003118	-0.02565581
38.98002204	0.00121472	0.00003116	-0.02565417
38.98252203	0.00121394	0.00003114	-0.02565252
38.98502203	0.00121316	0.00003112	-0.02565088
38.98752202	0.00121238	0.00003110	-0.02564923
38.99002202	0.00121160	0.00003107	-0.02564759
38.99252201	0.00121083	0.00003105	-0.02564594
38.99502201	0.00121005	0.00003103	-0.02564430
38.99752201	0.00120927	0.00003101	-0.02564265
39.00002200	0.00120850	0.00003099	-0.02564101
39.00252199	0.00120772	0.00003097	-0.02563937
39.00502199	0.00120695	0.00003094	-0.02563772
39.00752198	0.00120618	0.00003092	-0.02563608
39.01002198	0.00120540	0.00003090	-0.02563444
39.01252197	0.00120463	0.00003088	-0.02563280
39.01502197	0.00120386	0.00003086	-0.02563115
39.01752197	0.00120308	0.00003083	-0.02562951
39.02002196	0.00120231	0.00003081	-0.02562787
39.02252195	0.00120154	0.00003079	-0.02562623
39.02502195	0.00120077	0.00003077	-0.02562459
39.02752194	0.00120000	0.00003075	-0.02562294
39.03002194	0.00119923	0.00003073	-0.02562130
39.03252193	0.00119846	0.00003070	-0.02561966
39.03502193	0.00119769	0.00003068	-0.02561802
39.03752193	0.00119693	0.00003066	-0.02561638
39.04002192	0.00119616	0.00003064	-0.02561474
39.04252191	0.00119539	0.00003062	-0.02561310
39.04502191	0.00119462	0.00003060	-0.02561146
39.04752190	0.00119386	0.00003057	-0.02560982
39.05002190	0.00119309	0.00003055	-0.02560818
39.05252189	0.00119233	0.00003053	-0.02560654
39.05502189	0.00119156	0.00003051	-0.02560490
39.05752188	0.00119080	0.00003049	-0.02560326
39.06002188	0.00119003	0.00003047	-0.02560162
39.06252187	0.00118927	0.00003045	-0.02559999
39.06502187	0.00118851	0.00003042	-0.02559835
39.06752186	0.00118774	0.00003040	-0.02559671
39.07002186	0.00118698	0.00003038	-0.02559507
39.07252185	0.00118622	0.00003036	-0.02559343
39.07502185	0.00118546	0.00003034	-0.02559180
39.07752184	0.00118470	0.00003032	-0.02559016
39.08002184	0.00118394	0.00003030	-0.02558852
39.08252183	0.00118318	0.00003027	-0.02558689
39.08502183	0.00118242	0.00003025	-0.02558525
39.08752182	0.00118166	0.00003023	-0.02558361
39.09002182	0.00118090	0.00003021	-0.02558198
39.09252181	0.00118015	0.00003019	-0.02558034
39.09502181	0.00117939	0.00003017	-0.02557870
39.09752180	0.00117863	0.00003015	-0.02557707
39.10002180	0.00117787	0.00003012	-0.02557543
39.10252180	0.00117712	0.00003010	-0.02557380
39.10502179	0.00117636	0.00003008	-0.02557216
39.10752178	0.00117561	0.00003006	-0.02557053
39.11002178	0.00117485	0.00003004	-0.02556889
39.11252177	0.00117410	0.00003002	-0.02556726
39.11502177	0.00117335	0.00003000	-0.02556563
39.11752176	0.00117259	0.00002998	-0.02556399
39.12002176	0.00117184	0.00002996	-0.02556236
39.12252176	0.00117109	0.00002993	-0.02556072
39.12502175	0.00117034	0.00002991	-0.02555909
39.12752174	0.00116959	0.00002989	-0.02555746
39.13002174	0.00116884	0.00002987	-0.02555583
39.13252173	0.00116809	0.00002985	-0.02555419
39.13502173	0.00116734	0.00002983	-0.02555256
39.13752172	0.00116659	0.00002981	-0.02555093
39.14002172	0.00116584	0.00002979	-0.02554930
39.14252172	0.00116509	0.00002977	-0.02554766
39.14502171	0.00116434	0.00002974	-0.02554603
39.14752170	0.00116359	0.00002972	-0.02554440
39.15002170	0.00116285	0.00002970	-0.02554277
39.15252169	0.00116210	0.00002968	-0.02554114
39.15502169	0.00116135	0.00002966	-0.02553951
39.15752168	0.00116061	0.00002964	-0.02553788
39.16002168	0.00115986	0.00002962	-0.02553625
39.16252168	0.00115912	0.00002960	-0.02553462
39.16502167	0.00115837	0.00002958	-0.02553299
39.16752166	0.00115763	0.00002956	-0.02553136
39.17002166	0.00115689	0.00002954	-0.02552973
39.17252165	0.00115614	0.00002951	-0.02552810
39.17502165	0.00115540	0.00002949	-0.02552647
39.17752164	0.00115466	0.00002947	-0.02552484
39.18002164	0.00115392	0.00002945	-0.02552321
39.18252164	0.00115318	0.00002943	-0.02552158
39.18502163	0.00115244	0.00002941	-0.02551996
39.18752162	0.00115170	0.00002939	-0.02551833
39.19002162	0.00115096	0.00002937	-0.02551670
39.19252161	0.00115022	0.00002935	-0.02551507
39.19502161	0.00114948	0.00002933	-0.02551344
39.19752160	0.00114874	0.00002931	-0.02551182
39.20002160	0.00114800	0.00002929	-0.02551019
39.20252160	0.00114727	0.00002927	-0.02550856
39.20502159	0.00114653	0.00002924	-0.02550694
39.20752158	0.00114579	0.00002922	-0.02550531
39.21002158	0.00114506	0.00002920	-0.02550368
39.21252157	0.00114432	0.00002918	-0.02550206
39.21502157	0.00114359	0.00002916	-0.02550043
39.21752156	0.00114285	0.00002914	-0.02549881
39.22002156	0.00114212	0.00002912	-0.02549718
39.22252156	0.00114138	0.00002910	-0.02549556
39.22502155	0.00114065	0.00002908	-0.02549393
39.22752154	0.00113992	0.00002906	-0.02549231
39.23002154	0.00113919	0.00002904	-0.02549068
39.23252153	0.00113845	0.00002902	-0.02548906
39.23502153	0.00113772	0.00002900	-0.02548743
39.23752152	0.00113699	0.00002898	-0.02548581
39.24002152	0.00113626	0.00002896	-0.02548419
39.24252151	0.00113553	0.00002894	-0.02548256
39.24502151	0.00113480	0.00002892	-0.02548094
39.24752150	0.00113407	0.00002890	-0.02547932
39.25002150	0.00113334	0.00002888	-0.02547769
39.25252149	0.00113262	0.00002885	-0.02547607
39.25502149	0.00113189	0.00002883	-0.02547445
39.25752148	0.00113116	0.00002881	-0.02547283
39.26002148	0.00113043	0.00002879	-0.02547120
39.26252147	0.00112971	0.00002877	-0.02546958
39.26502147	0.00112898	0.00002875	-0.02546796
39.26752146	0.00112826	0.00002873	-0.02546634
39.27002146	0.00112753	0.00002871	-0.02546472
39.27252145	0.00112681	0.00002869	-0.02546310
39.27502145	0.00112608	0.00002867	-0.02546148
39.27752144	0.00112536	0.00002865	-0.02545985
39.28002144	0.00112464	0.00002863	-0.02545823
39.28252143	0.00112391	0.00002861	-0.02545661
39.28502143	0.00112319	0.00002859	-0.02545499
39.28752143	0.00112247	0.00002857	-0.02545337
39.29002142	0.00112175	0.00002855	-0.02545176
39.29252141	0.00112103	0.00002853	-0.02545014
39.29502141	0.00112031	0.00002851	-0.02544852
39.29752140	0.00111959	0.00002849	-0.02544690
39.30002140	0.00111887	0.00002847	-0.02544528
39.30252139	0.00111815	0.00002845	-0.02544366
39.30502139	0.00111743	0.00002843	-0.02544204
39.30752139	0.00111671	0.00002841	-0.02544042
39.31002138	0.00111599	0.00002839	-0.02543881
39.31252137	0.00111528	0.00002837	-0.02543719
39.31502137	0.00111456	0.00002835	-0.02543557
39.31752136	0.00111384	0.00002833	-0.02543395
39.32002136	0.00111313	0.00002831	-0.02543234
39.32252135	0.00111241	0.00002829	-0.02543072
39.32502135	0.00111170	0.00002827	-0.02542910
39.32752135	0.00111098	0.00002825	-0.02542749
39.33002134	0.00111027	0.00002823	-0.02542587
39.33252133	0.00110955	0.00002821	-0.02542425
39.33502133	0.00110884	0.00002819	-0.02542264
39.33752132	0.00110813	0.00002817	-0.02542102
39.34002132	0.00110741	0.00002815	-0.02541941
39.34252131	0.00110670	0.00002813	-0.02541779
39.34502131	0.00110599	0.00002811	-0.02541618
39.34752131	0.00110528	0.00002809	-0.02541456
39.35002130	0.00110457	0.00002807	-0.02541295
39.35252129	0.00110386	0.00002805	-0.02541133
39.35502129	0.00110315	0.00002803	-0.02540972
39.35752128	0.00110244	0.00002801	-0.02540810
39.36002128	0.00110173	0.00002799	-0.02540649
39.36252127	0.00110102	0.00002797	-0.02540488
39.36502127	0.00110031	0.00002795	-0.02540326
39.36752127	0.00109961	0.00002793	-0.02540165
39.37002126	0.00109890	0.00002791	-0.02540004
39.37252125	0.00109819	0.00002789	-0.02539842
39.37502125	0.00109749	0.00002787	-0.02539681
39.37752124	0.00109678	0.00002785	-0.02539520
39.38002124	0.00109608	0.00002783	-0.02539359
39.38252123	0.00109537	0.00002781	-0.02539198
39.38502123	0.00109467	0.00002779	-0.02539036
39.38752123	0.00109396	0.00002777	-0.02538875
39.39002122	0.00109326	0.00002775	-0.02538714
39.39252121	0.00109255	0.00002774	-0.02538553
39.39502121	0.00109185	0.00002772	-0.02538392
39.39752120	0.00109115	0.00002770	-0.02538231
39.40002120	0.00109045	0.00002768	-0.02538070
39.40252119	0.00108975	0.00002766	-0.02537909
39.40502119	0.00108905	0.00002764	-0.02537748
39.40752119	0.00108835	0.00002762	-0.02537587
39.41002118	0.00108764	0.00002760	-0.02537426
39.41252117	0.00108695	0.00002758	-0.02537265
39.41502117	0.00108625	0.00002756	-0.02537104
39.41752116	0.00108555	0.00002754	-0.02536943
39.42002116	0.00108485	0.00002752	-0.02536782
39.42252115	0.00108415	0.00002750	-0.02536621
39.42502115	0.00108345	0.00002748	-0.02536460
39.42752115	0.00108276	0.00002746	-0.02536299
39.43002114	0.00108206	0.00002744	-0.02536139
39.43252113	0.00108136	0.00002742	-0.02535978
39.43502113	0.00108067	0.00002740	-0.02535817
39.43752112	0.00107997	0.00002738	-0.02535656
39.44002112	0.00107928	0.00002737	-0.02535496
39.44252111	0.00107858	0.00002735	-0.02535335
39.44502111	0.00107789	0.00002733	-0.02535174
39.44752110	0.00107720	0.00002731	-0.02535014
39.45002110	0.00107650	0.00002729	-0.02534853
39.45252109	0.00107581	0.00002727	-0.02534692
39.45502109	0.00107512	0.00002725	-0.02534532
39.45752108	0.00107443	0.00002723	-0.02534371
39.46002108	0.00107373	0.00002721	-0.02534211
39.46252107	0.00107304	0.00002719	-0.02534050
39.46502107	0.00107235	0.00002717	-0.02533889
39.46752106	0.00107166	0.00002715	-0.02533729
39.47002106	0.00107097	0.00002713	-0.02533568
39.47252105	0.00107028	0.00002711	-0.02533408
39.47502105	0.00106959	0.00002710	-0.02533248
39.47752104	0.00106891	0.00002708	-0.02533087
39.48002104	0.00106822	0.00002706	-0.02532927
39.48252103	0.00106753	0.00002704	-0.02532766
39.48502103	0.00106684	0.00002702	-0.02532606
39.48752102	0.00106616	0.00002700	-0.02532446
39.49002102	0.00106547	0.00002698	-0.02532285
39.49252102	0.00106478	0.00002696	-0.02532125
39.49502101	0.00106410	0.00002694	-0.02531965
39.49752100	0.00106341	0.00002692	-0.02531804
39.50002100	0.00106273	0.00002690	-0.02531644
39.50252099	0.00106204	0.00002689	-0.02531484
39.50502099	0.00106136	0.00002687	-0.02531324
39.50752098	0.00106068	0.00002685	-0.02531164
39.51002098	0.00106000	0.00002683	-0.02531003
39.51252098	0.00105931	0.00002681	-0.02530843
39.51502097	0.00105863	0.00002679	-0.02530683
39.51752096	0.00105795	0.00002677	-0.02530523
39.52002096	0.00105727	0.00002675	-0.02530363
39.52252095	0.00105659	0.00002673	-0.02530203
39.52502095	0.00105591	0.00002671	-0.02530043
39.52752094	0.00105523	0.00002670	-0.02529883
39.53002094	0.00105455	0.00002668	-0.02529723
39.53252094	0.00105387	0.00002666	-0.02529563
39.53502093	0.00105319	0.00002664	-0.02529403
39.53752092	0.00105251	0.00002662	-0.02529243
39.54002092	0.00105183	0.00002660	-0.02529083
39.54252091	0.00105116	0.00002658	-0.02528923
39.54502091	0.00105048	0.00002656	-0.02528763
39.54752090	0.00104980	0.00002655	-0.02528604
39.55002090	0.00104913	0.00002653	-0.02528444
39.55252090	0.00104845	0.00002651	-0.02528284
39.55502089	0.00104778	0.00002649	-0.02528124
39.55752088	0.00104710	0.00002647	-0.02527964
39.56002088	0.00104643	0.00002645	-0.02527805
39.56252087	0.00104575	0.00002643	-0.02527645
39.56502087	0.00104508	0.00002641	-0.02527485
39.56752086	0.00104441	0.00002640	-0.02527325
39.57002086	0.00104373	0.00002638	-0.02527166
39.57252086	0.00104306	0.00002636	-0.02527006
39.57502085	0.00104239	0.00002634	-0.02526846
39.57752084	0.00104172	0.00002632	-0.02526687
39.58002084	0.00104105	0.00002630	-0.02526527
39.58252083	0.00104038	0.00002628	-0.02526368
39.58502083	0.00103971	0.00002627	-0.02526208
39.58752082	0.00103904	0.00002625	-0.02526049
39.59002082	0.00103837	0.00002623	-0.02525889
39.59252082	0.00103770	0.00002621	-0.02525730
39.59502081	0.00103703	0.00002619	-0.02525570
39.59752080	0.00103636	0.00002617	-0.02525411
39.60002080	0.00103569	0.00002615	-0.02525251
39.60252079	0.00103503	0.00002614	-0.02525092
39.60502079	0.00103436	0.00002612	-0.02524932
39.60752078	0.00103369	0.00002610	-0.02524773
39.61002078	0.00103303	0.00002608	-0.02524614
39.61252078	0.00103236	0.00002606	-0.02524454
39.61502077	0.00103170	0.00002604	-0.02524295
39.61752076	0.00103103	0.00002602	-0.02524136
39.62002076	0.00103037	0.00002601	-0.02523976
39.62252075	0.00102970	0.00002599	-0.02523817
39.62502075	0.00102904	0.00002597	-0.02523658
39.62752074	0.00102838	0.00002595	-0.02523499
39.63002074	0.00102771	0.00002593	-0.02523340
39.63252073	0.00102705	0.00002591	-0.02523180
39.63502073	0.00102639	0.00002590	-0.02523021
39.63752072	0.00102573	0.00002588	-0.02522862
39.64002072	0.00102507	0.00002586	-0.02522703
39.64252071	0.00102441	0.00002584	-0.02522544
39.64502071	0.00102375	0.00002582	-0.02522385
39.64752070	0.00102309	0.00002580	-0.02522226
39.65002070	0.00102243	0.00002579	-0.02522067
39.65252069	0.00102177	0.00002577	-0.02521908
39.65502069	0.00102111	0.00002575	-0.02521749
39.65752068	0.00102045	0.00002573	-0.02521590
39.66002068	0.00101979	0.00002571	-0.02521431
39.66252067	0.00101914	0.00002570	-0.02521272
39.66502067	0.00101848	0.00002568	-0.02521113
39.66752066	0.00101782	0.00002566	-0.02520954
39.67002066	0.00101717	0.00002564	-0.02520795
39.67252065	0.00101651	0.00002562	-0.02520636
39.67502065	0.00101586	0.00002560	-0.02520478
39.67752064	0.00101520	0.00002559	-0.02520319
39.68002064	0.00101455	0.00002557	-0.02520160
39.68252063	0.00101389	0.00002555	-0.02520001
39.68502063	0.00101324	0.00002553	-0.02519842
39.68752062	0.00101259	0.00002551	-0.02519684
39.69002062	0.00101193	0.00002550	-0.02519525
39.69252061	0.00101128	0.00002548	-0.02519366
39.69502061	0.00101063	0.00002546	-0.02519208
39.69752061	0.00100998	0.00002544	-0.02519049
39.70002060	0.00100933	0.00002542	-0.02518890
39.70252059	0.00100868	0.00002541	-0.02518732
39.70502059	0.00100802	0.00002539	-0.02518573
39.70752058	0.00100737	0.00002537	-0.02518415
39.71002058	0.00100673	0.00002535	-0.02518256
39.71252057	0.00100608	0.00002533	-0.02518098
39.71502057	0.00100543	0.00002532	-0.02517939
39.71752057	0.00100478	0.00002530	-0.02517781
39.72002056	0.00100413	0.00002528	-0.02517622
39.72252055	0.00100348	0.00002526	-0.02517464
39.72502055	0.00100284	0.00002524	-0.02517305
39.72752054	0.00100219	0.00002523	-0.02517147
39.73002054	0.00100154	0.00002521	-0.02516988
39.73252053	0.00100090	0.00002519	-0.02516830
39.73502053	0.00100025	0.00002517	-0.02516672
39.73752053	0.00099961	0.00002516	-0.02516513
39.74002052	0.00099896	0.00002514	-0.02516355
39.74252051	0.00099832	0.00002512	-0.02516197
39.74502051	0.00099767	0.00002510	-0.02516038
39.74752050	0.00099703	0.00002508	-0.02515880
39.75002050	0.00099639	0.00002507	-0.02515722
39.75252049	0.00099574	0.00002505	-0.02515564
39.75502049	0.00099510	0.00002503	-0.02515406
39.75752049	0.00099446	0.00002501	-0.02515247
39.76002048	0.00099382	0.00002500	-0.02515089
39.76252047	0.00099318	0.00002498	-0.02514931
39.76502047	0.00099254	0.00002496	-0.02514773
39.76752046	0.00099190	0.00002494	-0.02514615
39.77002046	0.00099126	0.00002492	-0.02514457
39.77252045	0.00099062	0.00002491	-0.02514299
39.77502045	0.00098998	0.00002489	-0.02514141
39.77752045	0.00098934	0.00002487	-0.02513983
39.78002044	0.00098870	0.00002485	-0.02513825
39.78252043	0.00098806	0.00002484	-0.02513667
39.78502043	0.00098743	0.00002482	-0.02513509
39.78752042	0.00098679	0.00002480	-0.02513351
39.79002042	0.00098615	0.00002478	-0.02513193
39.79252041	0.00098552	0.00002477	-0.02513035
39.79502041	0.00098488	0.00002475	-0.02512877
39.79752041	0.00098424	0.00002473	-0.02512719
39.80002040	0.00098361	0.00002471	-0.02512562
39.80252039	0.00098297	0.00002470	-0.02512404
39.80502039	0.00098234	0.00002468	-0.02512246
39.80752038	0.00098171	0.00002466	-0.02512088
39.81002038	0.00098107	0.00002464	-0.02511930
39.81252037	0.00098044	0.00002463	-0.02511773
39.81502037	0.00097981	0.00002461	-0.02511615
39.81752037	0.00097917	0.00002459	-0.02511457
39.82002036	0.00097854	0.00002457	-0.02511300
39.82252035	0.00097791	0.00002456	-0.02511142
39.82502035	0.00097728	0.00002454	-0.02510984
39.82752034	0.00097665	0.00002452	-0.02510827
39.83002034	0.00097602	0.00002450	-0.02510669
39.83252033	0.00097539	0.00002449	-0.02510511
39.83502033	0.00097476	0.00002447	-0.02510354
39.83752032	0.00097413	0.00002445	-0.02510196
39.84002032	0.00097350	0.00002444	-0.02510039
39.84252031	0.00097287	0.00002442	-0.02509881
39.84502031	0.00097225	0.00002440	-0.02509724
39.84752030	0.00097162	0.00002438	-0.02509566
39.85002030	0.00097099	0.00002437	-0.02509409
39.85252029	0.00097036	0.00002435	-0.02509252
39.85502029	0.00096974	0.00002433	-0.02509094
39.85752028	0.00096911	0.00002431	-0.02508937
39.86002028	0.00096849	0.00002430	-0.02508779
39.86252027	0.00096786	0.00002428	-0.02508622
39.86502027	0.00096724	0.00002426	-0.02508465
39.86752026	0.00096661	0.00002425	-0.02508307
39.87002026	0.00096599	0.00002423	-0.02508150
39.87252025	0.00096536	0.00002421	-0.02507993
39.87502025	0.00096474	0.00002419	-0.02507836
39.87752024	0.00096412	0.00002418	-0.02507678
39.88002024	0.00096349	0.00002416	-0.02507521
39.88252024	0.00096287	0.00002414	-0.02507364
39.88502023	0.00096225	0.00002413	-0.02507207
39.88752022	0.00096163	0.00002411	-0.02507050
39.89002022	0.00096101	0.00002409	-0.02506893
39.89252021	0.00096039	0.00002407	-0.02506736
39.89502021	0.00095977	0.00002406	-0.02506579
39.89752020	0.00095915	0.00002404	-0.02506421
39.90002020	0.00095853	0.00002402	-0.02506264
39.90252020	0.00095791	0.00002401	-0.02506107
39.90502019	0.00095729	0.00002399	-0.02505950
39.90752018	0.00095667	0.00002397	-0.02505793
39.91002018	0.00095606	0.00002396	-0.02505636
39.91252017	0.00095544	0.00002394	-0.02505479
39.91502017	0.00095482	0.00002392	-0.02505323
39.91752016	0.00095420	0.00002390	-0.02505166
39.92002016	0.00095359	0.00002389	-0.02505009
39.92252016	0.00095297	0.00002387	-0.02504852
39.92502015	0.00095236	0.00002385	-0.02504695
39.92752014	0.00095174	0.00002384	-0.02504538
39.93002014	0.00095113	0.00002382	-0.02504381
39.93252013	0.00095051	0.00002380	-0.02504225
39.93502013	0.00094990	0.00002379	-0.02504068
39.93752012	0.00094928	0.00002377	-0.02503911
39.94002012	0.00094867	0.00002375	-0.02503754
39.94252012	0.00094806	0.00002374	-0.02503598
39.94502011	0.00094745	0.00002372	-0.02503441
39.94752010	0.00094683	0.00002370	-0.02503284
39.95002010	0.00094622	0.00002369	-0.02503128
39.95252009	0.00094561	0.00002367	-0.02502971
39.95502009	0.00094500	0.00002365	-0.02502814
39.95752008	0.00094439	0.00002363	-0.02502658
39.96002008	0.00094378	0.00002362	-0.02502501
39.96252008	0.00094317	0.00002360	-0.02502345
39.96502007	0.00094256	0.00002358	-0.02502188
39.96752006	0.00094195	0.00002357	-0.02502032
39.97002006	0.00094134	0.00002355	-0.02501875
39.97252005	0.00094073	0.00002353	-0.02501719
39.97502005	0.00094013	0.00002352	-0.02501562
39.97752004	0.00093952	0.00002350	-0.02501406
39.98002004	0.00093891	0.00002348	-0.02501249
39.98252004	0.00093831	0.00002347	-0.02501093
39.98502003	0.00093770	0.00002345	-0.02500937
39.98752002	0.00093709	0.00002343	-0.02500780
39.99002002	0.00093649	0.00002342	-0.02500624
39.99252001	0.00093588	0.00002340	-0.02500468
39.99502001	0.00093528	0.00002338	-0.02500311
39.99752000	0.00093467	0.00002337	-0.02500155
40.00002000	0.00093407	0.00002335	-0.02499999
40.00252000	0.00093347	0.00002334	-0.02499843
40.00501999	0.00093286	0.00002332	-0.02499686
40.00751998	0.00093226	0.00002330	-0.02499530
40.01001998	0.00093166	0.00002329	-0.02499374
40.01251997	0.00093105	0.00002327	-0.02499218
40.01501997	0.00093045	0.00002325	-0.02499062
40.01751996	0.00092985	0.00002324	-0.02498905
40.02001996	0.00092925	0.00002322	-0.02498749
40.02251995	0.00092865	0.00002320	-0.02498593
40.02501995	0.00092805	0.00002319	-0.02498437
40.02751994	0.00092745	0.00002317	-0.02498281
40.03001994	0.00092685	0.00002315	-0.02498125
40.03251993	0.00092625	0.00002314	-0.02497969
40.03501993	0.00092565	0.00002312	-0.02497813
40.03751992	0.00092505	0.00002310	-0.02497657
40.04001992	0.00092446	0.00002309	-0.02497501
40.04251991	0.00092386	0.00002307	-0.02497345
40.04501991	0.00092326	0.00002306	-0.02497189
40.04751990	0.00092266	0.00002304	-0.02497034
40.05001990	0.00092207	0.00002302	-0.02496878
40.05251989	0.00092147	0.00002301	-0.02496722
40.05501989	0.00092088	0.00002299	-0.02496566
40.05751988	0.00092028	0.00002297	-0.02496410
40.06001988	0.00091968	0.00002296	-0.02496254
40.06251987	0.00091909	0.00002294	-0.02496099
40.06501987	0.00091850	0.00002293	-0.02495943
40.06751986	0.00091790	0.00002291	-0.02495787
40.07001986	0.00091731	0.00002289	-0.02495631
40.07251985	0.00091672	0.00002288	-0.02495476
40.07501985	0.00091612	0.00002286	-0.02495320
40.07751984	0.00091553	0.00002284	-0.02495164
40.08001984	0.00091494	0.00002283	-0.02495009
40.08251983	0.00091435	0.00002281	-0.02494853
40.08501983	0.00091375	0.00002280	-0.02494698
40.08751983	0.00091316	0.00002278	-0.02494542
40.09001982	0.00091257	0.00002276	-0.02494386
40.09251981	0.00091198	0.00002275	-0.02494231
40.09501981	0.00091139	0.00002273	-0.02494075
40.09751980	0.00091080	0.00002271	-0.02493920
40.10001980	0.00091021	0.00002270	-0.02493764
40.10251979	0.00090963	0.00002268	-0.02493609
40.10501979	0.00090904	0.00002267	-0.02493453
40.10751979	0.00090845	0.00002265	-0.02493298
40.11001978	0.00090786	0.00002263	-0.02493143
40.11251977	0.00090727	0.00002262	-0.02492987
40.11501977	0.00090669	0.00002260	-0.02492832
40.11751976	0.00090610	0.00002259	-0.02492677
40.12001976	0.00090552	0.00002257	-0.02492521
40.12251975	0.00090493	0.00002255	-0.02492366
40.12501975	0.00090434	0.00002254	-0.02492211
40.12751975	0.00090376	0.00002252	-0.02492055
40.13001974	0.00090317	0.00002251	-0.02491900
40.13251973	0.00090259	0.00002249	-0.02491745
40.13501973	0.00090201	0.00002247	-0.02491590
40.13751972	0.00090142	0.00002246	-0.02491434
40.14001972	0.00090084	0.00002244	-0.02491279
40.14251971	0.00090026	0.00002243	-0.02491124
40.14501971	0.00089967	0.00002241	-0.02490969
40.14751971	0.00089909	0.00002239	-0.02490814
40.15001970	0.00089851	0.00002238	-0.02490659
40.15251969	0.00089793	0.00002236	-0.02490504
40.15501969	0.00089735	0.00002235	-0.02490349
40.15751968	0.00089677	0.00002233	-0.02490194
40.16001968	0.00089619	0.00002232	-0.02490039
40.16251967	0.00089561	0.00002230	-0.02489884
40.16501967	0.00089503	0.00002228	-0.02489729
40.16751967	0.00089445	0.00002227	-0.02489574
40.17001966	0.00089387	0.00002225	-0.02489419
40.17251965	0.00089329	0.00002224	-0.02489264
40.17501965	0.00089271	0.00002222	-0.02489109
40.17751964	0.00089214	0.00002220	-0.02488954
40.18001964	0.00089156	0.00002219	-0.02488799
40.18251963	0.00089098	0.00002217	-0.02488644
40.18501963	0.00089040	0.00002216	-0.02488490
40.18751963	0.00088983	0.00002214	-0.02488335
40.19001962	0.00088925	0.00002213	-0.02488180
40.19251961	0.00088868	0.00002211	-0.02488025
40.19501961	0.00088810	0.00002209	-0.02487870
40.19751960	0.00088753	0.00002208	-0.02487716
40.20001960	0.00088695	0.00002206	-0.02487561
40.20251959	0.00088638	0.00002205	-0.02487406
40.20501959	0.00088580	0.00002203	-0.02487252
40.20751959	0.00088523	0.00002202	-0.02487097
40.21001958	0.00088466	0.00002200	-0.02486942
40.21251957	0.00088409	0.00002199	-0.02486788
40.21501957	0.00088351	0.00002197	-0.02486633
40.21751956	0.00088294	0.00002195	-0.02486479
40.22001956	0.00088237	0.00002194	-0.02486324
40.22251955	0.00088180	0.00002192	-0.02486169
40.22501955	0.00088123	0.00002191	-0.02486015
40.22751954	0.00088066	0.00002189	-0.02485860
40.23001954	0.00088009	0.00002188	-0.02485706
40.23251953	0.00087952	0.00002186	-0.02485552
40.23501953	0.00087895	0.00002185	-0.02485397
40.23751952	0.00087838	0.00002183	-0.02485243
40.24001952	0.00087781	0.00002181	-0.02485088
40.24251951	0.00087724	0.00002180	-0.02484934
40.24501951	0.00087667	0.00002178	-0.02484780
40.24751950	0.00087611	0.00002177	-0.02484625
40.25001950	0.00087554	0.00002175	-0.02484471
40.25251949	0.00087497	0.00002174	-0.02484317
40.25501949	0.00087440	0.00002172	-0.02484162
40.25751948	0.00087384	0.00002171	-0.02484008
40.26001948	0.00087327	0.00002169	-0.02483854
40.26251947	0.00087271	0.00002168	-0.02483700
40.26501947	0.00087214	0.00002166	-0.02483545
40.26751946	0.00087158	0.00002164	-0.02483391
40.27001946	0.00087101	0.00002163	-0.02483237
40.27251946	0.00087045	0.00002161	-0.02483083
40.27501945	0.00086988	0.00002160	-0.02482929
40.27751944	0.00086932	0.00002158	-0.02482775
40.28001944	0.00086876	0.00002157	-0.02482620
40.28251943	0.00086820	0.00002155	-0.02482466
40.28501943	0.00086763	0.00002154	-0.02482312
40.28751942	0.00086707	0.00002152	-0.02482158
40.29001942	0.00086651	0.00002151	-0.02482004
40.29251942	0.00086595	0.00002149	-0.02481850
40.29501941	0.00086539	0.00002148	-0.02481696
40.29751940	0.00086483	0.00002146	-0.02481542
40.30001940	0.00086427	0.00002145	-0.02481388
40.30251939	0.00086371	0.00002143	-0.02481234
40.30501939	0.00086315	0.00002142	-0.02481081
40.30751938	0.00086259	0.00002140	-0.02480927
40.31001938	0.00086203	0.00002138	-0.02480773
40.31251938	0.00086147	0.00002137	-0.02480619
40.31501937	0.00086091	0.00002135	-0.02480465
40.31751936	0.00086035	0.00002134	-0.02480311
40.32001936	0.00085980	0.00002132	-0.02480158
40.32251935	0.00085924	0.00002131	-0.02480004
40.32501935	0.00085868	0.00002129	-0.02479850
40.32751934	0.00085813	0.00002128	-0.02479696
40.33001934	0.00085757	0.00002126	-0.02479543
40.33251934	0.00085702	0.00002125	-0.02479389
40.33501933	0.00085646	0.00002123	-0.02479235
40.33751932	0.00085591	0.00002122	-0.02479082
40.34001932	0.00085535	0.00002120	-0.02478928
40.34251931	0.00085480	0.00002119	-0.02478774
40.34501931	0.00085424	0.00002117	-0.02478621
40.34751930	0.00085369	0.00002116	-0.02478467
40.35001930	0.00085314	0.00002114	-0.02478314
40.35251930	0.00085258	0.00002113	-0.02478160
40.35501929	0.00085203	0.00002111	-0.02478006
40.35751928	0.00085148	0.00002110	-0.02477853
40.36001928	0.00085093	0.00002108	-0.02477700
40.36251927	0.00085038	0.00002107	-0.02477546
40.36501927	0.00084982	0.00002105	-0.02477393
40.36751926	0.00084927	0.00002104	-0.02477239
40.37001926	0.00084872	0.00002102	-0.02477086
40.37251926	0.00084817	0.00002101	-0.02476932
40.37501925	0.00084762	0.00002099	-0.02476779
40.37751924	0.00084707	0.00002098	-0.02476626
40.38001924	0.00084652	0.00002096	-0.02476472
40.38251923	0.00084598	0.00002095	-0.02476319
40.38501923	0.00084543	0.00002093	-0.02476166
40.38751922	0.00084488	0.00002092	-0.02476012
40.39001922	0.00084433	0.00002090	-0.02475859
40.39251922	0.00084378	0.00002089	-0.02475706
40.39501921	0.00084324	0.00002087	-0.02475553
40.39751920	0.00084269	0.00002086	-0.02475400
40.40001920	0.00084214	0.00002085	-0.02475246
40.40251919	0.00084160	0.00002083	-0.02475093
40.40501919	0.00084105	0.00002082	-0.02474940
40.40751918	0.00084051	0.00002080	-0.02474787
40.41001918	0.00083996	0.00002079	-0.02474634
40.41251917	0.00083942	0.00002077	-0.02474481
40.41501917	0.00083887	0.00002076	-0.02474328
40.41751916	0.00083833	0.00002074	-0.02474175
40.42001916	0.00083779	0.00002073	-0.02474022
40.42251915	0.00083724	0.00002071	-0.02473869
40.42501915	0.00083670	0.00002070	-0.02473716
40.42751914	0.00083616	0.00002068	-0.02473563
40.43001914	0.00083562	0.00002067	-0.02473410
40.43251913	0.00083507	0.00002065	-0.02473257
40.43501913	0.00083453	0.00002064	-0.02473104
40.43751912	0.00083399	0.00002062	-0.02472951
40.44001912	0.00083345	0.00002061	-0.02472798
40.44251911	0.00083291	0.00002059	-0.02472645
40.44501911	0.00083237	0.00002058	-0.02472492
40.44751910	0.00083183	0.00002057	-0.02472340
40.45001910	0.00083129	0.00002055	-0.02472187
40.45251909	0.00083075	0.00002054	-0.02472034
40.45501909	0.00083021	0.00002052	-0.02471881
40.45751908	0.00082967	0.00002051	-0.02471728
40.46001908	0.00082914	0.00002049	-0.02471576
40.46251907	0.00082860	0.00002048	-0.02471423
40.46501907	0.00082806	0.00002046	-0.02471270
40.46751906	0.00082752	0.00002045	-0.02471118
40.47001906	0.00082699	0.00002043	-0.02470965
40.47251905	0.00082645	0.00002042	-0.02470812
40.47501905	0.00082591	0.00002041	-0.02470660
40.47751905	0.00082538	0.00002039	-0.02470507
40.48001904	0.00082484	0.00002038	-0.02470355
40.48251903	0.00082431	0.00002036	-0.02470202
40.48501903	0.00082377	0.00002035	-0.02470049
40.48751902	0.00082324	0.00002033	-0.02469897
40.49001902	0.00082270	0.00002032	-0.02469744
40.49251901	0.00082217	0.00002030	-0.02469592
40.49501901	0.00082164	0.00002029	-0.02469440
40.49751901	0.00082110	0.00002028	-0.02469287
40.50001900	0.00082057	0.00002026	-0.02469135
40.50251899	0.00082004	0.00002025	-0.02468982
40.50501899	0.00081951	0.00002023	-0.02468830
40.50751898	0.00081898	0.00002022	-0.02468677
40.51001898	0.00081844	0.00002020	-0.02468525
40.51251897	0.00081791	0.00002019	-0.02468373
40.51501897	0.00081738	0.00002017	-0.02468220
40.51751897	0.00081685	0.00002016	-0.02468068
40.52001896	0.00081632	0.00002015	-0.02467916
40.52251895	0.00081579	0.00002013	-0.02467764
40.52501895	0.00081526	0.00002012	-0.02467611
40.52751894	0.00081473	0.00002010	-0.02467459
40.53001894	0.00081421	0.00002009	-0.02467307
40.53251893	0.00081368	0.00002007	-0.02467155
40.53501893	0.00081315	0.00002006	-0.02467003
40.53751893	0.00081262	0.00002005	-0.02466851
40.54001892	0.00081209	0.00002003	-0.02466698
40.54251891	0.00081157	0.00002002	-0.02466546
40.54501891	0.00081104	0.00002000	-0.02466394
40.54751890	0.00081051	0.00001999	-0.02466242
40.55001890	0.00080999	0.00001998	-0.02466090
40.55251889	0.00080946	0.00001996	-0.02465938
40.55501889	0.00080894	0.00001995	-0.02465786
40.55751889	0.00080841	0.00001993	-0.02465634
40.56001888	0.00080789	0.00001992	-0.02465482
40.56251887	0.00080736	0.00001990	-0.02465330
40.56501887	0.00080684	0.00001989	-0.02465178
40.56751886	0.00080631	0.00001988	-0.02465026
40.57001886	0.00080579	0.00001986	-0.02464874
40.57251885	0.00080527	0.00001985	-0.02464722
40.57501885	0.00080475	0.00001983	-0.02464571
40.57751885	0.00080422	0.00001982	-0.02464419
40.58001884	0.00080370	0.00001981	-0.02464267
40.58251883	0.00080318	0.00001979	-0.02464115
40.58501883	0.00080266	0.00001978	-0.02463963
40.58751882	0.00080214	0.00001976	-0.02463812
40.59001882	0.00080162	0.00001975	-0.02463660
40.59251881	0.00080110	0.00001974	-0.02463508
40.59501881	0.00080058	0.00001972	-0.02463356
40.59751880	0.00080006	0.00001971	-0.02463205
40.60001880	0.00079954	0.00001969	-0.02463053
40.60251879	0.00079902	0.00001968	-0.02462901
40.60501879	0.00079850	0.00001967	-0.02462750
40.60751878	0.00079798	0.00001965	-0.02462598
40.61001878	0.00079746	0.00001964	-0.02462447
40.61251877	0.00079694	0.00001962	-0.02462295
40.61501877	0.00079643	0.00001961	-0.02462143
40.61751876	0.00079591	0.00001960	-0.02461992
40.62001876	0.00079539	0.00001958	-0.02461840
40.62251875	0.00079488	0.00001957	-0.02461689
40.62501875	0.00079436	0.00001955	-0.02461537
40.62751874	0.00079384	0.00001954	-0.02461386
40.63001874	0.00079333	0.00001953	-0.02461234
40.63251873	0.00079281	0.00001951	-0.02461083
40.63501873	0.00079230	0.00001950	-0.02460932
40.63751872	0.00079178	0.00001948	-0.02460780
40.64001872	0.00079127	0.00001947	-0.02460629
40.64251871	0.00079076	0.00001946	-0.02460477
40.64501871	0.00079024	0.00001944	-0.02460326
40.64751870	0.00078973	0.00001943	-0.02460175
40.65001870	0.00078922	0.00001941	-0.02460023
40.65251869	0.00078870	0.00001940	-0.02459872
40.65501869	0.00078819	0.00001939	-0.02459721
40.65751868	0.00078768	0.00001937	-0.02459570
40.66001868	0.00078717	0.00001936	-0.02459418
40.66251867	0.00078666	0.00001935	-0.02459267
40.66501867	0.00078614	0.00001933	-0.02459116
40.66751866	0.00078563	0.00001932	-0.02458965
40.67001866	0.00078512	0.00001930	-0.02458814
40.67251865	0.00078461	0.00001929	-0.02458663
40.67501865	0.00078410	0.00001928	-0.02458511
40.67751864	0.00078359	0.00001926	-0.02458360
40.68001864	0.00078309	0.00001925	-0.02458209
40.68251864	0.00078258	0.00001924	-0.02458058
40.68501863	0.00078207	0.00001922	-0.02457907
40.68751862	0.00078156	0.00001921	-0.02457756
40.69001862	0.00078105	0.00001920	-0.02457605
40.69251861	0.00078054	0.00001918	-0.02457454
40.69501861	0.00078004	0.00001917	-0.02457303
40.69751860	0.00077953	0.00001915	-0.02457152
40.70001860	0.00077902	0.00001914	-0.02457001
40.70251860	0.00077852	0.00001913	-0.02456850
40.70501859	0.00077801	0.00001911	-0.02456700
40.70751858	0.00077751	0.00001910	-0.02456549
40.71001858	0.00077700	0.00001909	-0.02456398
40.71251857	0.00077650	0.00001907	-0.02456247
40.71501857	0.00077599	0.00001906	-0.02456096
40.71751856	0.00077549	0.00001905	-0.02455945
40.72001856	0.00077498	0.00001903	-0.02455795
40.72251856	0.00077448	0.00001902	-0.02455644
40.72501855	0.00077398	0.00001900	-0.02455493
40.72751854	0.00077347	0.00001899	-0.02455342
40.73001854	0.00077297	0.00001898	-0.02455192
40.73251853	0.00077247	0.00001896	-0.02455041
40.73501853	0.00077197	0.00001895	-0.02454890
40.73751852	0.00077146	0.00001894	-0.02454740
40.74001852	0.00077096	0.00001892	-0.02454589
40.74251852	0.00077046	0.00001891	-0.02454438
40.74501851	0.00076996	0.00001890	-0.02454288
40.74751850	0.00076946	0.00001888	-0.02454137
40.75001850	0.00076896	0.00001887	-0.02453987
40.75251849	0.00076846	0.00001886	-0.02453836
40.75501849	0.00076796	0.00001884	-0.02453686
40.75751848	0.00076746	0.00001883	-0.02453535
40.76001848	0.00076696	0.00001882	-0.02453385
40.76251848	0.00076646	0.00001880	-0.02453234
40.76501847	0.00076597	0.00001879	-0.02453084
40.76751846	0.00076547	0.00001878	-0.02452933
40.77001846	0.00076497	0.00001876	-0.02452783
40.77251845	0.00076447	0.00001875	-0.02452632
40.77501845	0.00076398	0.00001874	-0.02452482
40.77751844	0.00076348	0.00001872	-0.02452332
40.78001844	0.00076298	0.00001871	-0.02452181
40.78251844	0.00076249	0.00001870	-0.02452031
40.78501843	0.00076199	0.00001868	-0.02451881
40.78751842	0.00076150	0.00001867	-0.02451730
40.79001842	0.00076100	0.00001866	-0.02451580
40.79251841	0.00076051	0.00001864	-0.02451430
40.79501841	0.00076001	0.00001863	-0.02451280
40.79751840	0.00075952	0.00001862	-0.02451129
40.80001840	0.00075902	0.00001860	-0.02450979
40.80251839	0.00075853	0.00001859	-0.02450829
40.80501839	0.00075804	0.00001858	-0.02450679
40.80751838	0.00075754	0.00001856	-0.02450529
40.81001838	0.00075705	0.00001855	-0.02450379
40.81251837	0.00075656	0.00001854	-0.02450229
40.81501837	0.00075607	0.00001852	-0.02450079
40.81751836	0.00075557	0.00001851	-0.02449928
40.82001836	0.00075508	0.00001850	-0.02449778
40.82251835	0.00075459	0.00001848	-0.02449628
40.82501835	0.00075410	0.00001847	-0.02449478
40.82751834	0.00075361	0.00001846	-0.02449328
40.83001834	0.00075312	0.00001845	-0.02449178
40.83251833	0.00075263	0.00001843	-0.02449028
40.83501833	0.00075214	0.00001842	-0.02448879
40.83751832	0.00075165	0.00001841	-0.02448729
40.84001832	0.00075116	0.00001839	-0.02448579
40.84251831	0.00075067	0.00001838	-0.02448429
40.84501831	0.00075019	0.00001837	-0.02448279
40.84751830	0.00074970	0.00001835	-0.02448129
40.85001830	0.00074921	0.00001834	-0.02447979
40.85251829	0.00074872	0.00001833	-0.02447830
40.85501829	0.00074824	0.00001831	-0.02447680
40.85751828	0.00074775	0.00001830	-0.02447530
40.86001828	0.00074726	0.00001829	-0.02447380
40.86251827	0.00074678	0.00001828	-0.02447230
40.86501827	0.00074629	0.00001826	-0.02447081
40.86751827	0.00074580	0.00001825	-0.02446931
40.87001826	0.00074532	0.00001824	-0.02446781
40.87251825	0.00074483	0.00001822	-0.02446632
40.87501825	0.00074435	0.00001821	-0.02446482
40.87751824	0.00074387	0.00001820	-0.02446332
40.88001824	0.00074338	0.00001818	-0.02446183
40.88251823	0.00074290	0.00001817	-0.02446033
40.88501823	0.00074241	0.00001816	-0.02445884
40.88751823	0.00074193	0.00001815	-0.02445734
40.89001822	0.00074145	0.00001813	-0.02445585
40.89251821	0.00074097	0.00001812	-0.02445435
40.89501821	0.00074048	0.00001811	-0.02445286
40.89751820	0.00074000	0.00001809	-0.02445136
40.90001820	0.00073952	0.00001808	-0.02444987
40.90251819	0.00073904	0.00001807	-0.02444837
40.90501819	0.00073856	0.00001806	-0.02444688
40.90751819	0.00073808	0.00001804	-0.02444538
40.91001818	0.00073760	0.00001803	-0.02444389
40.91251817	0.00073712	0.00001802	-0.02444240
40.91501817	0.00073664	0.00001800	-0.02444090
40.91751816	0.00073616	0.00001799	-0.02443941
40.92001816	0.00073568	0.00001798	-0.02443792
40.92251815	0.00073520	0.00001797	-0.02443642
40.92501815	0.00073472	0.00001795	-0.02443493
40.92751815	0.00073424	0.00001794	-0.02443344
40.93001814	0.00073377	0.00001793	-0.02443195
40.93251813	0.00073329	0.00001791	-0.02443045
40.93501813	0.00073281	0.00001790	-0.02442896
40.93751812	0.00073233	0.00001789	-0.02442747
40.94001812	0.00073186	0.00001788	-0.02442598
40.94251811	0.00073138	0.00001786	-0.02442449
40.94501811	0.00073090	0.00001785	-0.02442300
40.94751811	0.00073043	0.00001784	-0.02442150
40.95001810	0.00072995	0.00001783	-0.02442001
40.95251809	0.00072948	0.00001781	-0.02441852
40.95501809	0.00072900	0.00001780	-0.02441703
40.95751808	0.00072853	0.00001779	-0.02441554
40.96001808	0.00072805	0.00001777	-0.02441405
40.96251807	0.00072758	0.00001776	-0.02441256
40.96501807	0.00072711	0.00001775	-0.02441107
40.96751807	0.00072663	0.00001774	-0.02440958
40.97001806	0.00072616	0.00001772	-0.02440809
40.97251805	0.00072569	0.00001771	-0.02440660
40.97501805	0.00072521	0.00001770	-0.02440511
40.97751804	0.00072474	0.00001769	-0.02440363
40.98001804	0.00072427	0.00001767	-0.02440214
40.98251803	0.00072380	0.00001766	-0.02440065
40.98501803	0.00072333	0.00001765	-0.02439916
40.98751802	0.00072286	0.00001764	-0.02439767
40.99001802	0.00072238	0.00001762	-0.02439618
40.99251801	0.00072191	0.00001761	-0.02439470
40.99501801	0.00072144	0.00001760	-0.02439321
40.99751800	0.00072097	0.00001759	-0.02439172
41.00001800	0.00072050	0.00001757	-0.02439023
41.00251799	0.00072004	0.00001756	-0.02438875
41.00501799	0.00071957	0.00001755	-0.02438726
41.00751798	0.00071910	0.00001754	-0.02438577
41.01001798	0.00071863	0.00001752	-0.02438429
41.01251797	0.00071816	0.00001751	-0.02438280
41.01501797	0.00071769	0.00001750	-0.02438131
41.01751796	0.00071723	0.00001749	-0.02437983
41.02001796	0.00071676	0.00001747	-0.02437834
41.02251795	0.00071629	0.00001746	-0.02437686
41.02501795	0.00071583	0.00001745	-0.02437537
41.02751794	0.00071536	0.00001744	-0.02437388
41.03001794	0.00071489	0.00001742	-0.02437240
41.03251793	0.00071443	0.00001741	-0.02437091
41.03501793	0.00071396	0.00001740	-0.02436943
41.03751792	0.00071350	0.00001739	-0.02436795
41.04001792	0.00071303	0.00001737	-0.02436646
41.04251791	0.00071257	0.00001736	-0.02436498
41.04501791	0.00071210	0.00001735	-0.02436349
41.04751790	0.00071164	0.00001734	-0.02436201
41.05001790	0.00071118	0.00001732	-0.02436053
41.05251789	0.00071071	0.00001731	-0.02435904
41.05501789	0.00071025	0.00001730	-0.02435756
41.05751788	0.00070979	0.00001729	-0.02435608
41.06001788	0.00070932	0.00001728	-0.02435459
41.06251787	0.00070886	0.00001726	-0.02435311
41.06501787	0.00070840	0.00001725	-0.02435163
41.06751786	0.00070794	0.00001724	-0.02435014
41.07001786	0.00070748	0.00001723	-0.02434866
41.07251786	0.00070702	0.00001721	-0.02434718
41.07501785	0.00070655	0.00001720	-0.02434570
41.07751784	0.00070609	0.00001719	-0.02434422
41.08001784	0.00070563	0.00001718	-0.02434274
41.08251783	0.00070517	0.00001716	-0.02434125
41.08501783	0.00070471	0.00001715	-0.02433977
41.08751782	0.00070426	0.00001714	-0.02433829
41.09001782	0.00070380	0.00001713	-0.02433681
41.09251782	0.00070334	0.00001712	-0.02433533
41.09501781	0.00070288	0.00001710	-0.02433385
41.09751780	0.00070242	0.00001709	-0.02433237
41.10001780	0.00070196	0.00001708	-0.02433089
41.10251779	0.00070151	0.00001707	-0.02432941
41.10501779	0.00070105	0.00001706	-0.02432793
41.10751778	0.00070059	0.00001704	-0.02432645
41.11001778	0.00070014	0.00001703	-0.02432497
41.11251778	0.00069968	0.00001702	-0.02432349
41.11501777	0.00069922	0.00001701	-0.02432201
41.11751776	0.00069877	0.00001699	-0.02432053
41.12001776	0.00069831	0.00001698	-0.02431906
41.12251775	0.00069786	0.00001697	-0.02431758
41.12501775	0.00069740	0.00001696	-0.02431610
41.12751774	0.00069695	0.00001695	-0.02431462
41.13001774	0.00069649	0.00001693	-0.02431314
41.13251774	0.00069604	0.00001692	-0.02431167
41.13501773	0.00069558	0.00001691	-0.02431019
41.13751772	0.00069513	0.00001690	-0.02430871
41.14001772	0.00069468	0.00001689	-0.02430723
41.14251771	0.00069422	0.00001687	-0.02430576
41.14501771	0.00069377	0.00001686	-0.02430428
41.14751770	0.00069332	0.00001685	-0.02430280
41.15001770	0.00069287	0.00001684	-0.02430133
41.15251770	0.00069242	0.00001683	-0.02429985
41.15501769	0.00069196	0.00001681	-0.02429837
41.15751768	0.00069151	0.00001680	-0.02429690
41.16001768	0.00069106	0.00001679	-0.02429542
41.16251767	0.00069061	0.00001678	-0.02429395
41.16501767	0.00069016	0.00001677	-0.02429247
41.16751766	0.00068971	0.00001675	-0.02429100
41.17001766	0.00068926	0.00001674	-0.02428952
41.17251766	0.00068881	0.00001673	-0.02428805
41.17501765	0.00068836	0.00001672	-0.02428657
41.17751764	0.00068791	0.00001671	-0.02428510
41.18001764	0.00068746	0.00001669	-0.02428362
41.18251763	0.00068702	0.00001668	-0.02428215
41.18501763	0.00068657	0.00001667	-0.02428067
41.18751762	0.00068612	0.00001666	-0.02427920
41.19001762	0.00068567	0.00001665	-0.02427773
41.19251761	0.00068523	0.00001663	-0.02427625
41.19501761	0.00068478	0.00001662	-0.02427478
41.19751760	0.00068433	0.00001661	-0.02427331
41.20001760	0.00068389	0.00001660	-0.02427183
41.20251759	0.00068344	0.00001659	-0.02427036
41.20501759	0.00068299	0.00001658	-0.02426889
41.20751758	0.00068255	0.00001656	-0.02426742
41.21001758	0.00068210	0.00001655	-0.02426594
41.21251757	0.00068166	0.00001654	-0.02426447
41.21501757	0.00068121	0.00001653	-0.02426300
41.21751756	0.00068077	0.00001652	-0.02426153
41.22001756	0.00068032	0.00001650	-0.02426006
41.22251755	0.00067988	0.00001649	-0.02425859
41.22501755	0.00067944	0.00001648	-0.02425712
41.22751754	0.00067899	0.00001647	-0.02425564
41.23001754	0.00067855	0.00001646	-0.02425417
41.23251753	0.00067811	0.00001645	-0.02425270
41.23501753	0.00067767	0.00001643	-0.02425123
41.23751752	0.00067722	0.00001642	-0.02424976
41.24001752	0.00067678	0.00001641	-0.02424829
41.24251751	0.00067634	0.00001640	-0.02424682
41.24501751	0.00067590	0.00001639	-0.02424535
41.24751750	0.00067546	0.00001638	-0.02424388
41.25001750	0.00067502	0.00001636	-0.02424241
41.25251749	0.00067458	0.00001635	-0.02424094
41.25501749	0.00067414	0.00001634	-0.02423948
41.25751749	0.00067370	0.00001633	-0.02423801
41.26001748	0.00067326	0.00001632	-0.02423654
41.26251747	0.00067282	0.00001631	-0.02423507
41.26501747	0.00067238	0.00001629	-0.02423360
41.26751746	0.00067194	0.00001628	-0.02423213
41.27001746	0.00067150	0.00001627	-0.02423067
41.27251745	0.00067106	0.00001626	-0.02422920
41.27501745	0.00067062	0.00001625	-0.02422773
41.27751745	0.00067019	0.00001624	-0.02422626
41.28001744	0.00066975	0.00001622	-0.02422480
41.28251743	0.00066931	0.00001621	-0.02422333
41.28501743	0.00066888	0.00001620	-0.02422186
41.28751742	0.00066844	0.00001619	-0.02422040
41.29001742	0.00066800	0.00001618	-0.02421893
41.29251741	0.00066757	0.00001617	-0.02421746
41.29501741	0.00066713	0.00001616	-0.02421600
41.29751741	0.00066670	0.00001614	-0.02421453
41.30001740	0.00066626	0.00001613	-0.02421306
41.30251739	0.00066583	0.00001612	-0.02421160
41.30501739	0.00066539	0.00001611	-0.02421013
41.30751738	0.00066496	0.00001610	-0.02420867
41.31001738	0.00066452	0.00001609	-0.02420720
41.31251737	0.00066409	0.00001607	-0.02420574
41.31501737	0.00066365	0.00001606	-0.02420427
41.31751737	0.00066322	0.00001605	-0.02420281
41.32001736	0.00066279	0.00001604	-0.02420135
41.32251735	0.00066236	0.00001603	-0.02419988
41.32501735	0.00066192	0.00001602	-0.02419842
41.32751734	0.00066149	0.00001601	-0.02419695
41.33001734	0.00066106	0.00001599	-0.02419549
41.33251733	0.00066063	0.00001598	-0.02419403
41.33501733	0.00066020	0.00001597	-0.02419256
41.33751733	0.00065976	0.00001596	-0.02419110
41.34001732	0.00065933	0.00001595	-0.02418964
41.34251731	0.00065890	0.00001594	-0.02418817
41.34501731	0.00065847	0.00001593	-0.02418671
41.34751730	0.00065804	0.00001591	-0.02418525
41.35001730	0.00065761	0.00001590	-0.02418379
41.35251729	0.00065718	0.00001589	-0.02418232
41.35501729	0.00065675	0.00001588	-0.02418086
41.35751729	0.00065633	0.00001587	-0.02417940
41.36001728	0.00065590	0.00001586	-0.02417794
41.36251727	0.00065547	0.00001585	-0.02417648
41.36501727	0.00065504	0.00001584	-0.02417502
41.36751726	0.00065461	0.00001582	-0.02417356
41.37001726	0.00065419	0.00001581	-0.02417210
41.37251725	0.00065376	0.00001580	-0.02417063
41.37501725	0.00065333	0.00001579	-0.02416917
41.37751724	0.00065290	0.00001578	-0.02416771
41.38001724	0.00065248	0.00001577	-0.02416625
41.38251723	0.00065205	0.00001576	-0.02416479
41.38501723	0.00065163	0.00001575	-0.02416333
41.38751722	0.00065120	0.00001573	-0.02416187
41.39001722	0.00065077	0.00001572	-0.02416042
41.39251721	0.00065035	0.00001571	-0.02415896
41.39501721	0.00064992	0.00001570	-0.02415750
41.39751720	0.00064950	0.00001569	-0.02415604
41.40001720	0.00064908	0.00001568	-0.02415458
41.40251719	0.00064865	0.00001567	-0.02415312
41.40501719	0.00064823	0.00001566	-0.02415166
41.40751718	0.00064780	0.00001564	-0.02415020
41.41001718	0.00064738	0.00001563	-0.02414875
41.41251717	0.00064696	0.00001562	-0.02414729
41.41501717	0.00064654	0.00001561	-0.02414583
41.41751716	0.00064611	0.00001560	-0.02414437
41.42001716	0.00064569	0.00001559	-0.02414292
41.42251715	0.00064527	0.00001558	-0.02414146
41.42501715	0.00064485	0.00001557	-0.02414000
41.42751714	0.00064443	0.00001556	-0.02413855
41.43001714	0.00064400	0.00001554	-0.02413709
41.43251713	0.00064358	0.00001553	-0.02413563
41.43501713	0.00064316	0.00001552	-0.02413418
41.43751712	0.00064274	0.00001551	-0.02413272
41.44001712	0.00064232	0.00001550	-0.02413126
41.44251711	0.00064190	0.00001549	-0.02412981
41.44501711	0.00064148	0.00001548	-0.02412835
41.44751710	0.00064106	0.00001547	-0.02412690
41.45001710	0.00064065	0.00001546	-0.02412544
41.45251709	0.00064023	0.00001544	-0.02412399
41.45501709	0.00063981	0.00001543	-0.02412253
41.45751708	0.00063939	0.00001542	-0.02412108
41.46001708	0.00063897	0.00001541	-0.02411962
41.46251708	0.00063855	0.00001540	-0.02411817
41.46501707	0.00063814	0.00001539	-0.02411672
41.46751706	0.00063772	0.00001538	-0.02411526
41.47001706	0.00063730	0.00001537	-0.02411381
41.47251705	0.00063689	0.00001536	-0.02411235
41.47501705	0.00063647	0.00001535	-0.02411090
41.47751704	0.00063605	0.00001533	-0.02410945
41.48001704	0.00063564	0.00001532	-0.02410799
41.48251704	0.00063522	0.00001531	-0.02410654
41.48501703	0.00063481	0.00001530	-0.02410509
41.48751702	0.00063439	0.00001529	-0.02410364
41.49001702	0.00063398	0.00001528	-0.02410218
41.49251701	0.00063356	0.00001527	-0.02410073
41.49501701	0.00063315	0.00001526	-0.02409928
41.49751700	0.00063274	0.00001525	-0.02409783
41.50001700	0.00063232	0.00001524	-0.02409638
41.50251700	0.00063191	0.00001523	-0.02409492
41.50501699	0.00063149	0.00001521	-0.02409347
41.50751698	0.00063108	0.00001520	-0.02409202
41.51001698	0.00063067	0.00001519	-0.02409057
41.51251697	0.00063026	0.00001518	-0.02408912
41.51501697	0.00062984	0.00001517	-0.02408767
41.51751696	0.00062943	0.00001516	-0.02408622
41.52001696	0.00062902	0.00001515	-0.02408477
41.52251696	0.00062861	0.00001514	-0.02408332
41.52501695	0.00062820	0.00001513	-0.02408187
41.52751694	0.00062779	0.00001512	-0.02408042
41.53001694	0.00062738	0.00001511	-0.02407897
41.53251693	0.00062697	0.00001510	-0.02407752
41.53501693	0.00062656	0.00001509	-0.02407607
41.53751692	0.00062615	0.00001507	-0.02407462
41.54001692	0.00062574	0.00001506	-0.02407317
41.54251692	0.00062533	0.00001505	-0.02407172
41.54501691	0.00062492	0.00001504	-0.02407028
41.54751690	0.00062451	0.00001503	-0.02406883
41.55001690	0.00062410	0.00001502	-0.02406738
41.55251689	0.00062369	0.00001501	-0.02406593
41.55501689	0.00062329	0.00001500	-0.02406448
41.55751688	0.00062288	0.00001499	-0.02406304
41.56001688	0.00062247	0.00001498	-0.02406159
41.56251688	0.00062206	0.00001497	-0.02406014
41.56501687	0.00062166	0.00001496	-0.02405869
41.56751686	0.00062125	0.00001495	-0.02405725
41.57001686	0.00062084	0.00001493	-0.02405580
41.57251685	0.00062044	0.00001492	-0.02405435
41.57501685	0.00062003	0.00001491	-0.02405291
41.57751684	0.00061963	0.00001490	-0.02405146
41.58001684	0.00061922	0.00001489	-0.02405001
41.58251683	0.00061882	0.00001488	-0.02404857
41.58501683	0.00061841	0.00001487	-0.02404712
41.58751682	0.00061801	0.00001486	-0.02404568
41.59001682	0.00061760	0.00001485	-0.02404423
41.59251681	0.00061720	0.00001484	-0.02404279
41.59501681	0.00061679	0.00001483	-0.02404134
41.59751680	0.00061639	0.00001482	-0.02403990
41.60001680	0.00061599	0.00001481	-0.02403845
41.60251679	0.00061558	0.00001480	-0.02403701
41.60501679	0.00061518	0.00001479	-0.02403556
41.60751678	0.00061478	0.00001478	-0.02403412
41.61001678	0.00061438	0.00001477	-0.02403267
41.61251677	0.00061397	0.00001475	-0.02403123
41.61501677	0.00061357	0.00001474	-0.02402979
41.61751676	0.00061317	0.00001473	-0.02402834
41.62001676	0.00061277	0.00001472	-0.02402690
41.62251675	0.00061237	0.00001471	-0.02402546
41.62501675	0.00061197	0.00001470	-0.02402401
41.62751674	0.00061157	0.00001469	-0.02402257
41.63001674	0.00061117	0.00001468	-0.02402113
41.63251673	0.00061077	0.00001467	-0.02401969
41.63501673	0.00061037	0.00001466	-0.02401824
41.63751672	0.00060997	0.00001465	-0.02401680
41.64001672	0.00060957	0.00001464	-0.02401536
41.64251671	0.00060917	0.00001463	-0.02401392
41.64501671	0.00060877	0.00001462	-0.02401248
41.64751670	0.00060837	0.00001461	-0.02401104
41.65001670	0.00060797	0.00001460	-0.02400959
41.65251669	0.00060758	0.00001459	-0.02400815
41.65501669	0.00060718	0.00001458	-0.02400671
41.65751668	0.00060678	0.00001457	-0.02400527
41.66001668	0.00060638	0.00001456	-0.02400383
41.66251667	0.00060599	0.00001455	-0.02400239
41.66501667	0.00060559	0.00001453	-0.02400095
41.66751667	0.00060519	0.00001452	-0.02399951
41.67001666	0.00060480	0.00001451	-0.02399807
41.67251665	0.00060440	0.00001450	-0.02399663
41.67501665	0.00060401	0.00001449	-0.02399519
41.67751664	0.00060361	0.00001448	-0.02399375
41.68001664	0.00060322	0.00001447	-0.02399231
41.68251663	0.00060282	0.00001446	-0.02399087
41.68501663	0.00060243	0.00001445	-0.02398944
41.68751663	0.00060203	0.00001444	-0.02398800
41.69001662	0.00060164	0.00001443	-0.02398656
41.69251661	0.00060124	0.00001442	-0.02398512
41.69501661	0.00060085	0.00001441	-0.02398368
41.69751660	0.00060046	0.00001440	-0.02398224
41.70001660	0.00060006	0.00001439	-0.02398081
41.70251659	0.00059967	0.00001438	-0.02397937
41.70501659	0.00059928	0.00001437	-0.02397793
41.70751659	0.00059888	0.00001436	-0.02397649
41.71001658	0.00059849	0.00001435	-0.02397506
41.71251657	0.00059810	0.00001434	-0.02397362
41.71501657	0.00059771	0.00001433	-0.02397218
41.71751656	0.00059732	0.00001432	-0.02397075
41.72001656	0.00059693	0.00001431	-0.02396931
41.72251655	0.00059653	0.00001430	-0.02396787
41.72501655	0.00059614	0.00001429	-0.02396644
41.72751655	0.00059575	0.00001428	-0.02396500
41.73001654	0.00059536	0.00001427	-0.02396357
41.73251653	0.00059497	0.00001426	-0.02396213
41.73501653	0.00059458	0.00001425	-0.02396069
41.73751652	0.00059419	0.00001424	-0.02395926
41.74001652	0.00059381	0.00001423	-0.02395782
41.74251651	0.00059342	0.00001422	-0.02395639
41.74501651	0.00059303	0.00001421	-0.02395496
41.74751651	0.00059264	0.00001420	-0.02395352
41.75001650	0.00059225	0.00001419	-0.02395209
41.75251649	0.00059186	0.00001418	-0.02395065
41.75501649	0.00059147	0.00001417	-0.02394922
41.75751648	0.00059109	0.00001416	-0.02394778
41.76001648	0.00059070	0.00001415	-0.02394635
41.76251647	0.00059031	0.00001413	-0.02394492
41.76501647	0.00058993	0.00001412	-0.02394348
41.76751646	0.00058954	0.00001411	-0.02394205
41.77001646	0.00058915	0.00001410	-0.02394062
41.77251645	0.00058877	0.00001409	-0.02393919
41.77501645	0.00058838	0.00001408	-0.02393775
41.77751644	0.00058800	0.00001407	-0.02393632
41.78001644	0.00058761	0.00001406	-0.02393489
41.78251643	0.00058723	0.00001405	-0.02393346
41.78501643	0.00058684	0.00001404	-0.02393202
41.78751642	0.00058646	0.00001403	-0.02393059
41.79001642	0.00058607	0.00001402	-0.02392916
41.79251641	0.00058569	0.00001401	-0.02392773
41.79501641	0.00058530	0.00001400	-0.02392630
41.79751640	0.00058492	0.00001399	-0.02392487
41.80001640	0.00058454	0.00001398	-0.02392344
41.80251639	0.00058415	0.00001397	-0.02392200
41.80501639	0.00058377	0.00001396	-0.02392057
41.80751638	0.00058339	0.00001395	-0.02391914
41.81001638	0.00058301	0.00001394	-0.02391771
41.81251637	0.00058262	0.00001393	-0.02391628
41.81501637	0.00058224	0.00001392	-0.02391485
41.81751636	0.00058186	0.00001391	-0.02391342
41.82001636	0.00058148	0.00001390	-0.02391199
41.82251635	0.00058110	0.00001389	-0.02391057
41.82501635	0.00058072	0.00001388	-0.02390914
41.82751634	0.00058034	0.00001387	-0.02390771
41.83001634	0.00057996	0.00001386	-0.02390628
41.83251633	0.00057958	0.00001385	-0.02390485
41.83501633	0.00057920	0.00001384	-0.02390342
41.83751632	0.00057882	0.00001383	-0.02390199
41.84001632	0.00057844	0.00001382	-0.02390056
41.84251631	0.00057806	0.00001382	-0.02389914
41.84501631	0.00057768	0.00001381	-0.02389771
41.84751630	0.00057730	0.00001380	-0.02389628
41.85001630	0.00057692	0.00001379	-0.02389485
41.85251630	0.00057654	0.00001378	-0.02389343
41.85501629	0.00057617	0.00001377	-0.02389200
41.85751628	0.00057579	0.00001376	-0.02389057
41.86001628	0.00057541	0.00001375	-0.02388915
41.86251627	0.00057503	0.00001374	-0.02388772
41.86501627	0.00057466	0.00001373	-0.02388629
41.86751626	0.00057428	0.00001372	-0.02388487
41.87001626	0.00057390	0.00001371	-0.02388344
41.87251626	0.00057353	0.00001370	-0.02388201
41.87501625	0.00057315	0.00001369	-0.02388059
41.87751624	0.00057277	0.00001368	-0.02387916
41.88001624	0.00057240	0.00001367	-0.02387774
41.88251623	0.00057202	0.00001366	-0.02387631
41.88501623	0.00057165	0.00001365	-0.02387489
41.88751622	0.00057127	0.00001364	-0.02387346
41.89001622	0.00057090	0.00001363	-0.02387204
41.89251622	0.00057052	0.00001362	-0.02387061
41.89501621	0.00057015	0.00001361	-0.02386919
41.89751620	0.00056978	0.00001360	-0.02386776
41.90001620	0.00056940	0.00001359	-0.02386634
41.90251619	0.00056903	0.00001358	-0.02386492
41.90501619	0.00056866	0.00001357	-0.02386349
41.90751618	0.00056828	0.00001356	-0.02386207
41.91001618	0.00056791	0.00001355	-0.02386064
41.91251618	0.00056754	0.00001354	-0.02385922
41.91501617	0.00056717	0.00001353	-0.02385780
41.91751616	0.00056679	0.00001352	-0.02385638
41.92001616	0.00056642	0.00001351	-0.02385495
41.92251615	0.00056605	0.00001350	-0.02385353
41.92501615	0.00056568	0.00001349	-0.02385211
41.92751614	0.00056531	0.00001348	-0.02385069
41.93001614	0.00056494	0.00001347	-0.02384926
41.93251614	0.00056457	0.00001346	-0.02384784
41.93501613	0.00056420	0.00001345	-0.02384642
41.93751612	0.00056383	0.00001344	-0.02384500
41.94001612	0.00056346	0.00001343	-0.02384358
41.94251611	0.00056309	0.00001343	-0.02384216
41.94501611	0.00056272	0.00001342	-0.02384073
41.94751610	0.00056235	0.00001341	-0.02383931
41.95001610	0.00056198	0.00001340	-0.02383789
41.95251610	0.00056161	0.00001339	-0.02383647
41.95501609	0.00056124	0.00001338	-0.02383505
41.95751608	0.00056087	0.00001337	-0.02383363
41.96001608	0.00056050	0.00001336	-0.02383221
41.96251607	0.00056014	0.00001335	-0.02383079
41.96501607	0.00055977	0.00001334	-0.02382937
41.96751606	0.00055940	0.00001333	-0.02382795
41.97001606	0.00055903	0.00001332	-0.02382653
41.97251605	0.00055867	0.00001331	-0.02382511
41.97501605	0.00055830	0.00001330	-0.02382370
41.97751604	0.00055793	0.00001329	-0.02382228
41.98001604	0.00055757	0.00001328	-0.02382086
41.98251603	0.00055720	0.00001327	-0.02381944
41.98501603	0.00055684	0.00001326	-0.02381802
41.98751602	0.00055647	0.00001325	-0.02381660
41.99001602	0.00055611	0.00001324	-0.02381519
41.99251601	0.00055574	0.00001323	-0.02381377
41.99501601	0.00055538	0.00001322	-0.02381235
41.99751600	0.00055501	0.00001322	-0.02381093
42.00001600	0.00055465	0.00001321	-0.02380951
42.00251599	0.00055428	0.00001320	-0.02380810
42.00501599	0.00055392	0.00001319	-0.02380668
42.00751598	0.00055356	0.00001318	-0.02380526
42.01001598	0.00055319	0.00001317	-0.02380385
42.01251597	0.00055283	0.00001316	-0.02380243
42.01501597	0.00055247	0.00001315	-0.02380101
42.01751596	0.00055210	0.00001314	-0.02379960
42.02001596	0.00055174	0.00001313	-0.02379818
42.02251595	0.00055138	0.00001312	-0.02379677
42.02501595	0.00055102	0.00001311	-0.02379535
42.02751594	0.00055066	0.00001310	-0.02379394
42.03001594	0.00055029	0.00001309	-0.02379252
42.03251593	0.00054993	0.00001308	-0.02379110
42.03501593	0.00054957	0.00001307	-0.02378969
42.03751592	0.00054921	0.00001306	-0.02378828
42.04001592	0.00054885	0.00001306	-0.02378686
42.04251591	0.00054849	0.00001305	-0.02378545
42.04501591	0.00054813	0.00001304	-0.02378403
42.04751590	0.00054777	0.00001303	-0.02378262
42.05001590	0.00054741	0.00001302	-0.02378120
42.05251589	0.00054705	0.00001301	-0.02377979
42.05501589	0.00054669	0.00001300	-0.02377838
42.05751589	0.00054633	0.00001299	-0.02377696
42.06001588	0.00054597	0.00001298	-0.02377555
42.06251587	0.00054561	0.00001297	-0.02377414
42.06501587	0.00054526	0.00001296	-0.02377272
42.06751586	0.00054490	0.00001295	-0.02377131
42.07001586	0.00054454	0.00001294	-0.02376990
42.07251585	0.00054418	0.00001293	-0.02376849
42.07501585	0.00054383	0.00001293	-0.02376707
42.07751585	0.00054347	0.00001292	-0.02376566
42.08001584	0.00054311	0.00001291	-0.02376425
42.08251583	0.00054275	0.00001290	-0.02376284
42.08501583	0.00054240	0.00001289	-0.02376143
42.08751582	0.00054204	0.00001288	-0.02376001
42.09001582	0.00054169	0.00001287	-0.02375860
42.09251581	0.00054133	0.00001286	-0.02375719
42.09501581	0.00054097	0.00001285	-0.02375578
42.09751581	0.00054062	0.00001284	-0.02375437
42.10001580	0.00054026	0.00001283	-0.02375296
42.10251579	0.00053991	0.00001282	-0.02375155
42.10501579	0.00053955	0.00001281	-0.02375014
42.10751578	0.00053920	0.00001281	-0.02374873
42.11001578	0.00053885	0.00001280	-0.02374732
42.11251577	0.00053849	0.00001279	-0.02374591
42.11501577	0.00053814	0.00001278	-0.02374450
42.11751577	0.00053778	0.00001277	-0.02374309
42.12001576	0.00053743	0.00001276	-0.02374168
42.12251575	0.00053708	0.00001275	-0.02374027
42.12501575	0.00053672	0.00001274	-0.02373886
42.12751574	0.00053637	0.00001273	-0.02373745
42.13001574	0.00053602	0.00001272	-0.02373605
42.13251573	0.00053567	0.00001271	-0.02373464
42.13501573	0.00053532	0.00001270	-0.02373323
42.13751573	0.00053496	0.00001270	-0.02373182
42.14001572	0.00053461	0.00001269	-0.02373041
42.14251571	0.00053426	0.00001268	-0.02372901
42.14501571	0.00053391	0.00001267	-0.02372760
42.14751570	0.00053356	0.00001266	-0.02372619
42.15001570	0.00053321	0.00001265	-0.02372478
42.15251569	0.00053286	0.00001264	-0.02372338
42.15501569	0.00053251	0.00001263	-0.02372197
42.15751568	0.00053216	0.00001262	-0.02372056
42.16001568	0.00053181	0.00001261	-0.02371916
42.16251567	0.00053146	0.00001260	-0.02371775
42.16501567	0.00053111	0.00001260	-0.02371634
42.16751566	0.00053076	0.00001259	-0.02371494
42.17001566	0.00053041	0.00001258	-0.02371353
42.17251565	0.00053006	0.00001257	-0.02371213
42.17501565	0.00052971	0.00001256	-0.02371072
42.17751564	0.00052937	0.00001255	-0.02370931
42.18001564	0.00052902	0.00001254	-0.02370791
42.18251563	0.00052867	0.00001253	-0.02370650
42.18501563	0.00052832	0.00001252	-0.02370510
42.18751562	0.00052798	0.00001251	-0.02370369
42.19001562	0.00052763	0.00001251	-0.02370229
42.19251561	0.00052728	0.00001250	-0.02370089
42.19501561	0.00052693	0.00001249	-0.02369948
42.19751560	0.00052659	0.00001248	-0.02369808
42.20001560	0.00052624	0.00001247	-0.02369667
42.20251559	0.00052590	0.00001246	-0.02369527
42.20501559	0.00052555	0.00001245	-0.02369387
42.20751558	0.00052520	0.00001244	-0.02369246
42.21001558	0.00052486	0.00001243	-0.02369106
42.21251557	0.00052451	0.00001243	-0.02368966
42.21501557	0.00052417	0.00001242	-0.02368825
42.21751556	0.00052382	0.00001241	-0.02368685
42.22001556	0.00052348	0.00001240	-0.02368545
42.22251555	0.00052314	0.00001239	-0.02368405
42.22501555	0.00052279	0.00001238	-0.02368264
42.22751554	0.00052245	0.00001237	-0.02368124
42.23001554	0.00052210	0.00001236	-0.02367984
42.23251553	0.00052176	0.00001235	-0.02367844
42.23501553	0.00052142	0.00001235	-0.02367704
42.23751552	0.00052108	0.00001234	-0.02367563
42.24001552	0.00052073	0.00001233	-0.02367423
42.24251552	0.00052039	0.00001232	-0.02367283
42.24501551	0.00052005	0.00001231	-0.02367143
42.24751550	0.00051971	0.00001230	-0.02367003
42.25001550	0.00051936	0.00001229	-0.02366863
42.25251549	0.00051902	0.00001228	-0.02366723
42.25501549	0.00051868	0.00001228	-0.02366583
42.25751548	0.00051834	0.00001227	-0.02366443
42.26001548	0.00051800	0.00001226	-0.02366303
42.26251548	0.00051766	0.00001225	-0.02366163
42.26501547	0.00051732	0.00001224	-0.02366023
42.26751546	0.00051698	0.00001223	-0.02365883
42.27001546	0.00051664	0.00001222	-0.02365743
42.27251545	0.00051630	0.00001221	-0.02365603
42.27501545	0.00051596	0.00001220	-0.02365463
42.27751544	0.00051562	0.00001220	-0.02365323
42.28001544	0.00051528	0.00001219	-0.02365184
42.28251544	0.00051494	0.00001218	-0.02365044
42.28501543	0.00051460	0.00001217	-0.02364904
42.28751542	0.00051426	0.00001216	-0.02364764
42.29001542	0.00051392	0.00001215	-0.02364624
42.29251541	0.00051359	0.00001214	-0.02364485
42.29501541	0.00051325	0.00001213	-0.02364345
42.29751540	0.00051291	0.00001213	-0.02364205
42.30001540	0.00051257	0.00001212	-0.02364065
42.30251540	0.00051224	0.00001211	-0.02363926
42.30501539	0.00051190	0.00001210	-0.02363786
42.30751538	0.00051156	0.00001209	-0.02363646
42.31001538	0.00051123	0.00001208	-0.02363507
42.31251537	0.00051089	0.00001207	-0.02363367
42.31501537	0.00051055	0.00001207	-0.02363227
42.31751536	0.00051022	0.00001206	-0.02363088
42.32001536	0.00050988	0.00001205	-0.02362948
42.32251536	0.00050955	0.00001204	-0.02362809
42.32501535	0.00050921	0.00001203	-0.02362669
42.32751534	0.00050888	0.00001202	-0.02362529
42.33001534	0.00050854	0.00001201	-0.02362390
42.33251533	0.00050821	0.00001201	-0.02362250
42.33501533	0.00050787	0.00001200	-0.02362111
42.33751532	0.00050754	0.00001199	-0.02361971
42.34001532	0.00050720	0.00001198	-0.02361832
42.34251531	0.00050687	0.00001197	-0.02361692
42.34501531	0.00050654	0.00001196	-0.02361553
42.34751530	0.00050620	0.00001195	-0.02361414
42.35001530	0.00050587	0.00001194	-0.02361274
42.35251529	0.00050554	0.00001194	-0.02361135
42.35501529	0.00050520	0.00001193	-0.02360995
42.35751528	0.00050487	0.00001192	-0.02360856
42.36001528	0.00050454	0.00001191	-0.02360717
42.36251527	0.00050421	0.00001190	-0.02360577
42.36501527	0.00050387	0.00001189	-0.02360438
42.36751526	0.00050354	0.00001189	-0.02360299
42.37001526	0.00050321	0.00001188	-0.02360160
42.37251525	0.00050288	0.00001187	-0.02360020
42.37501525	0.00050255	0.00001186	-0.02359881
42.37751524	0.00050222	0.00001185	-0.02359742
42.38001524	0.00050189	0.00001184	-0.02359603
42.38251523	0.00050156	0.00001183	-0.02359464
42.38501523	0.00050123	0.00001183	-0.02359324
42.38751522	0.00050090	0.00001182	-0.02359185
42.39001522	0.00050057	0.00001181	-0.02359046
42.39251521	0.00050024	0.00001180	-0.02358907
42.39501521	0.00049991	0.00001179	-0.02358768
42.39751520	0.00049958	0.00001178	-0.02358629
42.40001520	0.00049925	0.00001177	-0.02358490
42.40251519	0.00049892	0.00001177	-0.02358351
42.40501519	0.00049859	0.00001176	-0.02358212
42.40751518	0.00049826	0.00001175	-0.02358073
42.41001518	0.00049794	0.00001174	-0.02357934
42.41251517	0.00049761	0.00001173	-0.02357795
42.41501517	0.00049728	0.00001172	-0.02357656
42.41751516	0.00049695	0.00001172	-0.02357517
42.42001516	0.00049662	0.00001171	-0.02357378
42.42251515	0.00049630	0.00001170	-0.02357239
42.42501515	0.00049597	0.00001169	-0.02357100
42.42751514	0.00049564	0.00001168	-0.02356961
42.43001514	0.00049532	0.00001167	-0.02356822
42.43251513	0.00049499	0.00001167	-0.02356683
42.43501513	0.00049467	0.00001166	-0.02356544
42.43751512	0.00049434	0.00001165	-0.02356406
42.44001512	0.00049401	0.00001164	-0.02356267
42.44251511	0.00049369	0.00001163	-0.02356128
42.44501511	0.00049336	0.00001162	-0.02355989
42.44751511	0.00049304	0.00001162	-0.02355851
42.45001510	0.00049271	0.00001161	-0.02355712
42.45251509	0.00049239	0.00001160	-0.02355573
42.45501509	0.00049206	0.00001159	-0.02355434
42.45751508	0.00049174	0.00001158	-0.02355296
42.46001508	0.00049142	0.00001157	-0.02355157
42.46251507	0.00049109	0.00001157	-0.02355018
42.46501507	0.00049077	0.00001156	-0.02354880
42.46751507	0.00049045	0.00001155	-0.02354741
42.47001506	0.00049012	0.00001154	-0.02354602
42.47251505	0.00048980	0.00001153	-0.02354464
42.47501505	0.00048948	0.00001152	-0.02354325
42.47751504	0.00048915	0.00001152	-0.02354187
42.48001504	0.00048883	0.00001151	-0.02354048
42.48251503	0.00048851	0.00001150	-0.02353910
42.48501503	0.00048819	0.00001149	-0.02353771
42.48751503	0.00048787	0.00001148	-0.02353633
42.49001502	0.00048754	0.00001147	-0.02353494
42.49251501	0.00048722	0.00001147	-0.02353356
42.49501501	0.00048690	0.00001146	-0.02353217
42.49751500	0.00048658	0.00001145	-0.02353079
42.50001500	0.00048626	0.00001144	-0.02352940
42.50251499	0.00048594	0.00001143	-0.02352802
42.50501499	0.00048562	0.00001143	-0.02352664
42.50751499	0.00048530	0.00001142	-0.02352525
42.51001498	0.00048498	0.00001141	-0.02352387
42.51251497	0.00048466	0.00001140	-0.02352249
42.51501497	0.00048434	0.00001139	-0.02352110
42.51751496	0.00048402	0.00001138	-0.02351972
42.52001496	0.00048370	0.00001138	-0.02351834
42.52251495	0.00048338	0.00001137	-0.02351695
42.52501495	0.00048307	0.00001136	-0.02351557
42.52751495	0.00048275	0.00001135	-0.02351419
42.53001494	0.00048243	0.00001134	-0.02351281
42.53251493	0.00048211	0.00001134	-0.02351142
42.53501493	0.00048179	0.00001133	-0.02351004
42.53751492	0.00048147	0.00001132	-0.02350866
42.54001492	0.00048116	0.00001131	-0.02350728
42.54251491	0.00048084	0.00001130	-0.02350590
42.54501491	0.00048052	0.00001129	-0.02350452
42.54751490	0.00048021	0.00001129	-0.02350314
42.55001490	0.00047989	0.00001128	-0.02350175
42.55251489	0.00047957	0.00001127	-0.02350037
42.55501489	0.00047926	0.00001126	-0.02349899
42.55751488	0.00047894	0.00001125	-0.02349761
42.56001488	0.00047863	0.00001125	-0.02349623
42.56251487	0.00047831	0.00001124	-0.02349485
42.56501487	0.00047799	0.00001123	-0.02349347
42.56751486	0.00047768	0.00001122	-0.02349209
42.57001486	0.00047736	0.00001121	-0.02349071
42.57251485	0.00047705	0.00001121	-0.02348933
42.57501485	0.00047673	0.00001120	-0.02348795
42.57751484	0.00047642	0.00001119	-0.02348658
42.58001484	0.00047611	0.00001118	-0.02348520
42.58251483	0.00047579	0.00001117	-0.02348382
42.58501483	0.00047548	0.00001117	-0.02348244
42.58751482	0.00047516	0.00001116	-0.02348106
42.59001482	0.00047485	0.00001115	-0.02347968
42.59251481	0.00047454	0.00001114	-0.02347830
42.59501481	0.00047423	0.00001113	-0.02347693
42.59751480	0.00047391	0.00001113	-0.02347555
42.60001480	0.00047360	0.00001112	-0.02347417
42.60251479	0.00047329	0.00001111	-0.02347279
42.60501479	0.00047298	0.00001110	-0.02347142
42.60751478	0.00047266	0.00001109	-0.02347004
42.61001478	0.00047235	0.00001109	-0.02346866
42.61251477	0.00047204	0.00001108	-0.02346728
42.61501477	0.00047173	0.00001107	-0.02346591
42.61751476	0.00047142	0.00001106	-0.02346453
42.62001476	0.00047111	0.00001105	-0.02346315
42.62251475	0.00047080	0.00001105	-0.02346178
42.62501475	0.00047048	0.00001104	-0.02346040
42.62751474	0.00047017	0.00001103	-0.02345903
42.63001474	0.00046986	0.00001102	-0.02345765
42.63251473	0.00046955	0.00001101	-0.02345628
42.63501473	0.00046924	0.00001101	-0.02345490
42.63751472	0.00046893	0.00001100	-0.02345352
42.64001472	0.00046863	0.00001099	-0.02345215
42.64251471	0.00046832	0.00001098	-0.02345077
42.64501471	0.00046801	0.00001097	-0.02344940
42.64751470	0.00046770	0.00001097	-0.02344803
42.65001470	0.00046739	0.00001096	-0.02344665
42.65251470	0.00046708	0.00001095	-0.02344528
42.65501469	0.00046677	0.00001094	-0.02344390
42.65751468	0.00046647	0.00001094	-0.02344253
42.66001468	0.00046616	0.00001093	-0.02344115
42.66251467	0.00046585	0.00001092	-0.02343978
42.66501467	0.00046554	0.00001091	-0.02343841
42.66751466	0.00046524	0.00001090	-0.02343703
42.67001466	0.00046493	0.00001090	-0.02343566
42.67251466	0.00046462	0.00001089	-0.02343429
42.67501465	0.00046431	0.00001088	-0.02343292
42.67751464	0.00046401	0.00001087	-0.02343154
42.68001464	0.00046370	0.00001086	-0.02343017
42.68251463	0.00046340	0.00001086	-0.02342880
42.68501463	0.00046309	0.00001085	-0.02342743
42.68751462	0.00046278	0.00001084	-0.02342605
42.69001462	0.00046248	0.00001083	-0.02342468
42.69251462	0.00046217	0.00001083	-0.02342331
42.69501461	0.00046187	0.00001082	-0.02342194
42.69751460	0.00046156	0.00001081	-0.02342057
42.70001460	0.00046126	0.00001080	-0.02341920
42.70251459	0.00046095	0.00001079	-0.02341782
42.70501459	0.00046065	0.00001079	-0.02341645
42.70751458	0.00046035	0.00001078	-0.02341508
42.71001458	0.00046004	0.00001077	-0.02341371
42.71251458	0.00045974	0.00001076	-0.02341234
42.71501457	0.00045943	0.00001076	-0.02341097
42.71751456	0.00045913	0.00001075	-0.02340960
42.72001456	0.00045883	0.00001074	-0.02340823
42.72251455	0.00045853	0.00001073	-0.02340686
42.72501455	0.00045822	0.00001072	-0.02340549
42.72751454	0.00045792	0.00001072	-0.02340412
42.73001454	0.00045762	0.00001071	-0.02340275
42.73251453	0.00045732	0.00001070	-0.02340138
42.73501453	0.00045701	0.00001069	-0.02340002
42.73751452	0.00045671	0.00001069	-0.02339865
42.74001452	0.00045641	0.00001068	-0.02339728
42.74251451	0.00045611	0.00001067	-0.02339591
42.74501451	0.00045581	0.00001066	-0.02339454
42.74751450	0.00045551	0.00001066	-0.02339317
42.75001450	0.00045521	0.00001065	-0.02339180
42.75251449	0.00045490	0.00001064	-0.02339044
42.75501449	0.00045460	0.00001063	-0.02338907
42.75751448	0.00045430	0.00001063	-0.02338770
42.76001448	0.00045400	0.00001062	-0.02338633
42.76251447	0.00045370	0.00001061	-0.02338497
42.76501447	0.00045340	0.00001060	-0.02338360
42.76751446	0.00045310	0.00001059	-0.02338223
42.77001446	0.00045281	0.00001059	-0.02338087
42.77251445	0.00045251	0.00001058	-0.02337950
42.77501445	0.00045221	0.00001057	-0.02337813
42.77751444	0.00045191	0.00001056	-0.02337677
42.78001444	0.00045161	0.00001056	-0.02337540
42.78251443	0.00045131	0.00001055	-0.02337404
42.78501443	0.00045101	0.00001054	-0.02337267
42.78751442	0.00045072	0.00001053	-0.02337130
42.79001442	0.00045042	0.00001053	-0.02336994
42.79251441	0.00045012	0.00001052	-0.02336857
42.79501441	0.00044982	0.00001051	-0.02336721
42.79751440	0.00044953	0.00001050	-0.02336584
42.80001440	0.00044923	0.00001050	-0.02336448
42.80251439	0.00044893	0.00001049	-0.02336311
42.80501439	0.00044864	0.00001048	-0.02336175
42.80751438	0.00044834	0.00001047	-0.02336038
42.81001438	0.00044804	0.00001047	-0.02335902
42.81251437	0.00044775	0.00001046	-0.02335766
42.81501437	0.00044745	0.00001045	-0.02335629
42.81751436	0.00044716	0.00001044	-0.02335493
42.82001436	0.00044686	0.00001044	-0.02335357
42.82251435	0.00044656	0.00001043	-0.02335220
42.82501435	0.00044627	0.00001042	-0.02335084
42.82751434	0.00044597	0.00001041	-0.02334948
42.83001434	0.00044568	0.00001041	-0.02334811
42.83251433	0.00044539	0.00001040	-0.02334675
42.83501433	0.00044509	0.00001039	-0.02334539
42.83751433	0.00044480	0.00001038	-0.02334402
42.84001432	0.00044450	0.00001038	-0.02334266
42.84251431	0.00044421	0.00001037	-0.02334130
42.84501431	0.00044392	0.00001036	-0.02333994
42.84751430	0.00044362	0.00001035	-0.02333858
42.85001430	0.00044333	0.00001035	-0.02333722
42.85251429	0.00044304	0.00001034	-0.02333585
42.85501429	0.00044274	0.00001033	-0.02333449
42.85751429	0.00044245	0.00001032	-0.02333313
42.86001428	0.00044216	0.00001032	-0.02333177
42.86251427	0.00044187	0.00001031	-0.02333041
42.86501427	0.00044157	0.00001030	-0.02332905
42.86751426	0.00044128	0.00001029	-0.02332769
42.87001426	0.00044099	0.00001029	-0.02332633
42.87251425	0.00044070	0.00001028	-0.02332497
42.87501425	0.00044041	0.00001027	-0.02332361
42.87751425	0.00044012	0.00001026	-0.02332225
42.88001424	0.00043982	0.00001026	-0.02332089
42.88251423	0.00043953	0.00001025	-0.02331953
42.88501423	0.00043924	0.00001024	-0.02331817
42.88751422	0.00043895	0.00001023	-0.02331681
42.89001422	0.00043866	0.00001023	-0.02331545
42.89251421	0.00043837	0.00001022	-0.02331409
42.89501421	0.00043808	0.00001021	-0.02331273
42.89751421	0.00043779	0.00001021	-0.02331137
42.90001420	0.00043750	0.00001020	-0.02331002
42.90251419	0.00043721	0.00001019	-0.02330866
42.90501419	0.00043692	0.00001018	-0.02330730
42.90751418	0.00043664	0.00001018	-0.02330594
42.91001418	0.00043635	0.00001017	-0.02330458
42.91251417	0.00043606	0.00001016	-0.02330323
42.91501417	0.00043577	0.00001015	-0.02330187
42.91751417	0.00043548	0.00001015	-0.02330051
42.92001416	0.00043519	0.00001014	-0.02329915
42.92251415	0.00043491	0.00001013	-0.02329780
42.92501415	0.00043462	0.00001013	-0.02329644
42.92751414	0.00043433	0.00001012	-0.02329508
42.93001414	0.00043404	0.00001011	-0.02329373
42.93251413	0.00043376	0.00001010	-0.02329237
42.93501413	0.00043347	0.00001010	-0.02329101
42.93751412	0.00043318	0.00001009	-0.02328966
42.94001412	0.00043290	0.00001008	-0.02328830
42.94251411	0.00043261	0.00001007	-0.02328695
42.94501411	0.00043232	0.00001007	-0.02328559
42.94751410	0.00043204	0.00001006	-0.02328423
42.95001410	0.00043175	0.00001005	-0.02328288
42.95251409	0.00043147	0.00001005	-0.02328152
42.95501409	0.00043118	0.00001004	-0.02328017
42.95751408	0.00043090	0.00001003	-0.02327881
42.96001408	0.00043061	0.00001002	-0.02327746
42.96251407	0.00043033	0.00001002	-0.02327611
42.96501407	0.00043004	0.00001001	-0.02327475
42.96751406	0.00042976	0.00001000	-0.02327340
42.97001406	0.00042947	0.00000999	-0.02327204
42.97251405	0.00042919	0.00000999	-0.02327069
42.97501405	0.00042890	0.00000998	-0.02326934
42.97751404	0.00042862	0.00000997	-0.02326798
42.98001404	0.00042834	0.00000997	-0.02326663
42.98251403	0.00042805	0.00000996	-0.02326527
42.98501403	0.00042777	0.00000995	-0.02326392
42.98751402	0.00042749	0.00000994	-0.02326257
42.99001402	0.00042720	0.00000994	-0.02326122
42.99251401	0.00042692	0.00000993	-0.02325986
42.99501401	0.00042664	0.00000992	-0.02325851
42.99751400	0.00042636	0.00000992	-0.02325716
43.00001400	0.00042607	0.00000991	-0.02325581
43.00251399	0.00042579	0.00000990	-0.02325445
43.00501399	0.00042551	0.00000989	-0.02325310
43.00751398	0.00042523	0.00000989	-0.02325175
43.01001398	0.00042495	0.00000988	-0.02325040
43.01251397	0.00042467	0.00000987	-0.02324905
43.01501397	0.00042438	0.00000987	-0.02324770
43.01751396	0.00042410	0.00000986	-0.02324635
43.02001396	0.00042382	0.00000985	-0.02324499
43.02251395	0.00042354	0.00000984	-0.02324364
43.02501395	0.00042326	0.00000984	-0.02324229
43.02751394	0.00042298	0.00000983	-0.02324094
43.03001394	0.00042270	0.00000982	-0.02323959
43.03251393	0.00042242	0.00000982	-0.02323824
43.03501393	0.00042214	0.00000981	-0.02323689
43.03751392	0.00042186	0.00000980	-0.02323554
43.04001392	0.00042158	0.00000980	-0.02323419
43.04251392	0.00042130	0.00000979	-0.02323284
43.04501391	0.00042103	0.00000978	-0.02323149
43.04751390	0.00042075	0.00000977	-0.02323015
43.05001390	0.00042047	0.00000977	-0.02322880
43.05251389	0.00042019	0.00000976	-0.02322745
43.05501389	0.00041991	0.00000975	-0.02322610
43.05751388	0.00041963	0.00000975	-0.02322475
43.06001388	0.00041936	0.00000974	-0.02322340
43.06251388	0.00041908	0.00000973	-0.02322205
43.06501387	0.00041880	0.00000972	-0.02322071
43.06751386	0.00041852	0.00000972	-0.02321936
43.07001386	0.00041825	0.00000971	-0.02321801
43.07251385	0.00041797	0.00000970	-0.02321666
43.07501385	0.00041769	0.00000970	-0.02321531
43.07751384	0.00041742	0.00000969	-0.02321397
43.08001384	0.00041714	0.00000968	-0.02321262
43.08251384	0.00041686	0.00000968	-0.02321127
43.08501383	0.00041659	0.00000967	-0.02320993
43.08751382	0.00041631	0.00000966	-0.02320858
43.09001382	0.00041604	0.00000966	-0.02320723
43.09251381	0.00041576	0.00000965	-0.02320589
43.09501381	0.00041548	0.00000964	-0.02320454
43.09751380	0.00041521	0.00000963	-0.02320319
43.10001380	0.00041493	0.00000963	-0.02320185
43.10251380	0.00041466	0.00000962	-0.02320050
43.10501379	0.00041438	0.00000961	-0.02319916
43.10751378	0.00041411	0.00000961	-0.02319781
43.11001378	0.00041384	0.00000960	-0.02319647
43.11251377	0.00041356	0.00000959	-0.02319512
43.11501377	0.00041329	0.00000959	-0.02319378
43.11751376	0.00041301	0.00000958	-0.02319243
43.12001376	0.00041274	0.00000957	-0.02319109
43.12251375	0.00041247	0.00000956	-0.02318974
43.12501375	0.00041219	0.00000956	-0.02318840
43.12751374	0.00041192	0.00000955	-0.02318705
43.13001374	0.00041165	0.00000954	-0.02318571
43.13251373	0.00041137	0.00000954	-0.02318437
43.13501373	0.00041110	0.00000953	-0.02318302
43.13751372	0.00041083	0.00000952	-0.02318168
43.14001372	0.00041056	0.00000952	-0.02318034
43.14251371	0.00041029	0.00000951	-0.02317899
43.14501371	0.00041001	0.00000950	-0.02317765
43.14751370	0.00040974	0.00000950	-0.02317631
43.15001370	0.00040947	0.00000949	-0.02317496
43.15251369	0.00040920	0.00000948	-0.02317362
43.15501369	0.00040893	0.00000948	-0.02317228
43.15751368	0.00040866	0.00000947	-0.02317094
43.16001368	0.00040839	0.00000946	-0.02316959
43.16251367	0.00040812	0.00000946	-0.02316825
43.16501367	0.00040784	0.00000945	-0.02316691
43.16751366	0.00040757	0.00000944	-0.02316557
43.17001366	0.00040730	0.00000943	-0.02316423
43.17251365	0.00040703	0.00000943	-0.02316289
43.17501365	0.00040676	0.00000942	-0.02316154
43.17751364	0.00040649	0.00000941	-0.02316020
43.18001364	0.00040623	0.00000941	-0.02315886
43.18251363	0.00040596	0.00000940	-0.02315752
43.18501363	0.00040569	0.00000939	-0.02315618
43.18751362	0.00040542	0.00000939	-0.02315484
43.19001362	0.00040515	0.00000938	-0.02315350
43.19251361	0.00040488	0.00000937	-0.02315216
43.19501361	0.00040461	0.00000937	-0.02315082
43.19751360	0.00040434	0.00000936	-0.02314948
43.20001360	0.00040408	0.00000935	-0.02314814
43.20251359	0.00040381	0.00000935	-0.02314680
43.20501359	0.00040354	0.00000934	-0.02314546
43.20751358	0.00040327	0.00000933	-0.02314412
43.21001358	0.00040301	0.00000933	-0.02314278
43.21251357	0.00040274	0.00000932	-0.02314144
43.21501357	0.00040247	0.00000931	-0.02314011
43.21751356	0.00040220	0.00000931	-0.02313877
43.22001356	0.00040194	0.00000930	-0.02313743
43.22251355	0.00040167	0.00000929	-0.02313609
43.22501355	0.00040140	0.00000929	-0.02313475
43.22751355	0.00040114	0.00000928	-0.02313341
43.23001354	0.00040087	0.00000927	-0.02313208
43.23251353	0.00040061	0.00000927	-0.02313074
43.23501353	0.00040034	0.00000926	-0.02312940
43.23751352	0.00040008	0.00000925	-0.02312806
43.24001352	0.00039981	0.00000925	-0.02312673
43.24251351	0.00039954	0.00000924	-0.02312539
43.24501351	0.00039928	0.00000923	-0.02312405
43.24751351	0.00039901	0.00000923	-0.02312272
43.25001350	0.00039875	0.00000922	-0.02312138
43.25251349	0.00039849	0.00000921	-0.02312004
43.25501349	0.00039822	0.00000921	-0.02311871
43.25751348	0.00039796	0.00000920	-0.02311737
43.26001348	0.00039769	0.00000919	-0.02311604
43.26251347	0.00039743	0.00000919	-0.02311470
43.26501347	0.00039717	0.00000918	-0.02311336
43.26751347	0.00039690	0.00000917	-0.02311203
43.27001346	0.00039664	0.00000917	-0.02311069
43.27251345	0.00039638	0.00000916	-0.02310936
43.27501345	0.00039611	0.00000915	-0.02310802
43.27751344	0.00039585	0.00000915	-0.02310669
43.28001344	0.00039559	0.00000914	-0.02310535
43.28251343	0.00039533	0.00000913	-0.02310402
43.28501343	0.00039506	0.00000913	-0.02310268
43.28751343	0.00039480	0.00000912	-0.02310135
43.29001342	0.00039454	0.00000911	-0.02310002
43.29251341	0.00039428	0.00000911	-0.02309868
43.29501341	0.00039402	0.00000910	-0.02309735
43.29751340	0.00039375	0.00000909	-0.02309601
43.30001340	0.00039349	0.00000909	-0.02309468
43.30251339	0.00039323	0.00000908	-0.02309335
43.30501339	0.00039297	0.00000907	-0.02309201
43.30751339	0.00039271	0.00000907	-0.02309068
43.31001338	0.00039245	0.00000906	-0.02308935
43.31251337	0.00039219	0.00000905	-0.02308802
43.31501337	0.00039193	0.00000905	-0.02308668
43.31751336	0.00039167	0.00000904	-0.02308535
43.32001336	0.00039141	0.00000904	-0.02308402
43.32251335	0.00039115	0.00000903	-0.02308269
43.32501335	0.00039089	0.00000902	-0.02308135
43.32751334	0.00039063	0.00000902	-0.02308002
43.33001334	0.00039037	0.00000901	-0.02307869
43.33251333	0.00039011	0.00000900	-0.02307736
43.33501333	0.00038985	0.00000900	-0.02307603
43.33751332	0.00038959	0.00000899	-0.02307470
43.34001332	0.00038933	0.00000898	-0.02307337
43.34251331	0.00038908	0.00000898	-0.02307204
43.34501331	0.00038882	0.00000897	-0.02307070
43.34751330	0.00038856	0.00000896	-0.02306937
43.35001330	0.00038830	0.00000896	-0.02306804
43.35251329	0.00038804	0.00000895	-0.02306671
43.35501329	0.00038779	0.00000894	-0.02306538
43.35751328	0.00038753	0.00000894	-0.02306405
43.36001328	0.00038727	0.00000893	-0.02306272
43.36251327	0.00038701	0.00000893	-0.02306139
43.36501327	0.00038676	0.00000892	-0.02306006
43.36751326	0.00038650	0.00000891	-0.02305874
43.37001326	0.00038624	0.00000891	-0.02305741
43.37251325	0.00038599	0.00000890	-0.02305608
43.37501325	0.00038573	0.00000889	-0.02305475
43.37751324	0.00038548	0.00000889	-0.02305342
43.38001324	0.00038522	0.00000888	-0.02305209
43.38251323	0.00038496	0.00000887	-0.02305076
43.38501323	0.00038471	0.00000887	-0.02304943
43.38751322	0.00038445	0.00000886	-0.02304811
43.39001322	0.00038420	0.00000885	-0.02304678
43.39251321	0.00038394	0.00000885	-0.02304545
43.39501321	0.00038369	0.00000884	-0.02304412
43.39751320	0.00038343	0.00000884	-0.02304279
43.40001320	0.00038318	0.00000883	-0.02304147
43.40251319	0.00038292	0.00000882	-0.02304014
43.40501319	0.00038267	0.00000882	-0.02303881
43.40751318	0.00038241	0.00000881	-0.02303749
43.41001318	0.00038216	0.00000880	-0.02303616
43.41251317	0.00038191	0.00000880	-0.02303483
43.41501317	0.00038165	0.00000879	-0.02303351
43.41751316	0.00038140	0.00000878	-0.02303218
43.42001316	0.00038115	0.00000878	-0.02303085
43.42251315	0.00038089	0.00000877	-0.02302953
43.42501315	0.00038064	0.00000877	-0.02302820
43.42751314	0.00038039	0.00000876	-0.02302688
43.43001314	0.00038013	0.00000875	-0.02302555
43.43251314	0.00037988	0.00000875	-0.02302423
43.43501313	0.00037963	0.00000874	-0.02302290
43.43751312	0.00037938	0.00000873	-0.02302158
43.44001312	0.00037912	0.00000873	-0.02302025
43.44251311	0.00037887	0.00000872	-0.02301893
43.44501311	0.00037862	0.00000871	-0.02301760
43.44751310	0.00037837	0.00000871	-0.02301628
43.45001310	0.00037812	0.00000870	-0.02301495
43.45251310	0.00037787	0.00000870	-0.02301363
43.45501309	0.00037762	0.00000869	-0.02301230
43.45751308	0.00037736	0.00000868	-0.02301098
43.46001308	0.00037711	0.00000868	-0.02300966
43.46251307	0.00037686	0.00000867	-0.02300833
43.46501307	0.00037661	0.00000866	-0.02300701
43.46751306	0.00037636	0.00000866	-0.02300569
43.47001306	0.00037611	0.00000865	-0.02300436
43.47251306	0.00037586	0.00000865	-0.02300304
43.47501305	0.00037561	0.00000864	-0.02300172
43.47751304	0.00037536	0.00000863	-0.02300040
43.48001304	0.00037511	0.00000863	-0.02299907
43.48251303	0.00037486	0.00000862	-0.02299775
43.48501303	0.00037461	0.00000861	-0.02299643
43.48751302	0.00037437	0.00000861	-0.02299511
43.49001302	0.00037412	0.00000860	-0.02299378
43.49251302	0.00037387	0.00000860	-0.02299246
43.49501301	0.00037362	0.00000859	-0.02299114
43.49751300	0.00037337	0.00000858	-0.02298982
43.50001300	0.00037312	0.00000858	-0.02298850
43.50251299	0.00037288	0.00000857	-0.02298718
43.50501299	0.00037263	0.00000857	-0.02298586
43.50751298	0.00037238	0.00000856	-0.02298454
43.51001298	0.00037213	0.00000855	-0.02298322
43.51251297	0.00037188	0.00000855	-0.02298189
43.51501297	0.00037164	0.00000854	-0.02298057
43.51751296	0.00037139	0.00000853	-0.02297925
43.52001296	0.00037114	0.00000853	-0.02297793
43.52251295	0.00037090	0.00000852	-0.02297661
43.52501295	0.00037065	0.00000852	-0.02297529
43.52751294	0.00037040	0.00000851	-0.02297398
43.53001294	0.00037016	0.00000850	-0.02297266
43.53251293	0.00036991	0.00000850	-0.02297134
43.53501293	0.00036966	0.00000849	-0.02297002
43.53751292	0.00036942	0.00000849	-0.02296870
43.54001292	0.00036917	0.00000848	-0.02296738
43.54251291	0.00036893	0.00000847	-0.02296606
43.54501291	0.00036868	0.00000847	-0.02296474
43.54751290	0.00036844	0.00000846	-0.02296342
43.55001290	0.00036819	0.00000845	-0.02296211
43.55251289	0.00036795	0.00000845	-0.02296079
43.55501289	0.00036770	0.00000844	-0.02295947
43.55751288	0.00036746	0.00000844	-0.02295815
43.56001288	0.00036721	0.00000843	-0.02295683
43.56251287	0.00036697	0.00000842	-0.02295552
43.56501287	0.00036673	0.00000842	-0.02295420
43.56751286	0.00036648	0.00000841	-0.02295288
43.57001286	0.00036624	0.00000841	-0.02295157
43.57251285	0.00036599	0.00000840	-0.02295025
43.57501285	0.00036575	0.00000839	-0.02294893
43.57751284	0.00036551	0.00000839	-0.02294762
43.58001284	0.00036526	0.00000838	-0.02294630
43.58251283	0.00036502	0.00000838	-0.02294498
43.58501283	0.00036478	0.00000837	-0.02294367
43.58751282	0.00036454	0.00000836	-0.02294235
43.59001282	0.00036429	0.00000836	-0.02294103
43.59251281	0.00036405	0.00000835	-0.02293972
43.59501281	0.00036381	0.00000835	-0.02293840
43.59751280	0.00036357	0.00000834	-0.02293709
43.60001280	0.00036332	0.00000833	-0.02293577
43.60251279	0.00036308	0.00000833	-0.02293446
43.60501279	0.00036284	0.00000832	-0.02293314
43.60751278	0.00036260	0.00000832	-0.02293183
43.61001278	0.00036236	0.00000831	-0.02293051
43.61251277	0.00036212	0.00000830	-0.02292920
43.61501277	0.00036188	0.00000830	-0.02292789
43.61751276	0.00036164	0.00000829	-0.02292657
43.62001276	0.00036139	0.00000829	-0.02292526
43.62251275	0.00036115	0.00000828	-0.02292394
43.62501275	0.00036091	0.00000827	-0.02292263
43.62751274	0.00036067	0.00000827	-0.02292132
43.63001274	0.00036043	0.00000826	-0.02292000
43.63251273	0.00036019	0.00000826	-0.02291869
43.63501273	0.00035995	0.00000825	-0.02291738
43.63751273	0.00035971	0.00000824	-0.02291606
43.64001272	0.00035947	0.00000824	-0.02291475
43.64251271	0.00035924	0.00000823	-0.02291344
43.64501271	0.00035900	0.00000823	-0.02291213
43.64751270	0.00035876	0.00000822	-0.02291081
43.65001270	0.00035852	0.00000821	-0.02290950
43.65251269	0.00035828	0.00000821	-0.02290819
43.65501269	0.00035804	0.00000820	-0.02290688
43.65751269	0.00035780	0.00000820	-0.02290557
43.66001268	0.00035756	0.00000819	-0.02290425
43.66251267	0.00035733	0.00000818	-0.02290294
43.66501267	0.00035709	0.00000818	-0.02290163
43.66751266	0.00035685	0.00000817	-0.02290032
43.67001266	0.00035661	0.00000817	-0.02289901
43.67251265	0.00035638	0.00000816	-0.02289770
43.67501265	0.00035614	0.00000815	-0.02289639
43.67751265	0.00035590	0.00000815	-0.02289508
43.68001264	0.00035566	0.00000814	-0.02289377
43.68251263	0.00035543	0.00000814	-0.02289246
43.68501263	0.00035519	0.00000813	-0.02289115
43.68751262	0.00035495	0.00000812	-0.02288984
43.69001262	0.00035472	0.00000812	-0.02288853
43.69251261	0.00035448	0.00000811	-0.02288722
43.69501261	0.00035425	0.00000811	-0.02288591
43.69751261	0.00035401	0.00000810	-0.02288460
43.70001260	0.00035377	0.00000810	-0.02288329
43.70251259	0.00035354	0.00000809	-0.02288198
43.70501259	0.00035330	0.00000808	-0.02288067
43.70751258	0.00035307	0.00000808	-0.02287936
43.71001258	0.00035283	0.00000807	-0.02287805
43.71251257	0.00035260	0.00000807	-0.02287674
43.71501257	0.00035236	0.00000806	-0.02287544
43.71751256	0.00035213	0.00000805	-0.02287413
43.72001256	0.00035189	0.00000805	-0.02287282
43.72251255	0.00035166	0.00000804	-0.02287151
43.72501255	0.00035142	0.00000804	-0.02287020
43.72751254	0.00035119	0.00000803	-0.02286890
43.73001254	0.00035096	0.00000803	-0.02286759
43.73251253	0.00035072	0.00000802	-0.02286628
43.73501253	0.00035049	0.00000801	-0.02286498
43.73751252	0.00035026	0.00000801	-0.02286367
43.74001252	0.00035002	0.00000800	-0.02286236
43.74251251	0.00034979	0.00000800	-0.02286106
43.74501251	0.00034956	0.00000799	-0.02285975
43.74751250	0.00034932	0.00000798	-0.02285844
43.75001250	0.00034909	0.00000798	-0.02285714
43.75251249	0.00034886	0.00000797	-0.02285583
43.75501249	0.00034862	0.00000797	-0.02285452
43.75751248	0.00034839	0.00000796	-0.02285322
43.76001248	0.00034816	0.00000796	-0.02285191
43.76251247	0.00034793	0.00000795	-0.02285061
43.76501247	0.00034770	0.00000794	-0.02284930
43.76751246	0.00034746	0.00000794	-0.02284800
43.77001246	0.00034723	0.00000793	-0.02284669
43.77251245	0.00034700	0.00000793	-0.02284539
43.77501245	0.00034677	0.00000792	-0.02284408
43.77751244	0.00034654	0.00000792	-0.02284278
43.78001244	0.00034631	0.00000791	-0.02284147
43.78251243	0.00034608	0.00000790	-0.02284017
43.78501243	0.00034585	0.00000790	-0.02283887
43.78751242	0.00034562	0.00000789	-0.02283756
43.79001242	0.00034539	0.00000789	-0.02283626
43.79251241	0.00034516	0.00000788	-0.02283495
43.79501241	0.00034493	0.00000788	-0.02283365
43.79751240	0.00034470	0.00000787	-0.02283235
43.80001240	0.00034447	0.00000786	-0.02283104
43.80251239	0.00034424	0.00000786	-0.02282974
43.80501239	0.00034401	0.00000785	-0.02282844
43.80751238	0.00034378	0.00000785	-0.02282714
43.81001238	0.00034355	0.00000784	-0.02282583
43.81251237	0.00034332	0.00000784	-0.02282453
43.81501237	0.00034309	0.00000783	-0.02282323
43.81751236	0.00034286	0.00000782	-0.02282193
43.82001236	0.00034263	0.00000782	-0.02282062
43.82251236	0.00034240	0.00000781	-0.02281932
43.82501235	0.00034218	0.00000781	-0.02281802
43.82751234	0.00034195	0.00000780	-0.02281672
43.83001234	0.00034172	0.00000780	-0.02281542
43.83251233	0.00034149	0.00000779	-0.02281412
43.83501233	0.00034126	0.00000779	-0.02281281
43.83751232	0.00034104	0.00000778	-0.02281151
43.84001232	0.00034081	0.00000777	-0.02281021
43.84251232	0.00034058	0.00000777	-0.02280891
43.84501231	0.00034035	0.00000776	-0.02280761
43.84751230	0.00034013	0.00000776	-0.02280631
43.85001230	0.00033990	0.00000775	-0.02280501
43.85251229	0.00033967	0.00000775	-0.02280371
43.85501229	0.00033945	0.00000774	-0.02280241
43.85751228	0.00033922	0.00000773	-0.02280111
43.86001228	0.00033899	0.00000773	-0.02279981
43.86251228	0.00033877	0.00000772	-0.02279851
43.86501227	0.00033854	0.00000772	-0.02279721
43.86751226	0.00033832	0.00000771	-0.02279591
43.87001226	0.00033809	0.00000771	-0.02279461
43.87251225	0.00033787	0.00000770	-0.02279332
43.87501225	0.00033764	0.00000770	-0.02279202
43.87751224	0.00033741	0.00000769	-0.02279072
43.88001224	0.00033719	0.00000768	-0.02278942
43.88251224	0.00033696	0.00000768	-0.02278812
43.88501223	0.00033674	0.00000767	-0.02278682
43.88751222	0.00033651	0.00000767	-0.02278552
43.89001222	0.00033629	0.00000766	-0.02278423
43.89251221	0.00033607	0.00000766	-0.02278293
43.89501221	0.00033584	0.00000765	-0.02278163
43.89751220	0.00033562	0.00000765	-0.02278033
43.90001220	0.00033539	0.00000764	-0.02277904
43.90251219	0.00033517	0.00000763	-0.02277774
43.90501219	0.00033495	0.00000763	-0.02277644
43.90751218	0.00033472	0.00000762	-0.02277515
43.91001218	0.00033450	0.00000762	-0.02277385
43.91251217	0.00033428	0.00000761	-0.02277255
43.91501217	0.00033405	0.00000761	-0.02277126
43.91751216	0.00033383	0.00000760	-0.02276996
43.92001216	0.00033361	0.00000760	-0.02276866
43.92251215	0.00033338	0.00000759	-0.02276737
43.92501215	0.00033316	0.00000758	-0.02276607
43.92751214	0.00033294	0.00000758	-0.02276478
43.93001214	0.00033272	0.00000757	-0.02276348
43.93251213	0.00033250	0.00000757	-0.02276219
43.93501213	0.00033227	0.00000756	-0.02276089
43.93751212	0.00033205	0.00000756	-0.02275960
43.94001212	0.00033183	0.00000755	-0.02275830
43.94251211	0.00033161	0.00000755	-0.02275701
43.94501211	0.00033139	0.00000754	-0.02275571
43.94751210	0.00033117	0.00000754	-0.02275442
43.95001210	0.00033094	0.00000753	-0.02275312
43.95251209	0.00033072	0.00000752	-0.02275183
43.95501209	0.00033050	0.00000752	-0.02275053
43.95751208	0.00033028	0.00000751	-0.02274924
43.96001208	0.00033006	0.00000751	-0.02274795
43.96251207	0.00032984	0.00000750	-0.02274665
43.96501207	0.00032962	0.00000750	-0.02274536
43.96751206	0.00032940	0.00000749	-0.02274407
43.97001206	0.00032918	0.00000749	-0.02274277
43.97251205	0.00032896	0.00000748	-0.02274148
43.97501205	0.00032874	0.00000748	-0.02274019
43.97751204	0.00032852	0.00000747	-0.02273889
43.98001204	0.00032830	0.00000746	-0.02273760
43.98251203	0.00032808	0.00000746	-0.02273631
43.98501203	0.00032786	0.00000745	-0.02273502
43.98751202	0.00032764	0.00000745	-0.02273372
43.99001202	0.00032743	0.00000744	-0.02273243
43.99251201	0.00032721	0.00000744	-0.02273114
43.99501201	0.00032699	0.00000743	-0.02272985
43.99751200	0.00032677	0.00000743	-0.02272856
44.00001200	0.00032655	0.00000742	-0.02272727
44.00251199	0.00032633	0.00000742	-0.02272598
44.00501199	0.00032612	0.00000741	-0.02272468
44.00751198	0.00032590	0.00000741	-0.02272339
44.01001198	0.00032568	0.00000740	-0.02272210
44.01251197	0.00032546	0.00000739	-0.02272081
44.01501197	0.00032525	0.00000739	-0.02271952
44.01751196	0.00032503	0.00000738	-0.02271823
44.02001196	0.00032481	0.00000738	-0.02271694
44.02251195	0.00032459	0.00000737	-0.02271565
44.02501195	0.00032438	0.00000737	-0.02271436
44.02751195	0.00032416	0.00000736	-0.02271307
44.03001194	0.00032394	0.00000736	-0.02271178
44.03251193	0.00032373	0.00000735	-0.02271049
44.03501193	0.00032351	0.00000735	-0.02270920
44.03751192	0.00032329	0.00000734	-0.02270791
44.04001192	0.00032308	0.00000734	-0.02270662
44.04251191	0.00032286	0.00000733	-0.02270534
44.04501191	0.00032265	0.00000733	-0.02270405
44.04751191	0.00032243	0.00000732	-0.02270276
44.05001190	0.00032222	0.00000731	-0.02270147
44.05251189	0.00032200	0.00000731	-0.02270018
44.05501189	0.00032179	0.00000730	-0.02269889
44.05751188	0.00032157	0.00000730	-0.02269760
44.06001188	0.00032136	0.00000729	-0.02269632
44.06251187	0.00032114	0.00000729	-0.02269503
44.06501187	0.00032093	0.00000728	-0.02269374
44.06751187	0.00032071	0.00000728	-0.02269245
44.07001186	0.00032050	0.00000727	-0.02269117
44.07251185	0.00032028	0.00000727	-0.02268988
44.07501185	0.00032007	0.00000726	-0.02268859
44.07751184	0.00031985	0.00000726	-0.02268731
44.08001184	0.00031964	0.00000725	-0.02268602
44.08251183	0.00031943	0.00000725	-0.02268473
44.08501183	0.00031921	0.00000724	-0.02268345
44.08751182	0.00031900	0.00000724	-0.02268216
44.09001182	0.00031879	0.00000723	-0.02268087
44.09251181	0.00031857	0.00000723	-0.02267959
44.09501181	0.00031836	0.00000722	-0.02267830
44.09751180	0.00031815	0.00000721	-0.02267702
44.10001180	0.00031793	0.00000721	-0.02267573
44.10251179	0.00031772	0.00000720	-0.02267445
44.10501179	0.00031751	0.00000720	-0.02267316
44.10751178	0.00031730	0.00000719	-0.02267188
44.11001178	0.00031709	0.00000719	-0.02267059
44.11251177	0.00031687	0.00000718	-0.02266931
44.11501177	0.00031666	0.00000718	-0.02266802
44.11751176	0.00031645	0.00000717	-0.02266674
44.12001176	0.00031624	0.00000717	-0.02266545
44.12251175	0.00031603	0.00000716	-0.02266417
44.12501175	0.00031581	0.00000716	-0.02266288
44.12751174	0.00031560	0.00000715	-0.02266160
44.13001174	0.00031539	0.00000715	-0.02266032
44.13251173	0.00031518	0.00000714	-0.02265903
44.13501173	0.00031497	0.00000714	-0.02265775
44.13751172	0.00031476	0.00000713	-0.02265647
44.14001172	0.00031455	0.00000713	-0.02265518
44.14251171	0.00031434	0.00000712	-0.02265390
44.14501171	0.00031413	0.00000712	-0.02265262
44.14751170	0.00031392	0.00000711	-0.02265133
44.15001170	0.00031371	0.00000711	-0.02265005
44.15251169	0.00031350	0.00000710	-0.02264877
44.15501169	0.00031329	0.00000710	-0.02264749
44.15751168	0.00031308	0.00000709	-0.02264620
44.16001168	0.00031287	0.00000708	-0.02264492
44.16251167	0.00031266	0.00000708	-0.02264364
44.16501167	0.00031245	0.00000707	-0.02264236
44.16751166	0.00031224	0.00000707	-0.02264108
44.17001166	0.00031203	0.00000706	-0.02263979
44.17251165	0.00031182	0.00000706	-0.02263851
44.17501165	0.00031162	0.00000705	-0.02263723
44.17751164	0.00031141	0.00000705	-0.02263595
44.18001164	0.00031120	0.00000704	-0.02263467
44.18251163	0.00031099	0.00000704	-0.02263339
44.18501163	0.00031078	0.00000703	-0.02263211
44.18751162	0.00031057	0.00000703	-0.02263083
44.19001162	0.00031037	0.00000702	-0.02262955
44.19251161	0.00031016	0.00000702	-0.02262827
44.19501161	0.00030995	0.00000701	-0.02262699
44.19751160	0.00030974	0.00000701	-0.02262571
44.20001160	0.00030954	0.00000700	-0.02262443
44.20251159	0.00030933	0.00000700	-0.02262315
44.20501159	0.00030912	0.00000699	-0.02262187
44.20751158	0.00030892	0.00000699	-0.02262059
44.21001158	0.00030871	0.00000698	-0.02261931
44.21251158	0.00030850	0.00000698	-0.02261803
44.21501157	0.00030830	0.00000697	-0.02261675
44.21751156	0.00030809	0.00000697	-0.02261547
44.22001156	0.00030788	0.00000696	-0.02261420
44.22251155	0.00030768	0.00000696	-0.02261292
44.22501155	0.00030747	0.00000695	-0.02261164
44.22751154	0.00030726	0.00000695	-0.02261036
44.23001154	0.00030706	0.00000694	-0.02260908
44.23251154	0.00030685	0.00000694	-0.02260781
44.23501153	0.00030665	0.00000693	-0.02260653
44.23751152	0.00030644	0.00000693	-0.02260525
44.24001152	0.00030624	0.00000692	-0.02260397
44.24251151	0.00030603	0.00000692	-0.02260270
44.24501151	0.00030583	0.00000691	-0.02260142
44.24751150	0.00030562	0.00000691	-0.02260014
44.25001150	0.00030542	0.00000690	-0.02259886
44.25251150	0.00030521	0.00000690	-0.02259759
44.25501149	0.00030501	0.00000689	-0.02259631
44.25751148	0.00030480	0.00000689	-0.02259503
44.26001148	0.00030460	0.00000688	-0.02259376
44.26251147	0.00030440	0.00000688	-0.02259248
44.26501147	0.00030419	0.00000687	-0.02259121
44.26751146	0.00030399	0.00000687	-0.02258993
44.27001146	0.00030379	0.00000686	-0.02258865
44.27251146	0.00030358	0.00000686	-0.02258738
44.27501145	0.00030338	0.00000685	-0.02258610
44.27751144	0.00030318	0.00000685	-0.02258483
44.28001144	0.00030297	0.00000684	-0.02258355
44.28251143	0.00030277	0.00000684	-0.02258228
44.28501143	0.00030257	0.00000683	-0.02258100
44.28751142	0.00030236	0.00000683	-0.02257973
44.29001142	0.00030216	0.00000682	-0.02257845
44.29251141	0.00030196	0.00000682	-0.02257718
44.29501141	0.00030176	0.00000681	-0.02257591
44.29751140	0.00030155	0.00000681	-0.02257463
44.30001140	0.00030135	0.00000680	-0.02257336
44.30251139	0.00030115	0.00000680	-0.02257208
44.30501139	0.00030095	0.00000679	-0.02257081
44.30751138	0.00030075	0.00000679	-0.02256954
44.31001138	0.00030054	0.00000678	-0.02256826
44.31251137	0.00030034	0.00000678	-0.02256699
44.31501137	0.00030014	0.00000677	-0.02256572
44.31751136	0.00029994	0.00000677	-0.02256444
44.32001136	0.00029974	0.00000676	-0.02256317
44.32251135	0.00029954	0.00000676	-0.02256190
44.32501135	0.00029934	0.00000675	-0.02256063
44.32751134	0.00029914	0.00000675	-0.02255935
44.33001134	0.00029894	0.00000674	-0.02255808
44.33251133	0.00029874	0.00000674	-0.02255681
44.33501133	0.00029854	0.00000673	-0.02255554
44.33751132	0.00029834	0.00000673	-0.02255427
44.34001132	0.00029814	0.00000672	-0.02255299
44.34251131	0.00029794	0.00000672	-0.02255172
44.34501131	0.00029774	0.00000671	-0.02255045
44.34751130	0.00029754	0.00000671	-0.02254918
44.35001130	0.00029734	0.00000670	-0.02254791
44.35251129	0.00029714	0.00000670	-0.02254664
44.35501129	0.00029694	0.00000669	-0.02254537
44.35751128	0.00029674	0.00000669	-0.02254410
44.36001128	0.00029654	0.00000668	-0.02254283
44.36251127	0.00029634	0.00000668	-0.02254156
44.36501127	0.00029614	0.00000668	-0.02254029
44.36751126	0.00029594	0.00000667	-0.02253901
44.37001126	0.00029575	0.00000667	-0.02253775
44.37251125	0.00029555	0.00000666	-0.02253648
44.37501125	0.00029535	0.00000666	-0.02253521
44.37751124	0.00029515	0.00000665	-0.02253394
44.38001124	0.00029495	0.00000665	-0.02253267
44.38251123	0.00029476	0.00000664	-0.02253140
44.38501123	0.00029456	0.00000664	-0.02253013
44.38751122	0.00029436	0.00000663	-0.02252886
44.39001122	0.00029416	0.00000663	-0.02252759
44.39251121	0.00029397	0.00000662	-0.02252632
44.39501121	0.00029377	0.00000662	-0.02252505
44.39751120	0.00029357	0.00000661	-0.02252379
44.40001120	0.00029337	0.00000661	-0.02252252
44.40251119	0.00029318	0.00000660	-0.02252125
44.40501119	0.00029298	0.00000660	-0.02251998
44.40751118	0.00029278	0.00000659	-0.02251871
44.41001118	0.00029259	0.00000659	-0.02251745
44.41251117	0.00029239	0.00000658	-0.02251618
44.41501117	0.00029220	0.00000658	-0.02251491
44.41751117	0.00029200	0.00000657	-0.02251364
44.42001116	0.00029180	0.00000657	-0.02251238
44.42251115	0.00029161	0.00000656	-0.02251111
44.42501115	0.00029141	0.00000656	-0.02250984
44.42751114	0.00029122	0.00000655	-0.02250858
44.43001114	0.00029102	0.00000655	-0.02250731
44.43251113	0.00029083	0.00000655	-0.02250604
44.43501113	0.00029063	0.00000654	-0.02250478
44.43751113	0.00029044	0.00000654	-0.02250351
44.44001112	0.00029024	0.00000653	-0.02250224
44.44251111	0.00029005	0.00000653	-0.02250098
44.44501111	0.00028985	0.00000652	-0.02249971
44.44751110	0.00028966	0.00000652	-0.02249845
44.45001110	0.00028946	0.00000651	-0.02249718
44.45251109	0.00028927	0.00000651	-0.02249592
44.45501109	0.00028907	0.00000650	-0.02249465
44.45751109	0.00028888	0.00000650	-0.02249339
44.46001108	0.00028869	0.00000649	-0.02249212
44.46251107	0.00028849	0.00000649	-0.02249086
44.46501107	0.00028830	0.00000648	-0.02248959
44.46751106	0.00028811	0.00000648	-0.02248833
44.47001106	0.00028791	0.00000647	-0.02248706
44.47251105	0.00028772	0.00000647	-0.02248580
44.47501105	0.00028753	0.00000646	-0.02248454
44.47751104	0.00028733	0.00000646	-0.02248327
44.48001104	0.00028714	0.00000646	-0.02248201
44.48251103	0.00028695	0.00000645	-0.02248075
44.48501103	0.00028675	0.00000645	-0.02247948
44.48751102	0.00028656	0.00000644	-0.02247822
44.49001102	0.00028637	0.00000644	-0.02247696
44.49251101	0.00028618	0.00000643	-0.02247569
44.49501101	0.00028598	0.00000643	-0.02247443
44.49751100	0.00028579	0.00000642	-0.02247317
44.50001100	0.00028560	0.00000642	-0.02247190
44.50251099	0.00028541	0.00000641	-0.02247064
44.50501099	0.00028522	0.00000641	-0.02246938
44.50751098	0.00028503	0.00000640	-0.02246812
44.51001098	0.00028483	0.00000640	-0.02246686
44.51251097	0.00028464	0.00000639	-0.02246559
44.51501097	0.00028445	0.00000639	-0.02246433
44.51751096	0.00028426	0.00000639	-0.02246307
44.52001096	0.00028407	0.00000638	-0.02246181
44.52251095	0.00028388	0.00000638	-0.02246055
44.52501095	0.00028369	0.00000637	-0.02245929
44.52751094	0.00028350	0.00000637	-0.02245803
44.53001094	0.00028331	0.00000636	-0.02245677
44.53251093	0.00028312	0.00000636	-0.02245550
44.53501093	0.00028293	0.00000635	-0.02245424
44.53751092	0.00028274	0.00000635	-0.02245298
44.54001092	0.00028255	0.00000634	-0.02245172
44.54251091	0.00028236	0.00000634	-0.02245046
44.54501091	0.00028217	0.00000633	-0.02244920
44.54751090	0.00028198	0.00000633	-0.02244794
44.55001090	0.00028179	0.00000633	-0.02244668
44.55251089	0.00028160	0.00000632	-0.02244542
44.55501089	0.00028141	0.00000632	-0.02244416
44.55751088	0.00028122	0.00000631	-0.02244291
44.56001088	0.00028103	0.00000631	-0.02244165
44.56251087	0.00028084	0.00000630	-0.02244039
44.56501087	0.00028065	0.00000630	-0.02243913
44.56751086	0.00028047	0.00000629	-0.02243787
44.57001086	0.00028028	0.00000629	-0.02243661
44.57251085	0.00028009	0.00000628	-0.02243535
44.57501085	0.00027990	0.00000628	-0.02243409
44.57751084	0.00027971	0.00000627	-0.02243284
44.58001084	0.00027952	0.00000627	-0.02243158
44.58251083	0.00027934	0.00000627	-0.02243032
44.58501083	0.00027915	0.00000626	-0.02242906
44.58751082	0.00027896	0.00000626	-0.02242781
44.59001082	0.00027877	0.00000625	-0.02242655
44.59251081	0.00027859	0.00000625	-0.02242529
44.59501081	0.00027840	0.00000624	-0.02242403
44.59751080	0.00027821	0.00000624	-0.02242278
44.60001080	0.00027802	0.00000623	-0.02242152
44.60251079	0.00027784	0.00000623	-0.02242026
44.60501079	0.00027765	0.00000622	-0.02241901
44.60751078	0.00027746	0.00000622	-0.02241775
44.61001078	0.00027728	0.00000622	-0.02241649
44.61251077	0.00027709	0.00000621	-0.02241524
44.61501077	0.00027690	0.00000621	-0.02241398
44.61751076	0.00027672	0.00000620	-0.02241273
44.62001076	0.00027653	0.00000620	-0.02241147
44.62251076	0.00027635	0.00000619	-0.02241021
44.62501075	0.00027616	0.00000619	-0.02240896
44.62751074	0.00027597	0.00000618	-0.02240770
44.63001074	0.00027579	0.00000618	-0.02240645
44.63251073	0.00027560	0.00000617	-0.02240519
44.63501073	0.00027542	0.00000617	-0.02240394
44.63751072	0.00027523	0.00000617	-0.02240268
44.64001072	0.00027505	0.00000616	-0.02240143
44.64251072	0.00027486	0.00000616	-0.02240017
44.64501071	0.00027468	0.00000615	-0.02239892
44.64751070	0.00027449	0.00000615	-0.02239767
44.65001070	0.00027431	0.00000614	-0.02239641
44.65251069	0.00027412	0.00000614	-0.02239516
44.65501069	0.00027394	0.00000613	-0.02239390
44.65751068	0.00027376	0.00000613	-0.02239265
44.66001068	0.00027357	0.00000613	-0.02239140
44.66251068	0.00027339	0.00000612	-0.02239014
44.66501067	0.00027320	0.00000612	-0.02238889
44.66751066	0.00027302	0.00000611	-0.02238764
44.67001066	0.00027284	0.00000611	-0.02238638
44.67251065	0.00027265	0.00000610	-0.02238513
44.67501065	0.00027247	0.00000610	-0.02238388
44.67751064	0.00027229	0.00000609	-0.02238263
44.68001064	0.00027210	0.00000609	-0.02238137
44.68251063	0.00027192	0.00000609	-0.02238012
44.68501063	0.00027174	0.00000608	-0.02237887
44.68751062	0.00027155	0.00000608	-0.02237762
44.69001062	0.00027137	0.00000607	-0.02237637
44.69251061	0.00027119	0.00000607	-0.02237511
44.69501061	0.00027101	0.00000606	-0.02237386
44.69751060	0.00027082	0.00000606	-0.02237261
44.70001060	0.00027064	0.00000605	-0.02237136
44.70251059	0.00027046	0.00000605	-0.02237011
44.70501059	0.00027028	0.00000605	-0.02236886
44.70751058	0.00027009	0.00000604	-0.02236761
44.71001058	0.00026991	0.00000604	-0.02236636
44.71251057	0.00026973	0.00000603	-0.02236511
44.71501057	0.00026955	0.00000603	-0.02236385
44.71751056	0.00026937	0.00000602	-0.02236260
44.72001056	0.00026919	0.00000602	-0.02236135
44.72251055	0.00026901	0.00000601	-0.02236010
44.72501055	0.00026882	0.00000601	-0.02235885
44.72751054	0.00026864	0.00000601	-0.02235760
44.73001054	0.00026846	0.00000600	-0.02235636
44.73251053	0.00026828	0.00000600	-0.02235511
44.73501053	0.00026810	0.00000599	-0.02235386
44.73751052	0.00026792	0.00000599	-0.02235261
44.74001052	0.00026774	0.00000598	-0.02235136
44.74251051	0.00026756	0.00000598	-0.02235011
44.74501051	0.00026738	0.00000598	-0.02234886
44.74751050	0.00026720	0.00000597	-0.02234761
44.75001050	0.00026702	0.00000597	-0.02234636
44.75251049	0.00026684	0.00000596	-0.02234512
44.75501049	0.00026666	0.00000596	-0.02234387
44.75751048	0.00026648	0.00000595	-0.02234262
44.76001048	0.00026630	0.00000595	-0.02234137
44.76251047	0.00026612	0.00000595	-0.02234012
44.76501047	0.00026594	0.00000594	-0.02233888
44.76751046	0.00026576	0.00000594	-0.02233763
44.77001046	0.00026558	0.00000593	-0.02233638
44.77251045	0.00026540	0.00000593	-0.02233513
44.77501045	0.00026523	0.00000592	-0.02233389
44.77751044	0.00026505	0.00000592	-0.02233264
44.78001044	0.00026487	0.00000591	-0.02233139
44.78251043	0.00026469	0.00000591	-0.02233015
44.78501043	0.00026451	0.00000591	-0.02232890
44.78751042	0.00026433	0.00000590	-0.02232765
44.79001042	0.00026416	0.00000590	-0.02232641
44.79251041	0.00026398	0.00000589	-0.02232516
44.79501041	0.00026380	0.00000589	-0.02232391
44.79751040	0.00026362	0.00000588	-0.02232267
44.80001040	0.00026344	0.00000588	-0.02232142
44.80251039	0.00026327	0.00000588	-0.02232018
44.80501039	0.00026309	0.00000587	-0.02231893
44.80751039	0.00026291	0.00000587	-0.02231769
44.81001038	0.00026274	0.00000586	-0.02231644
44.81251037	0.00026256	0.00000586	-0.02231520
44.81501037	0.00026238	0.00000585	-0.02231395
44.81751036	0.00026220	0.00000585	-0.02231271
44.82001036	0.00026203	0.00000585	-0.02231146
44.82251035	0.00026185	0.00000584	-0.02231022
44.82501035	0.00026167	0.00000584	-0.02230897
44.82751035	0.00026150	0.00000583	-0.02230773
44.83001034	0.00026132	0.00000583	-0.02230649
44.83251033	0.00026115	0.00000582	-0.02230524
44.83501033	0.00026097	0.00000582	-0.02230400
44.83751032	0.00026079	0.00000582	-0.02230275
44.84001032	0.00026062	0.00000581	-0.02230151
44.84251031	0.00026044	0.00000581	-0.02230027
44.84501031	0.00026027	0.00000580	-0.02229902
44.84751031	0.00026009	0.00000580	-0.02229778
44.85001030	0.00025992	0.00000580	-0.02229654
44.85251029	0.00025974	0.00000579	-0.02229530
44.85501029	0.00025956	0.00000579	-0.02229405
44.85751028	0.00025939	0.00000578	-0.02229281
44.86001028	0.00025922	0.00000578	-0.02229157
44.86251027	0.00025904	0.00000577	-0.02229033
44.86501027	0.00025887	0.00000577	-0.02228908
44.86751026	0.00025869	0.00000577	-0.02228784
44.87001026	0.00025852	0.00000576	-0.02228660
44.87251025	0.00025834	0.00000576	-0.02228536
44.87501025	0.00025817	0.00000575	-0.02228412
44.87751024	0.00025799	0.00000575	-0.02228288
44.88001024	0.00025782	0.00000574	-0.02228163
44.88251023	0.00025765	0.00000574	-0.02228039
44.88501023	0.00025747	0.00000574	-0.02227915
44.88751022	0.00025730	0.00000573	-0.02227791
44.89001022	0.00025712	0.00000573	-0.02227667
44.89251021	0.00025695	0.00000572	-0.02227543
44.89501021	0.00025678	0.00000572	-0.02227419
44.89751020	0.00025660	0.00000572	-0.02227295
44.90001020	0.00025643	0.00000571	-0.02227171
44.90251019	0.00025626	0.00000571	-0.02227047
44.90501019	0.00025609	0.00000570	-0.02226923
44.90751018	0.00025591	0.00000570	-0.02226799
44.91001018	0.00025574	0.00000569	-0.02226675
44.91251017	0.00025557	0.00000569	-0.02226551
44.91501017	0.00025539	0.00000569	-0.02226427
44.91751016	0.00025522	0.00000568	-0.02226303
44.92001016	0.00025505	0.00000568	-0.02226179
44.92251015	0.00025488	0.00000567	-0.02226055
44.92501015	0.00025471	0.00000567	-0.02225932
44.92751014	0.00025453	0.00000567	-0.02225808
44.93001014	0.00025436	0.00000566	-0.02225684
44.93251013	0.00025419	0.00000566	-0.02225560
44.93501013	0.00025402	0.00000565	-0.02225436
44.93751012	0.00025385	0.00000565	-0.02225312
44.94001012	0.00025368	0.00000564	-0.02225189
44.94251011	0.00025351	0.00000564	-0.02225065
44.94501011	0.00025333	0.00000564	-0.02224941
44.94751010	0.00025316	0.00000563	-0.02224817
44.95001010	0.00025299	0.00000563	-0.02224694
44.95251009	0.00025282	0.00000562	-0.02224570
44.95501009	0.00025265	0.00000562	-0.02224446
44.95751008	0.00025248	0.00000562	-0.02224322
44.96001008	0.00025231	0.00000561	-0.02224199
44.96251007	0.00025214	0.00000561	-0.02224075
44.96501007	0.00025197	0.00000560	-0.02223951
44.96751006	0.00025180	0.00000560	-0.02223828
44.97001006	0.00025163	0.00000560	-0.02223704
44.97251005	0.00025146	0.00000559	-0.02223581
44.97501005	0.00025129	0.00000559	-0.02223457
44.97751004	0.00025112	0.00000558	-0.02223333
44.98001004	0.00025095	0.00000558	-0.02223210
44.98251003	0.00025078	0.00000558	-0.02223086
44.98501003	0.00025061	0.00000557	-0.02222963
44.98751002	0.00025044	0.00000557	-0.02222839
44.99001002	0.00025027	0.00000556	-0.02222716
44.99251001	0.00025010	0.00000556	-0.02222592
44.99501001	0.00024993	0.00000555	-0.02222469
44.99751000	0.00024977	0.00000555	-0.02222345
45.00001000	0.00024960	0.00000555	-0.02222222
45.00250999	0.00024943	0.00000554	-0.02222098
45.00500999	0.00024926	0.00000554	-0.02221975
45.00750998	0.00024909	0.00000553	-0.02221851
45.01000998	0.00024892	0.00000553	-0.02221728
45.01250998	0.00024875	0.00000553	-0.02221605
45.01500997	0.00024859	0.00000552	-0.02221481
45.01750996	0.00024842	0.00000552	-0.02221358
45.02000996	0.00024825	0.00000551	-0.02221235
45.02250995	0.00024808	0.00000551	-0.02221111
45.02500995	0.00024792	0.00000551	-0.02220988
45.02750994	0.00024775	0.00000550	-0.02220865
45.03000994	0.00024758	0.00000550	-0.02220741
45.03250994	0.00024741	0.00000549	-0.02220618
45.03500993	0.00024725	0.00000549	-0.02220495
45.03750992	0.00024708	0.00000549	-0.02220371
45.04000992	0.00024691	0.00000548	-0.02220248
45.04250991	0.00024674	0.00000548	-0.02220125
45.04500991	0.00024658	0.00000547	-0.02220002
45.04750990	0.00024641	0.00000547	-0.02219879
45.05000990	0.00024624	0.00000547	-0.02219755
45.05250990	0.00024608	0.00000546	-0.02219632
45.05500989	0.00024591	0.00000546	-0.02219509
45.05750988	0.00024575	0.00000545	-0.02219386
45.06000988	0.00024558	0.00000545	-0.02219263
45.06250987	0.00024541	0.00000545	-0.02219140
45.06500987	0.00024525	0.00000544	-0.02219016
45.06750986	0.00024508	0.00000544	-0.02218893
45.07000986	0.00024492	0.00000543	-0.02218770
45.07250985	0.00024475	0.00000543	-0.02218647
45.07500985	0.00024458	0.00000543	-0.02218524
45.07750984	0.00024442	0.00000542	-0.02218401
45.08000984	0.00024425	0.00000542	-0.02218278
45.08250983	0.00024409	0.00000541	-0.02218155
45.08500983	0.00024392	0.00000541	-0.02218032
45.08750982	0.00024376	0.00000541	-0.02217909
45.09000982	0.00024359	0.00000540	-0.02217786
45.09250981	0.00024343	0.00000540	-0.02217663
45.09500981	0.00024326	0.00000539	-0.02217540
45.09750980	0.00024310	0.00000539	-0.02217417
45.10000980	0.00024294	0.00000539	-0.02217294
45.10250979	0.00024277	0.00000538	-0.02217172
45.10500979	0.00024261	0.00000538	-0.02217049
45.10750978	0.00024244	0.00000537	-0.02216926
45.11000978	0.00024228	0.00000537	-0.02216803
45.11250977	0.00024212	0.00000537	-0.02216680
45.11500977	0.00024195	0.00000536	-0.02216557
45.11750976	0.00024179	0.00000536	-0.02216434
45.12000976	0.00024162	0.00000536	-0.02216312
45.12250975	0.00024146	0.00000535	-0.02216189
45.12500975	0.00024130	0.00000535	-0.02216066
45.12750974	0.00024113	0.00000534	-0.02215943
45.13000974	0.00024097	0.00000534	-0.02215820
45.13250973	0.00024081	0.00000534	-0.02215698
45.13500973	0.00024064	0.00000533	-0.02215575
45.13750972	0.00024048	0.00000533	-0.02215452
45.14000972	0.00024032	0.00000532	-0.02215330
45.14250971	0.00024016	0.00000532	-0.02215207
45.14500971	0.00023999	0.00000532	-0.02215084
45.14750970	0.00023983	0.00000531	-0.02214962
45.15000970	0.00023967	0.00000531	-0.02214839
45.15250969	0.00023951	0.00000530	-0.02214716
45.15500969	0.00023934	0.00000530	-0.02214594
45.15750968	0.00023918	0.00000530	-0.02214471
45.16000968	0.00023902	0.00000529	-0.02214349
45.16250967	0.00023886	0.00000529	-0.02214226
45.16500967	0.00023870	0.00000529	-0.02214103
45.16750966	0.00023854	0.00000528	-0.02213981
45.17000966	0.00023837	0.00000528	-0.02213858
45.17250965	0.00023821	0.00000527	-0.02213736
45.17500965	0.00023805	0.00000527	-0.02213613
45.17750964	0.00023789	0.00000527	-0.02213491
45.18000964	0.00023773	0.00000526	-0.02213368
45.18250963	0.00023757	0.00000526	-0.02213246
45.18500963	0.00023741	0.00000525	-0.02213123
45.18750962	0.00023725	0.00000525	-0.02213001
45.19000962	0.00023709	0.00000525	-0.02212878
45.19250961	0.00023693	0.00000524	-0.02212756
45.19500961	0.00023676	0.00000524	-0.02212634
45.19750961	0.00023660	0.00000523	-0.02212511
45.20000960	0.00023644	0.00000523	-0.02212389
45.20250959	0.00023628	0.00000523	-0.02212267
45.20500959	0.00023612	0.00000522	-0.02212144
45.20750958	0.00023596	0.00000522	-0.02212022
45.21000958	0.00023580	0.00000522	-0.02211900
45.21250957	0.00023564	0.00000521	-0.02211777
45.21500957	0.00023548	0.00000521	-0.02211655
45.21750957	0.00023533	0.00000520	-0.02211533
45.22000956	0.00023517	0.00000520	-0.02211410
45.22250955	0.00023501	0.00000520	-0.02211288
45.22500955	0.00023485	0.00000519	-0.02211166
45.22750954	0.00023469	0.00000519	-0.02211044
45.23000954	0.00023453	0.00000519	-0.02210921
45.23250953	0.00023437	0.00000518	-0.02210799
45.23500953	0.00023421	0.00000518	-0.02210677
45.23750953	0.00023405	0.00000517	-0.02210555
45.24000952	0.00023389	0.00000517	-0.02210433
45.24250951	0.00023374	0.00000517	-0.02210311
45.24500951	0.00023358	0.00000516	-0.02210189
45.24750950	0.00023342	0.00000516	-0.02210066
45.25000950	0.00023326	0.00000515	-0.02209944
45.25250949	0.00023310	0.00000515	-0.02209822
45.25500949	0.00023294	0.00000515	-0.02209700
45.25750948	0.00023279	0.00000514	-0.02209578
45.26000948	0.00023263	0.00000514	-0.02209456
45.26250947	0.00023247	0.00000514	-0.02209334
45.26500947	0.00023231	0.00000513	-0.02209212
45.26750946	0.00023216	0.00000513	-0.02209090
45.27000946	0.00023200	0.00000512	-0.02208968
45.27250945	0.00023184	0.00000512	-0.02208846
45.27500945	0.00023168	0.00000512	-0.02208724
45.27750944	0.00023153	0.00000511	-0.02208602
45.28000944	0.00023137	0.00000511	-0.02208480
45.28250943	0.00023121	0.00000511	-0.02208358
45.28500943	0.00023106	0.00000510	-0.02208236
45.28750942	0.00023090	0.00000510	-0.02208114
45.29000942	0.00023074	0.00000509	-0.02207992
45.29250941	0.00023059	0.00000509	-0.02207871
45.29500941	0.00023043	0.00000509	-0.02207749
45.29750940	0.00023027	0.00000508	-0.02207627
45.30000940	0.00023012	0.00000508	-0.02207505
45.30250939	0.00022996	0.00000508	-0.02207383
45.30500939	0.00022981	0.00000507	-0.02207261
45.30750938	0.00022965	0.00000507	-0.02207140
45.31000938	0.00022949	0.00000506	-0.02207018
45.31250937	0.00022934	0.00000506	-0.02206896
45.31500937	0.00022918	0.00000506	-0.02206774
45.31750936	0.00022903	0.00000505	-0.02206653
45.32000936	0.00022887	0.00000505	-0.02206531
45.32250935	0.00022872	0.00000505	-0.02206409
45.32500935	0.00022856	0.00000504	-0.02206287
45.32750934	0.00022841	0.00000504	-0.02206166
45.33000934	0.00022825	0.00000504	-0.02206044
45.33250933	0.00022810	0.00000503	-0.02205922
45.33500933	0.00022794	0.00000503	-0.02205801
45.33750932	0.00022779	0.00000502	-0.02205679
45.34000932	0.00022763	0.00000502	-0.02205558
45.34250931	0.00022748	0.00000502	-0.02205436
45.34500931	0.00022732	0.00000501	-0.02205314
45.34750930	0.00022717	0.00000501	-0.02205193
45.35000930	0.00022702	0.00000501	-0.02205071
45.35250929	0.00022686	0.00000500	-0.02204950
45.35500929	0.00022671	0.00000500	-0.02204828
45.35750928	0.00022655	0.00000499	-0.02204707
45.36000928	0.00022640	0.00000499	-0.02204585
45.36250927	0.00022625	0.00000499	-0.02204464
45.36500927	0.00022609	0.00000498	-0.02204342
45.36750926	0.00022594	0.00000498	-0.02204221
45.37000926	0.00022579	0.00000498	-0.02204099
45.37250925	0.00022563	0.00000497	-0.02203978
45.37500925	0.00022548	0.00000497	-0.02203856
45.37750924	0.00022533	0.00000497	-0.02203735
45.38000924	0.00022517	0.00000496	-0.02203613
45.38250923	0.00022502	0.00000496	-0.02203492
45.38500923	0.00022487	0.00000495	-0.02203371
45.38750922	0.00022471	0.00000495	-0.02203249
45.39000922	0.00022456	0.00000495	-0.02203128
45.39250921	0.00022441	0.00000494	-0.02203007
45.39500921	0.00022426	0.00000494	-0.02202885
45.39750920	0.00022410	0.00000494	-0.02202764
45.40000920	0.00022395	0.00000493	-0.02202643
45.40250920	0.00022380	0.00000493	-0.02202521
45.40500919	0.00022365	0.00000493	-0.02202400
45.40750918	0.00022350	0.00000492	-0.02202279
45.41000918	0.00022334	0.00000492	-0.02202158
45.41250917	0.00022319	0.00000491	-0.02202036
45.41500917	0.00022304	0.00000491	-0.02201915
45.41750916	0.00022289	0.00000491	-0.02201794
45.42000916	0.00022274	0.00000490	-0.02201673
45.42250916	0.00022259	0.00000490	-0.02201552
45.42500915	0.00022244	0.00000490	-0.02201430
45.42750914	0.00022228	0.00000489	-0.02201309
45.43000914	0.00022213	0.00000489	-0.02201188
45.43250913	0.00022198	0.00000489	-0.02201067
45.43500913	0.00022183	0.00000488	-0.02200946
45.43750912	0.00022168	0.00000488	-0.02200825
45.44000912	0.00022153	0.00000488	-0.02200704
45.44250912	0.00022138	0.00000487	-0.02200583
45.44500911	0.00022123	0.00000487	-0.02200462
45.44750910	0.00022108	0.00000486	-0.02200341
45.45000910	0.00022093	0.00000486	-0.02200220
45.45250909	0.00022078	0.00000486	-0.02200099
45.45500909	0.00022063	0.00000485	-0.02199978
45.45750908	0.00022048	0.00000485	-0.02199857
45.46000908	0.00022033	0.00000485	-0.02199736
45.46250907	0.00022018	0.00000484	-0.02199615
45.46500907	0.00022003	0.00000484	-0.02199494
45.46750906	0.00021988	0.00000484	-0.02199373
45.47000906	0.00021973	0.00000483	-0.02199252
45.47250905	0.00021958	0.00000483	-0.02199131
45.47500905	0.00021943	0.00000483	-0.02199010
45.47750904	0.00021928	0.00000482	-0.02198889
45.48000904	0.00021913	0.00000482	-0.02198768
45.48250903	0.00021898	0.00000481	-0.02198647
45.48500903	0.00021883	0.00000481	-0.02198527
45.48750902	0.00021869	0.00000481	-0.02198406
45.49000902	0.00021854	0.00000480	-0.02198285
45.49250901	0.00021839	0.00000480	-0.02198164
45.49500901	0.00021824	0.00000480	-0.02198043
45.49750900	0.00021809	0.00000479	-0.02197923
45.50000900	0.00021794	0.00000479	-0.02197802
45.50250899	0.00021779	0.00000479	-0.02197681
45.50500899	0.00021765	0.00000478	-0.02197560
45.50750898	0.00021750	0.00000478	-0.02197440
45.51000898	0.00021735	0.00000478	-0.02197319
45.51250897	0.00021720	0.00000477	-0.02197198
45.51500897	0.00021705	0.00000477	-0.02197077
45.51750896	0.00021691	0.00000477	-0.02196957
45.52000896	0.00021676	0.00000476	-0.02196836
45.52250895	0.00021661	0.00000476	-0.02196715
45.52500895	0.00021646	0.00000475	-0.02196595
45.52750894	0.00021632	0.00000475	-0.02196474
45.53000894	0.00021617	0.00000475	-0.02196354
45.53250893	0.00021602	0.00000474	-0.02196233
45.53500893	0.00021588	0.00000474	-0.02196112
45.53750892	0.00021573	0.00000474	-0.02195992
45.54000892	0.00021558	0.00000473	-0.02195871
45.54250891	0.00021544	0.00000473	-0.02195751
45.54500891	0.00021529	0.00000473	-0.02195630
45.54750890	0.00021514	0.00000472	-0.02195510
45.55000890	0.00021500	0.00000472	-0.02195389
45.55250889	0.00021485	0.00000472	-0.02195269
45.55500889	0.00021470	0.00000471	-0.02195148
45.55750888	0.00021456	0.00000471	-0.02195028
45.56000888	0.00021441	0.00000471	-0.02194907
45.56250887	0.00021427	0.00000470	-0.02194787
45.56500887	0.00021412	0.00000470	-0.02194667
45.56750886	0.00021397	0.00000470	-0.02194546
45.57000886	0.00021383	0.00000469	-0.02194426
45.57250885	0.00021368	0.00000469	-0.02194305
45.57500885	0.00021354	0.00000469	-0.02194185
45.57750884	0.00021339	0.00000468	-0.02194065
45.58000884	0.00021325	0.00000468	-0.02193944
45.58250883	0.00021310	0.00000468	-0.02193824
45.58500883	0.00021296	0.00000467	-0.02193704
45.58750882	0.00021281	0.00000467	-0.02193583
45.59000882	0.00021267	0.00000466	-0.02193463
45.59250881	0.00021252	0.00000466	-0.02193343
45.59500881	0.00021238	0.00000466	-0.02193223
45.59750880	0.00021223	0.00000465	-0.02193102
45.60000880	0.00021209	0.00000465	-0.02192982
45.60250879	0.00021194	0.00000465	-0.02192862
45.60500879	0.00021180	0.00000464	-0.02192742
45.60750879	0.00021165	0.00000464	-0.02192621
45.61000878	0.00021151	0.00000464	-0.02192501
45.61250877	0.00021137	0.00000463	-0.02192381
45.61500877	0.00021122	0.00000463	-0.02192261
45.61750876	0.00021108	0.00000463	-0.02192141
45.62000876	0.00021093	0.00000462	-0.02192021
45.62250875	0.00021079	0.00000462	-0.02191901
45.62500875	0.00021065	0.00000462	-0.02191780
45.62750875	0.00021050	0.00000461	-0.02191660
45.63000874	0.00021036	0.00000461	-0.02191540
45.63250873	0.00021022	0.00000461	-0.02191420
45.63500873	0.00021007	0.00000460	-0.02191300
45.63750872	0.00020993	0.00000460	-0.02191180
45.64000872	0.00020979	0.00000460	-0.02191060
45.64250871	0.00020964	0.00000459	-0.02190940
45.64500871	0.00020950	0.00000459	-0.02190820
45.64750870	0.00020936	0.00000459	-0.02190700
45.65000870	0.00020921	0.00000458	-0.02190580
45.65250869	0.00020907	0.00000458	-0.02190460
45.65500869	0.00020893	0.00000458	-0.02190340
45.65750868	0.00020879	0.00000457	-0.02190220
45.66000868	0.00020864	0.00000457	-0.02190100
45.66250867	0.00020850	0.00000457	-0.02189980
45.66500867	0.00020836	0.00000456	-0.02189861
45.66750866	0.00020822	0.00000456	-0.02189741
45.67000866	0.00020808	0.00000456	-0.02189621
45.67250865	0.00020793	0.00000455	-0.02189501
45.67500865	0.00020779	0.00000455	-0.02189381
45.67750864	0.00020765	0.00000455	-0.02189261
45.68000864	0.00020751	0.00000454	-0.02189141
45.68250863	0.00020737	0.00000454	-0.02189022
45.68500863	0.00020723	0.00000454	-0.02188902
45.68750862	0.00020708	0.00000453	-0.02188782
45.69000862	0.00020694	0.00000453	-0.02188662
45.69250861	0.00020680	0.00000453	-0.02188543
45.69500861	0.00020666	0.00000452	-0.02188423
45.69750860	0.00020652	0.00000452	-0.02188303
45.70000860	0.00020638	0.00000452	-0.02188183
45.70250859	0.00020624	0.00000451	-0.02188064
45.70500859	0.00020610	0.00000451	-0.02187944
45.70750858	0.00020596	0.00000451	-0.02187824
45.71000858	0.00020582	0.00000450	-0.02187705
45.71250857	0.00020568	0.00000450	-0.02187585
45.71500857	0.00020554	0.00000450	-0.02187465
45.71750856	0.00020540	0.00000449	-0.02187346
45.72000856	0.00020526	0.00000449	-0.02187226
45.72250855	0.00020512	0.00000449	-0.02187107
45.72500855	0.00020498	0.00000448	-0.02186987
45.72750854	0.00020484	0.00000448	-0.02186867
45.73000854	0.00020470	0.00000448	-0.02186748
45.73250853	0.00020456	0.00000447	-0.02186628
45.73500853	0.00020442	0.00000447	-0.02186509
45.73750852	0.00020428	0.00000447	-0.02186389
45.74000852	0.00020414	0.00000446	-0.02186270
45.74250851	0.00020400	0.00000446	-0.02186150
45.74500851	0.00020386	0.00000446	-0.02186031
45.74750850	0.00020372	0.00000445	-0.02185911
45.75000850	0.00020358	0.00000445	-0.02185792
45.75250849	0.00020344	0.00000445	-0.02185673
45.75500849	0.00020330	0.00000444	-0.02185553
45.75750848	0.00020316	0.00000444	-0.02185434
45.76000848	0.00020302	0.00000444	-0.02185314
45.76250847	0.00020289	0.00000443	-0.02185195
45.76500847	0.00020275	0.00000443	-0.02185076
45.76750846	0.00020261	0.00000443	-0.02184956
45.77000846	0.00020247	0.00000442	-0.02184837
45.77250845	0.00020233	0.00000442	-0.02184717
45.77500845	0.00020219	0.00000442	-0.02184598
45.77750844	0.00020206	0.00000441	-0.02184479
45.78000844	0.00020192	0.00000441	-0.02184360
45.78250843	0.00020178	0.00000441	-0.02184240
45.78500843	0.00020164	0.00000440	-0.02184121
45.78750842	0.00020150	0.00000440	-0.02184002
45.79000842	0.00020137	0.00000440	-0.02183883
45.79250842	0.00020123	0.00000439	-0.02183763
45.79500841	0.00020109	0.00000439	-0.02183644
45.79750840	0.00020095	0.00000439	-0.02183525
45.80000840	0.00020082	0.00000438	-0.02183406
45.80250839	0.00020068	0.00000438	-0.02183287
45.80500839	0.00020054	0.00000438	-0.02183167
45.80750838	0.00020041	0.00000437	-0.02183048
45.81000838	0.00020027	0.00000437	-0.02182929
45.81250838	0.00020013	0.00000437	-0.02182810
45.81500837	0.00019999	0.00000437	-0.02182691
45.81750836	0.00019986	0.00000436	-0.02182572
45.82000836	0.00019972	0.00000436	-0.02182453
45.82250835	0.00019958	0.00000436	-0.02182334
45.82500835	0.00019945	0.00000435	-0.02182215
45.82750834	0.00019931	0.00000435	-0.02182096
45.83000834	0.00019918	0.00000435	-0.02181976
45.83250833	0.00019904	0.00000434	-0.02181857
45.83500833	0.00019890	0.00000434	-0.02181738
45.83750832	0.00019877	0.00000434	-0.02181619
45.84000832	0.00019863	0.00000433	-0.02181500
45.84250831	0.00019850	0.00000433	-0.02181382
45.84500831	0.00019836	0.00000433	-0.02181263
45.84750830	0.00019822	0.00000432	-0.02181144
45.85000830	0.00019809	0.00000432	-0.02181025
45.85250829	0.00019795	0.00000432	-0.02180906
45.85500829	0.00019782	0.00000431	-0.02180787
45.85750828	0.00019768	0.00000431	-0.02180668
45.86000828	0.00019755	0.00000431	-0.02180549
45.86250827	0.00019741	0.00000430	-0.02180430
45.86500827	0.00019728	0.00000430	-0.02180311
45.86750826	0.00019714	0.00000430	-0.02180193
45.87000826	0.00019701	0.00000429	-0.02180074
45.87250825	0.00019687	0.00000429	-0.02179955
45.87500825	0.00019674	0.00000429	-0.02179836
45.87750824	0.00019660	0.00000429	-0.02179717
45.88000824	0.00019647	0.00000428	-0.02179599
45.88250823	0.00019633	0.00000428	-0.02179480
45.88500823	0.00019620	0.00000428	-0.02179361
45.88750822	0.00019607	0.00000427	-0.02179242
45.89000822	0.00019593	0.00000427	-0.02179124
45.89250821	0.00019580	0.00000427	-0.02179005
45.89500821	0.00019566	0.00000426	-0.02178886
45.89750820	0.00019553	0.00000426	-0.02178768
45.90000820	0.00019540	0.00000426	-0.02178649
45.90250819	0.00019526	0.00000425	-0.02178530
45.90500819	0.00019513	0.00000425	-0.02178412
45.90750818	0.00019499	0.00000425	-0.02178293
45.91000818	0.00019486	0.00000424	-0.02178174
45.91250817	0.00019473	0.00000424	-0.02178056
45.91500817	0.00019459	0.00000424	-0.02177937
45.91750816	0.00019446	0.00000424	-0.02177819
45.92000816	0.00019433	0.00000423	-0.02177700
45.92250815	0.00019419	0.00000423	-0.02177581
45.92500815	0.00019406	0.00000423	-0.02177463
45.92750814	0.00019393	0.00000422	-0.02177344
45.93000814	0.00019380	0.00000422	-0.02177226
45.93250813	0.00019366	0.00000422	-0.02177107
45.93500813	0.00019353	0.00000421	-0.02176989
45.93750812	0.00019340	0.00000421	-0.02176870
45.94000812	0.00019327	0.00000421	-0.02176752
45.94250811	0.00019313	0.00000420	-0.02176633
45.94500811	0.00019300	0.00000420	-0.02176515
45.94750810	0.00019287	0.00000420	-0.02176397
45.95000810	0.00019274	0.00000419	-0.02176278
45.95250809	0.00019260	0.00000419	-0.02176160
45.95500809	0.00019247	0.00000419	-0.02176041
45.95750808	0.00019234	0.00000419	-0.02175923
45.96000808	0.00019221	0.00000418	-0.02175805
45.96250807	0.00019208	0.00000418	-0.02175686
45.96500807	0.00019195	0.00000418	-0.02175568
45.96750806	0.00019181	0.00000417	-0.02175450
45.97000806	0.00019168	0.00000417	-0.02175331
45.97250805	0.00019155	0.00000417	-0.02175213
45.97500805	0.00019142	0.00000416	-0.02175095
45.97750804	0.00019129	0.00000416	-0.02174977
45.98000804	0.00019116	0.00000416	-0.02174858
45.98250803	0.00019103	0.00000415	-0.02174740
45.98500803	0.00019090	0.00000415	-0.02174622
45.98750802	0.00019076	0.00000415	-0.02174504
45.99000802	0.00019063	0.00000415	-0.02174385
45.99250801	0.00019050	0.00000414	-0.02174267
45.99500801	0.00019037	0.00000414	-0.02174149
45.99750801	0.00019024	0.00000414	-0.02174031
46.00000800	0.00019011	0.00000413	-0.02173913
46.00250799	0.00018998	0.00000413	-0.02173795
46.00500799	0.00018985	0.00000413	-0.02173676
46.00750798	0.00018972	0.00000412	-0.02173558
46.01000798	0.00018959	0.00000412	-0.02173440
46.01250797	0.00018946	0.00000412	-0.02173322
46.01500797	0.00018933	0.00000411	-0.02173204
46.01750797	0.00018920	0.00000411	-0.02173086
46.02000796	0.00018907	0.00000411	-0.02172968
46.02250795	0.00018894	0.00000411	-0.02172850
46.02500795	0.00018881	0.00000410	-0.02172732
46.02750794	0.00018868	0.00000410	-0.02172614
46.03000794	0.00018855	0.00000410	-0.02172496
46.03250793	0.00018842	0.00000409	-0.02172378
46.03500793	0.00018829	0.00000409	-0.02172260
46.03750792	0.00018816	0.00000409	-0.02172142
46.04000792	0.00018804	0.00000408	-0.02172024
46.04250791	0.00018791	0.00000408	-0.02171906
46.04500791	0.00018778	0.00000408	-0.02171788
46.04750790	0.00018765	0.00000408	-0.02171670
46.05000790	0.00018752	0.00000407	-0.02171552
46.05250789	0.00018739	0.00000407	-0.02171434
46.05500789	0.00018726	0.00000407	-0.02171317
46.05750788	0.00018713	0.00000406	-0.02171199
46.06000788	0.00018701	0.00000406	-0.02171081
46.06250787	0.00018688	0.00000406	-0.02170963
46.06500787	0.00018675	0.00000405	-0.02170845
46.06750786	0.00018662	0.00000405	-0.02170727
46.07000786	0.00018649	0.00000405	-0.02170610
46.07250785	0.00018636	0.00000405	-0.02170492
46.07500785	0.00018624	0.00000404	-0.02170374
46.07750784	0.00018611	0.00000404	-0.02170256
46.08000784	0.00018598	0.00000404	-0.02170139
46.08250783	0.00018585	0.00000403	-0.02170021
46.08500783	0.00018573	0.00000403	-0.02169903
46.08750782	0.00018560	0.00000403	-0.02169785
46.09000782	0.00018547	0.00000402	-0.02169668
46.09250781	0.00018534	0.00000402	-0.02169550
46.09500781	0.00018522	0.00000402	-0.02169432
46.09750780	0.00018509	0.00000402	-0.02169315
46.10000780	0.00018496	0.00000401	-0.02169197
46.10250779	0.00018483	0.00000401	-0.02169079
46.10500779	0.00018471	0.00000401	-0.02168962
46.10750778	0.00018458	0.00000400	-0.02168844
46.11000778	0.00018445	0.00000400	-0.02168727
46.11250777	0.00018433	0.00000400	-0.02168609
46.11500777	0.00018420	0.00000399	-0.02168491
46.11750776	0.00018407	0.00000399	-0.02168374
46.12000776	0.00018395	0.00000399	-0.02168256
46.12250775	0.00018382	0.00000399	-0.02168139
46.12500775	0.00018369	0.00000398	-0.02168021
46.12750774	0.00018357	0.00000398	-0.02167904
46.13000774	0.00018344	0.00000398	-0.02167786
46.13250773	0.00018332	0.00000397	-0.02167669
46.13500773	0.00018319	0.00000397	-0.02167551
46.13750772	0.00018306	0.00000397	-0.02167434
46.14000772	0.00018294	0.00000396	-0.02167316
46.14250771	0.00018281	0.00000396	-0.02167199
46.14500771	0.00018269	0.00000396	-0.02167082
46.14750770	0.00018256	0.00000396	-0.02166964
46.15000770	0.00018244	0.00000395	-0.02166847
46.15250769	0.00018231	0.00000395	-0.02166730
46.15500769	0.00018218	0.00000395	-0.02166612
46.15750768	0.00018206	0.00000394	-0.02166495
46.16000768	0.00018193	0.00000394	-0.02166377
46.16250767	0.00018181	0.00000394	-0.02166260
46.16500767	0.00018168	0.00000394	-0.02166143
46.16750766	0.00018156	0.00000393	-0.02166026
46.17000766	0.00018143	0.00000393	-0.02165908
46.17250765	0.00018131	0.00000393	-0.02165791
46.17500765	0.00018118	0.00000392	-0.02165674
46.17750764	0.00018106	0.00000392	-0.02165556
46.18000764	0.00018094	0.00000392	-0.02165439
46.18250764	0.00018081	0.00000392	-0.02165322
46.18500763	0.00018069	0.00000391	-0.02165205
46.18750762	0.00018056	0.00000391	-0.02165088
46.19000762	0.00018044	0.00000391	-0.02164970
46.19250761	0.00018031	0.00000390	-0.02164853
46.19500761	0.00018019	0.00000390	-0.02164736
46.19750760	0.00018007	0.00000390	-0.02164619
46.20000760	0.00017994	0.00000389	-0.02164502
46.20250760	0.00017982	0.00000389	-0.02164385
46.20500759	0.00017969	0.00000389	-0.02164268
46.20750758	0.00017957	0.00000389	-0.02164150
46.21000758	0.00017945	0.00000388	-0.02164033
46.21250757	0.00017932	0.00000388	-0.02163916
46.21500757	0.00017920	0.00000388	-0.02163799
46.21750756	0.00017908	0.00000387	-0.02163682
46.22000756	0.00017895	0.00000387	-0.02163565
46.22250755	0.00017883	0.00000387	-0.02163448
46.22500755	0.00017871	0.00000387	-0.02163331
46.22750754	0.00017858	0.00000386	-0.02163214
46.23000754	0.00017846	0.00000386	-0.02163097
46.23250753	0.00017834	0.00000386	-0.02162980
46.23500753	0.00017822	0.00000385	-0.02162863
46.23750752	0.00017809	0.00000385	-0.02162746
46.24000752	0.00017797	0.00000385	-0.02162629
46.24250751	0.00017785	0.00000385	-0.02162512
46.24500751	0.00017772	0.00000384	-0.02162396
46.24750750	0.00017760	0.00000384	-0.02162279
46.25000750	0.00017748	0.00000384	-0.02162162
46.25250749	0.00017736	0.00000383	-0.02162045
46.25500749	0.00017724	0.00000383	-0.02161928
46.25750748	0.00017711	0.00000383	-0.02161811
46.26000748	0.00017699	0.00000383	-0.02161694
46.26250747	0.00017687	0.00000382	-0.02161578
46.26500747	0.00017675	0.00000382	-0.02161461
46.26750746	0.00017663	0.00000382	-0.02161344
46.27000746	0.00017650	0.00000381	-0.02161227
46.27250745	0.00017638	0.00000381	-0.02161110
46.27500745	0.00017626	0.00000381	-0.02160994
46.27750744	0.00017614	0.00000381	-0.02160877
46.28000744	0.00017602	0.00000380	-0.02160760
46.28250743	0.00017590	0.00000380	-0.02160644
46.28500743	0.00017578	0.00000380	-0.02160527
46.28750742	0.00017565	0.00000379	-0.02160410
46.29000742	0.00017553	0.00000379	-0.02160293
46.29250741	0.00017541	0.00000379	-0.02160177
46.29500741	0.00017529	0.00000379	-0.02160060
46.29750740	0.00017517	0.00000378	-0.02159943
46.30000740	0.00017505	0.00000378	-0.02159827
46.30250739	0.00017493	0.00000378	-0.02159710
46.30500739	0.00017481	0.00000378	-0.02159594
46.30750738	0.00017469	0.00000377	-0.02159477
46.31000738	0.00017457	0.00000377	-0.02159360
46.31250737	0.00017445	0.00000377	-0.02159244
46.31500737	0.00017433	0.00000376	-0.02159127
46.31750736	0.00017421	0.00000376	-0.02159011
46.32000736	0.00017409	0.00000376	-0.02158894
46.32250735	0.00017397	0.00000376	-0.02158778
46.32500735	0.00017385	0.00000375	-0.02158661
46.32750734	0.00017373	0.00000375	-0.02158545
46.33000734	0.00017361	0.00000375	-0.02158428
46.33250733	0.00017349	0.00000374	-0.02158312
46.33500733	0.00017337	0.00000374	-0.02158195
46.33750732	0.00017325	0.00000374	-0.02158079
46.34000732	0.00017313	0.00000374	-0.02157963
46.34250731	0.00017301	0.00000373	-0.02157846
46.34500731	0.00017289	0.00000373	-0.02157730
46.34750730	0.00017277	0.00000373	-0.02157613
46.35000730	0.00017265	0.00000372	-0.02157497
46.35250729	0.00017253	0.00000372	-0.02157381
46.35500729	0.00017241	0.00000372	-0.02157264
46.35750728	0.00017229	0.00000372	-0.02157148
46.36000728	0.00017217	0.00000371	-0.02157032
46.36250727	0.00017205	0.00000371	-0.02156915
46.36500727	0.00017194	0.00000371	-0.02156799
46.36750726	0.00017182	0.00000371	-0.02156683
46.37000726	0.00017170	0.00000370	-0.02156566
46.37250725	0.00017158	0.00000370	-0.02156450
46.37500725	0.00017146	0.00000370	-0.02156334
46.37750724	0.00017134	0.00000369	-0.02156218
46.38000724	0.00017123	0.00000369	-0.02156101
46.38250723	0.00017111	0.00000369	-0.02155985
46.38500723	0.00017099	0.00000369	-0.02155869
46.38750723	0.00017087	0.00000368	-0.02155753
46.39000722	0.00017075	0.00000368	-0.02155637
46.39250721	0.00017063	0.00000368	-0.02155520
46.39500721	0.00017052	0.00000368	-0.02155404
46.39750720	0.00017040	0.00000367	-0.02155288
46.40000720	0.00017028	0.00000367	-0.02155172
46.40250719	0.00017016	0.00000367	-0.02155056
46.40500719	0.00017005	0.00000366	-0.02154940
46.40750719	0.00016993	0.00000366	-0.02154824
46.41000718	0.00016981	0.00000366	-0.02154708
46.41250717	0.00016969	0.00000366	-0.02154592
46.41500717	0.00016958	0.00000365	-0.02154476
46.41750716	0.00016946	0.00000365	-0.02154360
46.42000716	0.00016934	0.00000365	-0.02154244
46.42250715	0.00016922	0.00000365	-0.02154128
46.42500715	0.00016911	0.00000364	-0.02154012
46.42750714	0.00016899	0.00000364	-0.02153896
46.43000714	0.00016887	0.00000364	-0.02153780
46.43250713	0.00016876	0.00000363	-0.02153664
46.43500713	0.00016864	0.00000363	-0.02153548
46.43750712	0.00016852	0.00000363	-0.02153432
46.44000712	0.00016841	0.00000363	-0.02153316
46.44250711	0.00016829	0.00000362	-0.02153200
46.44500711	0.00016817	0.00000362	-0.02153084
46.44750710	0.00016806	0.00000362	-0.02152968
46.45000710	0.00016794	0.00000362	-0.02152852
46.45250709	0.00016783	0.00000361	-0.02152736
46.45500709	0.00016771	0.00000361	-0.02152620
46.45750708	0.00016759	0.00000361	-0.02152505
46.46000708	0.00016748	0.00000360	-0.02152389
46.46250707	0.00016736	0.00000360	-0.02152273
46.46500707	0.00016725	0.00000360	-0.02152157
46.46750706	0.00016713	0.00000360	-0.02152041
46.47000706	0.00016702	0.00000359	-0.02151926
46.47250705	0.00016690	0.00000359	-0.02151810
46.47500705	0.00016678	0.00000359	-0.02151694
46.47750704	0.00016667	0.00000359	-0.02151578
46.48000704	0.00016655	0.00000358	-0.02151463
46.48250703	0.00016644	0.00000358	-0.02151347
46.48500703	0.00016632	0.00000358	-0.02151231
46.48750702	0.00016621	0.00000358	-0.02151116
46.49000702	0.00016609	0.00000357	-0.02151000
46.49250701	0.00016598	0.00000357	-0.02150884
46.49500701	0.00016586	0.00000357	-0.02150769
46.49750700	0.00016575	0.00000356	-0.02150653
46.50000700	0.00016563	0.00000356	-0.02150537
46.50250699	0.00016552	0.00000356	-0.02150422
46.50500699	0.00016540	0.00000356	-0.02150306
46.50750698	0.00016529	0.00000355	-0.02150191
46.51000698	0.00016517	0.00000355	-0.02150075
46.51250697	0.00016506	0.00000355	-0.02149959
46.51500697	0.00016495	0.00000355	-0.02149844
46.51750696	0.00016483	0.00000354	-0.02149728
46.52000696	0.00016472	0.00000354	-0.02149613
46.52250695	0.00016460	0.00000354	-0.02149497
46.52500695	0.00016449	0.00000354	-0.02149382
46.52750694	0.00016438	0.00000353	-0.02149266
46.53000694	0.00016426	0.00000353	-0.02149151
46.53250693	0.00016415	0.00000353	-0.02149035
46.53500693	0.00016403	0.00000352	-0.02148920
46.53750692	0.00016392	0.00000352	-0.02148804
46.54000692	0.00016381	0.00000352	-0.02148689
46.54250691	0.00016369	0.00000352	-0.02148574
46.54500691	0.00016358	0.00000351	-0.02148458
46.54750690	0.00016347	0.00000351	-0.02148343
46.55000690	0.00016335	0.00000351	-0.02148227
46.55250689	0.00016324	0.00000351	-0.02148112
46.55500689	0.00016313	0.00000350	-0.02147997
46.55750688	0.00016301	0.00000350	-0.02147881
46.56000688	0.00016290	0.00000350	-0.02147766
46.56250687	0.00016279	0.00000350	-0.02147651
46.56500687	0.00016268	0.00000349	-0.02147535
46.56750686	0.00016256	0.00000349	-0.02147420
46.57000686	0.00016245	0.00000349	-0.02147305
46.57250686	0.00016234	0.00000349	-0.02147190
46.57500685	0.00016222	0.00000348	-0.02147074
46.57750684	0.00016211	0.00000348	-0.02146959
46.58000684	0.00016200	0.00000348	-0.02146844
46.58250683	0.00016189	0.00000348	-0.02146729
46.58500683	0.00016177	0.00000347	-0.02146613
46.58750682	0.00016166	0.00000347	-0.02146498
46.59000682	0.00016155	0.00000347	-0.02146383
46.59250682	0.00016144	0.00000346	-0.02146268
46.59500681	0.00016133	0.00000346	-0.02146153
46.59750680	0.00016121	0.00000346	-0.02146038
46.60000680	0.00016110	0.00000346	-0.02145922
46.60250679	0.00016099	0.00000345	-0.02145807
46.60500679	0.00016088	0.00000345	-0.02145692
46.60750678	0.00016077	0.00000345	-0.02145577
46.61000678	0.00016066	0.00000345	-0.02145462
46.61250677	0.00016054	0.00000344	-0.02145347
46.61500677	0.00016043	0.00000344	-0.02145232
46.61750676	0.00016032	0.00000344	-0.02145117
46.62000676	0.00016021	0.00000344	-0.02145002
46.62250675	0.00016010	0.00000343	-0.02144887
46.62500675	0.00015999	0.00000343	-0.02144772
46.62750674	0.00015988	0.00000343	-0.02144657
46.63000674	0.00015977	0.00000343	-0.02144542
46.63250673	0.00015965	0.00000342	-0.02144427
46.63500673	0.00015954	0.00000342	-0.02144312
46.63750672	0.00015943	0.00000342	-0.02144197
46.64000672	0.00015932	0.00000342	-0.02144082
46.64250671	0.00015921	0.00000341	-0.02143967
46.64500671	0.00015910	0.00000341	-0.02143852
46.64750670	0.00015899	0.00000341	-0.02143737
46.65000670	0.00015888	0.00000341	-0.02143622
46.65250669	0.00015877	0.00000340	-0.02143508
46.65500669	0.00015866	0.00000340	-0.02143393
46.65750668	0.00015855	0.00000340	-0.02143278
46.66000668	0.00015844	0.00000340	-0.02143163
46.66250667	0.00015833	0.00000339	-0.02143048
46.66500667	0.00015822	0.00000339	-0.02142933
46.66750666	0.00015811	0.00000339	-0.02142819
46.67000666	0.00015800	0.00000339	-0.02142704
46.67250665	0.00015789	0.00000338	-0.02142589
46.67500665	0.00015778	0.00000338	-0.02142474
46.67750664	0.00015767	0.00000338	-0.02142360
46.68000664	0.00015756	0.00000338	-0.02142245
46.68250663	0.00015745	0.00000337	-0.02142130
46.68500663	0.00015734	0.00000337	-0.02142015
46.68750662	0.00015723	0.00000337	-0.02141901
46.69000662	0.00015712	0.00000337	-0.02141786
46.69250661	0.00015701	0.00000336	-0.02141671
46.69500661	0.00015690	0.00000336	-0.02141557
46.69750660	0.00015680	0.00000336	-0.02141442
46.70000660	0.00015669	0.00000336	-0.02141327
46.70250659	0.00015658	0.00000335	-0.02141213
46.70500659	0.00015647	0.00000335	-0.02141098
46.70750658	0.00015636	0.00000335	-0.02140983
46.71000658	0.00015625	0.00000335	-0.02140869
46.71250657	0.00015614	0.00000334	-0.02140754
46.71500657	0.00015603	0.00000334	-0.02140640
46.71750656	0.00015592	0.00000334	-0.02140525
46.72000656	0.00015582	0.00000334	-0.02140411
46.72250655	0.00015571	0.00000333	-0.02140296
46.72500655	0.00015560	0.00000333	-0.02140182
46.72750654	0.00015549	0.00000333	-0.02140067
46.73000654	0.00015538	0.00000333	-0.02139953
46.73250653	0.00015528	0.00000332	-0.02139838
46.73500653	0.00015517	0.00000332	-0.02139724
46.73750652	0.00015506	0.00000332	-0.02139609
46.74000652	0.00015495	0.00000332	-0.02139495
46.74250651	0.00015484	0.00000331	-0.02139380
46.74500651	0.00015474	0.00000331	-0.02139266
46.74750650	0.00015463	0.00000331	-0.02139152
46.75000650	0.00015452	0.00000331	-0.02139037
46.75250649	0.00015441	0.00000330	-0.02138923
46.75500649	0.00015430	0.00000330	-0.02138808
46.75750648	0.00015420	0.00000330	-0.02138694
46.76000648	0.00015409	0.00000330	-0.02138580
46.76250647	0.00015398	0.00000329	-0.02138465
46.76500647	0.00015388	0.00000329	-0.02138351
46.76750646	0.00015377	0.00000329	-0.02138237
46.77000646	0.00015366	0.00000329	-0.02138122
46.77250645	0.00015355	0.00000328	-0.02138008
46.77500645	0.00015345	0.00000328	-0.02137894
46.77750645	0.00015334	0.00000328	-0.02137780
46.78000644	0.00015323	0.00000328	-0.02137665
46.78250643	0.00015313	0.00000327	-0.02137551
46.78500643	0.00015302	0.00000327	-0.02137437
46.78750642	0.00015291	0.00000327	-0.02137323
46.79000642	0.00015281	0.00000327	-0.02137209
46.79250641	0.00015270	0.00000326	-0.02137094
46.79500641	0.00015259	0.00000326	-0.02136980
46.79750641	0.00015249	0.00000326	-0.02136866
46.80000640	0.00015238	0.00000326	-0.02136752
46.80250639	0.00015228	0.00000325	-0.02136638
46.80500639	0.00015217	0.00000325	-0.02136524
46.80750638	0.00015206	0.00000325	-0.02136409
46.81000638	0.00015196	0.00000325	-0.02136295
46.81250637	0.00015185	0.00000324	-0.02136181
46.81500637	0.00015174	0.00000324	-0.02136067
46.81750636	0.00015164	0.00000324	-0.02135953
46.82000636	0.00015153	0.00000324	-0.02135839
46.82250635	0.00015143	0.00000323	-0.02135725
46.82500635	0.00015132	0.00000323	-0.02135611
46.82750634	0.00015122	0.00000323	-0.02135497
46.83000634	0.00015111	0.00000323	-0.02135383
46.83250633	0.00015101	0.00000322	-0.02135269
46.83500633	0.00015090	0.00000322	-0.02135155
46.83750632	0.00015080	0.00000322	-0.02135041
46.84000632	0.00015069	0.00000322	-0.02134927
46.84250631	0.00015058	0.00000321	-0.02134813
46.84500631	0.00015048	0.00000321	-0.02134699
46.84750630	0.00015037	0.00000321	-0.02134585
46.85000630	0.00015027	0.00000321	-0.02134471
46.85250629	0.00015016	0.00000321	-0.02134358
46.85500629	0.00015006	0.00000320	-0.02134244
46.85750628	0.00014996	0.00000320	-0.02134130
46.86000628	0.00014985	0.00000320	-0.02134016
46.86250627	0.00014975	0.00000320	-0.02133902
46.86500627	0.00014964	0.00000319	-0.02133788
46.86750626	0.00014954	0.00000319	-0.02133674
46.87000626	0.00014943	0.00000319	-0.02133561
46.87250625	0.00014933	0.00000319	-0.02133447
46.87500625	0.00014922	0.00000318	-0.02133333
46.87750624	0.00014912	0.00000318	-0.02133219
46.88000624	0.00014902	0.00000318	-0.02133106
46.88250623	0.00014891	0.00000318	-0.02132992
46.88500623	0.00014881	0.00000317	-0.02132878
46.88750622	0.00014870	0.00000317	-0.02132764
46.89000622	0.00014860	0.00000317	-0.02132651
46.89250621	0.00014850	0.00000317	-0.02132537
46.89500621	0.00014839	0.00000316	-0.02132423
46.89750620	0.00014829	0.00000316	-0.02132310
46.90000620	0.00014818	0.00000316	-0.02132196
46.90250619	0.00014808	0.00000316	-0.02132082
46.90500619	0.00014798	0.00000315	-0.02131969
46.90750618	0.00014787	0.00000315	-0.02131855
46.91000618	0.00014777	0.00000315	-0.02131741
46.91250617	0.00014767	0.00000315	-0.02131628
46.91500617	0.00014756	0.00000315	-0.02131514
46.91750616	0.00014746	0.00000314	-0.02131401
46.92000616	0.00014736	0.00000314	-0.02131287
46.92250615	0.00014726	0.00000314	-0.02131173
46.92500615	0.00014715	0.00000314	-0.02131060
46.92750614	0.00014705	0.00000313	-0.02130946
46.93000614	0.00014695	0.00000313	-0.02130833
46.93250613	0.00014684	0.00000313	-0.02130719
46.93500613	0.00014674	0.00000313	-0.02130606
46.93750612	0.00014664	0.00000312	-0.02130492
46.94000612	0.00014654	0.00000312	-0.02130379
46.94250611	0.00014643	0.00000312	-0.02130265
46.94500611	0.00014633	0.00000312	-0.02130152
46.94750610	0.00014623	0.00000311	-0.02130039
46.95000610	0.00014613	0.00000311	-0.02129925
46.95250609	0.00014602	0.00000311	-0.02129812
46.95500609	0.00014592	0.00000311	-0.02129698
46.95750608	0.00014582	0.00000311	-0.02129585
46.96000608	0.00014572	0.00000310	-0.02129472
46.96250607	0.00014562	0.00000310	-0.02129358
46.96500607	0.00014551	0.00000310	-0.02129245
46.96750606	0.00014541	0.00000310	-0.02129132
46.97000606	0.00014531	0.00000309	-0.02129018
46.97250605	0.00014521	0.00000309	-0.02128905
46.97500605	0.00014511	0.00000309	-0.02128792
46.97750604	0.00014501	0.00000309	-0.02128678
46.98000604	0.00014490	0.00000308	-0.02128565
46.98250604	0.00014480	0.00000308	-0.02128452
46.98500603	0.00014470	0.00000308	-0.02128339
46.98750602	0.00014460	0.00000308	-0.02128225
46.99000602	0.00014450	0.00000308	-0.02128112
46.99250601	0.00014440	0.00000307	-0.02127999
46.99500601	0.00014430	0.00000307	-0.02127886
46.99750600	0.00014419	0.00000307	-0.02127772
47.00000600	0.00014409	0.00000307	-0.02127659
47.00250599	0.00014399	0.00000306	-0.02127546
47.00500599	0.00014389	0.00000306	-0.02127433
47.00750598	0.00014379	0.00000306	-0.02127320
47.01000598	0.00014369	0.00000306	-0.02127207
47.01250597	0.00014359	0.00000305	-0.02127094
47.01500597	0.00014349	0.00000305	-0.02126980
47.01750596	0.00014339	0.00000305	-0.02126867
47.02000596	0.00014329	0.00000305	-0.02126754
47.02250595	0.00014319	0.00000305	-0.02126641
47.02500595	0.00014309	0.00000304	-0.02126528
47.02750594	0.00014299	0.00000304	-0.02126415
47.03000594	0.00014289	0.00000304	-0.02126302
47.03250593	0.00014279	0.00000304	-0.02126189
47.03500593	0.00014269	0.00000303	-0.02126076
47.03750592	0.00014259	0.00000303	-0.02125963
47.04000592	0.00014249	0.00000303	-0.02125850
47.04250591	0.00014239	0.00000303	-0.02125737
47.04500591	0.00014229	0.00000302	-0.02125624
47.04750590	0.00014219	0.00000302	-0.02125511
47.05000590	0.00014209	0.00000302	-0.02125398
47.05250589	0.00014199	0.00000302	-0.02125285
47.05500589	0.00014189	0.00000302	-0.02125172
47.05750588	0.00014179	0.00000301	-0.02125060
47.06000588	0.00014169	0.00000301	-0.02124947
47.06250587	0.00014159	0.00000301	-0.02124834
47.06500587	0.00014149	0.00000301	-0.02124721
47.06750586	0.00014139	0.00000300	-0.02124608
47.07000586	0.00014129	0.00000300	-0.02124495
47.07250585	0.00014119	0.00000300	-0.02124382
47.07500585	0.00014109	0.00000300	-0.02124270
47.07750584	0.00014099	0.00000299	-0.02124157
47.08000584	0.00014089	0.00000299	-0.02124044
47.08250583	0.00014080	0.00000299	-0.02123931
47.08500583	0.00014070	0.00000299	-0.02123818
47.08750582	0.00014060	0.00000299	-0.02123706
47.09000582	0.00014050	0.00000298	-0.02123593
47.09250581	0.00014040	0.00000298	-0.02123480
47.09500581	0.00014030	0.00000298	-0.02123367
47.09750580	0.00014020	0.00000298	-0.02123255
47.10000580	0.00014011	0.00000297	-0.02123142
47.10250579	0.00014001	0.00000297	-0.02123029
47.10500579	0.00013991	0.00000297	-0.02122917
47.10750578	0.00013981	0.00000297	-0.02122804
47.11000578	0.00013971	0.00000297	-0.02122691
47.11250577	0.00013961	0.00000296	-0.02122579
47.11500577	0.00013952	0.00000296	-0.02122466
47.11750576	0.00013942	0.00000296	-0.02122353
47.12000576	0.00013932	0.00000296	-0.02122241
47.12250575	0.00013922	0.00000295	-0.02122128
47.12500575	0.00013912	0.00000295	-0.02122016
47.12750574	0.00013903	0.00000295	-0.02121903
47.13000574	0.00013893	0.00000295	-0.02121791
47.13250573	0.00013883	0.00000295	-0.02121678
47.13500573	0.00013873	0.00000294	-0.02121565
47.13750572	0.00013864	0.00000294	-0.02121453
47.14000572	0.00013854	0.00000294	-0.02121340
47.14250571	0.00013844	0.00000294	-0.02121228
47.14500571	0.00013834	0.00000293	-0.02121115
47.14750570	0.00013825	0.00000293	-0.02121003
47.15000570	0.00013815	0.00000293	-0.02120891
47.15250569	0.00013805	0.00000293	-0.02120778
47.15500569	0.00013795	0.00000293	-0.02120666
47.15750568	0.00013786	0.00000292	-0.02120553
47.16000568	0.00013776	0.00000292	-0.02120441
47.16250567	0.00013766	0.00000292	-0.02120328
47.16500567	0.00013757	0.00000292	-0.02120216
47.16750567	0.00013747	0.00000291	-0.02120104
47.17000566	0.00013737	0.00000291	-0.02119991
47.17250565	0.00013728	0.00000291	-0.02119879
47.17500565	0.00013718	0.00000291	-0.02119767
47.17750564	0.00013708	0.00000291	-0.02119654
47.18000564	0.00013699	0.00000290	-0.02119542
47.18250563	0.00013689	0.00000290	-0.02119430
47.18500563	0.00013679	0.00000290	-0.02119317
47.18750563	0.00013670	0.00000290	-0.02119205
47.19000562	0.00013660	0.00000289	-0.02119093
47.19250561	0.00013651	0.00000289	-0.02118981
47.19500561	0.00013641	0.00000289	-0.02118868
47.19750560	0.00013631	0.00000289	-0.02118756
47.20000560	0.00013622	0.00000289	-0.02118644
47.20250559	0.00013612	0.00000288	-0.02118532
47.20500559	0.00013603	0.00000288	-0.02118419
47.20750558	0.00013593	0.00000288	-0.02118307
47.21000558	0.00013583	0.00000288	-0.02118195
47.21250557	0.00013574	0.00000288	-0.02118083
47.21500557	0.00013564	0.00000287	-0.02117971
47.21750556	0.00013555	0.00000287	-0.02117859
47.22000556	0.00013545	0.00000287	-0.02117746
47.22250555	0.00013536	0.00000287	-0.02117634
47.22500555	0.00013526	0.00000286	-0.02117522
47.22750554	0.00013516	0.00000286	-0.02117410
47.23000554	0.00013507	0.00000286	-0.02117298
47.23250553	0.00013497	0.00000286	-0.02117186
47.23500553	0.00013488	0.00000286	-0.02117074
47.23750552	0.00013478	0.00000285	-0.02116962
47.24000552	0.00013469	0.00000285	-0.02116850
47.24250551	0.00013459	0.00000285	-0.02116738
47.24500551	0.00013450	0.00000285	-0.02116626
47.24750550	0.00013440	0.00000284	-0.02116514
47.25000550	0.00013431	0.00000284	-0.02116402
47.25250549	0.00013421	0.00000284	-0.02116290
47.25500549	0.00013412	0.00000284	-0.02116178
47.25750548	0.00013403	0.00000284	-0.02116066
47.26000548	0.00013393	0.00000283	-0.02115954
47.26250547	0.00013384	0.00000283	-0.02115842
47.26500547	0.00013374	0.00000283	-0.02115730
47.26750546	0.00013365	0.00000283	-0.02115618
47.27000546	0.00013355	0.00000283	-0.02115506
47.27250545	0.00013346	0.00000282	-0.02115395
47.27500545	0.00013336	0.00000282	-0.02115283
47.27750544	0.00013327	0.00000282	-0.02115171
47.28000544	0.00013318	0.00000282	-0.02115059
47.28250543	0.00013308	0.00000281	-0.02114947
47.28500543	0.00013299	0.00000281	-0.02114835
47.28750542	0.00013289	0.00000281	-0.02114724
47.29000542	0.00013280	0.00000281	-0.02114612
47.29250541	0.00013271	0.00000281	-0.02114500
47.29500541	0.00013261	0.00000280	-0.02114388
47.29750540	0.00013252	0.00000280	-0.02114276
47.30000540	0.00013243	0.00000280	-0.02114165
47.30250539	0.00013233	0.00000280	-0.02114053
47.30500539	0.00013224	0.00000280	-0.02113941
47.30750538	0.00013215	0.00000279	-0.02113829
47.31000538	0.00013205	0.00000279	-0.02113718
47.31250537	0.00013196	0.00000279	-0.02113606
47.31500537	0.00013187	0.00000279	-0.02113494
47.31750536	0.00013177	0.00000278	-0.02113383
47.32000536	0.00013168	0.00000278	-0.02113271
47.32250535	0.00013159	0.00000278	-0.02113159
47.32500535	0.00013149	0.00000278	-0.02113048
47.32750534	0.00013140	0.00000278	-0.02112936
47.33000534	0.00013131	0.00000277	-0.02112825
47.33250533	0.00013121	0.00000277	-0.02112713
47.33500533	0.00013112	0.00000277	-0.02112601
47.33750532	0.00013103	0.00000277	-0.02112490
47.34000532	0.00013094	0.00000277	-0.02112378
47.34250531	0.00013084	0.00000276	-0.02112267
47.34500531	0.00013075	0.00000276	-0.02112155
47.34750530	0.00013066	0.00000276	-0.02112044
47.35000530	0.00013057	0.00000276	-0.02111932
47.35250529	0.00013047	0.00000276	-0.02111821
47.35500529	0.00013038	0.00000275	-0.02111709
47.35750528	0.00013029	0.00000275	-0.02111598
47.36000528	0.00013020	0.00000275	-0.02111486
47.36250527	0.00013010	0.00000275	-0.02111375
47.36500527	0.00013001	0.00000274	-0.02111263
47.36750526	0.00012992	0.00000274	-0.02111152
47.37000526	0.00012983	0.00000274	-0.02111041
47.37250526	0.00012974	0.00000274	-0.02110929
47.37500525	0.00012964	0.00000274	-0.02110818
47.37750524	0.00012955	0.00000273	-0.02110706
47.38000524	0.00012946	0.00000273	-0.02110595
47.38250523	0.00012937	0.00000273	-0.02110484
47.38500523	0.00012928	0.00000273	-0.02110372
47.38750522	0.00012919	0.00000273	-0.02110261
47.39000522	0.00012909	0.00000272	-0.02110150
47.39250521	0.00012900	0.00000272	-0.02110038
47.39500521	0.00012891	0.00000272	-0.02109927
47.39750520	0.00012882	0.00000272	-0.02109816
47.40000520	0.00012873	0.00000272	-0.02109704
47.40250519	0.00012864	0.00000271	-0.02109593
47.40500519	0.00012855	0.00000271	-0.02109482
47.40750518	0.00012846	0.00000271	-0.02109371
47.41000518	0.00012836	0.00000271	-0.02109259
47.41250517	0.00012827	0.00000271	-0.02109148
47.41500517	0.00012818	0.00000270	-0.02109037
47.41750516	0.00012809	0.00000270	-0.02108926
47.42000516	0.00012800	0.00000270	-0.02108815
47.42250515	0.00012791	0.00000270	-0.02108703
47.42500515	0.00012782	0.00000270	-0.02108592
47.42750514	0.00012773	0.00000269	-0.02108481
47.43000514	0.00012764	0.00000269	-0.02108370
47.43250513	0.00012755	0.00000269	-0.02108259
47.43500513	0.00012746	0.00000269	-0.02108148
47.43750512	0.00012737	0.00000268	-0.02108037
47.44000512	0.00012728	0.00000268	-0.02107926
47.44250511	0.00012719	0.00000268	-0.02107814
47.44500511	0.00012710	0.00000268	-0.02107703
47.44750510	0.00012701	0.00000268	-0.02107592
47.45000510	0.00012692	0.00000267	-0.02107481
47.45250509	0.00012683	0.00000267	-0.02107370
47.45500509	0.00012674	0.00000267	-0.02107259
47.45750508	0.00012665	0.00000267	-0.02107148
47.46000508	0.00012656	0.00000267	-0.02107037
47.46250507	0.00012647	0.00000266	-0.02106926
47.46500507	0.00012638	0.00000266	-0.02106815
47.46750506	0.00012629	0.00000266	-0.02106704
47.47000506	0.00012620	0.00000266	-0.02106593
47.47250505	0.00012611	0.00000266	-0.02106482
47.47500505	0.00012602	0.00000265	-0.02106372
47.47750504	0.00012593	0.00000265	-0.02106261
47.48000504	0.00012584	0.00000265	-0.02106150
47.48250503	0.00012575	0.00000265	-0.02106039
47.48500503	0.00012566	0.00000265	-0.02105928
47.48750502	0.00012557	0.00000264	-0.02105817
47.49000502	0.00012548	0.00000264	-0.02105706
47.49250501	0.00012539	0.00000264	-0.02105595
47.49500501	0.00012530	0.00000264	-0.02105485
47.49750500	0.00012521	0.00000264	-0.02105374
47.50000500	0.00012513	0.00000263	-0.02105263
47.50250499	0.00012504	0.00000263	-0.02105152
47.50500499	0.00012495	0.00000263	-0.02105041
47.50750498	0.00012486	0.00000263	-0.02104931
47.51000498	0.00012477	0.00000263	-0.02104820
47.51250497	0.00012468	0.00000262	-0.02104709
47.51500497	0.00012459	0.00000262	-0.02104598
47.51750496	0.00012450	0.00000262	-0.02104488
47.52000496	0.00012442	0.00000262	-0.02104377
47.52250495	0.00012433	0.00000262	-0.02104266
47.52500495	0.00012424	0.00000261	-0.02104155
47.52750494	0.00012415	0.00000261	-0.02104045
47.53000494	0.00012406	0.00000261	-0.02103934
47.53250493	0.00012397	0.00000261	-0.02103823
47.53500493	0.00012389	0.00000261	-0.02103713
47.53750492	0.00012380	0.00000260	-0.02103602
47.54000492	0.00012371	0.00000260	-0.02103492
47.54250491	0.00012362	0.00000260	-0.02103381
47.54500491	0.00012353	0.00000260	-0.02103270
47.54750490	0.00012344	0.00000260	-0.02103160
47.55000490	0.00012336	0.00000259	-0.02103049
47.55250489	0.00012327	0.00000259	-0.02102939
47.55500489	0.00012318	0.00000259	-0.02102828
47.55750489	0.00012309	0.00000259	-0.02102718
47.56000488	0.00012301	0.00000259	-0.02102607
47.56250487	0.00012292	0.00000258	-0.02102496
47.56500487	0.00012283	0.00000258	-0.02102386
47.56750486	0.00012274	0.00000258	-0.02102275
47.57000486	0.00012266	0.00000258	-0.02102165
47.57250485	0.00012257	0.00000258	-0.02102055
47.57500485	0.00012248	0.00000257	-0.02101944
47.57750484	0.00012239	0.00000257	-0.02101834
47.58000484	0.00012231	0.00000257	-0.02101723
47.58250483	0.00012222	0.00000257	-0.02101613
47.58500483	0.00012213	0.00000257	-0.02101502
47.58750482	0.00012205	0.00000256	-0.02101392
47.59000482	0.00012196	0.00000256	-0.02101282
47.59250481	0.00012187	0.00000256	-0.02101171
47.59500481	0.00012178	0.00000256	-0.02101061
47.59750480	0.00012170	0.00000256	-0.02100950
47.60000480	0.00012161	0.00000255	-0.02100840
47.60250479	0.00012152	0.00000255	-0.02100730
47.60500479	0.00012144	0.00000255	-0.02100619
47.60750478	0.00012135	0.00000255	-0.02100509
47.61000478	0.00012126	0.00000255	-0.02100399
47.61250477	0.00012118	0.00000255	-0.02100289
47.61500477	0.00012109	0.00000254	-0.02100178
47.61750476	0.00012100	0.00000254	-0.02100068
47.62000476	0.00012092	0.00000254	-0.02099958
47.62250475	0.00012083	0.00000254	-0.02099848
47.62500475	0.00012075	0.00000254	-0.02099737
47.62750474	0.00012066	0.00000253	-0.02099627
47.63000474	0.00012057	0.00000253	-0.02099517
47.63250473	0.00012049	0.00000253	-0.02099407
47.63500473	0.00012040	0.00000253	-0.02099297
47.63750472	0.00012032	0.00000253	-0.02099186
47.64000472	0.00012023	0.00000252	-0.02099076
47.64250471	0.00012014	0.00000252	-0.02098966
47.64500471	0.00012006	0.00000252	-0.02098856
47.64750470	0.00011997	0.00000252	-0.02098746
47.65000470	0.00011989	0.00000252	-0.02098636
47.65250469	0.00011980	0.00000251	-0.02098526
47.65500469	0.00011971	0.00000251	-0.02098415
47.65750468	0.00011963	0.00000251	-0.02098305
47.66000468	0.00011954	0.00000251	-0.02098195
47.66250467	0.00011946	0.00000251	-0.02098085
47.66500467	0.00011937	0.00000250	-0.02097975
47.66750466	0.00011929	0.00000250	-0.02097865
47.67000466	0.00011920	0.00000250	-0.02097755
47.67250465	0.00011912	0.00000250	-0.02097645
47.67500465	0.00011903	0.00000250	-0.02097535
47.67750464	0.00011895	0.00000249	-0.02097425
47.68000464	0.00011886	0.00000249	-0.02097315
47.68250463	0.00011878	0.00000249	-0.02097205
47.68500463	0.00011869	0.00000249	-0.02097095
47.68750462	0.00011861	0.00000249	-0.02096985
47.69000462	0.00011852	0.00000249	-0.02096875
47.69250461	0.00011844	0.00000248	-0.02096766
47.69500461	0.00011835	0.00000248	-0.02096656
47.69750460	0.00011827	0.00000248	-0.02096546
47.70000460	0.00011818	0.00000248	-0.02096436
47.70250459	0.00011810	0.00000248	-0.02096326
47.70500459	0.00011801	0.00000247	-0.02096216
47.70750458	0.00011793	0.00000247	-0.02096106
47.71000458	0.00011785	0.00000247	-0.02095996
47.71250457	0.00011776	0.00000247	-0.02095887
47.71500457	0.00011768	0.00000247	-0.02095777
47.71750456	0.00011759	0.00000246	-0.02095667
47.72000456	0.00011751	0.00000246	-0.02095557
47.72250455	0.00011742	0.00000246	-0.02095447
47.72500455	0.00011734	0.00000246	-0.02095338
47.72750454	0.00011726	0.00000246	-0.02095228
47.73000454	0.00011717	0.00000245	-0.02095118
47.73250453	0.00011709	0.00000245	-0.02095008
47.73500453	0.00011700	0.00000245	-0.02094899
47.73750452	0.00011692	0.00000245	-0.02094789
47.74000452	0.00011684	0.00000245	-0.02094679
47.74250451	0.00011675	0.00000245	-0.02094570
47.74500451	0.00011667	0.00000244	-0.02094460
47.74750450	0.00011659	0.00000244	-0.02094350
47.75000450	0.00011650	0.00000244	-0.02094241
47.75250449	0.00011642	0.00000244	-0.02094131
47.75500449	0.00011633	0.00000244	-0.02094021
47.75750448	0.00011625	0.00000243	-0.02093912
47.76000448	0.00011617	0.00000243	-0.02093802
47.76250448	0.00011608	0.00000243	-0.02093693
47.76500447	0.00011600	0.00000243	-0.02093583
47.76750446	0.00011592	0.00000243	-0.02093473
47.77000446	0.00011583	0.00000242	-0.02093364
47.77250445	0.00011575	0.00000242	-0.02093254
47.77500445	0.00011567	0.00000242	-0.02093145
47.77750444	0.00011559	0.00000242	-0.02093035
47.78000444	0.00011550	0.00000242	-0.02092926
47.78250443	0.00011542	0.00000242	-0.02092816
47.78500443	0.00011534	0.00000241	-0.02092707
47.78750442	0.00011525	0.00000241	-0.02092597
47.79000442	0.00011517	0.00000241	-0.02092488
47.79250441	0.00011509	0.00000241	-0.02092378
47.79500441	0.00011501	0.00000241	-0.02092269
47.79750440	0.00011492	0.00000240	-0.02092159
47.80000440	0.00011484	0.00000240	-0.02092050
47.80250439	0.00011476	0.00000240	-0.02091941
47.80500439	0.00011468	0.00000240	-0.02091831
47.80750438	0.00011459	0.00000240	-0.02091722
47.81000438	0.00011451	0.00000240	-0.02091612
47.81250437	0.00011443	0.00000239	-0.02091503
47.81500437	0.00011435	0.00000239	-0.02091394
47.81750436	0.00011426	0.00000239	-0.02091284
47.82000436	0.00011418	0.00000239	-0.02091175
47.82250435	0.00011410	0.00000239	-0.02091066
47.82500435	0.00011402	0.00000238	-0.02090956
47.82750434	0.00011394	0.00000238	-0.02090847
47.83000434	0.00011385	0.00000238	-0.02090738
47.83250433	0.00011377	0.00000238	-0.02090629
47.83500433	0.00011369	0.00000238	-0.02090519
47.83750432	0.00011361	0.00000237	-0.02090410
47.84000432	0.00011353	0.00000237	-0.02090301
47.84250431	0.00011345	0.00000237	-0.02090192
47.84500431	0.00011336	0.00000237	-0.02090082
47.84750430	0.00011328	0.00000237	-0.02089973
47.85000430	0.00011320	0.00000237	-0.02089864
47.85250429	0.00011312	0.00000236	-0.02089755
47.85500429	0.00011304	0.00000236	-0.02089646
47.85750428	0.00011296	0.00000236	-0.02089536
47.86000428	0.00011288	0.00000236	-0.02089427
47.86250427	0.00011279	0.00000236	-0.02089318
47.86500427	0.00011271	0.00000235	-0.02089209
47.86750426	0.00011263	0.00000235	-0.02089100
47.87000426	0.00011255	0.00000235	-0.02088991
47.87250425	0.00011247	0.00000235	-0.02088882
47.87500425	0.00011239	0.00000235	-0.02088773
47.87750424	0.00011231	0.00000235	-0.02088664
47.88000424	0.00011223	0.00000234	-0.02088555
47.88250423	0.00011215	0.00000234	-0.02088445
47.88500423	0.00011206	0.00000234	-0.02088336
47.88750422	0.00011198	0.00000234	-0.02088227
47.89000422	0.00011190	0.00000234	-0.02088118
47.89250421	0.00011182	0.00000233	-0.02088009
47.89500421	0.00011174	0.00000233	-0.02087900
47.89750420	0.00011166	0.00000233	-0.02087791
47.90000420	0.00011158	0.00000233	-0.02087682
47.90250419	0.00011150	0.00000233	-0.02087574
47.90500419	0.00011142	0.00000233	-0.02087465
47.90750418	0.00011134	0.00000232	-0.02087356
47.91000418	0.00011126	0.00000232	-0.02087247
47.91250417	0.00011118	0.00000232	-0.02087138
47.91500417	0.00011110	0.00000232	-0.02087029
47.91750416	0.00011102	0.00000232	-0.02086920
47.92000416	0.00011094	0.00000232	-0.02086811
47.92250415	0.00011086	0.00000231	-0.02086702
47.92500415	0.00011078	0.00000231	-0.02086593
47.92750414	0.00011070	0.00000231	-0.02086485
47.93000414	0.00011062	0.00000231	-0.02086376
47.93250413	0.00011054	0.00000231	-0.02086267
47.93500413	0.00011046	0.00000230	-0.02086158
47.93750412	0.00011038	0.00000230	-0.02086049
47.94000412	0.00011030	0.00000230	-0.02085941
47.94250411	0.00011022	0.00000230	-0.02085832
47.94500411	0.00011014	0.00000230	-0.02085723
47.94750410	0.00011006	0.00000230	-0.02085614
47.95000410	0.00010998	0.00000229	-0.02085506
47.95250409	0.00010990	0.00000229	-0.02085397
47.95500409	0.00010982	0.00000229	-0.02085288
47.95750408	0.00010974	0.00000229	-0.02085179
47.96000408	0.00010966	0.00000229	-0.02085071
47.96250407	0.00010958	0.00000228	-0.02084962
47.96500407	0.00010951	0.00000228	-0.02084853
47.96750406	0.00010943	0.00000228	-0.02084745
47.97000406	0.00010935	0.00000228	-0.02084636
47.97250405	0.00010927	0.00000228	-0.02084527
47.97500405	0.00010919	0.00000228	-0.02084419
47.97750404	0.00010911	0.00000227	-0.02084310
47.98000404	0.00010903	0.00000227	-0.02084202
47.98250403	0.00010895	0.00000227	-0.02084093
47.98500403	0.00010887	0.00000227	-0.02083984
47.98750402	0.00010879	0.00000227	-0.02083876
47.99000402	0.00010872	0.00000227	-0.02083767
47.99250401	0.00010864	0.00000226	-0.02083659
47.99500401	0.00010856	0.00000226	-0.02083550
47.99750400	0.00010848	0.00000226	-0.02083442
48.00000400	0.00010840	0.00000226	-0.02083333
48.00250399	0.00010832	0.00000226	-0.02083225
48.00500399	0.00010824	0.00000225	-0.02083116
48.00750398	0.00010817	0.00000225	-0.02083008
48.01000398	0.00010809	0.00000225	-0.02082899
48.01250397	0.00010801	0.00000225	-0.02082791
48.01500397	0.00010793	0.00000225	-0.02082682
48.01750396	0.00010785	0.00000225	-0.02082574
48.02000396	0.00010778	0.00000224	-0.02082465
48.02250395	0.00010770	0.00000224	-0.02082357
48.02500395	0.00010762	0.00000224	-0.02082249
48.02750394	0.00010754	0.00000224	-0.02082140
48.03000394	0.00010746	0.00000224	-0.02082032
48.03250393	0.00010739	0.00000224	-0.02081924
48.03500393	0.00010731	0.00000223	-0.02081815
48.03750392	0.00010723	0.00000223	-0.02081707
48.04000392	0.00010715	0.00000223	-0.02081598
48.04250391	0.00010707	0.00000223	-0.02081490
48.04500391	0.00010700	0.00000223	-0.02081382
48.04750390	0.00010692	0.00000223	-0.02081274
48.05000390	0.00010684	0.00000222	-0.02081165
48.05250389	0.00010676	0.00000222	-0.02081057
48.05500389	0.00010669	0.00000222	-0.02080949
48.05750388	0.00010661	0.00000222	-0.02080840
48.06000388	0.00010653	0.00000222	-0.02080732
48.06250387	0.00010645	0.00000221	-0.02080624
48.06500387	0.00010638	0.00000221	-0.02080516
48.06750386	0.00010630	0.00000221	-0.02080408
48.07000386	0.00010622	0.00000221	-0.02080299
48.07250385	0.00010615	0.00000221	-0.02080191
48.07500385	0.00010607	0.00000221	-0.02080083
48.07750384	0.00010599	0.00000220	-0.02079975
48.08000384	0.00010591	0.00000220	-0.02079867
48.08250383	0.00010584	0.00000220	-0.02079759
48.08500383	0.00010576	0.00000220	-0.02079650
48.08750382	0.00010568	0.00000220	-0.02079542
48.09000382	0.00010561	0.00000220	-0.02079434
48.09250381	0.00010553	0.00000219	-0.02079326
48.09500381	0.00010545	0.00000219	-0.02079218
48.09750380	0.00010538	0.00000219	-0.02079110
48.10000380	0.00010530	0.00000219	-0.02079002
48.10250379	0.00010522	0.00000219	-0.02078894
48.10500379	0.00010515	0.00000219	-0.02078786
48.10750378	0.00010507	0.00000218	-0.02078678
48.11000378	0.00010499	0.00000218	-0.02078570
48.11250377	0.00010492	0.00000218	-0.02078462
48.11500377	0.00010484	0.00000218	-0.02078354
48.11750376	0.00010477	0.00000218	-0.02078246
48.12000376	0.00010469	0.00000218	-0.02078138
48.12250375	0.00010461	0.00000217	-0.02078030
48.12500375	0.00010454	0.00000217	-0.02077922
48.12750374	0.00010446	0.00000217	-0.02077814
48.13000374	0.00010438	0.00000217	-0.02077706
48.13250373	0.00010431	0.00000217	-0.02077598
48.13500373	0.00010423	0.00000217	-0.02077490
48.13750372	0.00010416	0.00000216	-0.02077382
48.14000372	0.00010408	0.00000216	-0.02077274
48.14250371	0.00010401	0.00000216	-0.02077167
48.14500371	0.00010393	0.00000216	-0.02077059
48.14750370	0.00010385	0.00000216	-0.02076951
48.15000370	0.00010378	0.00000216	-0.02076843
48.15250370	0.00010370	0.00000215	-0.02076735
48.15500369	0.00010363	0.00000215	-0.02076627
48.15750368	0.00010355	0.00000215	-0.02076520
48.16000368	0.00010348	0.00000215	-0.02076412
48.16250367	0.00010340	0.00000215	-0.02076304
48.16500367	0.00010333	0.00000215	-0.02076196
48.16750366	0.00010325	0.00000214	-0.02076088
48.17000366	0.00010317	0.00000214	-0.02075981
48.17250365	0.00010310	0.00000214	-0.02075873
48.17500365	0.00010302	0.00000214	-0.02075765
48.17750364	0.00010295	0.00000214	-0.02075658
48.18000364	0.00010287	0.00000214	-0.02075550
48.18250363	0.00010280	0.00000213	-0.02075442
48.18500363	0.00010272	0.00000213	-0.02075334
48.18750362	0.00010265	0.00000213	-0.02075227
48.19000362	0.00010257	0.00000213	-0.02075119
48.19250361	0.00010250	0.00000213	-0.02075012
48.19500361	0.00010242	0.00000213	-0.02074904
48.19750360	0.00010235	0.00000212	-0.02074796
48.20000360	0.00010227	0.00000212	-0.02074689
48.20250359	0.00010220	0.00000212	-0.02074581
48.20500359	0.00010213	0.00000212	-0.02074473
48.20750358	0.00010205	0.00000212	-0.02074366
48.21000358	0.00010198	0.00000212	-0.02074258
48.21250357	0.00010190	0.00000211	-0.02074151
48.21500357	0.00010183	0.00000211	-0.02074043
48.21750356	0.00010175	0.00000211	-0.02073936
48.22000356	0.00010168	0.00000211	-0.02073828
48.22250355	0.00010160	0.00000211	-0.02073721
48.22500355	0.00010153	0.00000211	-0.02073613
48.22750354	0.00010146	0.00000210	-0.02073506
48.23000354	0.00010138	0.00000210	-0.02073398
48.23250353	0.00010131	0.00000210	-0.02073291
48.23500353	0.00010123	0.00000210	-0.02073183
48.23750352	0.00010116	0.00000210	-0.02073076
48.24000352	0.00010109	0.00000210	-0.02072968
48.24250351	0.00010101	0.00000209	-0.02072861
48.24500351	0.00010094	0.00000209	-0.02072754
48.24750350	0.00010086	0.00000209	-0.02072646
48.25000350	0.00010079	0.00000209	-0.02072539
48.25250349	0.00010072	0.00000209	-0.02072431
48.25500349	0.00010064	0.00000209	-0.02072324
48.25750348	0.00010057	0.00000208	-0.02072217
48.26000348	0.00010049	0.00000208	-0.02072109
48.26250347	0.00010042	0.00000208	-0.02072002
48.26500347	0.00010035	0.00000208	-0.02071895
48.26750346	0.00010027	0.00000208	-0.02071787
48.27000346	0.00010020	0.00000208	-0.02071680
48.27250345	0.00010013	0.00000207	-0.02071573
48.27500345	0.00010005	0.00000207	-0.02071465
48.27750344	0.00009998	0.00000207	-0.02071358
48.28000344	0.00009991	0.00000207	-0.02071251
48.28250343	0.00009983	0.00000207	-0.02071144
48.28500343	0.00009976	0.00000207	-0.02071036
48.28750342	0.00009969	0.00000206	-0.02070929
48.29000342	0.00009961	0.00000206	-0.02070822
48.29250341	0.00009954	0.00000206	-0.02070715
48.29500341	0.00009947	0.00000206	-0.02070608
48.29750340	0.00009940	0.00000206	-0.02070500
48.30000340	0.00009932	0.00000206	-0.02070393
48.30250339	0.00009925	0.00000205	-0.02070286
48.30500339	0.00009918	0.00000205	-0.02070179
48.30750338	0.00009910	0.00000205	-0.02070072
48.31000338	0.00009903	0.00000205	-0.02069965
48.31250337	0.00009896	0.00000205	-0.02069858
48.31500337	0.00009889	0.00000205	-0.02069750
48.31750336	0.00009881	0.00000205	-0.02069643
48.32000336	0.00009874	0.00000204	-0.02069536
48.32250335	0.00009867	0.00000204	-0.02069429
48.32500335	0.00009860	0.00000204	-0.02069322
48.32750334	0.00009852	0.00000204	-0.02069215
48.33000334	0.00009845	0.00000204	-0.02069108
48.33250333	0.00009838	0.00000204	-0.02069001
48.33500333	0.00009831	0.00000203	-0.02068894
48.33750332	0.00009823	0.00000203	-0.02068787
48.34000332	0.00009816	0.00000203	-0.02068680
48.34250331	0.00009809	0.00000203	-0.02068573
48.34500331	0.00009802	0.00000203	-0.02068466
48.34750330	0.00009795	0.00000203	-0.02068359
48.35000330	0.00009787	0.00000202	-0.02068252
48.35250329	0.00009780	0.00000202	-0.02068145
48.35500329	0.00009773	0.00000202	-0.02068038
48.35750328	0.00009766	0.00000202	-0.02067931
48.36000328	0.00009759	0.00000202	-0.02067825
48.36250327	0.00009751	0.00000202	-0.02067718
48.36500327	0.00009744	0.00000201	-0.02067611
48.36750326	0.00009737	0.00000201	-0.02067504
48.37000326	0.00009730	0.00000201	-0.02067397
48.37250325	0.00009723	0.00000201	-0.02067290
48.37500325	0.00009716	0.00000201	-0.02067183
48.37750324	0.00009708	0.00000201	-0.02067076
48.38000324	0.00009701	0.00000201	-0.02066970
48.38250323	0.00009694	0.00000200	-0.02066863
48.38500323	0.00009687	0.00000200	-0.02066756
48.38750322	0.00009680	0.00000200	-0.02066649
48.39000322	0.00009673	0.00000200	-0.02066543
48.39250321	0.00009666	0.00000200	-0.02066436
48.39500321	0.00009659	0.00000200	-0.02066329
48.39750320	0.00009651	0.00000199	-0.02066222
48.40000320	0.00009644	0.00000199	-0.02066116
48.40250319	0.00009637	0.00000199	-0.02066009
48.40500319	0.00009630	0.00000199	-0.02065902
48.40750318	0.00009623	0.00000199	-0.02065795
48.41000318	0.00009616	0.00000199	-0.02065689
48.41250317	0.00009609	0.00000198	-0.02065582
48.41500317	0.00009602	0.00000198	-0.02065475
48.41750316	0.00009595	0.00000198	-0.02065369
48.42000316	0.00009588	0.00000198	-0.02065262
48.42250315	0.00009580	0.00000198	-0.02065156
48.42500315	0.00009573	0.00000198	-0.02065049
48.42750314	0.00009566	0.00000198	-0.02064942
48.43000314	0.00009559	0.00000197	-0.02064836
48.43250313	0.00009552	0.00000197	-0.02064729
48.43500313	0.00009545	0.00000197	-0.02064623
48.43750312	0.00009538	0.00000197	-0.02064516
48.44000312	0.00009531	0.00000197	-0.02064409
48.44250311	0.00009524	0.00000197	-0.02064303
48.44500311	0.00009517	0.00000196	-0.02064196
48.44750310	0.00009510	0.00000196	-0.02064090
48.45000310	0.00009503	0.00000196	-0.02063983
48.45250309	0.00009496	0.00000196	-0.02063877
48.45500309	0.00009489	0.00000196	-0.02063770
48.45750308	0.00009482	0.00000196	-0.02063664
48.46000308	0.00009475	0.00000196	-0.02063557
48.46250307	0.00009468	0.00000195	-0.02063451
48.46500307	0.00009461	0.00000195	-0.02063345
48.46750306	0.00009454	0.00000195	-0.02063238
48.47000306	0.00009447	0.00000195	-0.02063132
48.47250305	0.00009440	0.00000195	-0.02063025
48.47500305	0.00009433	0.00000195	-0.02062919
48.47750304	0.00009426	0.00000194	-0.02062813
48.48000304	0.00009419	0.00000194	-0.02062706
48.48250303	0.00009412	0.00000194	-0.02062600
48.48500303	0.00009405	0.00000194	-0.02062493
48.48750302	0.00009398	0.00000194	-0.02062387
48.49000302	0.00009391	0.00000194	-0.02062281
48.49250301	0.00009384	0.00000194	-0.02062174
48.49500301	0.00009377	0.00000193	-0.02062068
48.49750300	0.00009370	0.00000193	-0.02061962
48.50000300	0.00009363	0.00000193	-0.02061856
48.50250299	0.00009356	0.00000193	-0.02061749
48.50500299	0.00009349	0.00000193	-0.02061643
48.50750298	0.00009343	0.00000193	-0.02061537
48.51000298	0.00009336	0.00000192	-0.02061431
48.51250297	0.00009329	0.00000192	-0.02061324
48.51500297	0.00009322	0.00000192	-0.02061218
48.51750296	0.00009315	0.00000192	-0.02061112
48.52000296	0.00009308	0.00000192	-0.02061006
48.52250295	0.00009301	0.00000192	-0.02060899
48.52500295	0.00009294	0.00000192	-0.02060793
48.52750294	0.00009287	0.00000191	-0.02060687
48.53000294	0.00009280	0.00000191	-0.02060581
48.53250293	0.00009273	0.00000191	-0.02060475
48.53500293	0.00009267	0.00000191	-0.02060369
48.53750292	0.00009260	0.00000191	-0.02060263
48.54000292	0.00009253	0.00000191	-0.02060156
48.54250292	0.00009246	0.00000190	-0.02060050
48.54500291	0.00009239	0.00000190	-0.02059944
48.54750290	0.00009232	0.00000190	-0.02059838
48.55000290	0.00009225	0.00000190	-0.02059732
48.55250289	0.00009219	0.00000190	-0.02059626
48.55500289	0.00009212	0.00000190	-0.02059520
48.55750288	0.00009205	0.00000190	-0.02059414
48.56000288	0.00009198	0.00000189	-0.02059308
48.56250287	0.00009191	0.00000189	-0.02059202
48.56500287	0.00009184	0.00000189	-0.02059096
48.56750286	0.00009177	0.00000189	-0.02058990
48.57000286	0.00009171	0.00000189	-0.02058884
48.57250285	0.00009164	0.00000189	-0.02058778
48.57500285	0.00009157	0.00000189	-0.02058672
48.57750284	0.00009150	0.00000188	-0.02058566
48.58000284	0.00009143	0.00000188	-0.02058460
48.58250283	0.00009137	0.00000188	-0.02058354
48.58500283	0.00009130	0.00000188	-0.02058248
48.58750282	0.00009123	0.00000188	-0.02058142
48.59000282	0.00009116	0.00000188	-0.02058037
48.59250281	0.00009109	0.00000187	-0.02057931
48.59500281	0.00009103	0.00000187	-0.02057825
48.59750280	0.00009096	0.00000187	-0.02057719
48.60000280	0.00009089	0.00000187	-0.02057613
48.60250279	0.00009082	0.00000187	-0.02057507
48.60500279	0.00009076	0.00000187	-0.02057401
48.60750278	0.00009069	0.00000187	-0.02057296
48.61000278	0.00009062	0.00000186	-0.02057190
48.61250277	0.00009055	0.00000186	-0.02057084
48.61500277	0.00009049	0.00000186	-0.02056978
48.61750276	0.00009042	0.00000186	-0.02056872
48.62000276	0.00009035	0.00000186	-0.02056767
48.62250275	0.00009028	0.00000186	-0.02056661
48.62500275	0.00009022	0.00000186	-0.02056555
48.62750274	0.00009015	0.00000185	-0.02056449
48.63000274	0.00009008	0.00000185	-0.02056344
48.63250273	0.00009001	0.00000185	-0.02056238
48.63500273	0.00008995	0.00000185	-0.02056132
48.63750272	0.00008988	0.00000185	-0.02056027
48.64000272	0.00008981	0.00000185	-0.02055921
48.64250271	0.00008975	0.00000184	-0.02055815
48.64500271	0.00008968	0.00000184	-0.02055710
48.64750270	0.00008961	0.00000184	-0.02055604
48.65000270	0.00008954	0.00000184	-0.02055498
48.65250269	0.00008948	0.00000184	-0.02055393
48.65500269	0.00008941	0.00000184	-0.02055287
48.65750268	0.00008934	0.00000184	-0.02055182
48.66000268	0.00008928	0.00000183	-0.02055076
48.66250267	0.00008921	0.00000183	-0.02054970
48.66500267	0.00008914	0.00000183	-0.02054865
48.66750266	0.00008908	0.00000183	-0.02054759
48.67000266	0.00008901	0.00000183	-0.02054654
48.67250265	0.00008894	0.00000183	-0.02054548
48.67500265	0.00008888	0.00000183	-0.02054443
48.67750264	0.00008881	0.00000182	-0.02054337
48.68000264	0.00008874	0.00000182	-0.02054232
48.68250263	0.00008868	0.00000182	-0.02054126
48.68500263	0.00008861	0.00000182	-0.02054021
48.68750262	0.00008855	0.00000182	-0.02053915
48.69000262	0.00008848	0.00000182	-0.02053810
48.69250261	0.00008841	0.00000182	-0.02053704
48.69500261	0.00008835	0.00000181	-0.02053599
48.69750260	0.00008828	0.00000181	-0.02053493
48.70000260	0.00008821	0.00000181	-0.02053388
48.70250259	0.00008815	0.00000181	-0.02053283
48.70500259	0.00008808	0.00000181	-0.02053177
48.70750258	0.00008802	0.00000181	-0.02053072
48.71000258	0.00008795	0.00000181	-0.02052966
48.71250257	0.00008788	0.00000180	-0.02052861
48.71500257	0.00008782	0.00000180	-0.02052756
48.71750256	0.00008775	0.00000180	-0.02052650
48.72000256	0.00008769	0.00000180	-0.02052545
48.72250255	0.00008762	0.00000180	-0.02052440
48.72500255	0.00008756	0.00000180	-0.02052334
48.72750254	0.00008749	0.00000180	-0.02052229
48.73000254	0.00008742	0.00000179	-0.02052124
48.73250253	0.00008736	0.00000179	-0.02052019
48.73500253	0.00008729	0.00000179	-0.02051913
48.73750252	0.00008723	0.00000179	-0.02051808
48.74000252	0.00008716	0.00000179	-0.02051703
48.74250251	0.00008710	0.00000179	-0.02051598
48.74500251	0.00008703	0.00000179	-0.02051492
48.74750250	0.00008697	0.00000178	-0.02051387
48.75000250	0.00008690	0.00000178	-0.02051282
48.75250249	0.00008684	0.00000178	-0.02051177
48.75500249	0.00008677	0.00000178	-0.02051072
48.75750248	0.00008670	0.00000178	-0.02050966
48.76000248	0.00008664	0.00000178	-0.02050861
48.76250247	0.00008657	0.00000178	-0.02050756
48.76500247	0.00008651	0.00000177	-0.02050651
48.76750246	0.00008644	0.00000177	-0.02050546
48.77000246	0.00008638	0.00000177	-0.02050441
48.77250245	0.00008631	0.00000177	-0.02050336
48.77500245	0.00008625	0.00000177	-0.02050231
48.77750244	0.00008618	0.00000177	-0.02050125
48.78000244	0.00008612	0.00000177	-0.02050020
48.78250243	0.00008605	0.00000176	-0.02049915
48.78500243	0.00008599	0.00000176	-0.02049810
48.78750242	0.00008593	0.00000176	-0.02049705
48.79000242	0.00008586	0.00000176	-0.02049600
48.79250241	0.00008580	0.00000176	-0.02049495
48.79500241	0.00008573	0.00000176	-0.02049390
48.79750240	0.00008567	0.00000176	-0.02049285
48.80000240	0.00008560	0.00000175	-0.02049180
48.80250239	0.00008554	0.00000175	-0.02049075
48.80500239	0.00008547	0.00000175	-0.02048970
48.80750238	0.00008541	0.00000175	-0.02048865
48.81000238	0.00008534	0.00000175	-0.02048760
48.81250237	0.00008528	0.00000175	-0.02048655
48.81500237	0.00008522	0.00000175	-0.02048551
48.81750236	0.00008515	0.00000174	-0.02048446
48.82000236	0.00008509	0.00000174	-0.02048341
48.82250235	0.00008502	0.00000174	-0.02048236
48.82500235	0.00008496	0.00000174	-0.02048131
48.82750234	0.00008489	0.00000174	-0.02048026
48.83000234	0.00008483	0.00000174	-0.02047921
48.83250233	0.00008477	0.00000174	-0.02047816
48.83500233	0.00008470	0.00000173	-0.02047712
48.83750232	0.00008464	0.00000173	-0.02047607
48.84000232	0.00008457	0.00000173	-0.02047502
48.84250231	0.00008451	0.00000173	-0.02047397
48.84500231	0.00008445	0.00000173	-0.02047292
48.84750230	0.00008438	0.00000173	-0.02047188
48.85000230	0.00008432	0.00000173	-0.02047083
48.85250229	0.00008426	0.00000172	-0.02046978
48.85500229	0.00008419	0.00000172	-0.02046873
48.85750228	0.00008413	0.00000172	-0.02046769
48.86000228	0.00008406	0.00000172	-0.02046664
48.86250227	0.00008400	0.00000172	-0.02046559
48.86500227	0.00008394	0.00000172	-0.02046454
48.86750226	0.00008387	0.00000172	-0.02046350
48.87000226	0.00008381	0.00000171	-0.02046245
48.87250225	0.00008375	0.00000171	-0.02046140
48.87500225	0.00008368	0.00000171	-0.02046036
48.87750224	0.00008362	0.00000171	-0.02045931
48.88000224	0.00008356	0.00000171	-0.02045826
48.88250223	0.00008349	0.00000171	-0.02045722
48.88500223	0.00008343	0.00000171	-0.02045617
48.88750222	0.00008337	0.00000171	-0.02045513
48.89000222	0.00008330	0.00000170	-0.02045408
48.89250221	0.00008324	0.00000170	-0.02045303
48.89500221	0.00008318	0.00000170	-0.02045199
48.89750220	0.00008311	0.00000170	-0.02045094
48.90000220	0.00008305	0.00000170	-0.02044990
48.90250219	0.00008299	0.00000170	-0.02044885
48.90500219	0.00008293	0.00000170	-0.02044781
48.90750218	0.00008286	0.00000169	-0.02044676
48.91000218	0.00008280	0.00000169	-0.02044572
48.91250217	0.00008274	0.00000169	-0.02044467
48.91500217	0.00008267	0.00000169	-0.02044363
48.91750216	0.00008261	0.00000169	-0.02044258
48.92000216	0.00008255	0.00000169	-0.02044154
48.92250215	0.00008249	0.00000169	-0.02044049
48.92500215	0.00008242	0.00000168	-0.02043945
48.92750214	0.00008236	0.00000168	-0.02043840
48.93000214	0.00008230	0.00000168	-0.02043736
48.93250213	0.00008224	0.00000168	-0.02043631
48.93500213	0.00008217	0.00000168	-0.02043527
48.93750212	0.00008211	0.00000168	-0.02043423
48.94000212	0.00008205	0.00000168	-0.02043318
48.94250211	0.00008199	0.00000168	-0.02043214
48.94500211	0.00008192	0.00000167	-0.02043110
48.94750210	0.00008186	0.00000167	-0.02043005
48.95000210	0.00008180	0.00000167	-0.02042901
48.95250209	0.00008174	0.00000167	-0.02042797
48.95500209	0.00008168	0.00000167	-0.02042692
48.95750208	0.00008161	0.00000167	-0.02042588
48.96000208	0.00008155	0.00000167	-0.02042484
48.96250207	0.00008149	0.00000166	-0.02042379
48.96500207	0.00008143	0.00000166	-0.02042275
48.96750206	0.00008136	0.00000166	-0.02042171
48.97000206	0.00008130	0.00000166	-0.02042066
48.97250205	0.00008124	0.00000166	-0.02041962
48.97500205	0.00008118	0.00000166	-0.02041858
48.97750204	0.00008112	0.00000166	-0.02041754
48.98000204	0.00008106	0.00000165	-0.02041650
48.98250203	0.00008099	0.00000165	-0.02041545
48.98500203	0.00008093	0.00000165	-0.02041441
48.98750202	0.00008087	0.00000165	-0.02041337
48.99000202	0.00008081	0.00000165	-0.02041233
48.99250201	0.00008075	0.00000165	-0.02041129
48.99500201	0.00008069	0.00000165	-0.02041025
48.99750200	0.00008062	0.00000165	-0.02040920
49.00000200	0.00008056	0.00000164	-0.02040816
49.00250199	0.00008050	0.00000164	-0.02040712
49.00500199	0.00008044	0.00000164	-0.02040608
49.00750198	0.00008038	0.00000164	-0.02040504
49.01000198	0.00008032	0.00000164	-0.02040400
49.01250197	0.00008026	0.00000164	-0.02040296
49.01500197	0.00008019	0.00000164	-0.02040192
49.01750196	0.00008013	0.00000163	-0.02040088
49.02000196	0.00008007	0.00000163	-0.02039984
49.02250195	0.00008001	0.00000163	-0.02039880
49.02500195	0.00007995	0.00000163	-0.02039776
49.02750194	0.00007989	0.00000163	-0.02039672
49.03000194	0.00007983	0.00000163	-0.02039568
49.03250193	0.00007977	0.00000163	-0.02039464
49.03500193	0.00007970	0.00000163	-0.02039360
49.03750192	0.00007964	0.00000162	-0.02039256
49.04000192	0.00007958	0.00000162	-0.02039152
49.04250191	0.00007952	0.00000162	-0.02039048
49.04500191	0.00007946	0.00000162	-0.02038944
49.04750190	0.00007940	0.00000162	-0.02038840
49.05000190	0.00007934	0.00000162	-0.02038736
49.05250189	0.00007928	0.00000162	-0.02038632
49.05500189	0.00007922	0.00000161	-0.02038528
49.05750188	0.00007916	0.00000161	-0.02038424
49.06000188	0.00007910	0.00000161	-0.02038320
49.06250187	0.00007904	0.00000161	-0.02038216
49.06500187	0.00007898	0.00000161	-0.02038113
49.06750186	0.00007891	0.00000161	-0.02038009
49.07000186	0.00007885	0.00000161	-0.02037905
49.07250185	0.00007879	0.00000161	-0.02037801
49.07500185	0.00007873	0.00000160	-0.02037697
49.07750184	0.00007867	0.00000160	-0.02037594
49.08000184	0.00007861	0.00000160	-0.02037490
49.08250183	0.00007855	0.00000160	-0.02037386
49.08500183	0.00007849	0.00000160	-0.02037282
49.08750182	0.00007843	0.00000160	-0.02037178
49.09000182	0.00007837	0.00000160	-0.02037075
49.09250181	0.00007831	0.00000160	-0.02036971
49.09500181	0.00007825	0.00000159	-0.02036867
49.09750180	0.00007819	0.00000159	-0.02036764
49.10000180	0.00007813	0.00000159	-0.02036660
49.10250179	0.00007807	0.00000159	-0.02036556
49.10500179	0.00007801	0.00000159	-0.02036452
49.10750178	0.00007795	0.00000159	-0.02036349
49.11000178	0.00007789	0.00000159	-0.02036245
49.11250177	0.00007783	0.00000158	-0.02036141
49.11500177	0.00007777	0.00000158	-0.02036038
49.11750176	0.00007771	0.00000158	-0.02035934
49.12000176	0.00007765	0.00000158	-0.02035831
49.12250175	0.00007759	0.00000158	-0.02035727
49.12500175	0.00007753	0.00000158	-0.02035623
49.12750174	0.00007747	0.00000158	-0.02035520
49.13000174	0.00007741	0.00000158	-0.02035416
49.13250173	0.00007735	0.00000157	-0.02035313
49.13500173	0.00007729	0.00000157	-0.02035209
49.13750172	0.00007723	0.00000157	-0.02035105
49.14000172	0.00007717	0.00000157	-0.02035002
49.14250171	0.00007712	0.00000157	-0.02034898
49.14500171	0.00007706	0.00000157	-0.02034795
49.14750170	0.00007700	0.00000157	-0.02034691
49.15000170	0.00007694	0.00000157	-0.02034588
49.15250169	0.00007688	0.00000156	-0.02034484
49.15500169	0.00007682	0.00000156	-0.02034381
49.15750168	0.00007676	0.00000156	-0.02034278
49.16000168	0.00007670	0.00000156	-0.02034174
49.16250167	0.00007664	0.00000156	-0.02034071
49.16500167	0.00007658	0.00000156	-0.02033967
49.16750166	0.00007652	0.00000156	-0.02033864
49.17000166	0.00007646	0.00000156	-0.02033760
49.17250165	0.00007640	0.00000155	-0.02033657
49.17500165	0.00007635	0.00000155	-0.02033554
49.17750164	0.00007629	0.00000155	-0.02033450
49.18000164	0.00007623	0.00000155	-0.02033347
49.18250163	0.00007617	0.00000155	-0.02033243
49.18500163	0.00007611	0.00000155	-0.02033140
49.18750162	0.00007605	0.00000155	-0.02033037
49.19000162	0.00007599	0.00000154	-0.02032933
49.19250161	0.00007593	0.00000154	-0.02032830
49.19500161	0.00007587	0.00000154	-0.02032727
49.19750160	0.00007582	0.00000154	-0.02032624
49.20000160	0.00007576	0.00000154	-0.02032520
49.20250159	0.00007570	0.00000154	-0.02032417
49.20500159	0.00007564	0.00000154	-0.02032314
49.20750158	0.00007558	0.00000154	-0.02032210
49.21000158	0.00007552	0.00000153	-0.02032107
49.21250157	0.00007546	0.00000153	-0.02032004
49.21500157	0.00007541	0.00000153	-0.02031901
49.21750156	0.00007535	0.00000153	-0.02031798
49.22000156	0.00007529	0.00000153	-0.02031694
49.22250155	0.00007523	0.00000153	-0.02031591
49.22500155	0.00007517	0.00000153	-0.02031488
49.22750154	0.00007511	0.00000153	-0.02031385
49.23000154	0.00007506	0.00000152	-0.02031282
49.23250153	0.00007500	0.00000152	-0.02031179
49.23500153	0.00007494	0.00000152	-0.02031075
49.23750152	0.00007488	0.00000152	-0.02030972
49.24000152	0.00007482	0.00000152	-0.02030869
49.24250151	0.00007476	0.00000152	-0.02030766
49.24500151	0.00007471	0.00000152	-0.02030663
49.24750150	0.00007465	0.00000152	-0.02030560
49.25000150	0.00007459	0.00000151	-0.02030457
49.25250149	0.00007453	0.00000151	-0.02030354
49.25500149	0.00007447	0.00000151	-0.02030251
49.25750148	0.00007442	0.00000151	-0.02030148
49.26000148	0.00007436	0.00000151	-0.02030045
49.26250147	0.00007430	0.00000151	-0.02029942
49.26500147	0.00007424	0.00000151	-0.02029839
49.26750146	0.00007419	0.00000151	-0.02029736
49.27000146	0.00007413	0.00000150	-0.02029633
49.27250145	0.00007407	0.00000150	-0.02029530
49.27500145	0.00007401	0.00000150	-0.02029427
49.27750144	0.00007396	0.00000150	-0.02029324
49.28000144	0.00007390	0.00000150	-0.02029221
49.28250143	0.00007384	0.00000150	-0.02029118
49.28500143	0.00007378	0.00000150	-0.02029015
49.28750142	0.00007372	0.00000150	-0.02028912
49.29000142	0.00007367	0.00000149	-0.02028809
49.29250141	0.00007361	0.00000149	-0.02028706
49.29500141	0.00007355	0.00000149	-0.02028603
49.29750140	0.00007350	0.00000149	-0.02028500
49.30000140	0.00007344	0.00000149	-0.02028398
49.30250139	0.00007338	0.00000149	-0.02028295
49.30500139	0.00007332	0.00000149	-0.02028192
49.30750138	0.00007327	0.00000149	-0.02028089
49.31000138	0.00007321	0.00000148	-0.02027986
49.31250137	0.00007315	0.00000148	-0.02027883
49.31500137	0.00007309	0.00000148	-0.02027781
49.31750136	0.00007304	0.00000148	-0.02027678
49.32000136	0.00007298	0.00000148	-0.02027575
49.32250135	0.00007292	0.00000148	-0.02027472
49.32500135	0.00007287	0.00000148	-0.02027369
49.32750134	0.00007281	0.00000148	-0.02027267
49.33000134	0.00007275	0.00000147	-0.02027164
49.33250133	0.00007270	0.00000147	-0.02027061
49.33500133	0.00007264	0.00000147	-0.02026958
49.33750132	0.00007258	0.00000147	-0.02026856
49.34000132	0.00007253	0.00000147	-0.02026753
49.34250131	0.00007247	0.00000147	-0.02026650
49.34500131	0.00007241	0.00000147	-0.02026548
49.34750130	0.00007236	0.00000147	-0.02026445
49.35000130	0.00007230	0.00000147	-0.02026342
49.35250129	0.00007224	0.00000146	-0.02026240
49.35500129	0.00007219	0.00000146	-0.02026137
49.35750128	0.00007213	0.00000146	-0.02026034
49.36000128	0.00007207	0.00000146	-0.02025932
49.36250127	0.00007202	0.00000146	-0.02025829
49.36500127	0.00007196	0.00000146	-0.02025727
49.36750126	0.00007190	0.00000146	-0.02025624
49.37000126	0.00007185	0.00000146	-0.02025522
49.37250125	0.00007179	0.00000145	-0.02025419
49.37500125	0.00007173	0.00000145	-0.02025316
49.37750124	0.00007168	0.00000145	-0.02025214
49.38000124	0.00007162	0.00000145	-0.02025111
49.38250123	0.00007157	0.00000145	-0.02025009
49.38500123	0.00007151	0.00000145	-0.02024906
49.38750122	0.00007145	0.00000145	-0.02024804
49.39000122	0.00007140	0.00000145	-0.02024701
49.39250121	0.00007134	0.00000144	-0.02024599
49.39500121	0.00007128	0.00000144	-0.02024496
49.39750120	0.00007123	0.00000144	-0.02024394
49.40000120	0.00007117	0.00000144	-0.02024291
49.40250119	0.00007112	0.00000144	-0.02024189
49.40500119	0.00007106	0.00000144	-0.02024087
49.40750118	0.00007100	0.00000144	-0.02023984
49.41000118	0.00007095	0.00000144	-0.02023882
49.41250117	0.00007089	0.00000143	-0.02023779
49.41500117	0.00007084	0.00000143	-0.02023677
49.41750116	0.00007078	0.00000143	-0.02023575
49.42000116	0.00007073	0.00000143	-0.02023472
49.42250115	0.00007067	0.00000143	-0.02023370
49.42500115	0.00007061	0.00000143	-0.02023268
49.42750114	0.00007056	0.00000143	-0.02023165
49.43000114	0.00007050	0.00000143	-0.02023063
49.43250113	0.00007045	0.00000143	-0.02022961
49.43500113	0.00007039	0.00000142	-0.02022858
49.43750112	0.00007034	0.00000142	-0.02022756
49.44000112	0.00007028	0.00000142	-0.02022654
49.44250111	0.00007023	0.00000142	-0.02022551
49.44500111	0.00007017	0.00000142	-0.02022449
49.44750110	0.00007012	0.00000142	-0.02022347
49.45000110	0.00007006	0.00000142	-0.02022245
49.45250109	0.00007000	0.00000142	-0.02022142
49.45500109	0.00006995	0.00000141	-0.02022040
49.45750108	0.00006989	0.00000141	-0.02021938
49.46000108	0.00006984	0.00000141	-0.02021836
49.46250107	0.00006978	0.00000141	-0.02021734
49.46500107	0.00006973	0.00000141	-0.02021631
49.46750106	0.00006967	0.00000141	-0.02021529
49.47000106	0.00006962	0.00000141	-0.02021427
49.47250105	0.00006956	0.00000141	-0.02021325
49.47500105	0.00006951	0.00000140	-0.02021223
49.47750104	0.00006945	0.00000140	-0.02021121
49.48000104	0.00006940	0.00000140	-0.02021019
49.48250103	0.00006934	0.00000140	-0.02020916
49.48500103	0.00006929	0.00000140	-0.02020814
49.48750102	0.00006923	0.00000140	-0.02020712
49.49000102	0.00006918	0.00000140	-0.02020610
49.49250101	0.00006912	0.00000140	-0.02020508
49.49500101	0.00006907	0.00000140	-0.02020406
49.49750100	0.00006901	0.00000139	-0.02020304
49.50000100	0.00006896	0.00000139	-0.02020202
49.50250099	0.00006890	0.00000139	-0.02020100
49.50500099	0.00006885	0.00000139	-0.02019998
49.50750098	0.00006880	0.00000139	-0.02019896
49.51000098	0.00006874	0.00000139	-0.02019794
49.51250097	0.00006869	0.00000139	-0.02019692
49.51500097	0.00006863	0.00000139	-0.02019590
49.51750096	0.00006858	0.00000138	-0.02019488
49.52000096	0.00006852	0.00000138	-0.02019386
49.52250095	0.00006847	0.00000138	-0.02019284
49.52500095	0.00006841	0.00000138	-0.02019182
49.52750094	0.00006836	0.00000138	-0.02019080
49.53000094	0.00006831	0.00000138	-0.02018978
49.53250093	0.00006825	0.00000138	-0.02018876
49.53500093	0.00006820	0.00000138	-0.02018775
49.53750092	0.00006814	0.00000138	-0.02018673
49.54000092	0.00006809	0.00000137	-0.02018571
49.54250091	0.00006803	0.00000137	-0.02018469
49.54500091	0.00006798	0.00000137	-0.02018367
49.54750090	0.00006793	0.00000137	-0.02018265
49.55000090	0.00006787	0.00000137	-0.02018163
49.55250089	0.00006782	0.00000137	-0.02018062
49.55500089	0.00006776	0.00000137	-0.02017960
49.55750088	0.00006771	0.00000137	-0.02017858
49.56000088	0.00006766	0.00000137	-0.02017756
49.56250087	0.00006760	0.00000136	-0.02017654
49.56500087	0.00006755	0.00000136	-0.02017553
49.56750086	0.00006749	0.00000136	-0.02017451
49.57000086	0.00006744	0.00000136	-0.02017349
49.57250085	0.00006739	0.00000136	-0.02017247
49.57500085	0.00006733	0.00000136	-0.02017146
49.57750084	0.00006728	0.00000136	-0.02017044
49.58000084	0.00006723	0.00000136	-0.02016942
49.58250083	0.00006717	0.00000135	-0.02016841
49.58500083	0.00006712	0.00000135	-0.02016739
49.58750082	0.00006706	0.00000135	-0.02016637
49.59000082	0.00006701	0.00000135	-0.02016536
49.59250081	0.00006696	0.00000135	-0.02016434
49.59500081	0.00006690	0.00000135	-0.02016332
49.59750080	0.00006685	0.00000135	-0.02016231
49.60000080	0.00006680	0.00000135	-0.02016129
49.60250079	0.00006674	0.00000135	-0.02016027
49.60500079	0.00006669	0.00000134	-0.02015926
49.60750078	0.00006664	0.00000134	-0.02015824
49.61000078	0.00006658	0.00000134	-0.02015723
49.61250077	0.00006653	0.00000134	-0.02015621
49.61500077	0.00006648	0.00000134	-0.02015519
49.61750076	0.00006642	0.00000134	-0.02015418
49.62000076	0.00006637	0.00000134	-0.02015316
49.62250075	0.00006632	0.00000134	-0.02015215
49.62500075	0.00006626	0.00000134	-0.02015113
49.62750074	0.00006621	0.00000133	-0.02015012
49.63000074	0.00006616	0.00000133	-0.02014910
49.63250073	0.00006610	0.00000133	-0.02014809
49.63500073	0.00006605	0.00000133	-0.02014707
49.63750072	0.00006600	0.00000133	-0.02014606
49.64000072	0.00006595	0.00000133	-0.02014504
49.64250071	0.00006589	0.00000133	-0.02014403
49.64500071	0.00006584	0.00000133	-0.02014302
49.64750070	0.00006579	0.00000133	-0.02014200
49.65000070	0.00006573	0.00000132	-0.02014099
49.65250069	0.00006568	0.00000132	-0.02013997
49.65500069	0.00006563	0.00000132	-0.02013896
49.65750068	0.00006558	0.00000132	-0.02013794
49.66000068	0.00006552	0.00000132	-0.02013693
49.66250067	0.00006547	0.00000132	-0.02013592
49.66500067	0.00006542	0.00000132	-0.02013490
49.66750066	0.00006536	0.00000132	-0.02013389
49.67000066	0.00006531	0.00000131	-0.02013288
49.67250065	0.00006526	0.00000131	-0.02013186
49.67500065	0.00006521	0.00000131	-0.02013085
49.67750064	0.00006515	0.00000131	-0.02012984
49.68000064	0.00006510	0.00000131	-0.02012882
49.68250063	0.00006505	0.00000131	-0.02012781
49.68500063	0.00006500	0.00000131	-0.02012680
49.68750062	0.00006494	0.00000131	-0.02012579
49.69000062	0.00006489	0.00000131	-0.02012477
49.69250061	0.00006484	0.00000130	-0.02012376
49.69500061	0.00006479	0.00000130	-0.02012275
49.69750060	0.00006474	0.00000130	-0.02012174
49.70000060	0.00006468	0.00000130	-0.02012072
49.70250059	0.00006463	0.00000130	-0.02011971
49.70500059	0.00006458	0.00000130	-0.02011870
49.70750058	0.00006453	0.00000130	-0.02011769
49.71000058	0.00006447	0.00000130	-0.02011668
49.71250057	0.00006442	0.00000130	-0.02011566
49.71500057	0.00006437	0.00000129	-0.02011465
49.71750056	0.00006432	0.00000129	-0.02011364
49.72000056	0.00006427	0.00000129	-0.02011263
49.72250055	0.00006421	0.00000129	-0.02011162
49.72500055	0.00006416	0.00000129	-0.02011061
49.72750054	0.00006411	0.00000129	-0.02010960
49.73000054	0.00006406	0.00000129	-0.02010859
49.73250053	0.00006401	0.00000129	-0.02010758
49.73500053	0.00006395	0.00000129	-0.02010656
49.73750052	0.00006390	0.00000128	-0.02010555
49.74000052	0.00006385	0.00000128	-0.02010454
49.74250051	0.00006380	0.00000128	-0.02010353
49.74500051	0.00006375	0.00000128	-0.02010252
49.74750050	0.00006370	0.00000128	-0.02010151
49.75000050	0.00006364	0.00000128	-0.02010050
49.75250049	0.00006359	0.00000128	-0.02009949
49.75500049	0.00006354	0.00000128	-0.02009848
49.75750048	0.00006349	0.00000128	-0.02009747
49.76000048	0.00006344	0.00000127	-0.02009646
49.76250047	0.00006339	0.00000127	-0.02009545
49.76500047	0.00006333	0.00000127	-0.02009444
49.76750046	0.00006328	0.00000127	-0.02009343
49.77000046	0.00006323	0.00000127	-0.02009242
49.77250045	0.00006318	0.00000127	-0.02009142
49.77500045	0.00006313	0.00000127	-0.02009041
49.77750044	0.00006308	0.00000127	-0.02008940
49.78000044	0.00006303	0.00000127	-0.02008839
49.78250043	0.00006297	0.00000126	-0.02008738
49.78500043	0.00006292	0.00000126	-0.02008637
49.78750042	0.00006287	0.00000126	-0.02008536
49.79000042	0.00006282	0.00000126	-0.02008435
49.79250041	0.00006277	0.00000126	-0.02008335
49.79500041	0.00006272	0.00000126	-0.02008234
49.79750040	0.00006267	0.00000126	-0.02008133
49.80000040	0.00006262	0.00000126	-0.02008032
49.80250039	0.00006257	0.00000126	-0.02007931
49.80500039	0.00006251	0.00000126	-0.02007831
49.80750038	0.00006246	0.00000125	-0.02007730
49.81000038	0.00006241	0.00000125	-0.02007629
49.81250037	0.00006236	0.00000125	-0.02007528
49.81500037	0.00006231	0.00000125	-0.02007427
49.81750036	0.00006226	0.00000125	-0.02007327
49.82000036	0.00006221	0.00000125	-0.02007226
49.82250035	0.00006216	0.00000125	-0.02007125
49.82500035	0.00006211	0.00000125	-0.02007025
49.82750034	0.00006206	0.00000125	-0.02006924
49.83000034	0.00006201	0.00000124	-0.02006823
49.83250033	0.00006195	0.00000124	-0.02006723
49.83500033	0.00006190	0.00000124	-0.02006622
49.83750032	0.00006185	0.00000124	-0.02006521
49.84000032	0.00006180	0.00000124	-0.02006421
49.84250031	0.00006175	0.00000124	-0.02006320
49.84500031	0.00006170	0.00000124	-0.02006219
49.84750030	0.00006165	0.00000124	-0.02006119
49.85000030	0.00006160	0.00000124	-0.02006018
49.85250029	0.00006155	0.00000123	-0.02005917
49.85500029	0.00006150	0.00000123	-0.02005817
49.85750028	0.00006145	0.00000123	-0.02005716
49.86000028	0.00006140	0.00000123	-0.02005616
49.86250027	0.00006135	0.00000123	-0.02005515
49.86500027	0.00006130	0.00000123	-0.02005415
49.86750026	0.00006125	0.00000123	-0.02005314
49.87000026	0.00006120	0.00000123	-0.02005214
49.87250025	0.00006115	0.00000123	-0.02005113
49.87500025	0.00006110	0.00000122	-0.02005013
49.87750024	0.00006105	0.00000122	-0.02004912
49.88000024	0.00006100	0.00000122	-0.02004812
49.88250023	0.00006095	0.00000122	-0.02004711
49.88500023	0.00006090	0.00000122	-0.02004611
49.88750022	0.00006085	0.00000122	-0.02004510
49.89000022	0.00006080	0.00000122	-0.02004410
49.89250021	0.00006075	0.00000122	-0.02004309
49.89500021	0.00006070	0.00000122	-0.02004209
49.89750020	0.00006065	0.00000122	-0.02004108
49.90000020	0.00006060	0.00000121	-0.02004008
49.90250019	0.00006055	0.00000121	-0.02003908
49.90500019	0.00006050	0.00000121	-0.02003807
49.90750018	0.00006045	0.00000121	-0.02003707
49.91000018	0.00006040	0.00000121	-0.02003606
49.91250017	0.00006035	0.00000121	-0.02003506
49.91500017	0.00006030	0.00000121	-0.02003406
49.91750016	0.00006025	0.00000121	-0.02003305
49.92000016	0.00006020	0.00000121	-0.02003205
49.92250015	0.00006015	0.00000120	-0.02003105
49.92500015	0.00006010	0.00000120	-0.02003005
49.92750014	0.00006005	0.00000120	-0.02002904
49.93000014	0.00006000	0.00000120	-0.02002804
49.93250013	0.00005995	0.00000120	-0.02002704
49.93500013	0.00005990	0.00000120	-0.02002603
49.93750012	0.00005985	0.00000120	-0.02002503
49.94000012	0.00005980	0.00000120	-0.02002403
49.94250011	0.00005975	0.00000120	-0.02002303
49.94500011	0.00005970	0.00000120	-0.02002202
49.94750010	0.00005965	0.00000119	-0.02002102
49.95000010	0.00005960	0.00000119	-0.02002002
49.95250009	0.00005955	0.00000119	-0.02001902
49.95500009	0.00005950	0.00000119	-0.02001802
49.95750008	0.00005945	0.00000119	-0.02001701
49.96000008	0.00005940	0.00000119	-0.02001601
49.96250007	0.00005936	0.00000119	-0.02001501
49.96500007	0.00005931	0.00000119	-0.02001401
49.96750006	0.00005926	0.00000119	-0.02001301
49.97000006	0.00005921	0.00000118	-0.02001201
49.97250005	0.00005916	0.00000118	-0.02001101
49.97500005	0.00005911	0.00000118	-0.02001000
49.97750004	0.00005906	0.00000118	-0.02000900
49.98000004	0.00005901	0.00000118	-0.02000800
49.98250003	0.00005896	0.00000118	-0.02000700
49.98500003	0.00005891	0.00000118	-0.02000600
49.98750002	0.00005886	0.00000118	-0.02000500
49.99000002	0.00005882	0.00000118	-0.02000400
49.99250001	0.00005877	0.00000118	-0.02000300
49.99500001	0.00005872	0.00000117	-0.02000200
49.99750000	0.00005867	0.00000117	-0.02000100
50.00000000	0.00005862	0.00000117	-0.02000000
